"index","org_region5","sex","agegr","none","native","retention","year","age_lower","rx","rx_adj","lx","Sx","px","qx","dx","Lx","Tx","ex"
"1",NA,"Female","0-4",3349,0,0,2000,0,0,0,NA,NA,0.999999,1e-06,NA,NA,NA,NA
"1",NA,"Female","5-9",6322,0,0,2000,5,0,0,NA,NA,0.999999,1e-06,NA,NA,NA,NA
"1",NA,"Female","10-14",5543,0,0,2000,10,0,0,NA,NA,0.999999,1e-06,NA,NA,NA,NA
"1",NA,"Female","15-19",2646,0,0,2000,15,0,0,NA,NA,0.999999,1e-06,NA,NA,NA,NA
"1",NA,"Female","20-24",2145,0,0,2000,20,0,0,NA,NA,0.999999,1e-06,NA,NA,NA,NA
"1",NA,"Female","25-29",8474,0,0,2000,25,0,0,NA,NA,0.999999,1e-06,NA,NA,NA,NA
"1",NA,"Female","30-34",4734,0,0,2000,30,0,0,NA,NA,0.999999,1e-06,NA,NA,NA,NA
"1",NA,"Female","35-39",2766,0,0,2000,35,0,0,NA,NA,0.999999,1e-06,NA,NA,NA,NA
"1",NA,"Male","0-4",3508,0,0,2000,0,0,0,NA,NA,0.999999,1e-06,NA,NA,NA,NA
"1",NA,"Male","5-9",6384,0,0,2000,5,0,0,NA,NA,0.999999,1e-06,NA,NA,NA,NA
"1",NA,"Male","10-14",5514,0,0,2000,10,0,0,NA,NA,0.999999,1e-06,NA,NA,NA,NA
"1",NA,"Male","15-19",3245,0,0,2000,15,0,0,NA,NA,0.999999,1e-06,NA,NA,NA,NA
"1",NA,"Male","20-24",1138,0,0,2000,20,0,0,NA,NA,0.999999,1e-06,NA,NA,NA,NA
"1",NA,"Male","25-29",1140,0,0,2000,25,0,0,NA,NA,0.999999,1e-06,NA,NA,NA,NA
"1",NA,"Male","30-34",1039,0,0,2000,30,0,0,NA,NA,0.999999,1e-06,NA,NA,NA,NA
"1",NA,"Male","35-39",1803,0,0,2000,35,0,0,NA,NA,0.999999,1e-06,NA,NA,NA,NA
"1",NA,"Total","0-4",6857,0,0,2000,0,0,0,NA,NA,0.999999,1e-06,NA,NA,NA,NA
"1",NA,"Total","5-9",12706,0,0,2000,5,0,0,NA,NA,0.999999,1e-06,NA,NA,NA,NA
"1",NA,"Total","10-14",11057,0,0,2000,10,0,0,NA,NA,0.999999,1e-06,NA,NA,NA,NA
"1",NA,"Total","15-19",5891,0,0,2000,15,0,0,NA,NA,0.999999,1e-06,NA,NA,NA,NA
"1",NA,"Total","20-24",3283,0,0,2000,20,0,0,NA,NA,0.999999,1e-06,NA,NA,NA,NA
"1",NA,"Total","25-29",9614,0,0,2000,25,0,0,NA,NA,0.999999,1e-06,NA,NA,NA,NA
"1",NA,"Total","30-34",5773,0,0,2000,30,0,0,NA,NA,0.999999,1e-06,NA,NA,NA,NA
"1",NA,"Total","35-39",4569,0,0,2000,35,0,0,NA,NA,0.999999,1e-06,NA,NA,NA,NA
"1","Metros","Female","0-4",39925,276016,0.873631469166712,2000,0,0.873631469166712,0.873631469166712,1,1,0.92448748776276,0.0755125122372398,0.0755125122372398,4.8112187194069,32.5110614571942,32.5110614571942
"1","Metros","Female","5-9",66935,281071,0.807661362160423,2000,5,0.807661362160423,0.807661362160423,0.92448748776276,0.92448748776276,0.998846716086206,0.0011532839137941,0.00106619654814071,4.61977194744345,27.6998427377873,29.9623771056332
"1","Metros","Female","10-14",64405,249515,0.79483626401631,2000,10,0.79483626401631,0.80672989930365,0.92342129121462,0.92342129121462,0.999999,1e-06,9.2342129121462e-07,4.61710414751987,23.0800707903438,24.9940855922712
"1","Metros","Female","15-19",66744,301242,0.81862353459099,2000,15,0.81862353459099,0.80672989930365,0.92342129121462,0.92342129121462,0.946905885020421,0.0530941149795795,0.0490282362103408,4.49453586554725,18.4629666428239,19.9940880922712
"1","Metros","Female","20-24",81586,263967,0.763897289272557,2000,20,0.763897289272557,0.763897289272557,0.874393055004279,0.874393055004279,0.858259289307942,0.141740710692058,0.123937093040506,4.06212254242013,13.9684307772767,15.9750019711768
"1","Metros","Female","25-29",112852,214846,0.655621944595329,2000,25,0.655621944595329,0.655621944595329,0.750455961963773,0.750455961963773,0.878575336192084,0.121424663807916,0.0911238628840974,3.52447015260862,9.90630823485656,13.2003858146906
"1","Metros","Female","30-34",117831,160081,0.576013270387749,2000,30,0.576013270387749,0.576013270387749,0.659332099079675,0.659332099079675,0.957233220101062,0.0427667798989381,0.0281975107616453,3.22616671849426,6.38183808224794,9.67924675767492
"1","Metros","Female","35-39",108346,133163,0.551379037634208,2000,35,0.551379037634208,0.551379037634208,0.63113458831803,0.63113458831803,0.999999,1e-06,6.3113458831803e-07,3.15567136375368,3.15567136375368,4.9999975
"1","Metros","Male","0-4",40741,312117,0.884539956583101,2000,0,0.884539956583101,0.884539956583101,1,1,0.928266666276333,0.071733333723667,0.071733333723667,4.82066666569083,33.3433081144668,33.3433081144668
"1","Metros","Male","5-9",74242,340724,0.821088956685608,2000,5,0.821088956685608,0.821088956685608,0.928266666276333,0.928266666276333,0.987546407073443,0.0124535929265575,0.011560255189098,4.61243269340892,28.5226414487759,30.7267754891945
"1","Metros","Male","10-14",69209,293836,0.809365230205622,2000,10,0.809365230205622,0.810863449062554,0.916706411087235,0.916706411087235,0.999999,1e-06,9.16706411087235e-07,4.58352976367015,23.910208755367,26.0827332133621
"1","Metros","Male","15-19",71891,311245,0.812361667919485,2000,15,0.812361667919485,0.810863449062554,0.916706411087235,0.916706411087235,0.944830026054896,0.0551699739451039,0.0505746688149925,4.45709538339869,19.3266789916969,21.0827357133621
"1","Metros","Male","20-24",60871,199404,0.766128133704735,2000,20,0.766128133704735,0.766128133704735,0.866131742272243,0.866131742272243,0.914464183179876,0.0855358168201245,0.0740852860490938,4.14544549623848,14.8695836082982,17.1678081781055
"1","Metros","Male","25-29",95530,223538,0.700596737999423,2000,25,0.700596737999423,0.700596737999423,0.792046456223149,0.792046456223149,0.8840627909068,0.1159372090932,0.0918276556066716,3.73066314209906,10.7241381120597,13.5397842232607
"1","Metros","Male","30-34",102241,166370,0.61937150749597,2000,30,0.61937150749597,0.61937150749597,0.700218800616477,0.700218800616477,0.99834122542778,0.00165877457221997,0.00116150514145298,3.49819024022875,6.99347496996064,9.98755669485529
"1","Metros","Male","35-39",90133,146030,0.618344109788578,2000,35,0.618344109788578,0.618344109788578,0.699057295475024,0.699057295475024,0.999999,1e-06,6.99057295475024e-07,3.49528472973188,3.49528472973188,4.9999975
"1","Metros","Total","0-4",80666,588133,0.879386781379757,2000,0,0.879386781379757,0.879386781379757,1,1,0.926741672044956,0.0732583279550444,0.0732583279550444,4.81685418011239,32.9174445493213,32.9174445493213
"1","Metros","Total","5-9",141177,621795,0.814964376150108,2000,5,0.814964376150108,0.814964376150108,0.926741672044956,0.926741672044956,0.992716616614204,0.00728338338579571,0.00674981489709676,4.61683382298204,28.1005903692089,30.3219238077445
"1","Metros","Total","10-14",133614,543351,0.802627905430857,2000,10,0.802627905430857,0.809028678152841,0.919991857147859,0.919991857147859,0.999999,1e-06,9.19991857147859e-07,4.59995698575965,23.4837565462269,25.5260482620257
"1","Metros","Total","15-19",138635,612487,0.815429450874825,2000,15,0.815429450874825,0.809028678152841,0.919991857147859,0.919991857147859,0.945399986765099,0.0546000132349009,0.0502315675762742,4.47438036679861,18.8837995604672,20.5260507620257
"1","Metros","Total","20-24",142457,463371,0.764855701618281,2000,20,0.764855701618281,0.764855701618281,0.869760289571585,0.869760289571585,0.886192367437932,0.113807632562068,0.0989853594526404,4.10133804922632,14.4094191936686,16.5671155218712
"1","Metros","Total","25-29",208382,438384,0.677809284965505,2000,25,0.677809284965505,0.677809284965505,0.770774930118944,0.770774930118944,0.881255916934817,0.118744083065183,0.0915249623266049,3.62506224477821,10.3080811444423,13.3736590821027
"1","Metros","Total","30-34",220072,326451,0.597323442929209,2000,30,0.597323442929209,0.597323442929209,0.679249967792339,0.679249967792339,0.978509803102723,0.0214901968972774,0.0145972155503267,3.35975680008588,6.68301889966406,9.83882107699591
"1","Metros","Total","35-39",198479,279193,0.5844868445293,2000,35,0.5844868445293,0.5844868445293,0.664652752242013,0.664652752242013,0.999999,1e-06,6.64652752242013e-07,3.32326209957818,3.32326209957818,4.9999975
"1",NA,"Female","25-29",215,0,0,2000,25,0,0,NA,NA,0.999999,1e-06,NA,NA,NA,NA
"1",NA,"Male","0-4",56,0,0,2000,0,0,0,NA,NA,0.999999,1e-06,NA,NA,NA,NA
"1",NA,"Male","30-34",55,0,0,2000,30,0,0,NA,NA,0.999999,1e-06,NA,NA,NA,NA
"1",NA,"Male","35-39",51,0,0,2000,35,0,0,NA,NA,0.999999,1e-06,NA,NA,NA,NA
"1",NA,"Total","0-4",56,0,0,2000,0,0,0,NA,NA,0.999999,1e-06,NA,NA,NA,NA
"1",NA,"Total","25-29",215,0,0,2000,25,0,0,NA,NA,0.999999,1e-06,NA,NA,NA,NA
"1",NA,"Total","30-34",55,0,0,2000,30,0,0,NA,NA,0.999999,1e-06,NA,NA,NA,NA
"1",NA,"Total","35-39",51,0,0,2000,35,0,0,NA,NA,0.999999,1e-06,NA,NA,NA,NA
"1","Provinces","Female","0-4",40995,417800,0.910646367113853,2000,0,0.910646367113853,0.910646367113853,1,1,0.93667810901531,0.0633218909846902,0.0633218909846902,4.84169527253827,25.9685133377757,25.9685133377757
"1","Provinces","Female","5-9",68510,397489,0.852982517129865,2000,5,0.852982517129865,0.852982517129865,0.93667810901531,0.93667810901531,0.94936364401986,0.0506363559801403,0.0474299661669039,4.56481562965929,21.1268180652374,22.5550462446989
"1","Provinces","Female","10-14",87289,371621,0.809790590747641,2000,10,0.809790590747641,0.809790590747641,0.889248142848406,0.889248142848406,0.875014585306859,0.124985414693141,0.111143047899013,4.1683830944945,16.5620024355781,18.6247253579044
"1","Provinces","Female","15-19",185175,450245,0.708578577948444,2000,15,0.708578577948444,0.708578577948444,0.778105094949393,0.778105094949393,0.750519044046312,0.249480955953688,0.19412240292041,3.40521946744594,12.3936193410836,15.927950377821
"1","Provinces","Female","20-24",371351,421798,0.531801716953561,2000,20,0.531801716953561,0.531801716953561,0.583982692028983,0.583982692028983,0.816105359801567,0.183894640198433,0.107391287032782,2.65143524256296,8.98839987363769,15.3915518324841
"1","Provinces","Female","25-29",603818,463010,0.434006231557477,2000,25,0.434006231557477,0.434006231557477,0.476591404996201,0.476591404996201,0.882347555667901,0.117652444332099,0.0560721437454724,2.24277666561732,6.33696463107473,13.2964307888122
"1","Provinces","Female","30-34",759801,471532,0.382944337559377,2000,30,0.382944337559377,0.382944337559377,0.420519261250728,0.420519261250728,0.964804265271851,0.0351957347281489,0.0148004843670578,2.065595095336,4.09418796545741,9.73602957752822
"1","Provinces","Female","35-39",860384,504149,0.36946633023899,2000,35,0.36946633023899,0.36946633023899,0.40571877688367,0.40571877688367,0.999999,1e-06,4.0571877688367e-07,2.02859287012141,2.02859287012141,4.9999975
"1","Provinces","Male","0-4",42492,472394,0.917472994021978,2000,0,0.917472994021978,0.917472994021978,1,1,0.928148818931421,0.0718511810685795,0.0718511810685795,4.82037204732855,26.6272672133273,26.6272672133273
"1","Provinces","Male","5-9",81215,465877,0.851551475802973,2000,5,0.851551475802973,0.851551475802973,0.928148818931421,0.928148818931421,0.945602785508714,0.054397214491286,0.0504887103832462,4.51452231869899,21.8068951659988,23.4950416584111
"1","Provinces","Male","10-14",101567,419903,0.805229447523347,2000,10,0.805229447523347,0.805229447523347,0.877660108548174,0.877660108548174,0.890016801719044,0.109983198280956,0.0965278657417395,4.14698087838652,17.2923728472998,19.702812830248
"1","Provinces","Male","15-19",189617,479622,0.716667737534722,2000,15,0.716667737534722,0.716667737534722,0.781132242806435,0.781132242806435,0.801413094316237,0.198586905683763,0.155122635028747,3.51785462646031,13.1453919689133,16.8286382875258
"1","Provinces","Male","20-24",256725,346407,0.574346909134319,2000,20,0.574346909134319,0.574346909134319,0.626009607777687,0.626009607777687,0.819713475782113,0.180286524217887,0.112861096313242,2.84789529810533,9.62753734245297,15.379216585238
"1","Provinces","Male","25-29",529153,470758,0.470799901191206,2000,25,0.470799901191206,0.470799901191206,0.513148511464446,0.513148511464446,0.88075012764608,0.11924987235392,0.0611928944907394,2.41276032109538,6.77964204434763,13.2118517210536
"1","Provinces","Male","30-34",733550,519647,0.414657073069916,2000,30,0.414657073069916,0.414657073069916,0.451955616973706,0.451955616973706,0.954959185739169,0.0450408142608307,0.0203564489982519,2.2088869623729,4.36688172325225,9.66219150564581
"1","Provinces","Male","35-39",852632,558965,0.395980580859835,2000,35,0.395980580859835,0.395980580859835,0.431599167975454,0.431599167975454,0.999999,1e-06,4.31599167975454e-07,2.15799476087935,2.15799476087935,4.9999975
"1","Provinces","Total","0-4",83487,890194,0.914256311872163,2000,0,0.914256311872163,0.914256311872163,1,1,0.932134360415134,0.0678656395848659,0.0678656395848659,4.83033590103784,26.2769829834305,26.2769829834305
"1","Provinces","Total","5-9",149725,863366,0.852209722522459,2000,5,0.852209722522459,0.852209722522459,0.932134360415134,0.932134360415134,0.947377705255429,0.0526222947445714,0.0490510490553077,4.5380441794374,21.4466470823927,23.0081069780984
"1","Provinces","Total","10-14",188856,791524,0.807364491319692,2000,10,0.807364491319692,0.807364491319692,0.883083311359826,0.883083311359826,0.882783436543122,0.117216563456878,0.103511991003719,4.15663657928984,16.9086029029553,19.1472341119417
"1","Provinces","Total","15-19",374792,929867,0.712728000190088,2000,15,0.712728000190088,0.712728000190088,0.779571320356108,0.779571320356108,0.771934551739576,0.228065448260424,0.177793282627987,3.45337339521057,12.7519663236655,16.3576647712494
"1","Provinces","Total","20-24",628076,768205,0.55017936933898,2000,20,0.55017936933898,0.55017936933898,0.601778037728121,0.601778037728121,0.821200208015511,0.178799791984489,0.107597787966622,2.73989571872405,9.29859292845488,15.4518648828722
"1","Provinces","Total","25-29",1132971,933768,0.451807412547012,2000,25,0.451807412547012,0.451807412547012,0.494180249761499,0.494180249761499,0.882987377231972,0.117012622768028,0.0578253271447519,2.32633793094561,6.55869720973083,13.2718723844107
"1","Provinces","Total","30-34",1493351,991179,0.39894024221885,2000,30,0.39894024221885,0.39894024221885,0.436354922616747,0.436354922616747,0.959913702225745,0.0400862977742552,0.017491853363277,2.13804497967554,4.23235927878522,9.69935036690883
"1","Provinces","Total","35-39",1713016,1063114,0.382948204875132,2000,35,0.382948204875132,0.382948204875132,0.41886306925347,0.41886306925347,0.999999,1e-06,4.1886306925347e-07,2.09431429910968,2.09431429910968,4.9999975
"1","Rest Capital","Female","0-4",37786,355302,0.903873941712797,2000,0,0.903873941712797,0.903873941712797,1,1,0.936026772069729,0.0639732279302706,0.0639732279302706,4.84006693017432,33.7012626180382,33.7012626180382
"1","Rest Capital","Female","5-9",59761,328424,0.846050208019372,2000,5,0.846050208019372,0.846050208019372,0.936026772069729,0.936026772069729,0.970942809945739,0.0290571900542612,0.0271983078119068,4.61213809081888,28.8611956878639,30.8337288516293
"1","Rest Capital","Female","10-14",53817,247622,0.821466366329506,2000,10,0.821466366329506,0.821466366329506,0.908828464257823,0.908828464257823,0.965478665671906,0.0345213343280945,0.0313739712615329,4.46570739313528,24.249057597045,26.6816660686872
"1","Rest Capital","Female","15-19",56444,216375,0.79310825125816,2000,15,0.79310825125816,0.79310825125816,0.87745449299629,0.87745449299629,0.945208978575688,0.054791021424312,0.0480766279246186,4.2670808951699,19.7833502039097,22.5462976847432
"1","Rest Capital","Female","20-24",57002,170690,0.749653040071676,2000,20,0.749653040071676,0.749653040071676,0.829377865071671,0.829377865071671,0.962393848057974,0.0376061519420259,0.0311897100112383,4.06891505033026,15.5162693087398,18.7083233857453
"1","Rest Capital","Female","25-29",62101,160852,0.721461473942939,2000,25,0.721461473942939,0.721461473942939,0.798188155060433,0.798188155060433,0.955767326839959,0.0442326731600406,0.035305995783004,3.90267578584465,11.4473542584096,14.3416739346913
"1","Rest Capital","Female","30-34",64109,142394,0.68954930436846,2000,30,0.68954930436846,0.68954930436846,0.762882159277429,0.762882159277429,0.985294147983788,0.0147058520162122,0.0112188321401423,3.78636371603679,7.5446784725649,9.88970364664304
"1","Rest Capital","Female","35-39",71613,151765,0.679408894340535,2000,35,0.679408894340535,0.679408894340535,0.751663327137287,0.751663327137287,0.999999,1e-06,7.51663327137287e-07,3.75831475652812,3.75831475652812,4.9999975
"1","Rest Capital","Male","0-4",39961,390346,0.907133744047854,2000,0,0.907133744047854,0.907133744047854,1,1,0.929504701754818,0.070495298245182,0.070495298245182,4.82376175438704,34.7100842935614,34.7100842935614
"1","Rest Capital","Male","5-9",69050,371278,0.843185080212932,2000,5,0.843185080212932,0.843185080212932,0.929504701754818,0.929504701754818,0.962479339874031,0.0375206601259693,0.034875630000033,4.56033443377401,29.8863225391743,32.1529546679557
"1","Rest Capital","Male","10-14",60464,260382,0.811548219394975,2000,10,0.811548219394975,0.811548219394975,0.894629071754785,0.894629071754785,0.977900218020641,0.0220997819793588,0.0197711074381769,4.42371759017848,25.3259881054003,28.30892590571
"1","Rest Capital","Male","15-19",57397,220707,0.793613180680609,2000,15,0.793613180680609,0.793613180680609,0.874857964316608,0.874857964316608,0.967421744241588,0.0325782557584121,0.0285013465137902,4.30303645529856,20.9022705152218,23.8921874953148
"1","Rest Capital","Male","20-24",38821,128337,0.767758647507149,2000,20,0.767758647507149,0.767758647507149,0.846356617802818,0.846356617802818,0.977861943293235,0.0221380567067653,0.0187366907990648,4.18494136201643,16.5992340599233,19.612576673667
"1","Rest Capital","Male","25-29",54746,162746,0.748284994390598,2000,25,0.748284994390598,0.750761963031526,0.827619927003753,0.827619927003753,0.999999,1e-06,8.27619927003753e-07,4.13809756596895,12.4142926979068,14.9999925
"1","Rest Capital","Male","30-34",52271,156536,0.749668354030277,2000,30,0.749668354030277,0.750761963031526,0.827619927003753,0.827619927003753,0.999999,1e-06,8.27619927003753e-07,4.13809756596895,8.2761951319379,9.999995
"1","Rest Capital","Male","35-39",57440,176372,0.754332540673704,2000,35,0.754332540673704,0.750761963031526,0.827619927003753,0.827619927003753,0.999999,1e-06,8.27619927003753e-07,4.13809756596895,4.13809756596895,4.9999975
"1","Rest Capital","Total","0-4",77747,745648,0.905577517473388,2000,0,0.905577517473388,0.905577517473388,1,1,0.932584420977299,0.0674155790227015,0.0674155790227015,4.83146105244325,34.2070145800169,34.2070145800169
"1","Rest Capital","Total","5-9",128811,699702,0.844527484782979,2000,5,0.844527484782979,0.844527484782979,0.932584420977299,0.932584420977299,0.966638328011212,0.0333616719887878,0.0311125755544982,4.58514066600025,29.3755535275737,31.4990824067055
"1","Rest Capital","Total","10-14",114281,508004,0.816352635850133,2000,10,0.816352635850133,0.816352635850133,0.9014718454228,0.9014718454228,0.97183876552953,0.0281612344704705,0.0253865600074792,4.4438928270953,24.7904128615734,27.4999302390264
"1","Rest Capital","Total","15-19",113841,437082,0.793363137861371,2000,15,0.793363137861371,0.793363137861371,0.876085285415321,0.876085285415321,0.954566619884047,0.0454333801159529,0.0398035157862674,4.28091763761094,20.3465200344781,23.2243599717949
"1","Rest Capital","Total","20-24",95823,299027,0.75731796884893,2000,20,0.75731796884893,0.75731796884893,0.836281769629054,0.836281769629054,0.970143287673529,0.0298567123264714,0.024968624219687,4.11898728759605,16.0656023968672,19.2107528590433
"1","Rest Capital","Total","25-29",116847,323598,0.73470694411334,2000,25,0.73470694411334,0.73470694411334,0.811313145409367,0.811313145409367,0.979677128528386,0.0203228714716142,0.0164882127773856,4.01534519510337,11.9466151092711,14.7250357976675
"1","Rest Capital","Total","30-34",116380,298930,0.719775589318822,2000,30,0.719775589318822,0.719775589318822,0.794824932631981,0.794824932631981,0.997152005001043,0.00284799499895694,0.00226365743318217,3.96846551957695,7.93126991416776,9.97863754462781
"1","Rest Capital","Total","35-39",129053,328137,0.717725672040071,2000,35,0.717725672040071,0.717725672040071,0.792561275198799,0.792561275198799,0.999999,1e-06,7.92561275198799e-07,3.96280439459081,3.96280439459081,4.9999975
"1","Seoul","Female","0-4",64193,248398,0.794642200191304,2000,0,0.794642200191304,0.794642200191304,1,1,0.81729094859412,0.18270905140588,0.18270905140588,4.5432273714853,30.36142970324,30.36142970324
"1","Seoul","Female","5-9",137306,241872,0.63788510936816,2000,5,0.63788510936816,0.64945387758727,0.81729094859412,0.81729094859412,0.999999,1e-06,8.1729094859412e-07,4.08645269974323,25.8182023317547,31.5899770775223
"1","Seoul","Female","10-14",141888,220240,0.608182742013874,2000,10,0.608182742013874,0.64945387758727,0.81729094859412,0.81729094859412,0.999999,1e-06,8.1729094859412e-07,4.08645269974323,21.7317496320115,26.5899795775223
"1","Seoul","Female","15-19",137598,276563,0.667766882927171,2000,15,0.667766882927171,0.64945387758727,0.81729094859412,0.81729094859412,0.999999,1e-06,8.1729094859412e-07,4.08645269974323,17.6452969322683,21.5899820775223
"1","Seoul","Female","20-24",127631,276240,0.683980776039874,2000,20,0.683980776039874,0.64945387758727,0.81729094859412,0.81729094859412,0.950180857397288,0.0498191426027125,0.0407167343159166,3.98466290718081,13.558844232525,16.5899845775223
"1","Seoul","Female","25-29",156375,252020,0.617098642245865,2000,25,0.617098642245865,0.617098642245865,0.776574214278203,0.776574214278203,0.834286831232022,0.165713168767978,0.128688573831544,3.56114963681216,9.57418132534422,12.3287396739577
"1","Seoul","Female","30-34",145314,154202,0.514837270796886,2000,30,0.514837270796886,0.514837270796886,0.647885640446659,0.647885640446659,0.904134675954293,0.0958653240457066,0.0621097668659791,3.08415378506835,6.01303168853207,9.28100780932051
"1","Seoul","Female","35-39",120553,104983,0.465482229001135,2000,35,0.465482229001135,0.465482229001135,0.58577587358068,0.58577587358068,0.999999,1e-06,5.8577587358068e-07,2.92887790346372,2.92887790346372,4.9999975
"1","Seoul","Male","0-4",69229,270363,0.796140662913143,2000,0,0.796140662913143,0.796140662913143,1,1,0.824598818323881,0.175401181676119,0.175401181676119,4.5614970458097,31.5455450319868,31.5455450319868
"1","Seoul","Male","5-9",156722,283363,0.643882431802947,2000,5,0.643882431802947,0.656496649857769,0.824598818323881,0.824598818323881,0.999999,1e-06,8.24598818323881e-07,4.12299203012236,26.9840479861771,32.7238499335061
"1","Seoul","Male","10-14",150124,249902,0.624714393564418,2000,10,0.624714393564418,0.656496649857769,0.824598818323881,0.824598818323881,0.999999,1e-06,8.24598818323881e-07,4.12299203012236,22.8610559560548,27.7238524335061
"1","Seoul","Male","15-19",145944,292151,0.666866775471074,2000,15,0.666866775471074,0.656496649857769,0.824598818323881,0.824598818323881,0.999999,1e-06,8.24598818323881e-07,4.12299203012236,18.7380639259324,22.7238549335061
"1","Seoul","Male","20-24",97400,211600,0.684789644012945,2000,20,0.684789644012945,0.656496649857769,0.824598818323881,0.824598818323881,0.999999,1e-06,8.24598818323881e-07,4.12299203012236,14.61507189581,17.7238574335061
"1","Seoul","Male","25-29",140818,276087,0.662230004437462,2000,25,0.662230004437462,0.656496649857769,0.824598818323881,0.824598818323881,0.893910007631189,0.106089992368811,0.087481682343311,3.90428988576113,10.4920798656877,12.7238599335061
"1","Seoul","Male","30-34",123709,175719,0.586848925284209,2000,30,0.586848925284209,0.586848925284209,0.73711713598057,0.73711713598057,0.858298451272914,0.141701548727086,0.104450639761721,3.42445908049855,6.58778997992655,8.93723623880072
"1","Seoul","Male","35-39",106548,108133,0.50369152370261,2000,35,0.50369152370261,0.50369152370261,0.632666496218849,0.632666496218849,0.999999,1e-06,6.32666496218849e-07,3.16333089942801,3.16333089942801,4.9999975
"1","Seoul","Total","0-4",133422,518761,0.79542245044719,2000,0,0.79542245044719,0.79542245044719,1,1,0.820193678961177,0.179806321038823,0.179806321038823,4.55048419740294,30.9534912120461,30.9534912120461
"1","Seoul","Total","5-9",294028,525235,0.641106701999236,2000,5,0.641106701999236,0.652400465960596,0.820193678961177,0.820193678961177,0.999999,1e-06,8.20193678961177e-07,4.10096634432169,26.4030070146431,32.1911856820014
"1","Seoul","Total","10-14",292012,470142,0.61685958480832,2000,10,0.61685958480832,0.652400465960596,0.820193678961177,0.820193678961177,0.999999,1e-06,8.20193678961177e-07,4.10096634432169,22.3020406703214,27.1911881820014
"1","Seoul","Total","15-19",283542,568714,0.667304190290241,2000,15,0.667304190290241,0.652400465960596,0.820193678961177,0.820193678961177,0.999999,1e-06,8.20193678961177e-07,4.10096634432169,18.2010743259997,22.1911906820014
"1","Seoul","Total","20-24",225031,487840,0.684331386744586,2000,20,0.684331386744586,0.652400465960596,0.820193678961177,0.820193678961177,0.98083468749019,0.0191653125098098,0.0157192681758616,4.06167022436623,14.100107981678,17.1911931820014
"1","Seoul","Total","25-29",297193,528107,0.639897007148916,2000,25,0.639897007148916,0.639897007148916,0.804474410785316,0.804474410785316,0.86082260382725,0.13917739617275,0.111964653780708,3.74246041947481,10.0384377573118,12.4782561418112
"1","Seoul","Total","30-34",269023,329921,0.550837807875194,2000,30,0.550837807875194,0.550837807875194,0.692509757004608,0.692509757004608,0.878871750320242,0.121128249679758,0.0838824947521228,3.25284254814273,6.295977337837,9.09153593022244
"1","Seoul","Total","35-39",227101,213116,0.484115788349837,2000,35,0.484115788349837,0.484115788349837,0.608627262252485,0.608627262252485,0.999999,1e-06,6.08627262252485e-07,3.04313478969427,3.04313478969427,4.9999975
"1",NA,"Female","0-4",186248,1297516,0.874475994834758,2000,0,0.874475994834758,0.874475994834758,1,1,0.899495019709642,0.100504980290358,0.100504980290358,4.7487375492741,28.5913979983584,28.5913979983584
"1",NA,"Female","5-9",338834,1248856,0.786586802209499,2000,5,0.786586802209499,0.786586802209499,0.899495019709642,0.899495019709642,0.960137069177406,0.0398629308225938,0.0358565077459531,4.40783382918332,23.8426604490843,26.5067175766918
"1",NA,"Female","10-14",352942,1088998,0.755231146927057,2000,10,0.755231146927057,0.755231146927057,0.863638511963688,0.863638511963688,0.973248331580466,0.0267516684195336,0.023103771106392,4.26043313205246,19.434826619901,22.5034274765159
"1",NA,"Female","15-19",448607,1244425,0.73502745370436,2000,15,0.73502745370436,0.73502745370436,0.840534740857297,0.840534740857297,0.869451240037408,0.130548759962592,0.109730768124399,3.92834678397549,15.1743934878485,18.053261513464
"1",NA,"Female","20-24",639715,1132695,0.639070531084794,2000,20,0.639070531084794,0.639070531084794,0.730803972732898,0.730803972732898,0.838873601852916,0.161126398147084,0.117751811878032,3.35964033396941,11.246046703873,15.3885954694767
"1",NA,"Female","25-29",943835,1090728,0.536099398249157,2000,25,0.536099398249157,0.536099398249157,0.613052160854866,0.613052160854866,0.857135565534231,0.142864434465769,0.087583350258548,2.84630242862796,7.8864063699036,12.8641686196921
"1",NA,"Female","30-34",1091789,928209,0.459509860900852,2000,30,0.459509860900852,0.459509860900852,0.525468810596318,0.525468810596318,0.94555137096221,0.0544486290377904,0.0286110563390878,2.55581641213387,5.04010394127564,9.59163291833815
"1",NA,"Female","35-39",1163662,894060,0.434490178945455,2000,35,0.434490178945455,0.434490178945455,0.49685775425723,0.49685775425723,0.999999,1e-06,4.9685775425723e-07,2.48428752914177,2.48428752914177,4.9999975
"1",NA,"Male","0-4",195987,1445220,0.880583619250954,2000,0,0.880583619250954,0.880583619250954,1,1,0.897529417588455,0.102470582411545,0.102470582411545,4.74382354397114,29.3864957590859,29.3864957590859
"1",NA,"Male","5-9",387613,1461242,0.790349702924242,2000,5,0.790349702924242,0.790349702924242,0.897529417588455,0.897529417588455,0.961394056672882,0.0386059433271179,0.034649969829841,4.40102216336767,24.6426722151147,27.4561164594765
"1",NA,"Male","10-14",386878,1224023,0.759837507084545,2000,10,0.759837507084545,0.759837507084545,0.862879447758614,0.862879447758614,0.968380223677432,0.031619776322568,0.0272840551314683,4.2461871009644,20.2416500517471,23.4582595567968
"1",NA,"Male","15-19",468094,1303725,0.735811615069034,2000,15,0.735811615069034,0.735811615069034,0.835595392627146,0.835595392627146,0.897864829753268,0.102135170246732,0.0853436776833588,3.96461776892733,15.9954629507827,19.1425935230354
"1",NA,"Male","20-24",454955,885748,0.660659370494435,2000,20,0.660659370494435,0.660659370494435,0.750251714943787,0.750251714943787,0.877531116913871,0.122468883086129,0.0918824895626186,3.52155235081239,12.0308451818553,16.0357449936076
"1",NA,"Male","25-29",821387,1133129,0.579749155289596,2000,25,0.579749155289596,0.579749155289596,0.658369225381168,0.658369225381168,0.864737832419669,0.135262167580331,0.0890524484932402,3.06921500567274,8.50929283104293,12.9248034431081
"1",NA,"Male","30-34",1012865,1018272,0.501331027892259,2000,30,0.501331027892259,0.501331027892259,0.569316776887928,0.569316776887928,0.940726940348048,0.0592730596519524,0.0337451472773354,2.7622210162463,5.44007782537019,9.55544970079301
"1",NA,"Male","35-39",1108607,989500,0.471615603970627,2000,35,0.471615603970627,0.471615603970627,0.535571629610593,0.535571629610593,0.999999,1e-06,5.35571629610593e-07,2.67785680912389,2.67785680912389,4.9999975
"1",NA,"Total","0-4",382235,2742736,0.87768366490441,2000,0,0.87768366490441,0.87768366490441,1,1,0.898514199965405,0.101485800034595,0.101485800034595,4.74628549991351,28.9781246084669,28.9781246084669
"1",NA,"Total","5-9",726447,2710098,0.788611235994291,2000,5,0.788611235994291,0.788611235994291,0.898514199965405,0.898514199965405,0.960754504968286,0.0392454950317137,0.0352626345706665,4.40441441340036,24.2318391085534,26.9687881499106
"1",NA,"Total","10-14",739820,2313021,0.757661797650123,2000,10,0.757661797650123,0.757661797650123,0.863251565394738,0.863251565394738,0.970655313706346,0.0293446862936537,0.0253318463790141,4.25292821102616,19.8274246951531,22.9683043622245
"1",NA,"Total","15-19",916701,2548150,0.735428449881395,2000,15,0.735428449881395,0.735428449881395,0.837919719015724,0.837919719015724,0.881619481026978,0.118380518973022,0.0991933711948105,3.9416151670916,15.5744964841269,18.5870986571622
"1",NA,"Total","20-24",1094670,2018443,0.64836804831691,2000,20,0.64836804831691,0.64836804831691,0.738726347820914,0.738726347820914,0.859830043278019,0.140169956721981,0.103547240203445,3.43476363859596,11.6328813170353,15.7472132290257
"1",NA,"Total","25-29",1765222,2223857,0.557486327044413,2000,25,0.557486327044413,0.557486327044413,0.635179107617469,0.635179107617469,0.861864976456273,0.138135023543727,0.0877404809852228,2.95654433562429,8.19811767843937,12.9067810639902
"1",NA,"Total","30-34",2104654,1946481,0.480477940132827,2000,30,0.480477940132827,0.480477940132827,0.547438626632246,0.547438626632246,0.943296746901252,0.0567032530987478,0.0310415510019592,2.65958925565633,5.24157334281508,9.57472324351753
"1",NA,"Total","35-39",2272269,1883560,0.45323327788511,2000,35,0.45323327788511,0.45323327788511,0.516397075630287,0.516397075630287,0.999999,1e-06,5.16397075630287e-07,2.58198408715875,2.58198408715875,4.9999975
"2",NA,"Female","0-4",8012,0,0,2010,0,0,0,NA,NA,0.999999,1e-06,NA,NA,NA,NA
"2",NA,"Female","5-9",8360,0,0,2010,5,0,0,NA,NA,0.999999,1e-06,NA,NA,NA,NA
"2",NA,"Female","10-14",6044,0,0,2010,10,0,0,NA,NA,0.999999,1e-06,NA,NA,NA,NA
"2",NA,"Female","15-19",8891,0,0,2010,15,0,0,NA,NA,0.999999,1e-06,NA,NA,NA,NA
"2",NA,"Female","20-24",32686,0,0,2010,20,0,0,NA,NA,0.999999,1e-06,NA,NA,NA,NA
"2",NA,"Female","25-29",35396,0,0,2010,25,0,0,NA,NA,0.999999,1e-06,NA,NA,NA,NA
"2",NA,"Female","30-34",28639,0,0,2010,30,0,0,NA,NA,0.999999,1e-06,NA,NA,NA,NA
"2",NA,"Female","35-39",29454,0,0,2010,35,0,0,NA,NA,0.999999,1e-06,NA,NA,NA,NA
"2",NA,"Male","0-4",8221,0,0,2010,0,0,0,NA,NA,0.999999,1e-06,NA,NA,NA,NA
"2",NA,"Male","5-9",9327,0,0,2010,5,0,0,NA,NA,0.999999,1e-06,NA,NA,NA,NA
"2",NA,"Male","10-14",7594,0,0,2010,10,0,0,NA,NA,0.999999,1e-06,NA,NA,NA,NA
"2",NA,"Male","15-19",5822,0,0,2010,15,0,0,NA,NA,0.999999,1e-06,NA,NA,NA,NA
"2",NA,"Male","20-24",6136,0,0,2010,20,0,0,NA,NA,0.999999,1e-06,NA,NA,NA,NA
"2",NA,"Male","25-29",7631,0,0,2010,25,0,0,NA,NA,0.999999,1e-06,NA,NA,NA,NA
"2",NA,"Male","30-34",8322,0,0,2010,30,0,0,NA,NA,0.999999,1e-06,NA,NA,NA,NA
"2",NA,"Male","35-39",9176,0,0,2010,35,0,0,NA,NA,0.999999,1e-06,NA,NA,NA,NA
"2",NA,"Total","0-4",16233,0,0,2010,0,0,0,NA,NA,0.999999,1e-06,NA,NA,NA,NA
"2",NA,"Total","5-9",17687,0,0,2010,5,0,0,NA,NA,0.999999,1e-06,NA,NA,NA,NA
"2",NA,"Total","10-14",13638,0,0,2010,10,0,0,NA,NA,0.999999,1e-06,NA,NA,NA,NA
"2",NA,"Total","15-19",14713,0,0,2010,15,0,0,NA,NA,0.999999,1e-06,NA,NA,NA,NA
"2",NA,"Total","20-24",38822,0,0,2010,20,0,0,NA,NA,0.999999,1e-06,NA,NA,NA,NA
"2",NA,"Total","25-29",43027,0,0,2010,25,0,0,NA,NA,0.999999,1e-06,NA,NA,NA,NA
"2",NA,"Total","30-34",36961,0,0,2010,30,0,0,NA,NA,0.999999,1e-06,NA,NA,NA,NA
"2",NA,"Total","35-39",38630,0,0,2010,35,0,0,NA,NA,0.999999,1e-06,NA,NA,NA,NA
"2","Metros","Female","0-4",24338,189749,0.886317244858399,2010,0,0.886317244858399,0.886317244858399,1,1,0.935147343627656,0.0648526563723438,0.0648526563723438,4.83786835906914,32.1302253177151,32.1302253177151
"2","Metros","Female","5-9",40626,196727,0.828837217140714,2010,5,0.828837217140714,0.828837217140714,0.935147343627656,0.935147343627656,0.966895079138983,0.0331049208610167,0.0309579788041835,4.59834177112782,27.292356958646,29.1850874032027
"2","Metros","Female","10-14",65972,266211,0.801398626660606,2010,10,0.801398626660606,0.801398626660606,0.904189364823473,0.904189364823473,0.991716046846002,0.00828395315399766,0.00749026234054055,4.50222116826601,22.6940151875182,25.0987415583557
"2","Metros","Female","15-19",68088,263660,0.794759877979671,2010,15,0.794759877979671,0.794759877979671,0.896699102482932,0.896699102482932,0.904840406611141,0.0951595933888586,0.0853295219844303,4.27017170745358,18.1917940192521,20.2875122422668
"2","Metros","Female","20-24",80362,205757,0.719130851149347,2010,20,0.719130851149347,0.719130851149347,0.811369580498502,0.811369580498502,0.890861783370566,0.109138216629434,0.0885514290429785,3.83546932988506,13.9216223117986,17.1581763063451
"2","Metros","Female","25-29",130619,232864,0.6406461925317,2010,25,0.6406461925317,0.6406461925317,0.722818151455523,0.722818151455523,0.917569117401893,0.0824308825981072,0.0595825381824111,3.46513441182159,10.0861529819135,13.9539287462597
"2","Metros","Female","30-34",148222,211398,0.587837161448195,2010,30,0.587837161448195,0.587837161448195,0.663235613273112,0.663235613273112,0.997721089740064,0.00227891025993598,0.00151145444384303,3.31239943025595,6.6210185700919,9.98290567874776
"2","Metros","Female","35-39",141735,201032,0.586497533309799,2010,35,0.586497533309799,0.586497533309799,0.661724158829269,0.661724158829269,0.999999,1e-06,6.61724158829269e-07,3.30861913983595,3.30861913983595,4.9999975
"2","Metros","Male","0-4",26811,202976,0.883322381161684,2010,0,0.883322381161684,0.883322381161684,1,1,0.940814386710541,0.0591856132894586,0.0591856132894586,4.85203596677635,32.7781304519118,32.7781304519118
"2","Metros","Male","5-9",44570,219224,0.831042404300325,2010,5,0.831042404300325,0.831042404300325,0.940814386710541,0.940814386710541,0.978724742319083,0.0212752576809165,0.0200160685071802,4.65403176228476,27.9260944851355,29.6828948192174
"2","Metros","Male","10-14",68100,296777,0.813361763005067,2010,10,0.813361763005067,0.813361763005067,0.920798318203361,0.920798318203361,0.993537087157336,0.00646291284266431,0.00595103927622021,4.58911399282626,23.2720627228507,25.2737893442927
"2","Metros","Male","15-19",71004,299011,0.80810507682121,2010,15,0.80810507682121,0.80810507682121,0.914847278927141,0.914847278927141,0.907662772639578,0.0923372273604222,0.084474461194359,4.36305024164981,18.6829487300245,20.4219317916476
"2","Metros","Male","20-24",67455,185647,0.733486894611659,2010,20,0.733486894611659,0.733486894611659,0.830372817732782,0.830372817732782,0.898399209969634,0.101600790030366,0.0843665343013921,3.94094775291043,14.3198984883747,17.245143606065
"2","Metros","Male","25-29",126347,244133,0.658964046642194,2010,25,0.658964046642194,0.658964046642194,0.74600628343139,0.74600628343139,0.913015198027529,0.0869848019724712,0.0648912088344986,3.5678033950707,10.3789507354642,13.9126854102681
"2","Metros","Male","30-34",144354,217118,0.60064956621813,2010,30,0.60064956621813,0.601644189538044,0.681115074596891,0.681115074596891,0.999999,1e-06,6.81115074596891e-07,3.40557367019677,6.81114734039354,9.999995
"2","Metros","Male","35-39",135013,204761,0.602638812857959,2010,35,0.602638812857959,0.601644189538044,0.681115074596891,0.681115074596891,0.999999,1e-06,6.81115074596891e-07,3.40557367019677,3.40557367019677,4.9999975
"2","Metros","Total","0-4",51149,392725,0.884766848249729,2010,0,0.884766848249729,0.884766848249729,1,1,0.93809797040339,0.0619020295966103,0.0619020295966103,4.84524492600847,32.4582145234242,32.4582145234242
"2","Metros","Total","5-9",85196,415951,0.829997984623274,2010,5,0.829997984623274,0.829997984623274,0.93809797040339,0.93809797040339,0.973087599641255,0.0269124003587454,0.0252464681552225,4.62737368162889,27.6129695974157,29.4350595231988
"2","Metros","Total","10-14",134072,562988,0.807660746564141,2010,10,0.807660746564141,0.807660746564141,0.912851502248167,0.912851502248167,0.992739013702132,0.00726098629786753,0.00662820224981174,4.54768700561631,22.9855959157868,25.1799946203495
"2","Metros","Total","15-19",139092,562671,0.801796332950013,2010,15,0.801796332950013,0.801796332950013,0.906223299998355,0.906223299998355,0.905303910916739,0.0946960890832611,0.0858158023459711,4.31657699412685,18.4379089101705,20.345878229134
"2","Metros","Total","20-24",147817,391404,0.725869355978347,2010,20,0.725869355978347,0.725869355978347,0.820407497652384,0.820407497652384,0.89532975585373,0.10467024414627,0.0858722530787058,3.88735685556516,14.1213319160437,17.212582718286
"2","Metros","Total","25-29",256966,476997,0.649892433269797,2010,25,0.649892433269797,0.649892433269797,0.734535244573678,0.734535244573678,0.914607201779615,0.0853927982203853,0.0627240199256415,3.51586617305429,10.2339750604785,13.9325854492092
"2","Metros","Total","30-34",292576,428516,0.594259817055244,2010,30,0.594259817055244,0.594396299850634,0.671811224648037,0.671811224648037,0.999999,1e-06,6.71811224648037e-07,3.35905444371212,6.71810888742425,9.999995
"2","Metros","Total","35-39",276748,405793,0.594532782646024,2010,35,0.594532782646024,0.594396299850634,0.671811224648037,0.671811224648037,0.999999,1e-06,6.71811224648037e-07,3.35905444371212,3.35905444371212,4.9999975
"2","Provinces","Female","0-4",21890,291969,0.930255305726457,2010,0,0.930255305726457,0.930255305726457,1,1,0.94024818135377,0.0597518186462301,0.0597518186462301,4.85062045338442,27.3778346599962,27.3778346599962
"2","Provinces","Female","5-9",42885,299294,0.874670859403996,2010,5,0.874670859403996,0.874670859403996,0.94024818135377,0.94024818135377,0.94574546592884,0.0542545340711603,0.0510127269906046,4.57370908929234,22.5272142066117,23.9587958300297
"2","Provinces","Female","10-14",82127,393189,0.827215999461411,2010,10,0.827215999461411,0.827215999461411,0.889235454363165,0.889235454363165,0.936818293600268,0.0631817063997323,0.0561834133978061,4.30571873832131,17.9535051173194,20.1898215250279
"2","Provinces","Female","15-19",93044,320395,0.774951081054279,2010,15,0.774951081054279,0.774951081054279,0.833052040965359,0.833052040965359,0.749394177893387,0.250605822106613,0.208767691583716,3.64334097586751,13.6477863789981,16.382873707605
"2","Provinces","Female","20-24",167775,232398,0.580743828294263,2010,20,0.580743828294263,0.580743828294263,0.624284349381643,0.624284349381643,0.836017986706542,0.163982013293458,0.102371404479198,2.86549323571022,10.0044454031306,16.0254624563951
"2","Provinces","Female","25-29",330670,312047,0.485512286122819,2010,25,0.485512286122819,0.485512286122819,0.521912944902445,0.521912944902445,0.924488805400196,0.0755111945998038,0.0394102699466852,2.51103904964551,7.13895216742036,13.6784347603311
"2","Provinces","Female","30-34",449330,365930,0.448850673404803,2010,30,0.448850673404803,0.448850673404803,0.48250267495576,0.48250267495576,0.945530528924482,0.054469471075518,0.0262816654973628,2.34680921103539,4.62791311777485,9.59147660310729
"2","Provinces","Female","35-39",595874,439352,0.424402014632554,2010,35,0.424402014632554,0.424402014632554,0.456221009458397,0.456221009458397,0.999999,1e-06,4.56221009458397e-07,2.28110390673946,2.28110390673946,4.9999975
"2","Provinces","Male","0-4",23813,311496,0.928981924135648,2010,0,0.928981924135648,0.928981924135648,1,1,0.942856205836774,0.057143794163226,0.057143794163226,4.85714051459193,28.6604827841006,28.6604827841006
"2","Provinces","Male","5-9",46433,327714,0.875896372281483,2010,5,0.875896372281483,0.875896372281483,0.942856205836774,0.942856205836774,0.945797187072833,0.0542028129271674,0.0511054585421895,4.5865173828284,23.8033422695087,25.2459941634297
"2","Provinces","Male","10-14",87629,423090,0.828420325071125,2010,10,0.828420325071125,0.828420325071125,0.891750747294584,0.891750747294584,0.955195204284762,0.0448047957152377,0.0399547100614444,4.35886696131931,19.2168248866803,21.5495472753802
"2","Provinces","Male","15-19",94720,359144,0.791303121639963,2010,15,0.791303121639963,0.791303121639963,0.85179603723314,0.85179603723314,0.831601937032262,0.168398062967738,0.143440802713656,3.90037817938156,14.857957925361,17.4430935058392
"2","Provinces","Male","20-24",119189,229367,0.658049208735469,2010,20,0.658049208735469,0.658049208735469,0.708355234519484,0.708355234519484,0.833765175461202,0.166234824538798,0.117753308121486,3.24739290229371,10.9575797459794,15.4690460548549
"2","Provinces","Male","25-29",287361,349321,0.548658513983433,2010,25,0.548658513983433,0.548658513983433,0.590601926397998,0.590601926397998,0.866572359881455,0.133427640118545,0.0788026212887517,2.75600307876811,7.71018684368573,13.0547946071038
"2","Provinces","Male","30-34",431302,390934,0.475452303231676,2010,30,0.475452303231676,0.475452303231676,0.511799305109247,0.511799305109247,0.957324922837527,0.0426750771624727,0.021841074837237,2.50439383845314,4.95418376491761,9.67993452796915
"2","Provinces","Male","35-39",576253,481407,0.455162339504188,2010,35,0.455162339504188,0.455162339504188,0.48995823027201,0.48995823027201,0.999999,1e-06,4.8995823027201e-07,2.44978992646447,2.44978992646447,4.9999975
"2","Provinces","Total","0-4",45703,603465,0.929597577206517,2010,0,0.929597577206517,0.929597577206517,1,1,0.941602025684225,0.0583979743157753,0.0583979743157753,4.85400506421056,28.0081113975114,28.0081113975114
"2","Provinces","Total","5-9",89318,627008,0.875310961768804,2010,5,0.875310961768804,0.875310961768804,0.941602025684225,0.941602025684225,0.945766497532059,0.0542335024679412,0.0510663757837639,4.58034418896171,23.1541063333009,24.5901195003013
"2","Provinces","Total","10-14",169756,816279,0.827839782563499,2010,10,0.827839782563499,0.827839782563499,0.890535649900461,0.890535649900461,0.94644906203268,0.0535509379673202,0.0476890193455068,4.33345570113854,18.5737621443391,20.8568428972105
"2","Provinces","Total","15-19",187764,679539,0.783508185720561,2010,15,0.783508185720561,0.783508185720561,0.842846630554954,0.842846630554954,0.787141516536547,0.212858483463453,0.179407055572209,3.76571551384425,14.2403064432006,16.8954895552283
"2","Provinces","Total","20-24",286964,461765,0.616731821526881,2010,20,0.616731821526881,0.616731821526881,0.663439574982745,0.663439574982745,0.838186793323064,0.161813206676936,0.107353285064341,3.04881466225287,10.4745909293564,15.7883118890349
"2","Provinces","Total","25-29",618031,661368,0.516936467825909,2010,25,0.516936467825909,0.516936467825909,0.556086289918404,0.556086289918404,0.894129512477159,0.105870487522841,0.0588731266184293,2.63324863304595,7.42577626710349,13.3536402564305
"2","Provinces","Total","30-34",880632,756864,0.462208151958844,2010,30,0.462208151958844,0.462208151958844,0.497213163299975,0.497213163299975,0.951837473600556,0.0481625263994442,0.0239470421035862,2.42619821124091,4.79252763405755,9.63877867241048
"2","Provinces","Total","35-39",1172127,920759,0.439947039638088,2010,35,0.439947039638088,0.439947039638088,0.473266121196388,0.473266121196388,0.999999,1e-06,4.73266121196388e-07,2.36632942281664,2.36632942281664,4.9999975
"2","Rest Capital","Female","0-4",23235,297849,0.927635758866839,2010,0,0.927635758866839,0.927635758866839,1,1,0.935147730427733,0.0648522695722673,0.0648522695722673,4.83786932606933,34.3330734528807,34.3330734528807
"2","Rest Capital","Female","5-9",43094,282086,0.867476474567932,2010,5,0.867476474567932,0.867476474567932,0.935147730427733,0.935147730427733,0.973999073347278,0.0260009266527222,0.0243147075483112,4.61495188326789,29.4952041268114,31.5406894195427
"2","Rest Capital","Female","10-14",60412,329145,0.844921282379729,2010,10,0.844921282379729,0.844921282379729,0.910833022879422,0.910833022879422,0.970435909957415,0.0295640900425853,0.0269279495021674,4.48684524064169,24.8802522435435,27.3159312613517
"2","Rest Capital","Female","15-19",66382,302288,0.819941953508558,2010,15,0.819941953508558,0.819941953508558,0.883905073377254,0.883905073377254,0.925828610754339,0.0741713892456615,0.0655604672536793,4.25562419875207,20.3934070029018,23.0719424711321
"2","Rest Capital","Female","20-24",68944,217280,0.759125719716027,2010,20,0.759125719716027,0.759125719716027,0.818344606123575,0.818344606123575,0.995832454927123,0.00416754507287709,0.00341048803116585,4.08319681053996,16.1377828041497,19.720033202874
"2","Rest Capital","Female","25-29",69257,214539,0.75596202906313,2010,25,0.75596202906313,0.75596202906313,0.814934118092409,0.814934118092409,0.983368297670877,0.0166317023291233,0.0135537416699595,4.04078623628715,12.0545859936098,14.7920988040445
"2","Rest Capital","Female","30-34",61199,173911,0.739700565692655,2010,30,0.739700565692655,0.743389093623632,0.80138037642245,0.80138037642245,0.999999,1e-06,8.0138037642245e-07,4.00689987866131,8.01379975732261,9.999995
"2","Rest Capital","Female","35-39",60388,178373,0.747077621554609,2010,35,0.747077621554609,0.743389093623632,0.80138037642245,0.80138037642245,0.999999,1e-06,8.0138037642245e-07,4.00689987866131,4.00689987866131,4.9999975
"2","Rest Capital","Male","0-4",25738,328860,0.927416398287638,2010,0,0.927416398287638,0.927416398287638,1,1,0.950191723499043,0.0498082765009571,0.0498082765009571,4.87547930874761,35.0869451812761,35.0869451812761
"2","Rest Capital","Male","5-9",41282,306278,0.881223385890206,2010,5,0.881223385890206,0.881223385890206,0.950191723499043,0.950191723499043,0.967906769981325,0.032093230018675,0.0304947215440961,4.67472181363497,30.2114658725285,31.7951263154303
"2","Rest Capital","Male","10-14",62158,360519,0.852942081068996,2010,10,0.852942081068996,0.852942081068996,0.919697001954947,0.919697001954947,0.967907303604998,0.0320926963950017,0.0295155566591334,4.5246961181269,25.5367440588935,27.7664752680628
"2","Rest Capital","Male","15-19",67849,321124,0.825568869818728,2010,15,0.825568869818728,0.825568869818728,0.890181445295813,0.890181445295813,0.937966212838796,0.0620337871612041,0.0552213263123336,4.31285391069823,21.0120479407666,23.6042304092108
"2","Rest Capital","Male","20-24",55681,174351,0.757942373235028,2010,20,0.757942373235028,0.774355706261477,0.83496011898348,0.83496011898348,0.999999,1e-06,8.3496011898348e-07,4.1747985075171,16.6991940300684,19.99999
"2","Rest Capital","Male","25-29",59829,217029,0.783900049845047,2010,25,0.783900049845047,0.774355706261477,0.83496011898348,0.83496011898348,0.999999,1e-06,8.3496011898348e-07,4.1747985075171,12.5243955225513,14.9999925
"2","Rest Capital","Male","30-34",56056,189230,0.771466777557627,2010,30,0.771466777557627,0.774355706261477,0.83496011898348,0.83496011898348,0.999999,1e-06,8.3496011898348e-07,4.1747985075171,8.3495970150342,9.999995
"2","Rest Capital","Male","35-39",51300,186325,0.784113624408206,2010,35,0.784113624408206,0.774355706261477,0.83496011898348,0.83496011898348,0.999999,1e-06,8.3496011898348e-07,4.1747985075171,4.1747985075171,4.9999975
"2","Rest Capital","Total","0-4",48973,626709,0.927520638406825,2010,0,0.927520638406825,0.927520638406825,1,1,0.942920893443362,0.0570791065566378,0.0570791065566378,4.85730223360841,34.71868772461,34.71868772461
"2","Rest Capital","Total","5-9",84376,588364,0.874578589053721,2010,5,0.874578589053721,0.874578589053721,0.942920893443362,0.942920893443362,0.970862106740084,0.0291378932599158,0.0274747283456971,4.64591764635257,29.8613854910015,31.6690251522094
"2","Rest Capital","Total","10-14",122570,689664,0.849095211478466,2010,10,0.849095211478466,0.849095211478466,0.915446165097665,0.915446165097665,0.969067772864915,0.0309322271350851,0.0283167887087436,4.50643885371647,25.215467844649,27.5444573433314
"2","Rest Capital","Total","15-19",134231,623412,0.8228308055377,2010,15,0.8228308055377,0.8228308055377,0.887129376388921,0.887129376388921,0.928718645601206,0.071281354398794,0.0632357834759598,4.27755742325471,20.7090289909325,23.3438656661659
"2","Rest Capital","Total","20-24",124625,391631,0.758598447281969,2010,20,0.758598447281969,0.764178311277923,0.823893592912962,0.823893592912962,0.999999,1e-06,8.23893592912962e-07,4.11946590483083,16.4314715676778,19.9436816950871
"2","Rest Capital","Total","25-29",129086,431568,0.769758175273877,2010,25,0.769758175273877,0.764178311277923,0.823893592912962,0.823893592912962,0.995495133805025,0.00450486619497514,0.00371153039497021,4.11018913857738,12.312005662847,14.9436841950871
"2","Rest Capital","Total","30-34",117255,363141,0.755920115904379,2010,30,0.755920115904379,0.760735790236513,0.820182062517991,0.820182062517991,0.999999,1e-06,8.20182062517991e-07,4.1009082621348,8.2018165242696,9.999995
"2","Rest Capital","Total","35-39",111688,364698,0.765551464568648,2010,35,0.765551464568648,0.760735790236513,0.820182062517991,0.820182062517991,0.999999,1e-06,8.20182062517991e-07,4.1009082621348,4.1009082621348,4.9999975
"2","Seoul","Female","0-4",34755,173249,0.832911867079479,2010,0,0.832911867079479,0.832911867079479,1,1,0.855852732615066,0.144147267384934,0.144147267384934,4.63963183153767,29.8590981958759,29.8590981958759
"2","Seoul","Female","5-9",68054,168944,0.712849897467489,2010,5,0.712849897467489,0.712849897467489,0.855852732615066,0.855852732615066,0.908703114349409,0.091296885650591,0.0781366890633036,4.08392194041707,25.2194663643382,29.4670629692095
"2","Seoul","Female","10-14",110615,203426,0.647768921892364,2010,10,0.647768921892364,0.647768921892364,0.777716043551763,0.777716043551763,0.977997935401729,0.0220020645982709,0.0171113586293376,3.84580182118547,21.1355444239211,27.1764284653264
"2","Seoul","Female","15-19",132999,229907,0.633516668228136,2010,15,0.633516668228136,0.633516668228136,0.760604684922425,0.760604684922425,0.974476860237952,0.0255231397620481,0.0194130196769436,3.75449087541977,17.2897426027357,22.7315752130807
"2","Seoul","Female","20-24",129603,205671,0.613441543334705,2010,20,0.613441543334705,0.617347333763362,0.741191665245482,0.741191665245482,0.999999,1e-06,7.41191665245482e-07,3.70595647324824,13.5352517273159,18.2614731951054
"2","Seoul","Female","25-29",153811,252294,0.621253124192019,2010,25,0.621253124192019,0.617347333763362,0.741191665245482,0.741191665245482,0.89854819897908,0.10145180102092,0.0751952293408487,3.51797025287529,9.82929525406764,13.2614756951054
"2","Seoul","Female","30-34",174211,217025,0.554716334897607,2010,30,0.554716334897607,0.554716334897607,0.665996435904633,0.665996435904633,0.930202267303543,0.0697977326964574,0.0464850412100649,3.213769576498,6.31132500119236,9.4765146792709
"2","Seoul","Female","35-39",187872,200292,0.515998392432065,2010,35,0.515998392432065,0.515998392432065,0.619511394694568,0.619511394694568,0.999999,1e-06,6.19511394694568e-07,3.09755542469435,3.09755542469435,4.9999975
"2","Seoul","Male","0-4",39637,187294,0.825334573064059,2010,0,0.825334573064059,0.825334573064059,1,1,0.866217709494533,0.133782290505467,0.133782290505467,4.66554427373633,30.3920647276473,30.3920647276473
"2","Seoul","Male","5-9",70371,176475,0.714919423446197,2010,5,0.714919423446197,0.714919423446197,0.866217709494533,0.866217709494533,0.946419243631674,0.0535807563683263,0.0464126000543562,4.21505704733677,25.726520453911,29.6998320075022
"2","Seoul","Male","10-14",108816,227673,0.676613499995542,2010,10,0.676613499995542,0.676613499995542,0.819805109440176,0.819805109440176,0.932777207252244,0.0672227927477558,0.0551095889654482,3.96125157478726,21.5114634065742,26.2397283925978
"2","Seoul","Male","15-19",142810,244345,0.631129650915008,2010,15,0.631129650915008,0.631129650915008,0.764695520474728,0.764695520474728,0.957984905482806,0.0420150945171942,0.0321287545696207,3.74315571594959,17.5502118317869,22.9505879946722
"2","Seoul","Male","20-24",108790,165347,0.603154627066029,2010,20,0.603154627066029,0.60461267897921,0.732566765905107,0.732566765905107,0.999999,1e-06,7.32566765905107e-07,3.66283199810862,13.8070561158373,18.8475054540296
"2","Seoul","Male","25-29",161524,248509,0.606070730892392,2010,25,0.606070730892392,0.60461267897921,0.732566765905107,0.732566765905107,0.957064290647462,0.042935709352538,0.0314532737422304,3.58420064516996,10.1442241177287,13.8475079540296
"2","Seoul","Male","30-34",168264,231084,0.5786532047237,2010,30,0.5786532047237,0.5786532047237,0.701113492162877,0.701113492162877,0.91421078009979,0.0857892199002104,0.0601479795541655,3.35519751192897,6.56002347255875,9.35657856522147
"2","Seoul","Male","35-39",190662,214150,0.529010997697697,2010,35,0.529010997697697,0.529010997697697,0.640965512608711,0.640965512608711,0.999999,1e-06,6.40965512608711e-07,3.20482596062978,3.20482596062978,4.9999975
"2","Seoul","Total","0-4",74392,360543,0.828958350098291,2010,0,0.828958350098291,0.828958350098291,1,1,0.861208191695324,0.138791808304676,0.138791808304676,4.65302047923831,30.1376225657204,30.1376225657204
"2","Seoul","Total","5-9",138425,345419,0.713905721678888,2010,5,0.713905721678888,0.713905721678888,0.861208191695324,0.861208191695324,0.928258262014799,0.0717417379852012,0.0617845724393149,4.15157952737833,25.4846020864821,29.5916856484082
"2","Seoul","Total","10-14",219431,431099,0.662688884448065,2010,10,0.662688884448065,0.662688884448065,0.799423619256009,0.799423619256009,0.954119782338854,0.0458802176611462,0.036677729654927,3.90542377214273,21.3330225591038,26.6855044625246
"2","Seoul","Total","15-19",275809,474252,0.632284574187966,2010,15,0.632284574187966,0.632284574187966,0.762745889601082,0.762745889601082,0.966684564282951,0.0333154357170488,0.025411211653448,3.75020141887179,17.427598786961,22.8484991195111
"2","Seoul","Total","20-24",238393,371018,0.608814084419218,2010,20,0.608814084419218,0.611219738101725,0.737334677947634,0.737334677947634,0.999999,1e-06,7.37334677947634e-07,3.68667154640148,13.6773973680893,18.5497817709594
"2","Seoul","Total","25-29",315335,500803,0.613625391784233,2010,25,0.613625391784233,0.611219738101725,0.737334677947634,0.737334677947634,0.927338467373407,0.0726615326265934,0.0535758677584107,3.55273372034214,9.99072582168778,13.5497842709594
"2","Seoul","Total","30-34",342475,448109,0.566807575159629,2010,30,0.566807575159629,0.566807575159629,0.683758810189223,0.683758810189223,0.922078873740653,0.0779211262593473,0.0532792565796956,3.28559590949688,6.43799210134563,9.41558924785771
"2","Seoul","Total","35-39",378534,414442,0.522641290530861,2010,35,0.522641290530861,0.522641290530861,0.630479553609528,0.630479553609528,0.999999,1e-06,6.30479553609528e-07,3.15239619184876,3.15239619184876,4.9999975
"2",NA,"Female","0-4",112230,952816,0.894624269749851,2010,0,0.894624269749851,0.894624269749851,1,1,0.92046740975831,0.0795325902416898,0.0795325902416898,4.80116852439578,29.7053790993348,29.7053790993348
"2",NA,"Female","5-9",203019,947051,0.823472484283565,2010,5,0.823472484283565,0.823472484283565,0.92046740975831,0.92046740975831,0.954092873965912,0.0459071260340875,0.0422560133900448,4.49669701531644,24.904210574939,27.0560481673959
"2",NA,"Female","10-14",325170,1191971,0.785669229161957,2010,10,0.785669229161957,0.785669229161957,0.878211396368265,0.878211396368265,0.956321789212527,0.0436782107874727,0.0383587024865338,4.29516022562499,20.4075135596225,23.2375868088427
"2",NA,"Female","15-19",369404,1116250,0.751352602961389,2010,15,0.751352602961389,0.751352602961389,0.839852693881732,0.839852693881732,0.854975711456839,0.145024288543161,0.121799039411255,3.89476587088052,16.1123533339976,19.1847373371246
"2",NA,"Female","20-24",479370,861106,0.642388226271862,2010,20,0.642388226271862,0.642388226271862,0.718053654470476,0.718053654470476,0.909601821898846,0.0903981781011545,0.0649107421430069,3.42799141699486,12.217587463117,17.0148670465675
"2",NA,"Female","25-29",719753,1011744,0.584317500983253,2010,25,0.584317500983253,0.584317500983253,0.653142912327469,0.653142912327469,0.905577952617959,0.094422047382041,0.0616710910150285,3.11153683409977,8.78959604612217,13.4573856352517
"2",NA,"Female","30-34",861601,968264,0.529145046219257,2010,30,0.529145046219257,0.529145046219257,0.591471821312441,0.591471821312441,0.946651140926558,0.053348859073442,0.0315543468411095,2.87847323945943,5.6780592120224,9.59988119032133
"2",NA,"Female","35-39",1015323,1019049,0.500915761719096,2010,35,0.500915761719096,0.500915761719096,0.559917474471331,0.559917474471331,0.999999,1e-06,5.59917474471331e-07,2.79958597256297,2.79958597256297,4.9999975
"2",NA,"Male","0-4",124220,1030626,0.892435874566825,2010,0,0.892435874566825,0.892435874566825,1,1,0.929228046714642,0.0707719532853583,0.0707719532853583,4.8230701167866,30.7605319452938,30.7605319452938
"2",NA,"Male","5-9",211983,1029691,0.829276444541804,2010,5,0.829276444541804,0.829276444541804,0.929228046714642,0.929228046714642,0.960418909827996,0.039581090172004,0.0367798591073673,4.55419058580479,25.9374618285072,27.912913218893
"2",NA,"Male","10-14",334297,1308059,0.796452778812876,2010,10,0.796452778812876,0.796452778812876,0.892448187607274,0.892448187607274,0.95672838261296,0.0432716173870401,0.0386176765118994,4.36569674675662,21.3832712427025,23.9602382968951
"2",NA,"Male","15-19",382205,1223624,0.76198897890124,2010,15,0.76198897890124,0.76198897890124,0.853830511095375,0.853830511095375,0.890722102081848,0.109277897918152,0.0933048034308836,4.03589054689967,17.0175744959458,19.9308577929759
"2",NA,"Male","20-24",357251,754712,0.678720425050114,2010,20,0.678720425050114,0.678720425050114,0.760525707664491,0.760525707664491,0.916901841673705,0.0830981583262947,0.0631982856667213,3.64463282415565,12.9816839490462,17.0693558655786
"2",NA,"Male","25-29",642692,1058992,0.62232000771001,2010,25,0.62232000771001,0.62232000771001,0.69732742199777,0.69732742199777,0.89971348971785,0.10028651028215,0.0699325336762044,3.31180577579834,9.33705112489051,13.38976617059
"2",NA,"Male","30-34",808298,1028366,0.559909705858012,2010,30,0.559909705858012,0.559909705858012,0.627394888321566,0.627394888321566,0.947146089718756,0.0528539102812443,0.0331602731382593,3.05407375876218,6.02524534909217,9.60359330502544
"2",NA,"Male","35-39",962404,1086643,0.530316288498995,2010,35,0.530316288498995,0.530316288498995,0.594234615183306,0.594234615183306,0.999999,1e-06,5.94234615183306e-07,2.97117159032999,2.97117159032999,4.9999975
"2",NA,"Total","0-4",236450,1983442,0.893485809219548,2010,0,0.893485809219548,0.893485809219548,1,1,0.925012576553453,0.0749874234465473,0.0749874234465473,4.81253144138363,30.226865355699,30.226865355699
"2",NA,"Total","5-9",415002,1976742,0.82648561050012,2010,5,0.82648561050012,0.82648561050012,0.925012576553453,0.925012576553453,0.957396810090306,0.0426031899096937,0.0394084864677618,4.52654166659786,25.4143339143154,27.4745820310983
"2",NA,"Total","10-14",659467,2500030,0.791274687078355,2010,10,0.791274687078355,0.791274687078355,0.885604090085691,0.885604090085691,0.956529428826742,0.0434705711732585,0.0384977156293988,4.33177616135496,20.8877922477175,23.5859256766717
"2",NA,"Total","15-19",751609,2339874,0.756877524476117,2010,15,0.756877524476117,0.756877524476117,0.847106374456292,0.847106374456292,0.870499686172154,0.129500313827846,0.109700541337659,3.96128051893731,16.5560160863626,19.5441996254472
"2",NA,"Total","20-24",836621,1615818,0.658861647527217,2010,20,0.658861647527217,0.658861647527217,0.737405833118633,0.737405833118633,0.91544826420354,0.0845517357964605,0.0623489431766155,3.53115680765163,12.5947355674253,17.0797883631591
"2",NA,"Total","25-29",1362445,2070736,0.603153751579075,2010,25,0.603153751579075,0.603153751579075,0.675056889942018,0.675056889942018,0.902847571980754,0.0971524280192457,0.0655834159089878,3.21132590993762,9.06357875977365,13.4263924934566
"2",NA,"Total","30-34",1669899,1996630,0.544555900144251,2010,30,0.544555900144251,0.544555900144251,0.60947347403303,0.60947347403303,0.946953021371524,0.0530469786284763,0.0323307263516533,2.96654055428602,5.85225284983603,9.60214529290387
"2",NA,"Total","35-39",1977727,2105692,0.515668854947288,2010,35,0.515668854947288,0.515668854947288,0.577142747681377,0.577142747681377,0.999999,1e-06,5.77142747681377e-07,2.88571229555001,2.88571229555001,4.9999975
"3",NA,"Female","0-4",5700,0,0,2015,0,0,0,NA,NA,0.999999,1e-06,NA,NA,NA,NA
"3",NA,"Female","5-9",10277,0,0,2015,5,0,0,NA,NA,0.999999,1e-06,NA,NA,NA,NA
"3",NA,"Female","10-14",8266,0,0,2015,10,0,0,NA,NA,0.999999,1e-06,NA,NA,NA,NA
"3",NA,"Female","15-19",7148,0,0,2015,15,0,0,NA,NA,0.999999,1e-06,NA,NA,NA,NA
"3",NA,"Female","20-24",21900,0,0,2015,20,0,0,NA,NA,0.999999,1e-06,NA,NA,NA,NA
"3",NA,"Female","25-29",48447,0,0,2015,25,0,0,NA,NA,0.999999,1e-06,NA,NA,NA,NA
"3",NA,"Female","30-34",42953,0,0,2015,30,0,0,NA,NA,0.999999,1e-06,NA,NA,NA,NA
"3",NA,"Female","35-39",34434,0,0,2015,35,0,0,NA,NA,0.999999,1e-06,NA,NA,NA,NA
"3",NA,"Male","0-4",6112,0,0,2015,0,0,0,NA,NA,0.999999,1e-06,NA,NA,NA,NA
"3",NA,"Male","5-9",9770,0,0,2015,5,0,0,NA,NA,0.999999,1e-06,NA,NA,NA,NA
"3",NA,"Male","10-14",10040,0,0,2015,10,0,0,NA,NA,0.999999,1e-06,NA,NA,NA,NA
"3",NA,"Male","15-19",7868,0,0,2015,15,0,0,NA,NA,0.999999,1e-06,NA,NA,NA,NA
"3",NA,"Male","20-24",6978,0,0,2015,20,0,0,NA,NA,0.999999,1e-06,NA,NA,NA,NA
"3",NA,"Male","25-29",13664,0,0,2015,25,0,0,NA,NA,0.999999,1e-06,NA,NA,NA,NA
"3",NA,"Male","30-34",14180,0,0,2015,30,0,0,NA,NA,0.999999,1e-06,NA,NA,NA,NA
"3",NA,"Male","35-39",10671,0,0,2015,35,0,0,NA,NA,0.999999,1e-06,NA,NA,NA,NA
"3",NA,"Total","0-4",11812,0,0,2015,0,0,0,NA,NA,0.999999,1e-06,NA,NA,NA,NA
"3",NA,"Total","5-9",20047,0,0,2015,5,0,0,NA,NA,0.999999,1e-06,NA,NA,NA,NA
"3",NA,"Total","10-14",18306,0,0,2015,10,0,0,NA,NA,0.999999,1e-06,NA,NA,NA,NA
"3",NA,"Total","15-19",15016,0,0,2015,15,0,0,NA,NA,0.999999,1e-06,NA,NA,NA,NA
"3",NA,"Total","20-24",28878,0,0,2015,20,0,0,NA,NA,0.999999,1e-06,NA,NA,NA,NA
"3",NA,"Total","25-29",62111,0,0,2015,25,0,0,NA,NA,0.999999,1e-06,NA,NA,NA,NA
"3",NA,"Total","30-34",57133,0,0,2015,30,0,0,NA,NA,0.999999,1e-06,NA,NA,NA,NA
"3",NA,"Total","35-39",45105,0,0,2015,35,0,0,NA,NA,0.999999,1e-06,NA,NA,NA,NA
"3","Metros","Female","0-4",18412,195758,0.914030910024747,2015,0,0.914030910024747,0.914030910024747,1,1,0.953387737217899,0.0466122627821012,0.0466122627821012,4.88346934304475,31.6953497461114,31.6953497461114
"3","Metros","Female","5-9",27785,188316,0.87142586105571,2015,5,0.87142586105571,0.87142586105571,0.953387737217899,0.953387737217899,0.969048601315846,0.0309513986841539,0.0295086839552145,4.69316697620146,26.8118804030667,28.1227451921157
"3","Metros","Female","10-14",37574,203988,0.844454011806493,2015,10,0.844454011806493,0.844454011806493,0.923879053262684,0.923879053262684,0.962400387044278,0.037599612955722,0.0347374948205758,4.53255152926198,22.1187134268652,23.9411353128452
"3","Metros","Female","15-19",56722,246123,0.812702867803662,2015,15,0.812702867803662,0.812702867803662,0.889141558442109,0.889141558442109,0.88007243877463,0.11992756122537,0.106632578688087,4.17912634549033,17.5861618976032,19.778809943848
"3","Metros","Female","20-24",92160,231478,0.715237394867105,2015,20,0.715237394867105,0.715237394867105,0.782508979754022,0.782508979754022,0.892103559593616,0.107896440406384,0.0844299335014903,3.70147006501638,13.4070355521129,17.1333951417751
"3","Metros","Female","25-29",113563,200204,0.638065825915409,2015,25,0.638065825915409,0.638065825915409,0.698079046252531,0.698079046252531,0.912260134246626,0.0877398657533744,0.0612493618034408,3.33727182675406,9.70556548709654,13.9032471167821
"3","Metros","Female","30-34",160334,222275,0.580945560611486,2015,30,0.580945560611486,0.582082016007775,0.636829684449091,0.636829684449091,0.999999,1e-06,6.36829684449091e-07,3.18414683017124,6.36829366034248,9.999995
"3","Metros","Female","35-39",155725,217912,0.583218471404063,2015,35,0.583218471404063,0.582082016007775,0.636829684449091,0.636829684449091,0.999999,1e-06,6.36829684449091e-07,3.18414683017124,3.18414683017124,4.9999975
"3","Metros","Male","0-4",19621,211675,0.915169306862203,2015,0,0.915169306862203,0.915169306862203,1,1,0.940079457093733,0.0599205429062675,0.0599205429062675,4.85019864273433,31.8876484300519,31.8876484300519
"3","Metros","Male","5-9",32566,200601,0.860331865143867,2015,5,0.860331865143867,0.860331865143867,0.940079457093733,0.940079457093733,0.967490262757732,0.0325097372422684,0.0305617361369715,4.62399294512623,27.0374497873175,28.7608133368898
"3","Metros","Male","10-14",44703,221962,0.832362702266889,2015,10,0.832362702266889,0.832362702266889,0.909517720956761,0.909517720956761,0.989494428263049,0.0105055717369508,0.00955500366353922,4.52370109562496,22.4134568421913,24.6432326998683
"3","Metros","Male","15-19",57223,267204,0.823618256187062,2015,15,0.823618256187062,0.823618256187062,0.899962717293222,0.899962717293222,0.892204165496529,0.107795834503471,0.0970122321326339,4.25728300613452,17.8897557465663,19.8783298494549
"3","Metros","Male","20-24",81004,224482,0.734835638949084,2015,20,0.734835638949084,0.734835638949084,0.802950485160588,0.802950485160588,0.902071319472284,0.0979286805277161,0.0786318815408658,3.81817272195077,13.6324727404318,16.9779743488235
"3","Metros","Male","25-29",114375,224890,0.662874154422059,2015,25,0.662874154422059,0.662874154422059,0.724318603619722,0.724318603619722,0.889247024224456,0.110752975775544,0.080220440760471,3.42104191619743,9.81430001848105,13.5497003244634
"3","Metros","Male","30-34",163934,235378,0.589458869255119,2015,30,0.589458869255119,0.589458869255119,0.644098162859251,0.644098162859251,0.990121188617389,0.00987881138261137,0.00636292426277304,3.20458350363932,6.39325810228362,9.92590643932744
"3","Metros","Male","35-39",159037,222929,0.58363571626794,2015,35,0.58363571626794,0.58363571626794,0.637735238596478,0.637735238596478,0.999999,1e-06,6.37735238596478e-07,3.18867459864429,3.18867459864429,4.9999975
"3","Metros","Total","0-4",38033,407433,0.914621991352875,2015,0,0.914621991352875,0.914621991352875,1,1,0.946476426014289,0.0535235739857107,0.0535235739857107,4.86619106503572,31.7922722767599,31.7922722767599
"3","Metros","Total","5-9",60351,388917,0.865668153529742,2015,5,0.865668153529742,0.865668153529742,0.946476426014289,0.946476426014289,0.968165155299776,0.031834844700224,0.030130930034588,4.65705480498498,26.9260812117242,28.448760551927
"3","Metros","Total","10-14",82277,425950,0.838109742300193,2015,10,0.838109742300193,0.838109742300193,0.916345495979701,0.916345495979701,0.976421462263474,0.023578537736526,0.021606086856653,4.52771226275687,22.2690264067392,24.3019979957783
"3","Metros","Total","15-19",113945,513327,0.818348340114017,2015,15,0.818348340114017,0.818348340114017,0.894739409123048,0.894739409123048,0.885629931780074,0.114370068219926,0.10233140726046,4.21786852746409,17.7413141439823,19.8284706844096
"3","Metros","Total","20-24",173164,455960,0.724753784627514,2015,20,0.724753784627514,0.724753784627514,0.792408001862589,0.792408001862589,0.898173050645433,0.101826949354567,0.0806884894738154,3.7603187856284,13.5234456165182,17.0662658437709
"3","Metros","Total","25-29",227938,425094,0.650954317705717,2015,25,0.650954317705717,0.650954317705717,0.711719512388773,0.711719512388773,0.899130902899355,0.100869097100645,0.0717905046035669,3.37912130043495,9.76312683088981,13.7176607651537
"3","Metros","Total","30-34",324268,457653,0.585293143424975,2015,30,0.585293143424975,0.585293143424975,0.639929007785206,0.639929007785206,0.996815698307557,0.00318430169244277,0.00203772702253366,3.1945507213697,6.38400553045486,9.97611524526743
"3","Metros","Total","35-39",314762,440841,0.583429393477792,2015,35,0.583429393477792,0.583429393477792,0.637891280762673,0.637891280762673,0.999999,1e-06,6.37891280762673e-07,3.18945480908516,3.18945480908516,4.9999975
"3","Provinces","Female","0-4",17852,298127,0.943502574538181,2015,0,0.943502574538181,0.943502574538181,1,1,0.949118152674633,0.0508818473253666,0.0508818473253666,4.87279538168658,28.6636927262307,28.6636927262307
"3","Provinces","Female","5-9",32679,280025,0.895495420589439,2015,5,0.895495420589439,0.895495420589439,0.949118152674633,0.949118152674633,0.96392730835757,0.0360726916424303,0.0342372464536652,4.659997647239,23.7908973445441,25.0663179052059
"3","Provinces","Female","10-14",47745,301249,0.863192490415308,2015,10,0.863192490415308,0.863192490415308,0.914880906220968,0.914880906220968,0.914138473824345,0.0858615261756551,0.0785530708770987,4.37802185391209,19.1308996973051,20.9108087918543
"3","Provinces","Female","15-19",84782,317176,0.789077465804885,2015,15,0.789077465804885,0.789077465804885,0.83632783534387,0.83632783534387,0.802423709930644,0.197576290069356,0.165238550988977,3.7685427992469,14.752877843393,17.6400655579365
"3","Provinces","Female","20-24",147239,254148,0.633174467533826,2015,20,0.633174467533826,0.633174467533826,0.671089284354892,0.671089284354892,0.875025515503624,0.124974484496376,0.0838690373632944,3.14577382836623,10.9843350441461,16.3679189941248
"3","Provinces","Female","25-29",203055,252270,0.554043814857519,2015,25,0.554043814857519,0.554043814857519,0.587220246991598,0.587220246991598,0.907200109897512,0.0927998901024879,0.0544939743867761,2.79986629899105,7.83856121577987,13.3485881250481
"3","Provinces","Female","30-34",323557,326977,0.502628609726778,2015,30,0.502628609726778,0.502628609726778,0.532726272604822,0.532726272604822,0.92777614859714,0.0722238514028601,0.0384755431510102,2.56744250514658,5.03869491678882,9.45831879503818
"3","Provinces","Female","35-39",439086,383676,0.466326835707045,2015,35,0.466326835707045,0.466326835707045,0.494250729453812,0.494250729453812,0.999999,1e-06,4.94250729453812e-07,2.47125241164223,2.47125241164223,4.9999975
"3","Provinces","Male","0-4",18368,313444,0.944643352259713,2015,0,0.944643352259713,0.944643352259713,1,1,0.950814648324918,0.0491853516750815,0.0491853516750815,4.8770366208123,29.7636310362795,29.7636310362795
"3","Provinces","Male","5-9",35265,311084,0.898180736771291,2015,5,0.898180736771291,0.898180736771291,0.950814648324918,0.950814648324918,0.959109578656553,0.0408904213434474,0.0388792115895277,4.65687521265077,24.8865944154672,26.1739703519616
"3","Provinces","Male","10-14",52184,324470,0.861453748002145,2015,10,0.861453748002145,0.861453748002145,0.911935436735391,0.911935436735391,0.93684379407791,0.06315620592209,0.0575943822301115,4.41569122810168,20.2297192028165,22.1832800743397
"3","Provinces","Male","15-19",84364,352863,0.807047597700965,2015,15,0.807047597700965,0.807047597700965,0.854341054505279,0.854341054505279,0.878754956355986,0.121245043644014,0.103584618440366,4.01274372642548,15.8140279747148,18.5102049015684
"3","Provinces","Male","20-24",111805,272665,0.709197076494915,2015,20,0.709197076494915,0.709197076494915,0.750756436064913,0.750756436064913,0.846938677615956,0.153061322384044,0.114911772892427,3.4665027480935,11.8012842482893,15.7191915798227
"3","Provinces","Male","25-29",192500,289529,0.600646434135706,2015,25,0.600646434135706,0.600646434135706,0.635844663172486,0.635844663172486,0.892384765776635,0.107615234223365,0.068426572356984,3.00815688496997,8.3347815001958,13.1082039103862
"3","Provinces","Male","30-34",311272,359584,0.536007727440762,2015,30,0.536007727440762,0.536007727440762,0.567418090815502,0.567418090815502,0.918330652274147,0.081669347725853,0.0463406653647509,2.72123879066563,5.32662461522583,9.38747759622947
"3","Provinces","Male","35-39",426110,413073,0.492232325964658,2015,35,0.492232325964658,0.492232325964658,0.521077425450751,0.521077425450751,0.999999,1e-06,5.21077425450751e-07,2.60538582456019,2.60538582456019,4.9999975
"3","Provinces","Total","0-4",36220,611571,0.944086904572617,2015,0,0.944086904572617,0.944086904572617,1,1,0.95002548783733,0.0499745121626698,0.0499745121626698,4.87506371959333,29.217345269182,29.217345269182
"3","Provinces","Total","5-9",67944,591109,0.896906622077435,2015,5,0.896906622077435,0.896906622077435,0.95002548783733,0.95002548783733,0.961404408878028,0.0385955911219721,0.0366667952840217,4.6584604509766,24.3422815495887,25.6227668217642
"3","Provinces","Total","10-14",99929,625719,0.862289980817145,2015,10,0.862289980817145,0.862289980817145,0.913358692553309,0.913358692553309,0.925953183970992,0.0740468160290084,0.0676313030759905,4.39771520507657,19.6838210986121,21.5510305634533
"3","Provinces","Total","15-19",169146,670039,0.798440153243921,2015,15,0.798440153243921,0.798440153243921,0.845727389477318,0.845727389477318,0.839596439240865,0.160403560759135,0.135657684703689,3.88949273562737,15.2861058935355,18.074507322014
"3","Provinces","Total","20-24",259044,526813,0.670367509610527,2015,20,0.670367509610527,0.670367509610527,0.710069704773629,0.710069704773629,0.86222697297697,0.13777302702303,0.0978284526240124,3.30577739230811,11.3966131579082,16.0499921082275
"3","Provinces","Total","25-29",395555,541799,0.578008948593594,2015,25,0.578008948593594,0.578008948593594,0.612241252149616,0.612241252149616,0.898904494313195,0.101095505686805,0.0618948389883883,2.90646916327711,8.09083576560006,13.2151104441144
"3","Provinces","Total","30-34",634829,686561,0.519574841644026,2015,30,0.519574841644026,0.519574841644026,0.550346413161228,0.550346413161228,0.922692022779905,0.0773079772200952,0.0425461679718293,2.64536664587657,5.18436660232295,9.42018786411923
"3","Provinces","Total","35-39",865196,796749,0.479407561622075,2015,35,0.479407561622075,0.479407561622075,0.507800245189399,0.507800245189399,0.999999,1e-06,5.07800245189399e-07,2.53899995644638,2.53899995644638,4.9999975
"3","Rest Capital","Female","0-4",22235,314642,0.933996681281299,2015,0,0.933996681281299,0.933996681281299,1,1,0.943762415317128,0.0562375846828719,0.0562375846828719,4.85940603829282,34.5415098200889,34.5415098200889
"3","Rest Capital","Female","5-9",39819,296124,0.88147096382422,2015,5,0.88147096382422,0.88147096382422,0.943762415317128,0.943762415317128,0.978242725275107,0.021757274724893,0.0205336981450833,4.66747783122293,29.6821037817961,31.4508220501896
"3","Rest Capital","Female","10-14",44004,275543,0.86229255790228,2015,10,0.86229255790228,0.86229255790228,0.923228717172045,0.923228717172045,0.983008396041108,0.0169916039588923,0.0156871367256636,4.57692574404606,25.0146259505732,27.0947225593197
"3","Rest Capital","Female","15-19",55172,306946,0.847640824261705,2015,15,0.847640824261705,0.847640824261705,0.907541580446381,0.907541580446381,0.913710995870485,0.086289004129515,0.0783108591828444,4.3419307542748,20.4377002065271,22.5198499406216
"3","Rest Capital","Female","20-24",78941,271128,0.774498741676641,2015,20,0.774498741676641,0.774498741676641,0.829230721263537,0.829230721263537,0.966313772115674,0.0336862278843256,0.0279336550451672,4.07631946870477,16.0957694522523,19.410483764671
"3","Rest Capital","Female","25-29",75214,221872,0.746827517957763,2015,25,0.746827517957763,0.748408800568398,0.80129706621837,0.80129706621837,0.999999,1e-06,8.0129706621837e-07,4.00648332784918,12.0194499835475,14.9999925
"3","Rest Capital","Female","30-34",73911,209018,0.738764849131761,2015,30,0.738764849131761,0.748408800568398,0.80129706621837,0.80129706621837,0.999999,1e-06,8.0129706621837e-07,4.00648332784918,8.01296665569837,9.999995
"3","Rest Capital","Female","35-39",58245,184073,0.75963403461567,2015,35,0.75963403461567,0.748408800568398,0.80129706621837,0.80129706621837,0.999999,1e-06,8.0129706621837e-07,4.00648332784918,4.00648332784918,4.9999975
"3","Rest Capital","Male","0-4",24973,339795,0.931537305904027,2015,0,0.931537305904027,0.931537305904027,1,1,0.945325690841157,0.054674309158843,0.054674309158843,4.86331422710289,34.9229442182086,34.9229442182086
"3","Rest Capital","Male","5-9",41758,307992,0.880606147248034,2015,5,0.880606147248034,0.880606147248034,0.945325690841157,0.945325690841157,0.989315615813625,0.0106843841863752,0.0101002228621975,4.70137789705029,30.0596299911057,31.7981731400513
"3","Rest Capital","Male","10-14",45046,304683,0.871197412853953,2015,10,0.871197412853953,0.871197412853953,0.93522546797896,0.93522546797896,0.970147247820994,0.0298527521790056,0.0279190541270704,4.60632970457712,25.3582520940554,27.1145867625431
"3","Rest Capital","Male","15-19",58772,320867,0.845189772389033,2015,15,0.845189772389033,0.845189772389033,0.907306413851889,0.907306413851889,0.915824306065297,0.0841756939347031,0.0763731469973897,4.34559920176597,20.7519223894783,22.8720111228773
"3","Rest Capital","Male","20-24",71260,244113,0.774045336791672,2015,20,0.774045336791672,0.774045336791672,0.830933266854499,0.830933266854499,0.98539776095494,0.0146022390450604,0.0121334861931024,4.12433261878974,16.4063231877123,19.7444534262282
"3","Rest Capital","Male","25-29",76683,239457,0.757439741886506,2015,25,0.757439741886506,0.762742541752126,0.818799780661397,0.818799780661397,0.999999,1e-06,8.18799780661397e-07,4.09399685630753,12.2819905689226,14.9999925
"3","Rest Capital","Male","30-34",68503,220050,0.762598205528967,2015,30,0.762598205528967,0.762742541752126,0.818799780661397,0.818799780661397,0.999999,1e-06,8.18799780661397e-07,4.09399685630753,8.18799371261507,9.999995
"3","Rest Capital","Male","35-39",58183,192811,0.768189677840905,2015,35,0.768189677840905,0.762742541752126,0.818799780661397,0.818799780661397,0.999999,1e-06,8.18799780661397e-07,4.09399685630753,4.09399685630753,4.9999975
"3","Rest Capital","Total","0-4",47208,654437,0.932718112435776,2015,0,0.932718112435776,0.932718112435776,1,1,0.94458318851994,0.0554168114800604,0.0554168114800604,4.86145797129985,34.7368377389619,34.7368377389619
"3","Rest Capital","Total","5-9",81577,604116,0.881029848634885,2015,5,0.881029848634885,0.881029848634885,0.94458318851994,0.94458318851994,0.984014078050725,0.0159859219492747,0.0151000331262768,4.68516585978401,29.8753797676621,31.6281087052519
"3","Rest Capital","Total","10-14",89050,580226,0.866945774239626,2015,10,0.866945774239626,0.866945774239626,0.929483155393663,0.929483155393663,0.976285224977445,0.0237147750225548,0.0220424839174151,4.59230956717478,25.1902139078781,27.1013129842136
"3","Rest Capital","Total","15-19",113944,627813,0.846386350246779,2015,15,0.846386350246779,0.846386350246779,0.907440671476248,0.907440671476248,0.914811373345108,0.0851886266548921,0.0773036245738547,4.3439442959466,20.5979043407033,22.6988992097898
"3","Rest Capital","Total","20-24",150201,515241,0.774283859449809,2015,20,0.774283859449809,0.774283859449809,0.830137046902393,0.830137046902393,0.975991928558945,0.0240080714410547,0.0199299895278988,4.10086026069222,16.2539600447567,19.5798514298421
"3","Rest Capital","Total","25-29",151897,461329,0.752298500063598,2015,25,0.752298500063598,0.755694797236483,0.810207057374494,0.810207057374494,0.999999,1e-06,8.10207057374494e-07,4.05103326135483,12.1530997840645,14.9999925
"3","Rest Capital","Total","30-34",142414,429068,0.750798800312171,2015,30,0.750798800312171,0.755694797236483,0.810207057374494,0.810207057374494,0.999999,1e-06,8.10207057374494e-07,4.05103326135483,8.10206652270966,9.999995
"3","Rest Capital","Total","35-39",116428,376884,0.763987091333679,2015,35,0.763987091333679,0.755694797236483,0.810207057374494,0.810207057374494,0.999999,1e-06,8.10207057374494e-07,4.05103326135483,4.05103326135483,4.9999975
"3","Seoul","Female","0-4",34846,172538,0.831973537013463,2015,0,0.831973537013463,0.831973537013463,1,1,0.859455236632409,0.140544763367591,0.140544763367591,4.64863809158102,29.8039338526674,29.8039338526674
"3","Seoul","Female","5-9",60179,151008,0.715044013125808,2015,5,0.715044013125808,0.715044013125808,0.859455236632409,0.859455236632409,0.936858967671369,0.0631410323286307,0.0542668908812178,4.161608955959,25.1552957610864,29.2688841592867
"3","Seoul","Female","10-14",77600,157477,0.669895395976637,2015,10,0.669895395976637,0.669895395976637,0.805188345751191,0.805188345751191,0.977758639086917,0.0222413609130827,0.0179084846008603,3.9811705172538,20.9936868051274,26.0730137438111
"3","Seoul","Female","15-19",102914,195384,0.654996010700709,2015,15,0.654996010700709,0.654996010700709,0.787279861150331,0.787279861150331,0.922853706584079,0.0771462934159209,0.0607357231687489,3.78455999782978,17.0125162878735,21.6092359621848
"3","Seoul","Female","20-24",135946,207756,0.604465496272934,2015,20,0.604465496272934,0.604465496272934,0.726544137981582,0.726544137981582,0.976743383205987,0.0232566167940135,0.0168969586009745,3.59047829340547,13.2279562900438,18.2066795374503
"3","Seoul","Female","25-29",138348,199422,0.590407673860911,2015,25,0.590407673860911,0.590407673860911,0.709647179380607,0.709647179380607,0.928618500539515,0.0713814994604847,0.0506556797520913,3.42159669752281,9.6374779966383,13.5806613154583
"3","Seoul","Female","30-34",185441,225066,0.548263488807743,2015,30,0.548263488807743,0.548263488807743,0.658991499628516,0.658991499628516,0.924322306720868,0.0756776932791319,0.049870956582442,3.17028010668647,6.21588129911549,9.43241498960074
"3","Seoul","Female","35-39",193914,199239,0.506772172665603,2015,35,0.506772172665603,0.506772172665603,0.609120543046074,0.609120543046074,0.999999,1e-06,6.09120543046074e-07,3.04560119242901,3.04560119242901,4.9999975
"3","Seoul","Male","0-4",35527,180583,0.835606866873352,2015,0,0.835606866873352,0.835606866873352,1,1,0.855704744718735,0.144295255281265,0.144295255281265,4.63926186179684,29.6832947839297,29.6832947839297
"3","Seoul","Male","5-9",64412,161621,0.715032760703083,2015,5,0.715032760703083,0.715032760703083,0.855704744718735,0.855704744718735,0.952497941665025,0.0475020583349754,0.0406477367011446,4.17690438184081,25.0440329221328,29.2671427577098
"3","Seoul","Male","10-14",79922,170670,0.681067232792747,2015,10,0.681067232792747,0.681067232792747,0.81505700801759,0.81505700801759,0.958050691874772,0.0419493081252276,0.034191077568956,3.98980734616556,20.867128540292,25.6020478752103
"3","Seoul","Male","15-19",109076,204809,0.652496933590328,2015,15,0.652496933590328,0.652496933590328,0.780865930448634,0.780865930448634,0.902536643388111,0.0974633566118892,0.0761058146453899,3.7140651156297,16.8773211941265,21.6135965676334
"3","Seoul","Male","20-24",126512,181230,0.588902392263649,2015,20,0.588902392263649,0.588902392263649,0.704760115803244,0.704760115803244,0.982823130825915,0.017176869174085,0.0121055723082653,3.49353664824556,13.1632560784968,18.6776404954387
"3","Seoul","Male","25-29",156658,215263,0.578786892915431,2015,25,0.578786892915431,0.578786892915431,0.692654543494979,0.692654543494979,0.964260467541005,0.0357395324589952,0.0247551495401093,3.40138484362462,9.66971943025121,13.9603782593556
"3","Seoul","Male","30-34",189050,238763,0.558101319969239,2015,30,0.558101319969239,0.558101319969239,0.66789939395487,0.66789939395487,0.918020024417567,0.0819799755824331,0.0547543760079421,3.20261102975449,6.26833458662659,9.38514788808169
"3","Seoul","Male","35-39",202810,213081,0.512348187385637,2015,35,0.512348187385637,0.512348187385637,0.613145017946928,0.613145017946928,0.999999,1e-06,6.13145017946928e-07,3.06572355687209,3.06572355687209,4.9999975
"3","Seoul","Total","0-4",70373,353121,0.833827633921614,2015,0,0.833827633921614,0.833827633921614,1,1,0.857537177691031,0.142462822308969,0.142462822308969,4.64384294422758,29.7453508266116,29.7453508266116
"3","Seoul","Total","5-9",124591,312629,0.715038195873931,2015,5,0.715038195873931,0.715038195873931,0.857537177691031,0.857537177691031,0.944928206550605,0.0550717934493953,0.0472261103249778,4.16962061264271,25.101507882384,29.2716263917225
"3","Seoul","Total","10-14",157522,328147,0.675659760042333,2015,10,0.675659760042333,0.675659760042333,0.810311067366053,0.810311067366053,0.967520482761254,0.032479517238746,0.0263185122812624,3.98575905612711,20.9318872697413,25.8319158070755
"3","Seoul","Total","15-19",211990,400193,0.653714657218511,2015,15,0.653714657218511,0.653714657218511,0.78399255508479,0.78399255508479,0.913416094964143,0.0865839050358572,0.0678811369382806,3.75025993307825,16.9461282136142,21.6151647151566
"3","Seoul","Total","20-24",262458,388986,0.597113489417356,2015,20,0.597113489417356,0.597113489417356,0.71611141814651,0.71611141814651,0.978570560331641,0.0214294396683592,0.0153458664309938,3.54219242465506,13.195868280536,18.4271161528054
"3","Seoul","Total","25-29",295006,414685,0.584317681920723,2015,25,0.584317681920723,0.584317681920723,0.700765551715516,0.700765551715516,0.94688893724963,0.0531110627503697,0.0372184031904602,3.41078175060143,9.6536758558809,13.7758995604851
"3","Seoul","Total","30-34",374491,463829,0.553283948850081,2015,30,0.553283948850081,0.553283948850081,0.663547148525056,0.663547148525056,0.921115708138308,0.0788842918616923,0.0523434469282442,3.18687712530467,6.24289410527947,9.40836550824804
"3","Seoul","Total","35-39",396724,412320,0.509638536346602,2015,35,0.509638536346602,0.509638536346602,0.611203701596812,0.611203701596812,0.999999,1e-06,6.11203701596812e-07,3.0560169799748,3.0560169799748,4.9999975
"3",NA,"Female","0-4",99045,981065,0.90830100637898,2015,0,0.90830100637898,0.90830100637898,1,1,0.927899943849701,0.0721000561502994,0.0721000561502994,4.81974985962425,30.3052946806299,30.3052946806299
"3",NA,"Female","5-9",170739,915473,0.842812452817682,2015,5,0.842812452817682,0.842812452817682,0.927899943849701,0.927899943849701,0.965147304484541,0.034852695515459,0.0323398142118051,4.55865018371899,25.4855448210057,27.4658329165001
"3",NA,"Female","10-14",215189,938257,0.81343816702299,2015,10,0.81343816702299,0.81343816702299,0.895560129637896,0.895560129637896,0.954577554851291,0.0454224451487087,0.0406785308658478,4.37610432102486,20.9268946372867,23.3673808655909
"3",NA,"Female","15-19",306738,1065629,0.776489816499522,2015,15,0.776489816499522,0.776489816499522,0.854881598772048,0.854881598772048,0.862181341322148,0.137818658677852,0.117818635271141,3.97986140568239,16.5507903162618,19.3603305300236
"3",NA,"Female","20-24",476186,964510,0.669475031512547,2015,20,0.669475031512547,0.669475031512547,0.737062963500906,0.737062963500906,0.898621915648325,0.101378084351675,0.0747220312862904,3.49850973928881,12.5709289105795,17.0554342479372
"3",NA,"Female","25-29",578627,873768,0.601604935296527,2015,25,0.601604935296527,0.601604935296527,0.662340932214616,0.662340932214616,0.923702518790842,0.0762974812091576,0.0505349448297006,3.18536729899883,9.07241917129066,13.6975064200788
"3",NA,"Female","30-34",786196,983336,0.555703994050404,2015,30,0.555703994050404,0.555703994050404,0.611805987384916,0.611805987384916,0.949655815992267,0.0503441840077326,0.0308008732059387,2.98202775390973,5.88705187229183,9.62241624580247
"3",NA,"Female","35-39",881404,984900,0.527727529920099,2015,35,0.527727529920099,0.527727529920099,0.581005114178977,0.581005114178977,0.999999,1e-06,5.81005114178977e-07,2.9050241183821,2.9050241183821,4.9999975
"3",NA,"Male","0-4",104601,1045497,0.909050359186782,2015,0,0.909050359186782,0.909050359186782,1,1,0.926533921948746,0.0734660780512539,0.0734660780512539,4.81633480487187,31.0126171143224,31.0126171143224
"3",NA,"Male","5-9",183771,981298,0.842265994546246,2015,5,0.842265994546246,0.842265994546246,0.926533921948746,0.926533921948746,0.967661714005703,0.0323382859942971,0.0299625189513963,4.55776331236524,26.1962823094505,28.2734195574327
"3",NA,"Male","10-14",231895,1021785,0.815028555931338,2015,10,0.815028555931338,0.815028555931338,0.89657140299735,0.89657140299735,0.960851795901204,0.0391482040987964,0.0350991602736845,4.39510911430254,21.6385189970853,24.1347414436207
"3",NA,"Male","15-19",317303,1145743,0.783121651677391,2015,15,0.783121651677391,0.783121651677391,0.861472242723665,0.861472242723665,0.892364701816283,0.107635298183717,0.0927248217225575,4.07554915931193,17.2434098827827,20.0162106538282
"3",NA,"Male","20-24",397559,922490,0.69883011918497,2015,20,0.69883011918497,0.69883011918497,0.768747421001108,0.768747421001108,0.910561188048604,0.089438811951396,0.0687558560250388,3.67184746494294,13.1678607234708,17.1289819825644
"3",NA,"Male","25-29",553880,969139,0.636327583569213,2015,25,0.636327583569213,0.636327583569213,0.699991564976069,0.699991564976069,0.919649630091177,0.0803503699088227,0.0562445811788829,3.35934637193314,9.49601325852785,13.5658966959873
"3",NA,"Male","30-34",746939,1053775,0.58519842684624,2015,30,0.58519842684624,0.58519842684624,0.643746983797186,0.643746983797186,0.937697791244515,0.0623022087554845,0.0401068589702458,3.11846777156032,6.13666688659471,9.53273109008939
"3",NA,"Male","35-39",856811,1041894,0.548739272293484,2015,35,0.548739272293484,0.548739272293484,0.60364012482694,0.60364012482694,0.999999,1e-06,6.0364012482694e-07,3.01819911503439,3.01819911503439,4.9999975
"3",NA,"Total","0-4",203646,2026562,0.908687440812695,2015,0,0.908687440812695,0.908687440812695,1,1,0.92719412118645,0.0728058788135497,0.0728058788135497,4.81798530296613,30.659643440525,30.659643440525
"3",NA,"Total","5-9",354510,1896771,0.842529653117492,2015,5,0.842529653117492,0.842529653117492,0.92719412118645,0.92719412118645,0.966454380308132,0.0335456196918682,0.0311033013698566,4.55821235250761,25.8416581375589,27.870817498812
"3",NA,"Total","10-14",447084,1960042,0.814266473794891,2015,10,0.814266473794891,0.814266473794891,0.896090819816594,0.896090819816594,0.957809028305909,0.0421909716940915,0.0378069424142171,4.38593674304743,21.2834457850513,23.7514382631522
"3",NA,"Total","15-19",624041,2211372,0.779911780047563,2015,15,0.779911780047563,0.779911780047563,0.858283877402377,0.858283877402377,0.876395473409218,0.123604526590782,0.106087772346821,4.02619995614483,16.8975090420039,19.6875526698051
"3",NA,"Total","20-24",873745,1887000,0.68351115369221,2015,20,0.68351115369221,0.68351115369221,0.752196105055555,0.752196105055555,0.906171526224566,0.0938284737754338,0.0705774125171886,3.5845369939848,12.871309085859,17.1116401685015
"3",NA,"Total","25-29",1132507,1842907,0.619378345332784,2015,25,0.619378345332784,0.619378345332784,0.681618692538367,0.681618692538367,0.921214012005047,0.0787859879949532,0.0537020021274634,3.27383845737317,9.28677209187422,13.6245854075539
"3",NA,"Total","30-34",1533135,2037111,0.570580010453061,2015,30,0.570580010453061,0.570580010453061,0.627916690410903,0.627916690410903,0.943467704633245,0.0565322953667554,0.0354975718080247,3.05083952253445,6.01293363450105,9.57600542608007
"3",NA,"Total","35-39",1738215,2026794,0.538323812771762,2015,35,0.538323812771762,0.538323812771762,0.592419118602878,0.592419118602878,0.999999,1e-06,5.92419118602878e-07,2.9620941119666,2.9620941119666,4.9999975
"4",NA,"Female","0-4",6223,0,0,2020,0,0,0,NA,NA,0.999999,1e-06,NA,NA,NA,NA
"4",NA,"Female","5-9",9500,0,0,2020,5,0,0,NA,NA,0.999999,1e-06,NA,NA,NA,NA
"4",NA,"Female","10-14",11397,0,0,2020,10,0,0,NA,NA,0.999999,1e-06,NA,NA,NA,NA
"4",NA,"Female","15-19",10681,0,0,2020,15,0,0,NA,NA,0.999999,1e-06,NA,NA,NA,NA
"4",NA,"Female","20-24",20443,0,0,2020,20,0,0,NA,NA,0.999999,1e-06,NA,NA,NA,NA
"4",NA,"Female","25-29",38417,0,0,2020,25,0,0,NA,NA,0.999999,1e-06,NA,NA,NA,NA
"4",NA,"Female","30-34",62951,0,0,2020,30,0,0,NA,NA,0.999999,1e-06,NA,NA,NA,NA
"4",NA,"Female","35-39",54727,0,0,2020,35,0,0,NA,NA,0.999999,1e-06,NA,NA,NA,NA
"4",NA,"Male","0-4",6463,0,0,2020,0,0,0,NA,NA,0.999999,1e-06,NA,NA,NA,NA
"4",NA,"Male","5-9",8678,0,0,2020,5,0,0,NA,NA,0.999999,1e-06,NA,NA,NA,NA
"4",NA,"Male","10-14",10897,0,0,2020,10,0,0,NA,NA,0.999999,1e-06,NA,NA,NA,NA
"4",NA,"Male","15-19",9687,0,0,2020,15,0,0,NA,NA,0.999999,1e-06,NA,NA,NA,NA
"4",NA,"Male","20-24",9076,0,0,2020,20,0,0,NA,NA,0.999999,1e-06,NA,NA,NA,NA
"4",NA,"Male","25-29",11120,0,0,2020,25,0,0,NA,NA,0.999999,1e-06,NA,NA,NA,NA
"4",NA,"Male","30-34",17860,0,0,2020,30,0,0,NA,NA,0.999999,1e-06,NA,NA,NA,NA
"4",NA,"Male","35-39",17337,0,0,2020,35,0,0,NA,NA,0.999999,1e-06,NA,NA,NA,NA
"4",NA,"Total","0-4",12686,0,0,2020,0,0,0,NA,NA,0.999999,1e-06,NA,NA,NA,NA
"4",NA,"Total","5-9",18178,0,0,2020,5,0,0,NA,NA,0.999999,1e-06,NA,NA,NA,NA
"4",NA,"Total","10-14",22294,0,0,2020,10,0,0,NA,NA,0.999999,1e-06,NA,NA,NA,NA
"4",NA,"Total","15-19",20368,0,0,2020,15,0,0,NA,NA,0.999999,1e-06,NA,NA,NA,NA
"4",NA,"Total","20-24",29519,0,0,2020,20,0,0,NA,NA,0.999999,1e-06,NA,NA,NA,NA
"4",NA,"Total","25-29",49537,0,0,2020,25,0,0,NA,NA,0.999999,1e-06,NA,NA,NA,NA
"4",NA,"Total","30-34",80811,0,0,2020,30,0,0,NA,NA,0.999999,1e-06,NA,NA,NA,NA
"4",NA,"Total","35-39",72064,0,0,2020,35,0,0,NA,NA,0.999999,1e-06,NA,NA,NA,NA
"4","Metros","Female","0-4",14322,150559,0.91313735360654,2020,0,0.91313735360654,0.91313735360654,1,1,0.961080544975344,0.0389194550246557,0.0389194550246557,4.90270136243836,31.7222023493164,31.7222023493164
"4","Metros","Female","5-9",27332,195966,0.877598545441518,2020,5,0.877598545441518,0.877598545441518,0.961080544975344,0.961080544975344,0.973724128898236,0.0262758711017642,0.0252532285181855,4.74226965358126,26.819500986878,27.9055705862468
"4","Metros","Female","10-14",30971,181945,0.854538879182401,2020,10,0.854538879182401,0.854538879182401,0.935827316457159,0.935827316457159,0.956829383049459,0.0431706169505415,0.0404002426106252,4.57813597575923,22.0772313332968,23.591137964295
"4","Metros","Female","15-19",40395,181127,0.817647908559872,2020,15,0.817647908559872,0.817647908559872,0.895427073846534,0.895427073846534,0.884286754043231,0.115713245956769,0.103612773232354,4.21810343615178,17.4990953575375,19.5427364982005
"4","Metros","Female","20-24",88064,229897,0.723035215010646,2020,20,0.723035215010646,0.723035215010646,0.79181430061418,0.79181430061418,0.878137383675945,0.121862616324055,0.0964925623156457,3.71784009728179,13.2809919213857,16.7728619085109
"4","Metros","Female","25-29",129768,225687,0.634924252015023,2020,25,0.634924252015023,0.634924252015023,0.695321738298534,0.695321738298534,0.909569179851825,0.0904308201481753,0.0628785150611913,3.31941240383969,9.56315182410395,13.7535637063573
"4","Metros","Female","30-34",132955,181737,0.577507531173338,2020,30,0.577507531173338,0.577507531173338,0.632443223237343,0.632443223237343,0.98298845810798,0.0170115418920197,0.010758834386426,3.13531903022065,6.24373942026426,9.87241097833871
"4","Metros","Female","35-39",164551,216075,0.567683237613826,2020,35,0.567683237613826,0.567683237613826,0.621684388850917,0.621684388850917,0.999999,1e-06,6.21684388850917e-07,3.10842039004361,3.10842039004361,4.9999975
"4","Metros","Male","0-4",12951,162464,0.926169369780235,2020,0,0.926169369780235,0.926169369780235,1,1,0.945547341068744,0.0544526589312561,0.0544526589312561,4.86386835267186,31.2789214498417,31.2789214498417
"4","Metros","Male","5-9",28748,202600,0.875736984975016,2020,5,0.875736984975016,0.875736984975016,0.945547341068744,0.945547341068744,0.963588928605133,0.0364110713948665,0.0344283917428803,4.64166572598652,26.4150530971699,27.9362565467247
"4","Metros","Male","10-14",37546,202903,0.843850463091965,2020,10,0.843850463091965,0.843850463091965,0.911118949325864,0.911118949325864,0.985007104165522,0.0149928958344784,0.0136603115000621,4.52144396787916,21.7733873711834,23.897414697931
"4","Metros","Male","15-19",41687,205272,0.831198700998951,2020,15,0.831198700998951,0.831198700998951,0.897458637825802,0.897458637825802,0.864289243630471,0.135710756369529,0.121794790549707,4.18280621275474,17.2519434033042,19.2231069780542
"4","Metros","Male","20-24",82878,211429,0.718396096593013,2020,20,0.718396096593013,0.718396096593013,0.775663847276095,0.775663847276095,0.884996926620745,0.115003073379255,0.0892037263459283,3.65530992051565,13.0691371905494,16.8489703838131
"4","Metros","Male","25-29",147764,257934,0.635778337581156,2020,25,0.635778337581156,0.635778337581156,0.686460120930166,0.686460120930166,0.904991898410486,0.0950081015895136,0.065219272906483,3.26925242238462,9.4138272700338,13.713582163051
"4","Metros","Male","30-34",149543,202633,0.575374244695834,2020,30,0.575374244695834,0.575374244695834,0.621240848023683,0.621240848023683,0.985441587899007,0.0145584121009931,0.00904428027949919,3.08359353941967,6.14457484764917,9.89080944563858
"4","Metros","Male","35-39",171827,225000,0.566997709329254,2020,35,0.566997709329254,0.566997709329254,0.612196567744184,0.612196567744184,0.999999,1e-06,6.12196567744184e-07,3.0609813082295,3.0609813082295,4.9999975
"4","Metros","Total","0-4",27273,313023,0.919855067353128,2020,0,0.919855067353128,0.919855067353128,1,1,0.953031967588514,0.0469680324114861,0.0469680324114861,4.88257991897128,31.4930347387135,31.4930347387135
"4","Metros","Total","5-9",56080,398566,0.876651284735816,2020,5,0.876651284735816,0.876651284735816,0.953031967588514,0.953031967588514,0.968309897528137,0.0316901024718629,0.0302016807118411,4.68965563616297,26.6104548197422,27.9218911062086
"4","Metros","Total","10-14",68517,384848,0.848870115690448,2020,10,0.848870115690448,0.848870115690448,0.922830286876673,0.922830286876673,0.971634142362155,0.0283658576378447,0.0261768725414351,4.54870925302978,21.9207991835792,23.753879229268
"4","Metros","Total","15-19",82082,386399,0.824791186835752,2020,15,0.824791186835752,0.824791186835752,0.896653414335238,0.896653414335238,0.873924551796588,0.126075448203412,0.113045981095435,4.2006521189376,17.3720899305495,19.3743643338812
"4","Metros","Total","20-24",170942,441326,0.72080526828121,2020,20,0.72080526828121,0.72080526828121,0.783607433239803,0.783607433239803,0.881485626498275,0.118514373501725,0.0928687440217097,3.68586530614474,13.1714378116119,16.8087198422237
"4","Metros","Total","25-29",277532,483621,0.63537948349412,2020,25,0.63537948349412,0.63537948349412,0.690738689218093,0.690738689218093,0.90714438840325,0.0928556115967497,0.0641389634408832,3.29334603748826,9.48557250546712,13.7325050030203
"4","Metros","Total","30-34",282498,384370,0.576380932958247,2020,30,0.576380932958247,0.576380932958247,0.62659972577721,0.62659972577721,0.984302738553512,0.0156972614464875,0.00983589971782225,3.10840887959149,6.19222646797886,9.8822680783945
"4","Metros","Total","35-39",336378,441075,0.567333330760831,2020,35,0.567333330760831,0.567333330760831,0.616763826059387,0.616763826059387,0.999999,1e-06,6.16763826059387e-07,3.08381758838737,3.08381758838737,4.9999975
"4","Provinces","Female","0-4",12610,218701,0.945484650535426,2020,0,0.945484650535426,0.945484650535426,1,1,0.959179306005568,0.0408206939944324,0.0408206939944324,4.89794826501392,29.5526116709181,29.5526116709181
"4","Provinces","Female","5-9",28778,280295,0.906889310939487,2020,5,0.906889310939487,0.906889310939487,0.959179306005568,0.959179306005568,0.972544735211025,0.0274552647889748,0.0263345218264879,4.73006022546162,24.6546634059042,25.7039150569009
"4","Provinces","Female","10-14",37072,277072,0.881990424773352,2020,10,0.881990424773352,0.881990424773352,0.93284478417908,0.93284478417908,0.94200384093855,0.0579961590614503,0.0541014144828942,4.52897038468816,19.9246031804426,21.3589693787875
"4","Provinces","Female","15-19",51269,251808,0.830838367807521,2020,15,0.830838367807521,0.830838367807521,0.878743369696185,0.878743369696185,0.795572268835584,0.204427731164416,0.179639513342765,3.94461806512401,15.3956327957544,17.5200557144201
"4","Provinces","Female","20-24",149490,291473,0.660991965312282,2020,20,0.660991965312282,0.660991965312282,0.69910385635342,0.69910385635342,0.860143312731817,0.139856687268183,0.0977743494060007,3.2510834082521,11.4510147306304,16.37956167251
"4","Provinces","Female","25-29",195900,258148,0.568547818732821,2020,25,0.568547818732821,0.568547818732821,0.60132950694742,0.60132950694742,0.919557436764229,0.0804425632357708,0.0483724868881527,2.88571631751672,8.19993132237833,13.6363361977767
"4","Provinces","Female","30-34",216898,237636,0.522812374871847,2020,30,0.522812374871847,0.522812374871847,0.552957020059267,0.552957020059267,0.948072182270742,0.0519278177292584,0.0287138513497515,2.69300047192196,5.31421500486161,9.61053899685011
"4","Provinces","Female","35-39",328111,322469,0.495663869162901,2020,35,0.495663869162901,0.495663869162901,0.524243168709515,0.524243168709515,0.999999,1e-06,5.24243168709515e-07,2.62121453293966,2.62121453293966,4.9999975
"4","Provinces","Male","0-4",11792,237428,0.952684375250782,2020,0,0.952684375250782,0.952684375250782,1,1,0.956107777423013,0.0438922225769866,0.0438922225769866,4.89026944355753,30.4687060835215,30.4687060835215
"4","Provinces","Male","5-9",30401,310681,0.910868940606658,2020,5,0.910868940606658,0.910868940606658,0.956107777423013,0.956107777423013,0.971745858974101,0.0282541410258992,0.0270140039792688,4.7130038771669,25.578436639964,26.7526708222218
"4","Provinces","Male","10-14",38536,296948,0.885133121102646,2020,10,0.885133121102646,0.885133121102646,0.929093773443745,0.929093773443745,0.954121261792237,0.0458787382077629,0.0426256500022881,4.538904742213,20.8654327627971,22.4578329542109
"4","Provinces","Male","15-19",50818,276037,0.844524330360557,2020,15,0.844524330360557,0.844524330360557,0.886468123441456,0.886468123441456,0.849274767907877,0.150725232092123,0.133613113647982,4.09830783308733,16.3265280205841,18.4175015309079
"4","Provinces","Male","20-24",116177,294681,0.717233204659517,2020,20,0.717233204659517,0.717233204659517,0.752855009793474,0.752855009793474,0.864410717818506,0.135589282181494,0.102079070364639,3.50907737305577,12.2282201874968,16.2424637259853
"4","Provinces","Male","25-29",194651,317567,0.619984069283001,2020,25,0.619984069283001,0.619984069283001,0.650775939428835,0.650775939428835,0.901658593089656,0.0983414069103437,0.0639982214668322,3.09388414347709,8.71914281444101,13.3980718803057
"4","Provinces","Male","30-34",220467,279474,0.55901396364771,2020,30,0.55901396364771,0.55901396364771,0.586777717962003,0.586777717962003,0.944892903478983,0.0551070965210172,0.0323356163401143,2.85304954895973,5.62525867096392,9.58669441386011
"4","Provinces","Male","35-39",326728,365798,0.52820832719638,2020,35,0.52820832719638,0.52820832719638,0.554442101621888,0.554442101621888,0.999999,1e-06,5.54442101621888e-07,2.77220912200419,2.77220912200419,4.9999975
"4","Provinces","Total","0-4",24402,456129,0.949218676838747,2020,0,0.949218676838747,0.949218676838747,1,1,0.957605567882159,0.0423944321178412,0.0423944321178412,4.8940139197054,30.0221276996109,30.0221276996109
"4","Provinces","Total","5-9",59179,590976,0.90897709007852,2020,5,0.90897709007852,0.90897709007852,0.957605567882159,0.957605567882159,0.972096437515369,0.0279035624846314,0.0267206067990308,4.72122632241322,25.1281137799055,26.2405677480331
"4","Provinces","Total","10-14",75608,574020,0.883613391048415,2020,10,0.883613391048415,0.883613391048415,0.930884961083128,0.930884961083128,0.94831026681786,0.05168973318214,0.0481171952616537,4.53413181726151,20.4068874574923,21.9220293705765
"4","Provinces","Total","15-19",102087,527845,0.837939650628957,2020,15,0.837939650628957,0.837939650628957,0.882767765821474,0.882767765821474,0.821203230371559,0.178796769628441,0.157836024860996,4.01924876695488,15.8727556402307,17.9806697240016
"4","Provinces","Total","20-24",265667,586154,0.688118747952915,2020,20,0.688118747952915,0.688118747952915,0.724931740960479,0.724931740960479,0.865859559652196,0.134140440347804,0.0972426629545387,3.38155204741605,11.8535068732759,16.3512041251924
"4","Provinces","Total","25-29",390551,575715,0.595814196090931,2020,25,0.595814196090931,0.595814196090931,0.62768907800594,0.62768907800594,0.90930071382986,0.0906992861701396,0.0569309513119318,2.99611801174987,8.47195482585982,13.497056301782
"4","Provinces","Total","30-34",437365,517110,0.541774273815448,2020,30,0.541774273815448,0.541774273815448,0.570758126694008,0.570758126694008,0.945863091598342,0.0541369084016576,0.0308990804243352,2.7765429324092,5.47583681410995,9.59397082232984
"4","Provinces","Total","35-39",654839,688267,0.512444289579527,2020,35,0.512444289579527,0.512444289579527,0.539859046269673,0.539859046269673,0.999999,1e-06,5.39859046269673e-07,2.69929388170075,2.69929388170075,4.9999975
"4","Rest Capital","Female","0-4",13687,255136,0.949085457717532,2020,0,0.949085457717532,0.949085457717532,1,1,0.947967533577159,0.052032466422841,0.052032466422841,4.8699188339429,34.3155207012569,34.3155207012569
"4","Rest Capital","Female","5-9",33747,302721,0.899702200506437,2020,5,0.899702200506437,0.899702200506437,0.947967533577159,0.947967533577159,0.975709034992897,0.0242909650071031,0.0230270461859927,4.68227005242081,29.445601867314,31.0618252464838
"4","Rest Capital","Female","10-14",40141,288473,0.877847565837122,2020,10,0.877847565837122,0.877847565837122,0.924940487391166,0.924940487391166,0.983020301652819,0.0169796983471814,0.0157052104649969,4.58543941079334,24.7633318148931,26.7728920427509
"4","Rest Capital","Female","15-19",42697,268828,0.8629419789744,2020,15,0.8629419789744,0.8629419789744,0.909235276926169,0.909235276926169,0.917102671688908,0.0828973283110924,0.0753731752633757,4.35774344647241,20.1778924040998,22.1921574274095
"4","Rest Capital","Female","20-24",80111,303942,0.791406394429935,2020,20,0.791406394429935,0.791406394429935,0.833862101662794,0.833862101662794,0.946822204583757,0.0531777954162426,0.0443429482475821,4.05845313769501,15.8201489576274,18.9721405087012
"4","Rest Capital","Female","25-29",98410,294164,0.749321147095834,2020,25,0.749321147095834,0.749321147095834,0.789519153415212,0.789519153415212,0.991783599849676,0.00821640015032377,0.00648700529080424,3.93137825384905,11.7616958199324,14.897290039203
"4","Rest Capital","Female","30-34",81128,224552,0.734598272703481,2020,30,0.734598272703481,0.743164424710195,0.783032148124407,0.783032148124407,0.999999,1e-06,7.83032148124407e-07,3.91515878304167,7.83031756608333,9.999995
"4","Rest Capital","Female","35-39",69937,211761,0.75173057671691,2020,35,0.75173057671691,0.743164424710195,0.783032148124407,0.783032148124407,0.999999,1e-06,7.83032148124407e-07,3.91515878304167,3.91515878304167,4.9999975
"4","Rest Capital","Male","0-4",14717,262860,0.946980477489129,2020,0,0.946980477489129,0.946980477489129,1,1,0.942802243614802,0.0571977563851978,0.0571977563851978,4.85700560903701,34.7970995915763,34.7970995915763
"4","Rest Capital","Male","5-9",39082,325541,0.892815318836168,2020,5,0.892815318836168,0.892815318836168,0.942802243614802,0.942802243614802,0.987930104184498,0.0120698958155019,0.0113795248550521,4.68556240593638,29.9400939825393,31.7564942015262
"4","Rest Capital","Male","10-14",42366,316787,0.882039130955331,2020,10,0.882039130955331,0.882039130955331,0.93142271875975,0.93142271875975,0.98261275369404,0.0173872463059599,0.0161948762260426,4.61662640323364,25.2545315766029,27.1139312666015
"4","Rest Capital","Male","15-19",43166,280667,0.866702899333916,2020,15,0.866702899333916,0.866702899333916,0.915227842533708,0.915227842533708,0.922818529392643,0.0771814706073566,0.0706386308275497,4.39954263559966,20.6379051733693,22.5494726168246
"4","Rest Capital","Male","20-24",67464,269535,0.799809494983665,2020,20,0.799809494983665,0.799809494983665,0.844589211706158,0.844589211706158,0.981363771163532,0.018636228836468,0.0157399578221681,4.18359616397537,16.2383625377696,19.2263437807434
"4","Rest Capital","Male","25-29",91419,333596,0.784904062209569,2020,25,0.784904062209569,0.784904062209569,0.82884925388399,0.82884925388399,0.963518727716961,0.0364812722830394,0.0302374753125359,4.06865258113861,12.0547663737943,14.5439792788684
"4","Rest Capital","Male","30-34",83314,237037,0.739929015361276,2020,30,0.739929015361276,0.756269763400038,0.798611778571454,0.798611778571454,0.999999,1e-06,7.98611778571454e-07,3.99305689632782,7.98611379265565,9.999995
"4","Rest Capital","Male","35-39",67896,230693,0.7726105114388,2020,35,0.7726105114388,0.756269763400038,0.798611778571454,0.798611778571454,0.999999,1e-06,7.98611778571454e-07,3.99305689632782,3.99305689632782,4.9999975
"4","Rest Capital","Total","0-4",28404,517996,0.948016105417277,2020,0,0.948016105417277,0.948016105417277,1,1,0.945258703905329,0.0547412960946712,0.0547412960946712,4.86314675976332,34.5612590274869,34.5612590274869
"4","Rest Capital","Total","5-9",72829,628262,0.896120475088113,2020,5,0.896120475088113,0.896120475088113,0.945258703905329,0.945258703905329,0.982051445250408,0.0179485547495919,0.0169660275995731,4.68387845052771,29.6981122677236,31.4179728205899
"4","Rest Capital","Total","10-14",82507,605260,0.880036407678763,2020,10,0.880036407678763,0.880036407678763,0.928292676305756,0.928292676305756,0.982753508176658,0.0172464918233421,0.0160097920515756,4.60143890139984,25.0142338171959,26.946494845508
"4","Rest Capital","Total","15-19",85863,549495,0.864858866969488,2020,15,0.864858866969488,0.864858866969488,0.91228288425418,0.91228288425418,0.91961104026491,0.0803889597350902,0.0733374720493212,4.3780707411476,20.4127949157961,22.3755101275238
"4","Rest Capital","Total","20-24",147575,573477,0.795333762336142,2020,20,0.795333762336142,0.795333762336142,0.838945412204859,0.838945412204859,0.965404193533216,0.0345958064667843,0.0290239931168359,4.1221670782322,16.0347241746485,19.1129529304024
"4","Rest Capital","Total","25-29",189829,627760,0.767818549417862,2020,25,0.767818549417862,0.767818549417862,0.809921419088023,0.809921419088023,0.976663391856745,0.0233366081432549,0.0189008187840861,4.0023550484799,11.9125570964163,14.7082875148924
"4","Rest Capital","Total","30-34",164442,461589,0.737326106854133,2020,30,0.737326106854133,0.749900268804975,0.791020600303937,0.791020600303937,0.999999,1e-06,7.91020600303937e-07,3.95510102396818,7.91020204793637,9.999995
"4","Rest Capital","Total","35-39",137833,442454,0.762474430755816,2020,35,0.762474430755816,0.749900268804975,0.791020600303937,0.791020600303937,0.999999,1e-06,7.91020600303937e-07,3.95510102396818,3.95510102396818,4.9999975
"4","Seoul","Female","0-4",23782,119770,0.834331810075791,2020,0,0.834331810075791,0.834331810075791,1,1,0.84973075201074,0.15026924798926,0.15026924798926,4.62432688002685,29.8451343536627,29.8451343536627
"4","Seoul","Female","5-9",57985,141247,0.708957396402184,2020,5,0.708957396402184,0.708957396402184,0.84973075201074,0.84973075201074,0.978588024441612,0.0214119755583883,0.0181944140932648,4.20316772482054,25.2208074736359,29.680940008297
"4","Seoul","Female","10-14",62723,142105,0.693777217958482,2020,10,0.693777217958482,0.693777217958482,0.831536337917475,0.831536337917475,0.961167700101196,0.0388322998988044,0.032290468450765,4.07695551846046,21.0176397488153,25.2756720186787
"4","Seoul","Female","15-19",72689,145489,0.66683625296776,2020,15,0.66683625296776,0.66683625296776,0.799245869466711,0.799245869466711,0.966489586401269,0.0335104135987314,0.0267830596529072,3.92927169820128,16.9406842303549,21.1958358216582
"4","Seoul","Female","20-24",109759,198978,0.644490294328182,2020,20,0.644490294328182,0.644490294328182,0.772462809813803,0.772462809813803,0.92718402519138,0.0728159748086198,0.0562476324999976,3.72169496781902,13.0114125321536,16.8440633864171
"4","Seoul","Female","25-29",151379,224775,0.597561105291981,2020,25,0.597561105291981,0.597561105291981,0.716215177313806,0.716215177313806,0.885100051918421,0.114899948081579,0.0822930866885955,3.37534316984754,9.28971756433455,12.970567866456
"4","Seoul","Female","30-34",162448,182380,0.528901365318362,2020,30,0.528901365318362,0.528901365318362,0.63392209062521,0.63392209062521,0.910642001626018,0.0893579983739824,0.0566460091433191,3.02799543026775,5.91437439448701,9.32981273559013
"4","Seoul","Female","35-39",206396,191775,0.481639797976246,2020,35,0.481639797976246,0.481639797976246,0.577276081481891,0.577276081481891,0.999999,1e-06,5.77276081481891e-07,2.88637896421925,2.88637896421925,4.9999975
"4","Seoul","Male","0-4",28420,130697,0.821389292156086,2020,0,0.821389292156086,0.821389292156086,1,1,0.883116478737671,0.116883521262329,0.116883521262329,4.70779119684418,30.1557757229607,30.1557757229607
"4","Seoul","Male","5-9",58005,153216,0.725382419361711,2020,5,0.725382419361711,0.725382419361711,0.883116478737671,0.883116478737671,0.942814129866368,0.0571858701336319,0.0505017842659627,4.28932793302345,25.4479845261165,28.8161133200593
"4","Seoul","Male","10-14",72008,152727,0.679587069214853,2020,10,0.679587069214853,0.683900794530873,0.832614694471708,0.832614694471708,0.999999,1e-06,8.32614694471708e-07,4.16307139082181,21.1586565930931,25.4123026335947
"4","Seoul","Male","15-19",73717,162718,0.688214519846892,2020,15,0.688214519846892,0.683900794530873,0.832614694471708,0.832614694471708,0.90819491154059,0.0918050884594105,0.0764382656785802,3.97197780816209,16.9955852022712,20.4123051335947
"4","Seoul","Male","20-24",101188,165880,0.621115221591505,2020,20,0.621115221591505,0.621115221591505,0.756176428793128,0.756176428793128,0.918376431409834,0.0816235685901662,0.0617218186018628,3.62657759746098,13.0236073941092,17.2229745575316
"4","Seoul","Male","25-29",175853,233505,0.570417580699534,2020,25,0.570417580699534,0.570417580699534,0.694454610191265,0.694454610191265,0.92390306408336,0.07609693591664,0.0528458679687399,3.34015838103448,9.39702979664817,13.5315248235735
"4","Seoul","Male","30-34",174570,194508,0.527010550615317,2020,30,0.527010550615317,0.527010550615317,0.641608742222526,0.641608742222526,0.92535128265583,0.0746487173441696,0.0478952696437175,3.08830553700333,6.05687141561369,9.44013230654052
"4","Seoul","Male","35-39",221426,210768,0.487669888985039,2020,35,0.487669888985039,0.487669888985039,0.593713472578808,0.593713472578808,0.999999,1e-06,5.93713472578808e-07,2.96856587861036,2.96856587861036,4.9999975
"4","Seoul","Total","0-4",52202,250467,0.827527761349857,2020,0,0.827527761349857,0.827527761349857,1,1,0.866931385512246,0.133068614487754,0.133068614487754,4.66732846378061,30.014926824201,30.014926824201
"4","Seoul","Total","5-9",115990,294463,0.717409788696879,2020,5,0.717409788696879,0.717409788696879,0.866931385512246,0.866931385512246,0.956710308810535,0.0432896911894655,0.0375291919612805,4.24083394765803,25.3475983604204,29.238298190627
"4","Seoul","Total","10-14",134731,294832,0.686353340487891,2020,10,0.686353340487891,0.686353340487891,0.829402193550965,0.829402193550965,0.987763322396314,0.0122366776036864,0.0101491272462735,4.12163814963914,21.1067644127624,25.4481656509695
"4","Seoul","Total","15-19",146406,308207,0.677954655938128,2020,15,0.677954655938128,0.677954655938128,0.819253066304692,0.819253066304692,0.934647381888981,0.0653526181110186,0.0535403327784915,3.96241449957723,16.9851262631233,20.7324536967998
"4","Seoul","Total","20-24",210947,364858,0.633648544212016,2020,20,0.633648544212016,0.633648544212016,0.7657127335262,0.7657127335262,0.920724371400392,0.0792756285996077,0.0607023582770134,3.67680777193847,13.022711763546,17.0073073012314
"4","Seoul","Total","25-29",327232,458280,0.583415657558382,2020,25,0.583415657558382,0.583415657558382,0.705010375249187,0.705010375249187,0.904884600672221,0.0951153993277787,0.0670573433720535,3.3574085178158,9.34590399160756,13.2564063164379
"4","Seoul","Total","30-34",337018,376888,0.527923844315638,2020,30,0.527923844315638,0.527923844315638,0.637953031877133,0.637953031877133,0.918273318796764,0.0817266812032356,0.05213778405886,3.05942069923852,5.98849547379176,9.38704759529244
"4","Seoul","Total","35-39",427822,402543,0.484778380591668,2020,35,0.484778380591668,0.484778380591668,0.585815247818273,0.585815247818273,0.999999,1e-06,5.85815247818273e-07,2.92907477455325,2.92907477455325,4.9999975
"4",NA,"Female","0-4",70624,744166,0.913322451183741,2020,0,0.913322451183741,0.913322451183741,1,1,0.935030735665509,0.0649692643344907,0.0649692643344907,4.83757683916377,30.7106928550989,30.7106928550989
"4",NA,"Female","5-9",157342,920229,0.853984563430159,2020,5,0.853984563430159,0.853984563430159,0.935030735665509,0.935030735665509,0.971825850397486,0.028174149602514,0.0263436958295887,4.60929443875357,25.8731160159351,27.6708722280877
"4",NA,"Female","10-14",182304,889595,0.82992427458184,2020,10,0.82992427458184,0.82992427458184,0.908687039835921,0.908687039835921,0.958586834238761,0.041413165761239,0.0376316070058146,4.44935618166507,21.2638215771816,23.4005995958973
"4",NA,"Female","15-19",217731,847252,0.795554483029307,2020,15,0.795554483029307,0.795554483029307,0.871055432830106,0.871055432830106,0.874578661713034,0.125421338286966,0.109248938107684,4.08215481888132,16.8144653955165,19.3035537828923
"4",NA,"Female","20-24",447867,1024290,0.695774975087576,2020,20,0.695774975087576,0.695774975087576,0.761806494722422,0.761806494722422,0.891494752645251,0.108505247354749,0.0826600021463106,3.60238246824633,12.7323105766352,16.7133132427211
"4",NA,"Female","25-29",613874,1002774,0.620279739312454,2020,25,0.620279739312454,0.620279739312454,0.679146492576111,0.679146492576111,0.898470642427789,0.101529357572211,0.0689533070886733,3.22334919515887,9.12992810838884,13.4432382529984
"4",NA,"Female","30-34",656380,826305,0.557303135865002,2020,30,0.557303135865002,0.557303135865002,0.610193185487438,0.610193185487438,0.957313741303627,0.0426862586963734,0.026046864170481,2.98584876701099,5.90657891322997,9.67985066649285
"4",NA,"Female","35-39",823722,942080,0.533513950035168,2020,35,0.533513950035168,0.533513950035168,0.584146321316957,0.584146321316957,0.999999,1e-06,5.84146321316957e-07,2.92073014621898,2.92073014621898,4.9999975
"4",NA,"Male","0-4",74343,793449,0.914330853476409,2020,0,0.914330853476409,0.914330853476409,1,1,0.937798625672209,0.0622013743277912,0.0622013743277912,4.84449656418052,31.3989589844863,31.3989589844863
"4",NA,"Male","5-9",164914,992038,0.857458217799874,2020,5,0.857458217799874,0.857458217799874,0.937798625672209,0.937798625672209,0.96565517508581,0.0343448249141904,0.0322085296034804,4.60847180435234,26.5544624203058,28.3157403875184
"4",NA,"Male","10-14",201353,969365,0.828008965438304,2020,10,0.828008965438304,0.828008965438304,0.905590096068728,0.905590096068728,0.976393048830861,0.0236069511691391,0.0213782211771505,4.47450492740077,21.9459906159535,24.2339119113864
"4",NA,"Male","15-19",219075,924694,0.808462198223592,2020,15,0.808462198223592,0.808462198223592,0.884211874891578,0.884211874891578,0.883395638021555,0.116604361978445,0.103102961525497,4.16330197064415,17.4714856885527,19.7593882017193
"4",NA,"Male","20-24",376783,941525,0.714191979416039,2020,20,0.714191979416039,0.714191979416039,0.781108913366081,0.781108913366081,0.907249961174184,0.0927500388258162,0.0724478820418951,3.72442486172567,13.3081837179086,17.0375519856236
"4",NA,"Male","25-29",620807,1142602,0.647950645596115,2020,25,0.647950645596115,0.647950645596115,0.708661031324186,0.708661031324186,0.904231602635327,0.0957683973646729,0.0678673312447136,3.37363682850915,9.58375885618289,13.523755974383
"4",NA,"Male","30-34",645754,913652,0.58589745069597,2020,30,0.58589745069597,0.58589745069597,0.640793700079472,0.640793700079472,0.958839912221357,0.0411600877786429,0.0263751249432724,3.13803068803918,6.21012202767374,9.6912969445604
"4",NA,"Male","35-39",805214,1032259,0.561781860196041,2020,35,0.561781860196041,0.561781860196041,0.6144185751362,0.6144185751362,0.999999,1e-06,6.144185751362e-07,3.07209133963456,3.07209133963456,4.9999975
"4",NA,"Total","0-4",144967,1537615,0.913842534866057,2020,0,0.913842534866057,0.913842534866057,1,1,0.936466687001274,0.0635333129987257,0.0635333129987257,4.84116671750319,31.0606748970519,31.0606748970519
"4",NA,"Total","5-9",322256,1912267,0.855783091066863,2020,5,0.855783091066863,0.855783091066863,0.936466687001274,0.936466687001274,0.968615097018413,0.0313849029815872,0.0293909161170234,4.60885614471381,26.2195081795487,27.9983351714389
"4",NA,"Total","10-14",383657,1858960,0.828924421780447,2020,10,0.828924421780447,0.828924421780447,0.907075770884251,0.907075770884251,0.967806627613457,0.0321933723865433,0.0292018280748875,4.46237428423404,21.6106520348349,23.8245279264465
"4",NA,"Total","15-19",436806,1771946,0.802238549189769,2020,15,0.802238549189769,0.802238549189769,0.877873942809363,0.877873942809363,0.878137529100411,0.121862470899589,0.106979887809114,4.12191999452403,17.1482777506008,19.5338725919157
"4",NA,"Total","20-24",824650,1965815,0.704475777334602,2020,20,0.704475777334602,0.704475777334602,0.77089405500025,0.77089405500025,0.900976220688742,0.0990237793112577,0.0763368427747053,3.66362816806449,13.0263577560768,16.8977276080726
"4",NA,"Total","25-29",1234681,2145376,0.634715923429694,2020,25,0.634715923429694,0.634715923429694,0.694557212225545,0.694557212225545,0.901128905015384,0.0988710949846158,0.0686716321022017,3.30110698087222,9.3627295880123,13.4801416257872
"4",NA,"Total","30-34",1302134,1739957,0.571960865076028,2020,30,0.571960865076028,0.571960865076028,0.625885580123343,0.625885580123343,0.957983439489706,0.0420165605102939,0.0262975593497728,3.06368400224228,6.06162260714008,9.6848734012142
"4",NA,"Total","35-39",1628936,1974339,0.547929036779041,2020,35,0.547929036779041,0.547929036779041,0.59958802077357,0.59958802077357,0.999999,1e-06,5.9958802077357e-07,2.9979386048978,2.9979386048978,4.9999975
