"org_admin","sex","agegr","none","native","retention","Sx","px","qx","lx","dx","Lx","Tx","ex","year"
"Busan","Female","0-4",15233,86438,0.850173599158069,1,0.891385645331595,0.108614354668405,1,0.108614354668405,4.72846411332899,55.2707114239288,55.2707114239288,2000
"Busan","Female","5-9",30207,94529,0.7578325423294,0.891385645331595,0.960804620624367,0.0391953793756326,0.891385645331595,0.0349381985387649,4.36958273031106,50.5422473105998,56.700764226238,2000
"Busan","Female","10-14",35185,94233,0.728129008329599,0.85644744679283,0.999999,1e-06,0.85644744679283,8.5644744679283e-07,4.28223509284553,46.1726645802887,53.9118480102815,2000
"Busan","Female","15-19",38196,124278,0.76491007792016,0.89971045757908,0.948597032484171,0.0514029675158287,0.856446590345383,0.044023896262566,4.1721732110705,41.8904294874432,48.9118994221809,2000
"Busan","Female","20-24",44008,116366,0.7255914300323,0.853462670154491,0.823418123763818,0.176581876236182,0.812422694082817,0.143459123617997,3.70346566136909,37.7182562763727,46.426886583904,2000
"Busan","Female","25-29",60439,89707,0.597465133936302,0.70275663056107,0.850073908169018,0.149926091830982,0.66896357046482,0.10029509369709,3.09408011808137,34.0147906150036,50.8469999216383,2000
"Busan","Female","30-34",58352,60223,0.507889521399958,0.597395075432739,0.968486616906393,0.0315133830936067,0.56866847676773,0.0179206675616393,2.79854071493455,30.9207104969222,54.373878208747,2000
"Busan","Female","35-39",49304,47729,0.491884204342852,0.578569135562393,0.999999,1e-06,0.55074780920609,5.5074780920609e-07,2.75373766916093,28.1221697819877,51.0617914622776,2000
"Busan","Female","40-44",44833,49197,0.523205359991492,0.615410029798179,0.95385326275632,0.0461467372436796,0.550747258458281,0.0254151890237512,2.69019831973203,25.3684321128267,46.0618400241177,2000
"Busan","Female","45-49",35215,35083,0.49906113971948,0.587010864855957,0.999999,1e-06,0.52533206943453,5.2533206943453e-07,2.62665903384248,22.6782337930947,43.1693306245432,2000
"Busan","Female","50-54",17233,23456,0.576470299098036,0.678061868386548,0.963822185370275,0.0361778146297254,0.52533154410246,0.0190053472216862,2.57914435245809,20.0515747592522,38.1693712939145,2000
"Busan","Female","55-59",10823,13532,0.555614863477725,0.653531071804574,0.999999,1e-06,0.506326196880774,5.06326196880774e-07,2.53162971858838,17.4724304067941,34.5082488609777,2000
"Busan","Female","60-64",8441,10899,0.563547052740434,0.662861153649699,0.999999,1e-06,0.506325690554577,5.06325690554577e-07,2.53162718695866,14.9408006882058,29.5082808692586,2000
"Busan","Female","65-69",5453,10400,0.656027250362707,0.771639169944085,0.999999,1e-06,0.506325184228887,5.06325184228887e-07,2.53162465533147,12.4091735012471,24.5083078775664,2000
"Busan","Female","70-74",3121,7908,0.717018768700698,0.843379245616149,0.999999,1e-06,0.506324677903703,5.06324677903702e-07,2.53162212370682,9.87754884591563,19.5083298858963,2000
"Busan","Female","75-79",1724,4885,0.739143592071418,0.869403134610855,0.999999,1e-06,0.506324171579025,5.06324171579025e-07,2.53161959208469,7.34592672220881,14.5083468942432,2000
"Busan","Female","80-84",829,2670,0.763075164332666,0.897552176506473,0.934448165163005,0.0655518348369954,0.506323665254853,0.0331904452788483,2.44864221307714,4.81430713012412,9.50835890260212,2000
"Busan","Female","85+",466,1158,0.713054187192118,0.838715984474535,0.999999,1e-06,0.473133219976005,4.73133219976005e-07,2.36566491704697,2.36566491704697,4.9999975,2000
"Busan","Male","0-4",17147,100042,0.853680806219014,1,0.907834443422334,0.0921655565776657,1,0.0921655565776657,4.76958610855584,59.5607546574606,59.5607546574606,2000
"Busan","Male","5-9",33499,115386,0.775000839574168,0.907834443422334,0.94653012187453,0.0534698781254703,0.907834443422334,0.0485417970478964,4.41781772449193,54.7911685489047,60.3537009923904,2000
"Busan","Male","10-14",38823,106888,0.733561639135,0.859292646374438,0.999999,1e-06,0.859292646374438,8.59292646374438e-07,4.29646108364057,50.3733508244128,58.6218804931592,2000
"Busan","Male","15-19",39396,126663,0.762759019384676,0.893494399578885,0.951460051582627,0.0485399484173732,0.859291787081792,0.0417099790204226,4.1921839878579,46.0768897407722,53.6219366150958,2000
"Busan","Male","20-24",32877,86996,0.725734735928858,0.850124227512114,0.913469542065087,0.0865304579349127,0.817581808061369,0.0707457282508041,3.91104471967983,41.8847057529143,51.2299874335883,2000
"Busan","Male","25-29",48495,95380,0.662936576889661,0.776562588803927,0.801189820269802,0.198810179730198,0.746836079810565,0.148478615256135,3.36298386091249,37.9736610332345,50.8460451493807,2000
"Busan","Male","30-34",54832,62115,0.531138036888505,0.62217404095207,0.999999,1e-06,0.59835746455443,5.9835746455443e-07,2.99178582687849,34.610677172322,57.842810063538,2000
"Busan","Male","35-39",41519,51590,0.55408177512378,0.649050290327868,0.999543621926599,0.000456378073401487,0.598356866196965,0.000273076953801522,2.99110163860032,31.6188913454435,52.8428654064034,2000
"Busan","Male","40-44",42579,52853,0.553828904350742,0.648754078006828,0.999999,1e-06,0.598083789243164,5.98083789243163e-07,2.99041745100634,28.6277897068432,47.8658512765742,2000
"Busan","Male","45-49",29748,37510,0.55770317285676,0.653292388435966,0.999999,1e-06,0.598083191159374,5.98083191159374e-07,2.99041446058889,25.6373722558369,42.8658966424708,2000
"Busan","Male","50-54",16451,23705,0.590322741308895,0.691502886100319,0.999999,1e-06,0.598082593076183,5.98082593076183e-07,2.99041147017443,22.646957795248,37.8659370084078,2000
"Busan","Male","55-59",7381,15035,0.670726266952177,0.785687416263756,0.999999,1e-06,0.59808199499359,5.9808199499359e-07,2.99040847976296,19.6565463250735,32.8659723743802,2000
"Busan","Male","60-64",5094,10516,0.673670723894939,0.789136547275385,0.999999,1e-06,0.598081396911595,5.98081396911595e-07,2.99040548935448,16.6661378453106,27.866002740383,2000
"Busan","Male","65-69",3438,7586,0.688134978229318,0.80607994605981,0.998789826028627,0.00121017397137313,0.598080798830198,0.000723781815522354,2.98859453961218,13.6757323559561,22.8660281064111,2000
"Busan","Male","70-74",1581,3475,0.687302215189873,0.805104449090243,0.999999,1e-06,0.597357017014676,5.97357017014676e-07,2.98678359168084,10.6871378163439,17.8907044061413,2000
"Busan","Male","75-79",821,2591,0.759378663540445,0.889534657460279,0.934550117652918,0.0654498823470823,0.597356419657659,0.039096907385868,2.88903982982362,7.70035422466307,12.8907197968611,2000
"Busan","Male","80-84",207,506,0.709677419354839,0.831314718785852,0.815789473684211,0.184210526315789,0.55825951227179,0.102837278576382,2.534204364918,4.81131439483945,8.61841901315789,2000
"Busan","Male","85+",160,220,0.578947368421053,0.678177796904248,0.999999,1e-06,0.455422233695408,4.55422233695408e-07,2.27711002992146,2.27711002992146,4.9999975,2000
"Busan","Total","0-4",32380,186480,0.85205153979713,1,0.900384856207874,0.0996151437921258,1,0.0996151437921258,4.75096214051969,58.7181827432404,58.7181827432404,2000
"Busan","Total","5-9",63706,209915,0.767174303141937,0.900384856207874,0.952855406601282,0.0471445933987183,0.900384856207874,0.0424482779482837,4.39580358616866,53.9672206027207,59.9379479015373,2000
"Busan","Total","10-14",74008,201121,0.731006182554365,0.85793657825959,0.999999,1e-06,0.85793657825959,8.5793657825959e-07,4.28968074645651,49.571417016552,57.7798152832143,2000
"Busan","Total","15-19",77592,250941,0.763822812320224,0.896451419478787,0.950027566691823,0.0499724333081774,0.857935720323012,0.0428731355665448,4.1824957626987,45.2817362700955,52.7798705630848,2000
"Busan","Total","20-24",76885,203362,0.725652727772287,0.851653560704862,0.867498502355018,0.132501497644982,0.815062584756467,0.107997013154622,3.80532039089578,41.0992405073968,50.4246437955153,2000
"Busan","Total","25-29",108934,185087,0.629502654572292,0.738808188436786,0.825148909145114,0.174851090854886,0.707065571601845,0.123631186500516,3.22624989175794,37.293920116501,52.7446415358795,2000
"Busan","Total","30-34",113184,122338,0.519433428724281,0.609626770756092,0.999999,1e-06,0.583434385101329,5.83434385101329e-07,2.91717046692068,34.0676702247431,58.3916051139604,2000
"Busan","Total","35-39",90823,99319,0.522341197631244,0.61303943861848,0.999999,1e-06,0.583433801666944,5.83433801666944e-07,2.91716754975022,31.1504997578224,53.3916610056214,2000
"Busan","Total","40-44",87412,102050,0.538630437765884,0.632157108587739,0.979770399474132,0.0202296005258681,0.583433218233142,0.0118026209383781,2.88765953881977,28.2333322080722,48.3917118973333,2000
"Busan","Total","45-49",64963,72593,0.527734159178807,0.619368822811421,0.999999,1e-06,0.571630597294764,5.71630597294764e-07,2.85815155739733,25.3456726692524,44.3392512388255,2000
"Busan","Total","50-54",33684,47161,0.583350856577401,0.684642688065905,0.999999,1e-06,0.571630025664167,5.71630025664167e-07,2.85814869924577,22.4875211118551,39.3392930781186,2000
"Busan","Total","55-59",18204,28567,0.610784460456266,0.716839805960201,0.999999,1e-06,0.571629454034141,5.71629454034141e-07,2.85814584109707,19.6293724126093,34.3393299174485,2000
"Busan","Total","60-64",13535,21415,0.612732474964235,0.71912606966255,0.999999,1e-06,0.571628882404687,5.71628882404687e-07,2.85814298295123,16.7712265715123,29.3393617568103,2000
"Busan","Total","65-69",8891,17986,0.669196710942441,0.785394638335815,0.999999,1e-06,0.571628310775805,5.71628310775805e-07,2.85814012480825,13.9130835885611,24.3393885961989,2000
"Busan","Total","70-74",4702,11383,0.707677960833074,0.830557692556449,0.999999,1e-06,0.571627739147494,5.71627739147494e-07,2.85813726666812,11.0549434637528,19.3394104356093,2000
"Busan","Total","75-79",2545,7476,0.746033330006985,0.875573008394084,0.999999,1e-06,0.571627167519755,5.71627167519755e-07,2.85813440853085,8.19680619708468,14.3394272750366,2000
"Busan","Total","80-84",1036,3176,0.754036087369421,0.884965347928311,0.911925519238601,0.0880744807613992,0.571626595892587,0.0503457156226458,2.73226869040632,5.33867178855383,9.33943911447571,2000
"Busan","Total","85+",626,1378,0.687624750499002,0.807022484417694,0.999999,1e-06,0.521280880269941,5.21280880269941e-07,2.60640309814751,2.60640309814751,4.9999975,2000
"Chungbuk","Female","0-4",5981,41642,0.874409424017807,1,0.909177695439415,0.0908223045605854,1,0.0908223045605854,4.77294423859854,40.8264528609105,40.8264528609105,2000
"Chungbuk","Female","5-9",9369,36332,0.794993544999015,0.909177695439415,0.974609494212716,0.0253905057872842,0.909177695439415,0.0230844815377242,4.48817727335276,36.0535086223119,39.6550738135815,2000
"Chungbuk","Female","10-14",9513,32731,0.774808256793864,0.88609321390169,0.913703017120898,0.0862969828791025,0.88609321390169,0.0764671709093631,4.23929814223504,31.5653313489592,35.6230370052933,2000
"Chungbuk","Female","15-19",16186,39235,0.707944641922737,0.809626042992327,0.796449471357353,0.203550528642647,0.809626042992327,0.164799809053943,3.63613069232678,27.3260332067241,33.7514256652723,2000
"Chungbuk","Female","20-24",28557,36917,0.563842135809634,0.644826233938385,0.740838690096443,0.259161309903557,0.644826233938385,0.167114011447649,2.8063461410728,23.6899025143973,36.7384285371072,2000
"Chungbuk","Female","25-29",48690,34929,0.41771606931439,0.477712222490735,0.724633104032584,0.275366895967416,0.477712222490735,0.13154613187297,2.05969578277125,20.8835563733245,43.7157673388387,2000
"Chungbuk","Female","30-34",70848,30754,0.302690891911577,0.346166090617766,0.934468750401144,0.0655312495988556,0.346166090617766,0.0226846964869329,1.6741187118715,18.8238605905533,54.3781181945359,2000
"Chungbuk","Female","35-39",83490,32930,0.282855179522419,0.323481394130833,0.999999,1e-06,0.323481394130833,3.23481394130833e-07,1.61740616195068,17.1497418786818,53.0161616397187,2000
"Chungbuk","Female","40-44",83779,33156,0.283542138795057,0.32426702069634,0.999999,1e-06,0.323481070649439,3.23481070649439e-07,1.61740454454452,15.5323357167311,48.0162121559309,2000
"Chungbuk","Female","45-49",63046,26052,0.292397135738176,0.33439385224675,0.999999,1e-06,0.323480747168368,3.23480747168368e-07,1.61740292713997,13.9149311721866,43.0162576721885,2000
"Chungbuk","Female","50-54",38117,20086,0.345102486126145,0.394669220901623,0.999999,1e-06,0.323480423687621,3.23480423687621e-07,1.61740130973705,12.2975282450466,38.0162981884867,2000
"Chungbuk","Female","55-59",38368,22836,0.373112868439971,0.426702707211871,0.999999,1e-06,0.323480100207197,3.23480100207197e-07,1.61739969233574,10.6801269353096,33.0163337048204,2000
"Chungbuk","Female","60-64",31354,25904,0.452408397079884,0.517387375585594,0.999999,1e-06,0.323479776727097,3.23479776727097e-07,1.61739807493604,9.06272724297384,28.0163642211846,2000
"Chungbuk","Female","65-69",24165,20185,0.455129650507328,0.520499479998811,0.999999,1e-06,0.32347945324732,3.2347945324732e-07,1.61739645753797,7.4453291680378,23.0163897375744,2000
"Chungbuk","Female","70-74",17562,16732,0.487898757800198,0.557975182333194,0.999999,1e-06,0.323479129767867,3.23479129767867e-07,1.61739484014151,5.82793271049983,18.0164102539846,2000
"Chungbuk","Female","75-79",9960,11977,0.545972557779095,0.624390065777672,0.889777778992581,0.110222221007419,0.323478806288737,0.0356545524779732,1.52825765024875,4.21053787035832,13.0164257704104,2000
"Chungbuk","Female","80-84",6063,5728,0.485794249851582,0.555568405952689,0.909221611839639,0.0907783881603613,0.287824253810764,0.0261282218343999,1.37380071446782,2.68228022010956,9.31915981574326,2000
"Chungbuk","Female","85+",3993,3159,0.441694630872483,0.505134801547483,0.999999,1e-06,0.261696031976364,2.61696031976364e-07,1.30847950564174,1.30847950564174,4.9999975,2000
"Chungbuk","Male","0-4",6678,45281,0.871475586520141,1,0.920764272857216,0.0792357271427838,1,0.0792357271427838,4.80191068214304,46.3160910888553,46.3160910888553,2000
"Chungbuk","Male","5-9",10924,44366,0.802423584735034,0.920764272857216,0.999999,1e-06,0.920764272857216,9.20764272857216e-07,4.6038190623754,41.5141804067122,45.0866542398413,2000
"Chungbuk","Male","10-14",8983,37988,0.808754337782887,0.92802867950931,0.896426578602225,0.103573421397775,0.920763352092943,0.0953666106739506,4.36540023377984,36.9103613443368,40.0866968265382,2000
"Chungbuk","Male","15-19",16081,42393,0.724988883948422,0.831909574017271,0.799340055693458,0.200659944306542,0.825396741418993,0.165624064163936,3.71292354668512,32.544961110557,39.4294761263618,2000
"Chungbuk","Male","20-24",21415,29514,0.57951265487247,0.664978645226886,0.791394025436873,0.208605974563127,0.659772677255057,0.137632522328915,2.954782080453,28.8320375638719,43.6999569061055,2000
"Chungbuk","Male","25-29",44878,38018,0.458622852731133,0.526260126875664,0.824867978574872,0.175132021425128,0.522140154926142,0.0914434607994446,2.3820921226321,25.8772554834189,49.5599797090481,2000
"Chungbuk","Male","30-34",64907,39496,0.378303305460571,0.434095127060485,0.906742786617077,0.093257213382923,0.430696694126698,0.040165573507493,2.05306953686476,23.4951633607868,54.5515293736506,2000
"Chungbuk","Male","35-39",85265,44519,0.343023793379769,0.393612625167718,0.999999,1e-06,0.390531120619205,3.90531120619205e-07,1.95265462676822,21.442093823922,54.9049555639115,2000
"Chungbuk","Male","40-44",74968,41467,0.35613861811311,0.408661612122946,0.999999,1e-06,0.390530730088084,3.90530730088084e-07,1.9526526741136,19.4894391971538,49.9050079689195,2000
"Chungbuk","Male","45-49",57830,32162,0.357387323317628,0.410094475216109,0.999999,1e-06,0.390530339557354,3.90530339557354e-07,1.95265072146092,17.5367865230402,44.9050553739749,2000
"Chungbuk","Male","50-54",39773,22534,0.361660808576885,0.414998210128893,0.999999,1e-06,0.390529949027014,3.90529949027014e-07,1.9526487688102,15.5841358015793,39.9050977790727,2000
"Chungbuk","Male","55-59",33981,22900,0.402594891088413,0.461969213269646,0.999999,1e-06,0.390529558497065,3.90529558497065e-07,1.95264681616143,13.6314870327691,34.9051351842079,2000
"Chungbuk","Male","60-64",26892,23187,0.463008446654286,0.531292504134406,0.999999,1e-06,0.390529167967507,3.90529167967507e-07,1.95264486351461,11.6788402166076,29.9051675893754,2000
"Chungbuk","Male","65-69",15651,18682,0.54414120525442,0.62439064693391,0.999999,1e-06,0.390528777438339,3.90528777438339e-07,1.95264291086975,9.72619535309303,24.9051949945704,2000
"Chungbuk","Male","70-74",8797,11591,0.568520698450069,0.652365605237674,0.999999,1e-06,0.390528386909561,3.90528386909561e-07,1.95264095822684,7.77355244222328,19.9052173997878,2000
"Chungbuk","Male","75-79",4844,7373,0.603503315052795,0.692507425781855,0.992419578337275,0.00758042166272455,0.390527996381174,0.00296036688366827,1.9452390646967,5.82091148399644,14.9052348050226,2000
"Chungbuk","Male","80-84",2171,3242,0.598928505449843,0.687257927489861,0.999999,1e-06,0.387567629497506,3.87567629497506e-07,1.93783717856846,3.87567241929974,9.9999900000025,2000
"Chungbuk","Male","85+",865,1762,0.670727065093262,0.769645272303633,0.999999,1e-06,0.387567241929877,3.87567241929877e-07,1.93783524073128,1.93783524073128,4.9999975,2000
"Chungbuk","Total","0-4",12659,86923,0.872878632684622,1,0.915432309340317,0.0845676906596833,1,0.0845676906596833,4.78858077335079,43.7312352636325,43.7312352636325,2000
"Chungbuk","Total","5-9",20293,80698,0.799061302492301,0.915432309340317,0.992014756020854,0.00798524397914646,0.915432309340317,0.0073099503364759,4.55888667086039,38.9426544902817,42.5401792059806,2000
"Chungbuk","Total","10-14",18496,70719,0.792680603037606,0.908122359003841,0.904141212708446,0.095858787291554,0.908122359003841,0.0870515080464534,4.32298302490307,34.3837678194213,37.8624834842062,2000
"Chungbuk","Total","15-19",32267,81628,0.716695201720883,0.821070850957388,0.796291573221875,0.203708426778125,0.821070850957388,0.167259051321906,3.68720662648217,30.0607847945182,36.6116818779606,2000
"Chungbuk","Total","20-24",49972,66431,0.570698349698891,0.653811799635481,0.767622078503866,0.232377921496134,0.653811799635481,0.15193142704894,2.88923043055506,26.3735781680361,40.3381801655157,2000
"Chungbuk","Total","25-29",93568,72947,0.438080653394589,0.501880372586542,0.778420909172499,0.221579090827501,0.501880372586542,0.111206196661893,2.23138637127798,23.484347737481,46.7927199791649,2000
"Chungbuk","Total","30-34",135755,70250,0.341011140506298,0.390674175924648,0.92246977002724,0.0775302299727605,0.390674175924648,0.0302890587038567,1.8776482328636,21.252961366203,54.4007325692861,2000
"Chungbuk","Total","35-39",168755,77449,0.314572468359572,0.360385117220792,0.999999,1e-06,0.360385117220792,3.60385117220792e-07,1.80192468514117,19.3753131333394,53.7628004251603,2000
"Chungbuk","Total","40-44",158747,74623,0.319762608732913,0.366331121830137,0.999999,1e-06,0.360384756835674,3.60384756835674e-07,1.80192288321648,17.5733884481983,48.762851688012,2000
"Chungbuk","Total","45-49",120876,58214,0.32505444190072,0.372393629227679,0.999999,1e-06,0.360384396450918,3.60384396450918e-07,1.8019210812936,15.7714655649818,43.76289795091,2000
"Chungbuk","Total","50-54",77890,42620,0.353663596382043,0.405169267684233,0.999999,1e-06,0.360384036066521,3.60384036066521e-07,1.80191927937252,13.9695444836882,38.7629392138492,2000
"Chungbuk","Total","55-59",72349,45736,0.387314222805606,0.443720591045268,0.999999,1e-06,0.360383675682485,3.60383675682485e-07,1.80191747745324,12.1676252043157,33.7629754768247,2000
"Chungbuk","Total","60-64",58246,49091,0.457353941324986,0.523960518907823,0.999999,1e-06,0.360383315298809,3.60383315298809e-07,1.80191567553576,10.3657077268624,28.7630067398314,2000
"Chungbuk","Total","65-69",39816,38867,0.493969472440044,0.565908539794122,0.999999,1e-06,0.360382954915494,3.60382954915494e-07,1.80191387362008,8.56379205132668,23.7630330028644,2000
"Chungbuk","Total","70-74",26359,28323,0.517958377528254,0.593391060490533,0.999999,1e-06,0.360382594532539,3.60382594532539e-07,1.80191207170621,6.7618781777066,18.7630542659187,2000
"Chungbuk","Total","75-79",14804,19350,0.566551502020261,0.649061027279105,0.920287692243917,0.0797123077560834,0.360382234149945,0.0287268995583853,1.73009392185376,4.95996610600039,13.7630705289892,2000
"Chungbuk","Total","80-84",8234,8970,0.521390374331551,0.597322874920153,0.965152432868968,0.0348475671310315,0.331655334591559,0.0115573815365441,1.62938321911644,3.22987218414663,9.73864083363618,2000
"Chungbuk","Total","85+",4858,4921,0.503221188260558,0.576507625937473,0.999999,1e-06,0.320097953055015,3.20097953055015e-07,1.60048896503019,1.60048896503019,4.9999975,2000
"Chungnam","Female","0-4",8116,48391,0.856371776947989,1,0.911968048944544,0.0880319510554556,1,0.0880319510554556,4.77992012236136,33.7435964242327,33.7435964242327,2000
"Chungnam","Female","5-9",10923,38950,0.78098369859443,0.911968048944544,0.948307581028016,0.0516924189719836,0.911968048944544,0.0471418344751039,4.44198565853496,28.9636763018714,31.7595296626808,2000
"Chungnam","Female","10-14",13512,38580,0.740612762036397,0.86482621446944,0.856817289561125,0.143182710438875,0.86482621446944,0.123828161446326,4.01456066873139,24.5216906433364,28.354471954091,2000
"Chungnam","Female","15-19",28224,49011,0.634569819382404,0.740998053023114,0.616559591778558,0.383440408221442,0.740998053023114,0.284128595942477,2.99466877525938,20.507129974605,27.6750119530548,2000
"Chungnam","Female","20-24",62949,40458,0.391250108793409,0.456869457080638,0.709537170689288,0.290462829310712,0.456869457080638,0.132703595129291,1.95258829757996,17.5124611993456,38.3314334717164,2000
"Chungnam","Female","25-29",100987,38808,0.277606495225151,0.324165861951347,0.802057865652021,0.197942134347979,0.324165861951347,0.0641660825974017,1.46041410326323,15.5598729017657,47.9997270782974,2000
"Chungnam","Female","30-34",122521,35094,0.222656473051423,0.259999779353945,0.913445658623241,0.0865543413767589,0.259999779353945,0.0225041096600833,1.24373862261952,14.0994587985024,54.2287337071485,2000
"Chungnam","Female","35-39",146821,37485,0.203384588673185,0.237495669693862,0.999999,1e-06,0.237495669693862,2.37495669693862e-07,1.18747775473013,12.8557201758829,54.130335060232,2000
"Chungnam","Female","40-44",145852,42257,0.224641032592805,0.262317183540775,0.999999,1e-06,0.237495432198192,2.37495432198192e-07,1.18747656725238,11.6682424211528,49.1303866906187,2000
"Chungnam","Female","45-49",109970,36483,0.249110636176794,0.290890758993244,0.999999,1e-06,0.23749519470276,2.3749519470276e-07,1.18747537977581,10.4807658539004,44.1304333210521,2000
"Chungnam","Female","50-54",85736,33446,0.280629625278985,0.327696022724052,0.999999,1e-06,0.237494957207565,2.37494957207565e-07,1.18747419230043,9.2932904741246,39.130474951527,2000
"Chungnam","Female","55-59",62672,38037,0.377692162567397,0.441037610923434,0.999999,1e-06,0.237494719712608,2.37494719712608e-07,1.18747300482624,8.10581628182417,34.1305115820386,2000
"Chungnam","Female","60-64",53447,42294,0.441754316332606,0.515844085739219,0.999999,1e-06,0.237494482217888,2.37494482217888e-07,1.18747181735323,6.91834327699793,29.1305432125818,2000
"Chungnam","Female","65-69",39616,40153,0.503365969236169,0.587789068703441,0.999999,1e-06,0.237494244723406,2.37494244723406e-07,1.18747062988142,5.73087145964469,24.1305698431517,2000
"Chungnam","Female","70-74",28747,29328,0.505002152389152,0.589699667811242,0.96398464628209,0.0360153537179099,0.237494007229161,0.00855343067624208,1.1660864594552,4.54340082976328,19.1305914737431,2000
"Chungnam","Female","75-79",21873,20749,0.486814321242551,0.568461425687686,0.980154838475826,0.0198451615241745,0.228940576552919,0.00454336272113031,1.13334447596177,3.37731437030808,14.7519256794019,2000
"Chungnam","Female","80-84",10756,9816,0.477153412405211,0.557180216874651,0.999999,1e-06,0.224397213831789,2.24397213831789e-07,1.12198550816591,2.24396989434631,9.9999900000025,2000
"Chungnam","Female","85+",7149,7033,0.495910308842194,0.579082966290134,0.999999,1e-06,0.224396989434575,2.24396989434575e-07,1.1219843861804,1.1219843861804,4.9999975,2000
"Chungnam","Male","0-4",6915,50655,0.879885356956748,1,0.904339178361148,0.0956608216388523,1,0.0956608216388523,4.76084794590287,38.2572980962989,38.2572980962989,2000
"Chungnam","Male","5-9",11899,46348,0.795714800762271,0.904339178361148,0.930077000578758,0.0699229994212421,0.904339178361148,0.0632341078451531,4.36361062219286,33.496450150396,37.0396981043093,2000
"Chungnam","Male","10-14",15178,43216,0.740076035209097,0.841105070515995,0.871172041100429,0.128827958899571,0.841105070515995,0.108357849454655,3.93463072894334,29.1328395282031,34.6363855711046,2000
"Chungnam","Male","15-19",28400,51540,0.644733550162622,0.73274722106134,0.726860611333178,0.273139388666822,0.73274722106134,0.200142128008007,3.16338078528668,25.1982087992598,34.3886787625912,2000
"Chungnam","Male","20-24",41451,36557,0.468631422418214,0.532605093053332,0.766656335697018,0.233343664302982,0.532605093053332,0.124280024039495,2.35232540516792,22.0348280139731,41.3717936635778,2000
"Chungnam","Male","25-29",84167,47196,0.359279249103629,0.408325069013837,0.826646634220577,0.173353365779423,0.408325069013837,0.0707845250456639,1.86466403245503,19.6825026088052,48.2030227934357,2000
"Chungnam","Male","30-34",112742,47630,0.296996982016811,0.337540543968173,0.927400499156694,0.0725995008433058,0.337540543968173,0.0245052750064673,1.6264395323247,17.8178385763502,52.7872544343302,2000
"Chungnam","Male","35-39",140867,53549,0.275435149370422,0.313035268961706,0.947353966976077,0.052646033023923,0.313035268961706,0.0164800651074106,1.52397618204,16.1913990440255,51.7238811387934,2000
"Chungnam","Male","40-44",140857,49731,0.260934581400718,0.296555203854295,0.999999,1e-06,0.296555203854295,2.96555203854295e-07,1.48277527788347,14.6674228619855,49.4593339498165,2000
"Chungnam","Male","45-49",105901,43122,0.28936472893446,0.328866399067355,0.999999,1e-06,0.296554907299091,2.96554907299091e-07,1.48277379510819,13.184647584102,44.4593809091974,2000
"Chungnam","Male","50-54",85781,39278,0.314075756243053,0.35695077064283,0.999999,1e-06,0.296554610744184,2.96554610744184e-07,1.48277231233439,11.7018737889938,39.4594228686202,2000
"Chungnam","Male","55-59",61258,33865,0.356012741397979,0.40461264479877,0.999999,1e-06,0.296554314189573,2.96554314189573e-07,1.48277082956208,10.2191014766594,34.4594598280801,2000
"Chungnam","Male","60-64",44672,39446,0.468936493972753,0.532951810443419,0.999999,1e-06,0.296554017635259,2.96554017635259e-07,1.48276934679125,8.73633064709735,29.4594917875719,2000
"Chungnam","Male","65-69",31574,33856,0.517438483875898,0.588074889285074,0.999999,1e-06,0.296553721081241,2.96553721081241e-07,1.4827678640219,7.2535613003061,24.4595187470906,2000
"Chungnam","Male","70-74",17076,21219,0.554093223658441,0.629733429790079,0.999999,1e-06,0.29655342452752,2.9655342452752e-07,1.48276638125404,5.7707934362842,19.4595407066313,2000
"Chungnam","Male","75-79",9034,12383,0.578185553532241,0.657114644494149,0.999999,1e-06,0.296553127974096,2.96553127974096e-07,1.48276489848766,4.28802705503016,14.459557666189,2000
"Chungnam","Male","80-84",3893,6382,0.621119221411192,0.705909260223914,0.927942926082122,0.0720570739178775,0.296552831420968,0.0213687292942566,1.4293423338692,2.8052621565425,9.4595696257586,2000
"Chungnam","Male","85+",1717,2336,0.576363187762151,0.655043504480645,0.999999,1e-06,0.275184102126711,2.75184102126711e-07,1.3759198226733,1.3759198226733,4.9999975,2000
"Chungnam","Total","0-4",15031,99046,0.868238119866406,1,0.908644415373421,0.0913555846265791,1,0.0913555846265791,4.77161103843355,36.5688874269186,36.5688874269186,2000
"Chungnam","Total","5-9",22822,85298,0.788919718830929,0.908644415373421,0.938408654008128,0.0615913459918721,0.908644415373421,0.0559646325708467,4.40331049543999,31.7972763884851,34.9941911824963,2000
"Chungnam","Total","10-14",28690,81796,0.740329091468602,0.852679782802574,0.864128063638408,0.135871936361592,0.852679782802574,0.115855253185767,3.97376078104845,27.3939658930451,32.1269091229149,2000
"Chungnam","Total","15-19",56624,100551,0.639739144265946,0.736824529616807,0.663589035488515,0.336410964511485,0.736824529616807,0.247875850684111,3.06443302137376,23.4202051119966,31.7853222451437,2000
"Chungnam","Total","20-24",104400,77015,0.424523881707687,0.488948678932696,0.747126433132419,0.252873566867581,0.488948678932696,0.123642196456903,2.13563790352122,20.3557720906229,41.631715081134,2000
"Chungnam","Total","25-29",185154,86004,0.317173013519793,0.365306482475793,0.820211646996393,0.179788353003607,0.365306482475793,0.0656778508258637,1.66233778531431,18.2201341871017,49.8762958259549,2000
"Chungnam","Total","30-34",235263,82724,0.260148999801879,0.29962863164993,0.923976511943993,0.0760234880560072,0.29962863164993,0.0227788136994762,1.44119612400096,16.5577964017874,55.2610620373978,2000
"Chungnam","Total","35-39",287688,91034,0.240371565422658,0.276849817950453,0.999999,1e-06,0.276849817950453,2.76849817950453e-07,1.38424839762772,15.1166002777864,54.6021680263187,2000
"Chungnam","Total","40-44",286709,91988,0.242906598151028,0.27976956159032,0.999999,1e-06,0.276849541100635,2.76849541100635e-07,1.38424701337932,13.7323518801587,49.6022201285388,2000
"Chungnam","Total","45-49",215871,79605,0.269412744182269,0.310298221211161,0.999999,1e-06,0.276849264251094,2.76849264251094e-07,1.38424562913231,12.3481048667793,44.6022672308061,2000
"Chungnam","Total","50-54",171517,72724,0.297755086164894,0.342941733784632,0.999999,1e-06,0.27684898740183,2.7684898740183e-07,1.38424424488668,10.963859237647,39.6023093331154,2000
"Chungnam","Total","55-59",123930,71902,0.367161648760162,0.422881281481463,0.999999,1e-06,0.276848710552843,2.76848710552843e-07,1.38424286064244,9.57961499276036,34.6023464354618,2000
"Chungnam","Total","60-64",98119,81740,0.45446711034755,0.523436025151116,0.999999,1e-06,0.276848433704132,2.76848433704132e-07,1.38424147639958,8.19537213211792,29.6023785378404,2000
"Chungnam","Total","65-69",71190,74009,0.509707367130628,0.587059420069065,0.999999,1e-06,0.276848156855698,2.76848156855698e-07,1.3842400921581,6.81113065571835,24.602405640246,2000
"Chungnam","Total","70-74",45823,50547,0.524509702189478,0.604108124474175,0.986392099402384,0.0136079005976155,0.276847880007541,0.00376731843180321,1.3748211039582,5.42689056356025,19.6024277426738,2000
"Chungnam","Total","75-79",30907,33132,0.517372226299599,0.595887481166118,0.999999,1e-06,0.273080561575738,2.73080561575738e-07,1.36540212517729,4.05206945960205,14.8383665106761,2000
"Chungnam","Total","80-84",14649,16198,0.525107790060622,0.604796976826379,0.978450839357603,0.0215491606423973,0.273080288495177,0.00588465100505476,1.35068981496325,2.68666733442476,9.83837884905492,2000
"Chungnam","Total","85+",8866,9369,0.513792157938031,0.591764109616711,0.999999,1e-06,0.267195637490122,2.67195637490122e-07,1.33597751946152,1.33597751946152,4.9999975,2000
"Daegu","Female","0-4",10193,68598,0.870632432638246,1,0.921788918157243,0.0782110818427575,1,0.0782110818427575,4.80447229539311,54.0492580631939,54.0492580631939,2000
"Daegu","Female","5-9",16983,69024,0.802539328194217,0.921788918157243,0.989879365310313,0.0101206346896868,0.921788918157243,0.00932908890167108,4.58562186853204,49.2447857678007,53.4230611778741,2000
"Daegu","Female","10-14",15466,59764,0.794417120829456,0.912459829255571,0.999999,1e-06,0.912459829255571,9.12459829255571e-07,4.56229686512828,44.6591638992687,48.9437041142993,2000
"Daegu","Female","15-19",16628,71488,0.811294203095919,0.931844682878955,0.954178418752433,0.0458215812475665,0.912458916795742,0.0418103103910226,4.45776880800115,40.0968670341404,43.9437505580498,2000
"Daegu","Female","20-24",17988,61647,0.77411941985308,0.889146086032304,0.798905713072756,0.201094286927244,0.87064860640472,0.175082460669155,3.91553688035071,35.6390982261393,40.9339634428502,2000
"Daegu","Female","25-29",30444,49346,0.618448427121193,0.710343887887488,0.827256553336643,0.172743446663357,0.695566145735564,0.120154493396708,3.17744449518605,31.7235613457886,45.6082596030328,2000
"Daegu","Female","30-34",33910,35523,0.511615514236746,0.587636636377554,0.93574059964692,0.0642594003530804,0.575411652338856,0.0369756077354701,2.7846192423556,28.5461168506025,49.6099040305703,2000
"Daegu","Female","35-39",33957,31187,0.47873940808056,0.549875458498431,0.999999,1e-06,0.538436044603386,5.38436044603386e-07,2.69217887692682,25.7614976082469,47.8450465314278,2000
"Daegu","Female","40-44",28495,31245,0.52301640441915,0.600731588684644,0.923080435074577,0.0769195649254227,0.538435506167341,0.0414162248747917,2.58863696864973,23.0693187313201,42.8450918765197,2000
"Daegu","Female","45-49",21979,20516,0.48278621014237,0.554523576246063,0.999999,1e-06,0.49701928129255,4.9701928129255e-07,2.48509516391454,20.4806817626704,41.2070165757116,2000
"Daegu","Female","50-54",14050,15861,0.530273143659523,0.609066609260875,0.999999,1e-06,0.497018784273268,4.97018784273268e-07,2.48509267881938,17.9955865987558,36.2070552827669,2000
"Daegu","Female","55-59",10301,13038,0.558635759886885,0.641643636217492,0.999999,1e-06,0.497018287254484,4.97018287254484e-07,2.4850901937267,15.5104939199364,31.2070889898559,2000
"Daegu","Female","60-64",7510,10555,0.584278992526986,0.671097205460709,0.896249454391125,0.103750545608875,0.497017790236197,0.051565866914323,2.35617428389518,13.0254037262097,26.2071176969736,2000
"Daegu","Female","65-69",7117,7824,0.523659728264507,0.601470504237569,0.999999,1e-06,0.445451923321874,4.45451923321874e-07,2.22725850297956,10.6692294423146,23.9514723895472,2000
"Daegu","Female","70-74",3807,7062,0.649737786364891,0.746282543594217,0.963731604728489,0.0362683952715106,0.44545147786995,0.0161558102736659,2.18686786366559,8.44197093933501,18.9514938410411,2000
"Daegu","Female","75-79",2271,3804,0.626172839506173,0.719216073318914,0.96565019277953,0.0343498072204699,0.429295667596284,0.0147462234225153,2.10961277942513,6.25510307566942,14.5706177532446,2000
"Daegu","Female","80-84",1441,2204,0.604663923182442,0.694511139850546,0.999999,1e-06,0.414549444173769,4.14549444173769e-07,2.07274618449524,4.14549029624429,9.9999900000025,2000
"Daegu","Female","85+",661,1253,0.654649947753396,0.751924604703312,0.999999,1e-06,0.414549029624325,4.14549029624325e-07,2.07274411174905,2.07274411174905,4.9999975,2000
"Daegu","Male","0-4",10518,77346,0.88029226987162,1,0.925977325805529,0.0740226741944714,1,0.0740226741944714,4.81494331451382,60.7650693054737,60.7650693054737,2000
"Daegu","Male","5-9",19119,84300,0.815130681983001,0.925977325805529,0.999999,1e-06,0.925977325805529,9.25977325805529e-07,4.62988431408433,55.9501259909599,60.4227818886252,2000
"Daegu","Male","10-14",15365,77148,0.833915233534747,0.947316319904028,0.975567149145569,0.0244328508544306,0.925976399828203,0.0226242432717251,4.5733213909617,51.3202416768755,55.422839811465,2000
"Daegu","Male","15-19",17285,75416,0.813540307008554,0.924170681547845,0.93300373446688,0.06699626553312,0.903352156556478,0.0605212209505744,4.36545773040595,46.7469202859138,51.7482799444573,2000
"Daegu","Male","20-24",14760,46494,0.759036144578313,0.862254697168941,0.863527781958869,0.136472218041131,0.842830935605903,0.115023007215819,3.92659715998997,42.3814625555079,50.2846546858656,2000
"Daegu","Male","25-29",27469,52255,0.655448798354322,0.744580886129912,0.876954152163034,0.123045847836966,0.727807928390084,0.0895537436112239,3.41515528292236,38.4548653955179,52.8365574150591,2000
"Daegu","Male","30-34",29813,40302,0.574798545247094,0.652963299712857,0.965173867272525,0.0348261327274747,0.63825418477886,0.0222279249529748,3.13570111151186,35.0397101125956,54.8993033625561,2000
"Daegu","Male","35-39",27255,33962,0.554780534818759,0.630223113170888,0.999999,1e-06,0.616026259825886,6.16026259825885e-07,3.08012975906378,31.9040090010837,51.7900146173981,2000
"Daegu","Male","40-44",22391,32569,0.59259461426492,0.673179391148514,0.956853380306885,0.043146619693115,0.616025643799626,0.0265794241742287,3.01367965856256,28.8238792420199,46.790063907462,2000
"Daegu","Male","45-49",19431,25447,0.567026159811043,0.644133975973386,0.999999,1e-06,0.589446219625397,5.89446219625397e-07,2.94722962451144,25.8101995834574,43.7872001280459,2000
"Daegu","Male","50-54",13652,19339,0.586190173077506,0.665904033399038,0.999999,1e-06,0.589445630179177,5.89445630179177e-07,2.94722667728181,22.8629699589459,38.7872414152873,2000
"Daegu","Male","55-59",7436,11985,0.617115493537923,0.701034775220646,0.999999,1e-06,0.589445040733547,5.89445040733547e-07,2.94722373005513,19.9157432816641,33.787277702565,2000
"Daegu","Male","60-64",5607,9715,0.634055606317713,0.720278512056209,0.99871722975475,0.00128277024525003,0.589444451288506,0.000756121803340627,2.94533195193418,16.968519551609,28.787308989874,2000
"Daegu","Male","65-69",4027,6953,0.633242258652095,0.71935456021265,0.999999,1e-06,0.588688329485166,5.88688329485166e-07,2.943440175705,14.0231875996748,23.8210728789863,2000
"Daegu","Male","70-74",1684,3809,0.6934279992718,0.787724739844562,0.932635153391986,0.0673648466080143,0.588687740796836,0.0396568593587974,2.84429655558719,11.0797474239698,18.8210942000805,2000
"Daegu","Male","75-79",968,1772,0.646715328467153,0.734659783575595,0.999999,1e-06,0.549030881438039,5.49030881438039e-07,2.74515303461299,8.23545086838261,14.9999775000125,2000
"Daegu","Male","80-84",189,1227,0.866525423728814,0.984361050739644,0.999999,1e-06,0.549030332407157,5.49030332407157e-07,2.74515028945996,5.49029783376962,9.9999900000025,2000
"Daegu","Male","85+",0,455,1,1.13598634706384,0.999999,1e-06,0.549029783376825,5.49029783376825e-07,2.74514754430967,2.74514754430967,4.9999975,2000
"Daegu","Total","0-4",20711,145944,0.875725300771054,1,0.924278083248002,0.0757219167519982,1,0.0757219167519982,4.81069520812,58.071453876369,58.071453876369,2000
"Daegu","Total","5-9",36102,153324,0.80941370244845,0.924278083248002,0.999999,1e-06,0.924278083248002,9.24278083248002e-07,4.6213881055448,53.260758668249,57.6241713760923,2000
"Daegu","Total","10-14",30831,136912,0.816200974109203,0.932028540674294,0.995399121291543,0.00460087870845738,0.924277158969918,0.00425248710141817,4.61075457709605,48.6393705627042,52.6242265003188,2000
"Daegu","Total","15-19",33913,146904,0.812445732425602,0.927740390405831,0.944754420969078,0.055245579030922,0.9200246718685,0.0508272957201093,4.47305512004223,44.0286159856082,47.8559079249357,2000
"Daegu","Total","20-24",32748,108141,0.767561697506548,0.876486835347488,0.829823791663313,0.170176208336687,0.869197376148391,0.14791671376913,3.97619509631913,39.5555608655659,45.5081457342238,2000
"Daegu","Total","25-29",57913,101601,0.636940958160412,0.72732962905103,0.853079735357978,0.146920264642022,0.721280662379261,0.105970745797934,3.34147644740147,35.5793657692468,49.3280461060505,2000
"Daegu","Total","30-34",63723,75825,0.543361424026142,0.620470167468869,0.948868211420483,0.0511317885795168,0.615309916581327,0.0314618965655165,2.99789484149284,32.2378893218453,52.3929298928898,2000
"Daegu","Total","35-39",61212,65149,0.515578382570572,0.588744418045953,0.999999,1e-06,0.58384802001581,5.8384802001581e-07,2.919238640459,29.2399944803525,50.0815168981145,2000
"Daegu","Total","40-44",50886,63814,0.556355710549259,0.635308480935062,0.945537090382044,0.0544629096179564,0.58384743616779,0.0317980301466819,2.83974210547225,26.3207558398935,45.081564479679,2000
"Daegu","Total","45-49",41410,45963,0.526054959770181,0.600707732558375,0.999999,1e-06,0.552049406021108,5.52049406021108e-07,2.76024564998203,23.4810137344212,42.5342613873284,2000
"Daegu","Total","50-54",27702,35200,0.559600648628024,0.639013910110066,0.999999,1e-06,0.552048853971702,5.52048853971702e-07,2.76024288973638,20.7207680844392,37.5343014216299,2000
"Daegu","Total","55-59",17737,25023,0.585196445275959,0.668242021511435,0.999999,1e-06,0.552048301922848,5.52048301922848e-07,2.76024012949349,17.9605251947028,32.5343364559663,2000
"Daegu","Total","60-64",13117,20270,0.607122532722317,0.693279653091855,0.938983951598066,0.0610160484019344,0.552047749874546,0.0336837722265243,2.67602931880642,15.2002850652093,27.5343664903328,2000
"Daegu","Total","65-69",11144,14777,0.570078314879827,0.650978468222727,0.999999,1e-06,0.518363977648022,5.18363977648022e-07,2.59181859233017,12.5242557464029,24.1611228527672,2000
"Daegu","Total","70-74",5491,10871,0.664405329421831,0.758691485602664,0.952066624879935,0.0479333751200655,0.518363459284044,0.0248469101423969,2.52970002106423,9.93243715407275,19.1611445139117,2000
"Daegu","Total","75-79",3239,5576,0.632558139534884,0.722324842022872,0.999999,1e-06,0.493516549141647,4.93516549141647e-07,2.46758151191686,7.40273713300853,14.9999775000125,2000
"Daegu","Total","80-84",1630,3431,0.677929262991504,0.774134608643377,0.999999,1e-06,0.493516055625098,4.93516055625098e-07,2.46757904433535,4.93515562109166,9.9999900000025,2000
"Daegu","Total","85+",661,1708,0.720979316167159,0.823293920516348,0.999999,1e-06,0.493515562109043,4.93515562109043e-07,2.46757657675631,2.46757657675631,4.9999975,2000
"Daejeon","Female","0-4",7138,38135,0.842334283126808,1,0.921715912597039,0.0782840874029607,1,0.0782840874029607,4.8042897814926,52.526759620164,52.526759620164,2000
"Daejeon","Female","5-9",9957,34572,0.776392912483999,0.921715912597039,0.983590595594088,0.0164094044059124,0.921715912597039,0.0151248091571695,4.57076754009227,47.7224698386714,51.7756818412822,2000
"Daejeon","Female","10-14",8383,27086,0.763652767205165,0.90659110343987,0.999999,1e-06,0.90659110343987,9.0659110343987e-07,4.53295325072159,43.1517022985792,47.5977561823065,2000
"Daejeon","Female","15-19",7004,30828,0.814865722139987,0.967389952496228,0.891235616025974,0.108764383974026,0.906590196848767,0.098604724277147,4.28643917355097,38.6187490478576,42.5978012801078,2000
"Daejeon","Female","20-24",9038,23976,0.726237353849882,0.862172380250313,0.799047840007771,0.200952159992229,0.80798547257162,0.162366425955609,3.63401129796908,34.3323098743066,42.4912464886717,2000
"Daejeon","Female","25-29",14797,20459,0.580298388926707,0.688916978153372,0.82191931880483,0.17808068119517,0.645619046616011,0.114972279613956,2.94066453404516,30.6982985763375,47.5486259850008,2000
"Daejeon","Female","30-34",17513,15970,0.47695845653018,0.566234173396901,0.947719627182255,0.0522803728177449,0.530646767002055,0.0277424108133985,2.58387780797678,27.7576340422924,52.3090608826509,2000
"Daejeon","Female","35-39",16470,13586,0.452022890604205,0.536631239709563,0.998510961771894,0.00148903822810609,0.502904356188657,0.00074884381144599,2.51264967141467,25.1737562343156,50.0567472214777,2000
"Daejeon","Female","40-44",15405,12673,0.451349811240117,0.53583217527924,0.95249848232753,0.0475015176724704,0.502155512377211,0.0238531489455145,2.45114468952227,22.6611065629009,45.1276666378169,2000
"Daejeon","Female","45-49",12290,9268,0.429910010205028,0.510379333735735,0.999999,1e-06,0.478302363431696,4.78302363431696e-07,2.39151062140257,20.2099618733786,42.2535270960766,2000
"Daejeon","Female","50-54",7115,5392,0.431118573598785,0.511814112561631,0.999999,1e-06,0.478301885129333,4.78301885129333e-07,2.39150822989195,17.8184512519761,37.2535668496434,2000
"Daejeon","Female","55-59",4771,4065,0.460049796287913,0.546160598592964,0.999999,1e-06,0.478301406827448,4.78301406827448e-07,2.39150583838372,15.4269430220841,32.253601603245,2000
"Daejeon","Female","60-64",4158,4416,0.515045486354094,0.611450224300744,0.999999,1e-06,0.478300928526041,4.78300928526041e-07,2.39150344687788,13.0354371837004,27.2536313568764,2000
"Daejeon","Female","65-69",3032,3443,0.531737451737452,0.631266543923159,0.960864488865147,0.0391355111348531,0.478300450225112,0.0187185325955901,2.34470591963659,10.6439337368225,22.2536561105325,2000
"Daejeon","Female","70-74",2014,2104,0.510927634774162,0.606561605064393,0.987475069947629,0.012524930052371,0.459581917629522,0.00575623137164429,2.2835190097185,8.29922781718593,18.0582122551569,2000
"Daejeon","Female","75-79",1313,1337,0.504528301886792,0.598964463388508,0.86044464111129,0.13955535888871,0.453825686257878,0.0633338065186334,2.11079391499281,6.01570880746743,13.2555494094469,2000
"Daejeon","Female","80-84",1297,995,0.43411867364747,0.515375762738741,0.999999,1e-06,0.390491879739244,3.90491879739244e-07,1.95245842246652,3.90491489247462,9.9999900000025,2000
"Daejeon","Female","85+",229,466,0.670503597122302,0.796006538678851,0.999999,1e-06,0.390491489247365,3.90491489247365e-07,1.9524564700081,1.9524564700081,4.9999975,2000
"Daejeon","Male","0-4",6766,42388,0.862350978557188,1,0.913434483508293,0.0865655164917074,1,0.0865655164917074,4.78358620877073,60.3162787166515,60.3162787166515,2000
"Daejeon","Male","5-9",11044,40977,0.787701120701255,0.913434483508293,0.999999,1e-06,0.913434483508293,9.13434483508293e-07,4.56717013395525,55.5326925078808,60.7954850736447,2000
"Daejeon","Male","10-14",8119,32773,0.801452606866869,0.929380990797728,0.986344759272038,0.0136552407279624,0.913433570073809,0.01247315528836,4.53598496214815,50.9655223739255,55.7955433691881,2000
"Daejeon","Male","15-19",8193,30916,0.790508578588049,0.916690069640392,0.930161911951835,0.0698380880481655,0.900960414785449,0.0629213527756979,4.347498691988,46.4295374117774,51.5333822106201,2000
"Daejeon","Male","20-24",6816,18934,0.735300970873786,0.852670187843968,0.881018961537524,0.118981038462476,0.838039062009751,0.0997107578700396,3.94091841537366,42.0820387197894,50.2148892903273,2000
"Daejeon","Male","25-29",12261,22553,0.647814097776756,0.751218603428298,0.8581474553415,0.1418525446585,0.738328304139712,0.104733748735613,3.42980714885953,38.1411203044157,51.6587540943011,2000
"Daejeon","Male","30-34",12726,15931,0.555920019541473,0.644656332937189,0.988478628916195,0.0115213710838046,0.633594555404099,0.0072998779894888,3.14972308204677,34.7113131555562,54.7847402719832,2000
"Daejeon","Male","35-39",14120,17224,0.54951505870342,0.637229008103895,0.98236951158456,0.0176304884154396,0.62629467741461,0.0110418810548097,3.10386868443603,31.5615900735094,50.3941534419516,2000
"Daejeon","Male","40-44",13819,16211,0.53982683982684,0.625994349458537,0.99728909823136,0.00271090176864031,0.6152527963598,0.00166788989381268,3.07209425706447,28.4577213890734,46.2537050744769,2000
"Daejeon","Male","45-49",9410,10974,0.538363422291994,0.624297340269432,0.999999,1e-06,0.613584906465987,6.13584906465987e-07,3.06792299836767,25.3856271320089,41.3726394904665,2000
"Daejeon","Male","50-54",5902,7583,0.562328513162773,0.652087754458879,0.999558700897183,0.000441299102817316,0.613584292881081,0.000270774197951219,3.06724452891053,22.3177041336413,36.3726783631449,2000
"Daejeon","Male","55-59",4109,5274,0.562080358094426,0.651799988717878,0.999999,1e-06,0.61331351868313,6.1331351868313e-07,3.06656606013185,19.2504596047307,31.3876329451602,2000
"Daejeon","Male","60-64",3235,4278,0.569413017436443,0.660303091890888,0.999999,1e-06,0.613312905369611,6.13312905369611e-07,3.06656299356579,16.1838935445989,26.387661832822,2000
"Daejeon","Male","65-69",1709,3717,0.685035016586804,0.79438074939388,0.985673013672416,0.0143269863275844,0.613312292056706,0.0087869168228359,3.04459416822644,13.1173305510331,21.3876857205078,2000
"Daejeon","Male","70-74",810,1684,0.675220529270249,0.782999667258418,0.999999,1e-06,0.60452537523387,6.0452537523387e-07,3.02262536485591,10.0727363828067,16.6622226220196,2000
"Daejeon","Male","75-79",402,1318,0.766279069767442,0.888593030936794,0.992470738331578,0.00752926166842238,0.604524770708495,0.0045516251837073,3.0112447905832,7.05011101795074,11.6622367842564,2000
"Daejeon","Male","80-84",188,597,0.760509554140127,0.881902581490135,0.564232855821395,0.435767144178605,0.599973145524787,0.261448584209191,2.34624426710096,4.03886622736754,6.73174500807833,2000
"Daejeon","Male","85+",153,115,0.42910447761194,0.49759841211044,0.999999,1e-06,0.338524561315596,3.38524561315596e-07,1.69262196026658,1.69262196026658,4.9999975,2000
"Daejeon","Total","0-4",13904,80523,0.852753979264405,1,0.917598484089447,0.082401515910553,1,0.082401515910553,4.79399621022362,57.2388718816656,57.2388718816656,2000
"Daejeon","Total","5-9",21001,75549,0.782485758674262,0.917598484089447,0.999999,1e-06,0.917598484089447,9.17598484089447e-07,4.58799012645103,52.444875671442,57.15449249405,2000
"Daejeon","Total","10-14",16502,59859,0.783894920181768,0.91925096715229,0.999999,1e-06,0.917597566490963,9.17597566490963e-07,4.5879855384609,47.8568855449909,52.1545471485971,2000
"Daejeon","Total","15-19",15197,61744,0.802485020990109,0.941051042274047,0.909934705794511,0.0900652942054893,0.917596648893396,0.0826436121445548,4.3813742141056,43.26890000653,47.1545968031939,2000
"Daejeon","Total","20-24",15854,42910,0.730208971479137,0.856295003289252,0.840640588562152,0.159359411437848,0.834953036748842,0.133057624514539,3.84212112245786,38.8875257924244,46.5745066858437,2000
"Daejeon","Total","25-29",27058,43012,0.613843299557585,0.719836335547907,0.836325865273756,0.163674134726244,0.701895412234303,0.11488212426577,3.22227175050709,35.0454046699666,49.9296676671651,2000
"Daejeon","Total","30-34",30239,31901,0.513373028644995,0.602017746182593,0.977440385345256,0.0225596146547437,0.587013287968533,0.0132427935737842,2.9019594559082,31.8231329194595,54.2119464272934,2000
"Daejeon","Total","35-39",30590,30810,0.501791530944625,0.588436457813397,0.990599447196635,0.00940055280336527,0.573770494394749,0.00539375982957083,2.85536807239982,28.9211734635513,50.4054735231014,2000
"Daejeon","Total","40-44",29224,28884,0.497074413161699,0.582904829820297,0.970918723293345,0.0290812767066548,0.568376734565178,0.0165291210915148,2.8005608700971,26.0658053911515,45.8600850562479,2000
"Daejeon","Total","45-49",21700,20242,0.482618854608745,0.565953213170647,0.999999,1e-06,0.551847613473663,5.51847613473663e-07,2.75923668774928,23.2652445210544,42.1588205747758,2000
"Daejeon","Total","50-54",13017,12975,0.499192059095106,0.585388132138316,0.999999,1e-06,0.551847061626049,5.51847061626049e-07,2.75923392851259,20.5060078333051,37.158860233636,2000
"Daejeon","Total","55-59",8880,9339,0.51259673966738,0.601107414484951,0.999999,1e-06,0.551846509778988,5.51846509778988e-07,2.75923116927866,17.7467739047925,32.1588948925309,2000
"Daejeon","Total","60-64",7393,8694,0.54043637719898,0.633754154586492,0.999999,1e-06,0.551845957932478,5.51845957932478e-07,2.7592284100475,14.9875427355138,27.1589245514554,2000
"Daejeon","Total","65-69",4741,7160,0.601630115116377,0.705514286354136,0.952242494600979,0.0477575053990206,0.55184540608652,0.0263547599606017,2.6933401305311,12.2283143254663,22.1589492104047,2000
"Daejeon","Total","70-74",2824,3788,0.572897761645493,0.671820684014492,0.999999,1e-06,0.525490646125918,5.25490646125918e-07,2.62745191690298,9.53497419493524,18.1448980400128,2000
"Daejeon","Total","75-79",1715,2655,0.607551487414188,0.712458108888883,0.851593776068969,0.148406223931031,0.525490120635272,0.0779860045165427,2.432485591885,6.90752227803226,13.1449136849265,2000
"Daejeon","Total","80-84",1485,1592,0.517387065323367,0.60672489123964,0.999999,1e-06,0.44750411611873,4.4750411611873e-07,2.23751946183336,4.47503668614725,9.9999900000025,2000
"Daejeon","Total","85+",382,581,0.603322949117342,0.707499423969589,0.999999,1e-06,0.447503668614614,4.47503668614614e-07,2.2375172243139,2.2375172243139,4.9999975,2000
"Gangwon","Female","0-4",6325,37950,0.857142857142857,1,0.906983798690107,0.0930162013098931,1,0.0930162013098931,4.76745949672527,38.1217093640375,38.1217093640375,2000
"Gangwon","Female","5-9",10762,37588,0.77741468459152,0.906983798690107,0.903996131783076,0.0960038682169235,0.906983798690107,0.0870739530843297,4.31723411073971,33.3542498673122,36.7749125348032,2000
"Gangwon","Female","10-14",15407,36430,0.702779867662095,0.819909845605777,0.883725065546588,0.116274934453412,0.819909845605777,0.0953349635555185,3.86121181914009,29.0370157565725,35.4148884931598,2000
"Gangwon","Female","15-19",26585,43572,0.621064184614507,0.724574882050259,0.709726580442778,0.290273419557222,0.724574882050259,0.210324828737999,3.0970623384063,25.1758039374324,34.7456205854044,2000
"Gangwon","Female","20-24",44580,35139,0.440785759981937,0.514250053312259,0.766025393992525,0.233974606007475,0.514250053312259,0.120321453613059,2.27044663252865,22.0787415990261,42.9338635102087,2000
"Gangwon","Female","25-29",78096,39812,0.337653085456458,0.3939285996992,0.770480451656039,0.229519548343961,0.3939285996992,0.0904143142827294,1.74360721278918,19.8082949664975,50.2839727342032,2000
"Gangwon","Female","30-34",94638,33278,0.260155101785547,0.303514285416471,0.999999,1e-06,0.303514285416471,3.03514285416471e-07,1.51757066829664,18.0646877537083,59.5184102419449,2000
"Gangwon","Female","35-39",95934,37113,0.278946537689689,0.325437627304637,0.999999,1e-06,0.303513981902186,3.03513981902186e-07,1.51756915072597,16.5471170854116,54.5184672604122,2000
"Gangwon","Female","40-44",83540,39773,0.32253695879591,0.376293118595228,0.999999,1e-06,0.303513678388204,3.03513678388204e-07,1.51756763315682,15.0295479346857,49.5185192789314,2000
"Gangwon","Female","45-49",49247,29178,0.372049729040485,0.434058017213899,0.999999,1e-06,0.303513374874525,3.03513374874525e-07,1.51756611558919,13.5119803015288,44.5185662974977,2000
"Gangwon","Female","50-54",31173,20686,0.398889295975626,0.465370845304897,0.999999,1e-06,0.303513071361151,3.03513071361151e-07,1.51756459802307,11.9944141859397,39.5186083161061,2000
"Gangwon","Female","55-59",29220,26198,0.472734490598722,0.551523572365176,0.999999,1e-06,0.303512767848079,3.03512767848079e-07,1.51756308045848,10.4768495879166,34.5186453347514,2000
"Gangwon","Female","60-64",26804,28252,0.513150247021215,0.598675288191417,0.999999,1e-06,0.303512464335311,3.03512464335311e-07,1.5175615628954,8.95928650745811,29.5186773534287,2000
"Gangwon","Female","65-69",20572,22765,0.525301705240326,0.612851989447047,0.978610822956968,0.0213891770430316,0.303512160822847,0.00649187534255294,1.50133111575785,7.44172494456271,24.5187043721331,2000
"Gangwon","Female","70-74",15477,16373,0.514065934065934,0.59974358974359,0.999999,1e-06,0.297020285480294,2.97020285480294e-07,1.48510068485076,5.94039382880486,19.999960000035,2000
"Gangwon","Female","75-79",8275,11327,0.57784919906132,0.674157398904874,0.999999,1e-06,0.297019988460009,2.97019988460009e-07,1.48509919975007,4.4552931439541,14.9999775000125,2000
"Gangwon","Female","80-84",4992,7484,0.599871753767233,0.699850379395105,0.999999,1e-06,0.29701969144002,2.9701969144002e-07,1.48509771465087,2.97019394420403,9.9999900000025,2000
"Gangwon","Female","85+",2333,4187,0.64217791411043,0.749207566462168,0.999999,1e-06,0.297019394420329,2.97019394420329e-07,1.48509622955316,1.48509622955316,4.9999975,2000
"Gangwon","Male","0-4",6407,45382,0.876286470099828,1,0.897880297937627,0.102119702062373,1,0.102119702062373,4.74470074484407,42.5024142864126,42.5024142864126,2000
"Gangwon","Male","5-9",10993,40569,0.786800356851945,0.897880297937627,0.873683188808342,0.126316811191658,0.897880297937627,0.113417376067297,4.20585804951989,37.7577135415686,42.0520570818801,2000
"Gangwon","Male","10-14",17542,38577,0.687414244729949,0.78446292187033,0.910000846429228,0.0899991535707725,0.78446292187033,0.0706009989759847,3.74581211191169,33.5518554920487,42.7704797214045,2000
"Gangwon","Male","15-19",27526,45984,0.625547544551762,0.713861922894345,0.794195795604507,0.205804204395493,0.713861922894345,0.146915785089508,3.20202015174796,29.806043380137,41.7532332573346,2000
"Gangwon","Male","20-24",33018,32599,0.496807229833732,0.566946137804838,0.777553211124976,0.222446788875024,0.566946137804838,0.126115347819783,2.51944231947473,26.604023228389,46.9251335433685,2000
"Gangwon","Male","25-29",64147,40377,0.386294056867322,0.440830789985055,0.869630958180191,0.130369041819809,0.440830789985055,0.0574706876950211,2.06047723068772,24.0845809089143,54.6345252102986,2000
"Gangwon","Male","30-34",87097,44060,0.335933270812843,0.383360102290034,0.973030329107792,0.0269696708922085,0.383360102290034,0.0103390957919656,1.89095277197025,22.0241036782266,57.4501716445289,2000
"Gangwon","Male","35-39",91208,44291,0.326873261057277,0.373021006498068,0.999999,1e-06,0.373021006498068,3.73021006498068e-07,1.86510409993782,20.1331509062563,53.9732362401435,2000
"Gangwon","Male","40-44",75444,47462,0.38616503669471,0.440683554831923,0.999999,1e-06,0.373020633477062,3.73020633477062e-07,1.86510223483372,18.2680468063185,48.9732877134312,2000
"Gangwon","Male","45-49",45407,34578,0.43230605738576,0.49333873354967,0.999999,1e-06,0.373020260456428,3.73020260456428e-07,1.86510036973149,16.4029445714848,43.9733341867654,2000
"Gangwon","Male","50-54",28920,23492,0.448217965351446,0.511497073896832,0.999999,1e-06,0.373019887436168,3.73019887436168e-07,1.86509850463112,14.5378442017533,38.9733756601411,2000
"Gangwon","Male","55-59",25468,24921,0.494572228065649,0.564395600002025,0.999999,1e-06,0.37301951441628,3.7301951441628e-07,1.86509663953261,12.6727456971222,33.9734121335532,2000
"Gangwon","Male","60-64",19330,26265,0.576050005483057,0.657376354809441,0.999999,1e-06,0.373019141396766,3.73019141396766e-07,1.86509477443598,10.8076490575896,28.9734436069968,2000
"Gangwon","Male","65-69",11951,16310,0.5771204132904,0.6585978820655,0.999999,1e-06,0.373018768377624,3.73018768377624e-07,1.8650929093412,8.94255428315359,23.9734700804669,2000
"Gangwon","Male","70-74",6369,8838,0.581179719865851,0.663230278791868,0.999999,1e-06,0.373018395358856,3.73018395358856e-07,1.86509104424829,7.07746137381239,18.9734915539584,2000
"Gangwon","Male","75-79",3702,6292,0.629577746647989,0.71846110619084,0.999999,1e-06,0.373018022340461,3.7301802234046e-07,1.86508917915725,5.21237032956409,13.9735080274665,2000
"Gangwon","Male","80-84",1930,4223,0.686331870632212,0.78322773893111,0.86313622117687,0.13686377882313,0.373017649322438,0.0510526050539899,1.73745673397722,3.34728115040685,8.97351950098597,2000
"Gangwon","Male","85+",1008,1465,0.59239789729074,0.676032230901902,0.999999,1e-06,0.321965044268448,3.21965044268448e-07,1.60982441642963,1.60982441642963,4.9999975,2000
"Gangwon","Total","0-4",12732,83332,0.867463357761492,1,0.901776865134142,0.0982231348658581,1,0.0982231348658581,4.75444216283536,40.7369951603038,40.7369951603038,2000
"Gangwon","Total","5-9",21755,78157,0.782258387380895,0.901776865134142,0.888187757403834,0.111812242596166,0.901776865134142,0.100829693611989,4.25681009164074,35.9825529974685,39.9018364616351,2000
"Gangwon","Total","10-14",32949,75007,0.694792322798177,0.800947171522153,0.897186341888649,0.102813658111351,0.800947171522153,0.0823483086581324,3.79886508596544,31.7257429058277,39.6102814690447,2000
"Gangwon","Total","15-19",54111,89556,0.623358182463614,0.718598862864021,0.747689879068069,0.252310120931931,0.718598862864021,0.181309765990769,3.13971989934318,27.9268778198623,38.8629585476353,2000
"Gangwon","Total","20-24",77598,67738,0.466078604062311,0.537289096873252,0.773496520220871,0.226503479779129,0.537289096873252,0.121697850089177,2.38220085914332,24.7871579205191,46.1337445050862,2000
"Gangwon","Total","25-29",142243,80189,0.360510178391598,0.415591246784075,0.828043689656431,0.171956310343569,0.415591246784075,0.0714635374080732,1.89929739040019,22.4049570613758,53.9110417621874,2000
"Gangwon","Total","30-34",181735,77338,0.298518178274077,0.344127709376001,0.999999,1e-06,0.344127709376001,3.44127709376001e-07,1.72063768656073,20.5056596709756,59.5873540906021,2000
"Gangwon","Total","35-39",187142,81404,0.303128700483344,0.349442656881293,0.999999,1e-06,0.344127365248292,3.44127365248292e-07,1.72063596592305,18.7850219844149,54.5874111780133,2000
"Gangwon","Total","40-44",158984,87235,0.354298409139831,0.408430403393759,0.999999,1e-06,0.344127021120927,3.44127021120927e-07,1.72063424528708,17.0643860184918,49.5874632654765,2000
"Gangwon","Total","45-49",94654,63756,0.402474591250552,0.463967253082766,0.999999,1e-06,0.344126676993906,3.44126676993906e-07,1.72063252465284,15.3437517732047,44.5875103529869,2000
"Gangwon","Total","50-54",60093,44178,0.423684437667233,0.488417676523605,0.999999,1e-06,0.344126332867229,3.44126332867229e-07,1.72063080402031,13.6231192485519,39.5875524405393,2000
"Gangwon","Total","55-59",54688,51119,0.48313438619373,0.556950771316115,0.999999,1e-06,0.344125988740896,3.44125988740896e-07,1.72062908338951,11.9024884445316,34.5875895281289,2000
"Gangwon","Total","60-64",46134,54517,0.541643898222571,0.624399743662135,0.999999,1e-06,0.344125644614907,3.44125644614907e-07,1.72062736276042,10.1818593611421,29.5876216157505,2000
"Gangwon","Total","65-69",32523,39075,0.545755468029833,0.629139505601904,0.981675020905141,0.0183249790948594,0.344125300489262,0.00630608893747795,1.70486128010262,8.46123199838166,24.5876487033992,2000
"Gangwon","Total","70-74",21846,25211,0.535754510487281,0.617610537313999,0.999999,1e-06,0.337819211551784,3.37819211551784e-07,1.68909521321089,6.75637071827905,19.999960000035,2000
"Gangwon","Total","75-79",11977,17619,0.595316934720908,0.686273292577033,0.999999,1e-06,0.337818873732573,3.37818873732573e-07,1.68909352411568,5.06727550506815,14.9999775000125,2000
"Gangwon","Total","80-84",6922,11707,0.628428793816093,0.724444194896908,0.999999,1e-06,0.337818535913699,3.37818535913699e-07,1.68909183502216,3.37818198095248,9.9999900000025,2000
"Gangwon","Total","85+",3341,5652,0.628488824641388,0.724513397618565,0.999999,1e-06,0.337818198095163,3.37818198095163e-07,1.68909014593032,1.68909014593032,4.9999975,2000
"Gwangju","Female","0-4",7986,43789,0.845755673587639,1,0.911552514796113,0.0884474852038869,1,0.0884474852038869,4.77888128699028,48.389482184697,48.389482184697,2000
"Gwangju","Female","5-9",11627,39135,0.770950711161893,0.911552514796113,0.999999,1e-06,0.911552514796113,9.11552514796113e-07,4.55776029509928,43.6106008977068,47.8421157199716,2000
"Gwangju","Female","10-14",9079,30586,0.771108029749149,0.911738524292909,0.999999,1e-06,0.911551603243598,9.11551603243598e-07,4.55775573733898,39.0528406026075,42.8421610621327,2000
"Gwangju","Female","15-19",9657,33943,0.778509174311927,0.920489449405102,0.871246309179677,0.128753690820323,0.911550691691995,0.117365515925163,4.26433966864707,34.4950848652685,37.8422014043341,2000
"Gwangju","Female","20-24",13564,28596,0.678273244781784,0.801973035433028,0.770831447984161,0.229168552015839,0.794185175766832,0.182002266762929,3.51592021192684,30.2307451966214,38.0651088928119,2000
"Gwangju","Female","25-29",20155,22084,0.522834347404058,0.618186036147094,0.79672331231691,0.20327668768309,0.612182909003903,0.124442513998512,2.74980826002324,26.7148249846946,43.6386324932901,2000
"Gwangju","Female","30-34",22070,15757,0.416554313056811,0.492523226347174,0.948466037000432,0.0515339629995685,0.487740395005391,0.0251351954696028,2.37586398635295,23.9650167246714,49.134779423809,2000
"Gwangju","Female","35-39",21057,13753,0.395087618500431,0.467141552624171,0.999999,1e-06,0.462605199535789,4.62605199535789e-07,2.31302484116594,21.5891527383184,46.6686339885123,2000
"Gwangju","Female","40-44",17049,13195,0.43628488295199,0.515852150422236,0.921157605614461,0.0788423943855389,0.462604736930589,0.0364728651137,2.2218415218687,19.2761278971525,41.6686781571904,2000
"Gwangju","Female","45-49",13058,8774,0.401887138145841,0.475181131734018,0.925639636079633,0.074360363920367,0.426131871816889,0.0316873210663711,2.05144105641852,17.0542863752838,40.0211472156959,2000
"Gwangju","Female","50-54",11314,6702,0.372002664298401,0.439846489850185,0.999999,1e-06,0.394444550750518,3.94444550750518e-07,1.97222176764121,15.0028453188653,38.035372247681,2000
"Gwangju","Female","55-59",7012,6073,0.464119220481467,0.548762763260818,0.981443103039306,0.0185568969606935,0.394444156305967,0.00731965956531752,1.95392163261654,13.030623551224,33.0354077830888,2000
"Gwangju","Female","60-64",5562,4653,0.455506607929515,0.538579429207122,0.999999,1e-06,0.38712449674065,3.8712449674065e-07,1.93562151589201,11.0767019186075,28.6127641414235,2000
"Gwangju","Female","65-69",4648,3999,0.462472533826761,0.546815762837255,0.999999,1e-06,0.387124109616153,3.87124109616153e-07,1.93561958027049,9.14108040271549,23.6127902542138,2000
"Gwangju","Female","70-74",3173,3276,0.50798573422236,0.600629413536794,0.999999,1e-06,0.387123722492043,3.87123722492043e-07,1.93561764465091,7.205460822445,18.6128113670252,2000
"Gwangju","Female","75-79",2025,2826,0.582560296846011,0.688804479873992,0.999999,1e-06,0.387123335368321,3.87123335368321e-07,1.93561570903327,5.26984317779409,13.6128274798526,2000
"Gwangju","Female","80-84",518,1098,0.679455445544555,0.803370839550328,0.81504541737397,0.18495458262603,0.387122948244986,0.0716001633176096,1.7566143329309,3.33422746876082,8.61283859269123,2000
"Gwangju","Female","85+",813,1009,0.553787047200878,0.654783721227374,0.999999,1e-06,0.315522784927376,3.15522784927376e-07,1.57761313582992,1.57761313582992,4.9999975,2000
"Gwangju","Male","0-4",7997,46894,0.854311271428832,1,0.91951499187695,0.08048500812305,1,0.08048500812305,4.79878747969237,55.3264048954466,55.3264048954466,2000
"Gwangju","Male","5-9",12744,46683,0.785552021808269,0.91951499187695,0.970590437732102,0.0294095622678977,0.91951499187695,0.0270425334098706,4.52996862586007,50.5276174157542,54.9502921236937,2000
"Gwangju","Male","10-14",10304,33072,0.762449280708226,0.892472458467079,0.997250929495942,0.00274907050405759,0.892472458467079,0.00245346971125561,4.45622861805726,45.9976487898941,51.5395722898836,2000
"Gwangju","Male","15-19",11180,35472,0.760353253879791,0.890018988755824,0.932112438433461,0.0678875615665393,0.890018988755824,0.06042121889455,4.29904189654274,41.5414201718369,46.6747571643483,2000
"Gwangju","Male","20-24",9010,21924,0.708734725544708,0.829597769861274,0.848750840932985,0.151249159067015,0.829597769861274,0.125475965055388,3.8342989366679,37.2423782752941,44.892090635106,2000
"Gwangju","Male","25-29",15895,23996,0.60153919430448,0.704121804805885,0.827378273303499,0.172621726696501,0.704121804805885,0.121546721750249,3.21674221965381,33.4080793386262,47.4464490527122,2000
"Gwangju","Male","30-34",17584,17423,0.497700459908018,0.582575083055637,0.898210807794251,0.101789192205749,0.582575083055637,0.0592998471034304,2.76462579751961,30.1913371189724,51.8239416636518,2000
"Gwangju","Male","35-39",18251,14755,0.447039932133551,0.523275235952207,0.999999,1e-06,0.523275235952207,5.23275235952207e-07,2.61637487157294,27.4267113214528,52.4135472827112,2000
"Gwangju","Male","40-44",17084,14552,0.459982298647111,0.538424710091665,0.999999,1e-06,0.523274712676971,5.23274712676971e-07,2.61637225519807,24.8103364498799,47.4135971963083,2000
"Gwangju","Male","45-49",12577,10732,0.460423012570252,0.538940580521894,0.999999,1e-06,0.523274189402258,5.23274189402258e-07,2.61636963882582,22.1939641946818,42.4136421099505,2000
"Gwangju","Male","50-54",9632,8615,0.472132405326903,0.552646817520345,0.999999,1e-06,0.523273666128069,5.23273666128069e-07,2.61636702245618,19.577594555856,37.4136820236325,2000
"Gwangju","Male","55-59",5727,5504,0.490072121805716,0.573645857423926,0.999999,1e-06,0.523273142854402,5.23273142854402e-07,2.61636440608916,16.9612275333998,32.4137169373494,2000
"Gwangju","Male","60-64",3732,4738,0.559386068476978,0.65478015705143,0.999999,1e-06,0.52327261958126,5.2327261958126e-07,2.61636178972475,14.3448631273107,27.4137468510963,2000
"Gwangju","Male","65-69",2022,3529,0.635741307872455,0.744156526003901,0.999999,1e-06,0.52327209630864,5.2327209630864e-07,2.61635917336296,11.7285013375859,22.413771764868,2000
"Gwangju","Male","70-74",1311,2636,0.667848999239929,0.781739655761482,0.88876808219676,0.11123191780324,0.523271573036544,0.0582045006007731,2.47084661368079,9.11214216422294,17.4137916786597,2000
"Gwangju","Male","75-79",543,793,0.593562874251497,0.694785254628288,0.965785926760829,0.034214073239171,0.465067072435771,0.0159118388774443,2.28555576498524,6.64129555054216,14.2802962070796,2000
"Gwangju","Male","80-84",434,583,0.573254670599803,0.671013821040939,0.959683879941219,0.040316120058781,0.449155233558326,0.0181081963211673,2.20050567698871,4.35573978555692,9.69762670034944,2000
"Gwangju","Male","85+",157,192,0.550143266475645,0.643961147270751,0.999999,1e-06,0.431047037237159,4.31047037237159e-07,2.1552341085682,2.1552341085682,4.9999975,2000
"Gwangju","Total","0-4",15983,90683,0.85015843849024,1,0.916094503490626,0.0839054965093735,1,0.0839054965093735,4.79023625872657,52.6764087535515,52.6764087535515,2000
"Gwangju","Total","5-9",24371,85818,0.778825472597083,0.916094503490626,0.984283652482539,0.0157163475174611,0.916094503490626,0.0143976595756947,4.5444783685139,47.8861724948249,52.2720879913181,2000
"Gwangju","Total","10-14",19383,63658,0.766585180814297,0.901696843914932,0.999999,1e-06,0.901696843914932,9.01696843914932e-07,4.50848196533255,43.341694126311,48.0668136068135,2000
"Gwangju","Total","15-19",20837,69415,0.769124229933963,0.904683403836839,0.898638704371383,0.101361295628617,0.901695942218088,0.0913970689662915,4.27998703867471,38.8332121609784,43.0668591736726,2000
"Gwangju","Total","20-24",22574,50520,0.691164801488494,0.81298352189023,0.811762592934612,0.188237407065388,0.810298873251796,0.152528558848923,3.67017296913667,34.5532251223037,42.6425683941023,2000
"Gwangju","Total","25-29",36050,46080,0.561061731401437,0.659949611742726,0.811954274159962,0.188045725840038,0.657770314402873,0.123690896207918,2.97962433149457,30.8830521531671,46.951118767351,2000
"Gwangju","Total","30-34",39654,33180,0.455556470878985,0.535848907984714,0.922767648488699,0.0772323515113014,0.534079418194955,0.0412482093609841,2.56727656757231,27.9034278216725,52.2458399838335,2000
"Gwangju","Total","35-39",39308,28508,0.420372773386811,0.494464036766292,0.999999,1e-06,0.492831208833971,4.92831208833971e-07,2.46415481209183,25.3361512541002,51.4093888535286,2000
"Gwangju","Total","40-44",34133,27747,0.448400129282482,0.52743125161326,0.963676603281008,0.0363233967189924,0.492830716002762,0.0179012856126734,2.41940036598213,22.8719964420083,46.4094377629664,2000
"Gwangju","Total","45-49",25635,19506,0.432112713497707,0.508273157018917,0.977491384351749,0.0225086156482514,0.474929430390088,0.0106900040086934,2.34792214192871,20.4525960760262,43.0644949908185,2000
"Gwangju","Total","50-54",20946,15317,0.422386454512864,0.496832631883255,0.999999,1e-06,0.464239426381395,4.64239426381395e-07,2.32119597130841,18.1046739340975,38.9985703610267,2000
"Gwangju","Total","55-59",12739,11577,0.476106267478204,0.56002063371117,0.999999,1e-06,0.464238962141969,4.64238962141969e-07,2.32119365011244,15.7834779627891,33.9986068596336,2000
"Gwangju","Total","60-64",9294,9391,0.502595664971903,0.591178822931453,0.999999,1e-06,0.464238497903006,4.64238497903006e-07,2.32119132891879,13.4622843126767,28.9986383582719,2000
"Gwangju","Total","65-69",6670,7528,0.530215523313143,0.623666718235167,0.999999,1e-06,0.464238033664508,4.64238033664508e-07,2.32118900772746,11.1410929837579,23.9986648569368,2000
"Gwangju","Total","70-74",4484,5912,0.568680261639092,0.668910918121317,0.999999,1e-06,0.464237569426475,4.64237569426475e-07,2.32118668653845,8.81990397603042,18.9986863556232,2000
"Gwangju","Total","75-79",2568,3619,0.584936156457087,0.68803193613634,0.999999,1e-06,0.464237105188905,4.64237105188905e-07,2.32118436535176,6.49871728949197,13.998702854326,2000
"Gwangju","Total","80-84",952,1681,0.638435244967717,0.750960310529278,0.866495535903893,0.133504464096107,0.4642366409518,0.0619776639640467,2.16623904484888,4.17753292414021,8.99871435304036,2000
"Gwangju","Total","85+",970,1201,0.553201289728236,0.650703756714621,0.999999,1e-06,0.402258976987753,4.02258976987753e-07,2.01129387929132,2.01129387929132,4.9999975,2000
"Gyeongbuk","Female","0-4",9645,68219,0.876130175690948,1,0.91718599827866,0.0828140017213402,1,0.0828140017213402,4.79296499569665,39.0689788595072,39.0689788595072,2000
"Gyeongbuk","Female","5-9",15717,64298,0.80357432981316,0.91718599827866,0.950687083062084,0.0493129169379161,0.91718599827866,0.0452291169497352,4.47285719901896,34.2760138638106,37.370842913148,2000
"Gyeongbuk","Female","10-14",18608,60222,0.763947735633642,0.871956881328925,0.84677369831582,0.15322630168418,0.871956881328925,0.133606728154103,4.02576758625937,29.8031566647916,34.1796220695793,2000
"Gyeongbuk","Female","15-19",41425,75890,0.646890849422495,0.738350153174822,0.707529916764036,0.292470083235964,0.738350153174822,0.215945330756327,3.15188743898329,25.7773890785323,34.9121469910888,2000
"Gyeongbuk","Female","20-24",80874,68256,0.457694628847314,0.522404822418495,0.80026260989178,0.19973739010822,0.522404822418495,0.104343775809818,2.35116467256793,22.625501639549,43.3102847994459,2000
"Gyeongbuk","Female","25-29",118495,68487,0.366275898214801,0.418061046608676,0.771315803939354,0.228684196060646,0.418061046608676,0.0956039543479775,1.85129534717344,20.274336966981,48.4961158937123,2000
"Gyeongbuk","Female","30-34",158941,62584,0.282514388895159,0.322457092260699,0.950149553018754,0.049850446981246,0.322457092260699,0.0160746301814687,1.57209888584982,18.4230416198076,57.1333118792531,2000
"Gyeongbuk","Female","35-39",186515,68437,0.268430920330101,0.30638246207923,0.999999,1e-06,0.30638246207923,3.0638246207923e-07,1.53191154444,16.8509427339578,54.9996975009625,2000
"Gyeongbuk","Female","40-44",183176,69703,0.275637755606436,0.314608220620935,0.999999,1e-06,0.306382155696768,3.06382155696768e-07,1.53191001252845,15.3190311895178,49.9997500007125,2000
"Gyeongbuk","Female","45-49",144551,61467,0.298357425079362,0.340540062832634,0.999999,1e-06,0.306381849314613,3.06381849314613e-07,1.53190848061844,13.7871211769893,44.99979750051,2000
"Gyeongbuk","Female","50-54",106836,54378,0.337303211879862,0.384992117882313,0.999999,1e-06,0.306381542932763,3.06381542932763e-07,1.53190694870996,12.2552126963709,39.99984000035,2000
"Gyeongbuk","Female","55-59",81666,55771,0.40579319979336,0.463165418852668,0.999999,1e-06,0.30638123655122,3.0638123655122e-07,1.53190541680301,10.7233057476609,34.9998775002275,2000
"Gyeongbuk","Female","60-64",73658,68089,0.480355845273621,0.548269947322377,0.999999,1e-06,0.306380930169984,3.06380930169984e-07,1.53190388489759,9.19140033085792,29.9999100001375,2000
"Gyeongbuk","Female","65-69",56764,60633,0.516478274572604,0.589499470401519,0.999999,1e-06,0.306380623789054,3.06380623789054e-07,1.53190235299371,7.65949644596033,24.999937500075,2000
"Gyeongbuk","Female","70-74",41161,44626,0.520195367596489,0.593742096813689,0.999999,1e-06,0.30638031740843,3.0638031740843e-07,1.53190082109136,6.12759409296662,19.999960000035,2000
"Gyeongbuk","Female","75-79",29076,31652,0.521209326834409,0.594899412548329,0.999999,1e-06,0.306380011028112,3.06380011028112e-07,1.53189928919053,4.59569327187527,14.9999775000125,2000
"Gyeongbuk","Female","80-84",15616,18214,0.538397871711499,0.614518123733038,0.999999,1e-06,0.306379704648101,3.06379704648101e-07,1.53189775729125,3.06379398268473,9.9999900000025,2000
"Gyeongbuk","Female","85+",9005,12906,0.589019214093378,0.672296458261874,0.999999,1e-06,0.306379398268397,3.06379398268397e-07,1.53189622539349,1.53189622539349,4.9999975,2000
"Gyeongbuk","Male","0-4",9914,82042,0.892187567967289,1,0.90493124946301,0.0950687505369898,1,0.0950687505369898,4.76232812365753,41.7167489868744,41.7167489868744,2000
"Gyeongbuk","Male","5-9",19466,81587,0.807368410636003,0.90493124946301,0.923314656128236,0.0766853438717644,0.90493124946301,0.0693949640453763,4.35116883720161,36.9544208632168,40.8367164744788,2000
"Gyeongbuk","Male","10-14",25665,75162,0.745455086435181,0.835536285417634,0.849184469026537,0.150815530973463,0.835536285417634,0.126011848532855,3.86265180575603,32.6032520260152,39.0207494216949,2000
"Gyeongbuk","Male","15-19",44598,76932,0.633028881757591,0.709524436884779,0.820985773179098,0.179014226820902,0.709524436884779,0.127014968479465,3.23008476322523,28.7406002202592,40.5068504003146,2000
"Gyeongbuk","Male","20-24",52056,56328,0.519707705934455,0.582509468405314,0.782439778824988,0.217560221175012,0.582509468405314,0.126730888782799,2.59572012006957,25.510515457034,43.7941644568832,2000
"Gyeongbuk","Male","25-29",105697,72436,0.406639982484997,0.455778579622515,0.823812342139189,0.176187657860811,0.455778579622515,0.0803025604468183,2.07813649699553,22.9147953369644,50.2761568039087,2000
"Gyeongbuk","Male","30-34",154742,77951,0.334995036378404,0.375476019175697,0.921639289938467,0.0783607100615326,0.375476019175697,0.0294225674736852,1.80382367719427,20.8366588399689,55.4939803764637,2000
"Gyeongbuk","Male","35-39",186462,83282,0.308744587460703,0.346053451702012,0.999999,1e-06,0.346053451702012,3.46053451702012e-07,1.73026639337643,19.0328351627746,54.9996975009625,2000
"Gyeongbuk","Male","40-44",184191,82720,0.309916039428873,0.347366462564558,0.999999,1e-06,0.34605310564856,3.4605310564856e-07,1.73026466311004,17.3025687693981,49.9997500007125,2000
"Gyeongbuk","Male","45-49",147028,67245,0.31382862049815,0.351751842062941,0.999999,1e-06,0.346052759595454,3.46052759595454e-07,1.73026293284537,15.5723041062881,44.99979750051,2000
"Gyeongbuk","Male","50-54",111740,58110,0.342125404768914,0.383468025169184,0.999999,1e-06,0.346052413542695,3.46052413542695e-07,1.73026120258244,13.8420411734427,39.99984000035,2000
"Gyeongbuk","Male","55-59",80701,51370,0.388957454702395,0.435959285544153,0.999999,1e-06,0.346052067490281,3.46052067490281e-07,1.73025947232124,12.1117799708603,34.9998775002275,2000
"Gyeongbuk","Male","60-64",70389,55717,0.44182671720616,0.495217298547203,0.999999,1e-06,0.346051721438214,3.46051721438214e-07,1.73025774206177,10.3815204985391,29.9999100001375,2000
"Gyeongbuk","Male","65-69",43852,45766,0.510678658305251,0.572389345738983,0.999999,1e-06,0.346051375386492,3.46051375386492e-07,1.73025601180402,8.6512627564773,24.999937500075,2000
"Gyeongbuk","Male","70-74",22319,30470,0.577203584080017,0.646953179806221,0.999999,1e-06,0.346051029335117,3.46051029335117e-07,1.73025428154801,6.92100674467328,19.999960000035,2000
"Gyeongbuk","Male","75-79",13637,18990,0.582033285315843,0.65236650477199,0.999999,1e-06,0.346050683284088,3.46050683284088e-07,1.73025255129373,5.19075246312526,14.9999775000125,2000
"Gyeongbuk","Male","80-84",5706,10187,0.640974013716731,0.718429662920647,0.999999,1e-06,0.346050337233404,3.46050337233404e-07,1.73025082104118,3.46049991183154,9.9999900000025,2000
"Gyeongbuk","Male","85+",1578,3876,0.710671067106711,0.796548946233206,0.999999,1e-06,0.346049991183067,3.46049991183067e-07,1.73024909079036,1.73024909079036,4.9999975,2000
"Gyeongbuk","Total","0-4",19559,150261,0.884825108938876,1,0.910566140316987,0.0894338596830132,1,0.0894338596830132,4.77641535079247,40.3805873761336,40.3805873761336,2000
"Gyeongbuk","Total","5-9",35183,145885,0.80569178430203,0.910566140316987,0.935307168553448,0.0646928314465519,0.910566140316987,0.0589071018364642,4.40556294699377,35.6041720253411,39.1011376866557,2000
"Gyeongbuk","Total","10-14",44273,135384,0.753569301502307,0.851659038480523,0.849075924768426,0.150924075231574,0.851659038480523,0.128535852795284,3.9369555604144,31.1986090783473,36.6327458157551,2000
"Gyeongbuk","Total","15-19",86023,152822,0.639837551550169,0.723123185685238,0.756121697813258,0.243878302186742,0.723123185685238,0.176354054796784,3.17473079143423,27.2616535179329,37.6998747344818,2000
"Gyeongbuk","Total","20-24",132930,124584,0.483795055802791,0.546769130888454,0.797794023977472,0.202205976022528,0.546769130888454,0.110559985770289,2.45744569001655,24.0869227264987,44.0531869225307,2000
"Gyeongbuk","Total","25-29",224192,140923,0.385968804349315,0.436209145118165,0.80161890856327,0.19838109143673,0.436209145118165,0.0865356463032247,1.96470660983276,21.6294770364822,49.5851067740062,2000
"Gyeongbuk","Total","30-34",313683,140535,0.309399891681968,0.34967349881494,0.934570484022364,0.0654295159776362,0.34967349881494,0.0228789677776681,1.69117007463053,19.6647704266494,56.237520124614,2000
"Gyeongbuk","Total","35-39",372977,151719,0.289156006525683,0.326794531037272,0.999999,1e-06,0.326794531037272,3.26794531037272e-07,1.63397183820003,17.9736003520189,54.9996975009625,2000
"Gyeongbuk","Total","40-44",367367,152423,0.293239577521691,0.331409647578105,0.999999,1e-06,0.326794204242741,3.26794204242741e-07,1.6339702042282,16.3396285138188,49.9997500007125,2000
"Gyeongbuk","Total","45-49",291579,128712,0.30624495884994,0.346107898336207,0.999999,1e-06,0.326793877448537,3.26793877448537e-07,1.63396857025799,14.7056583095906,44.99979750051,2000
"Gyeongbuk","Total","50-54",218576,112488,0.339777203199381,0.384004929072207,0.999999,1e-06,0.32679355065466,3.2679355065466e-07,1.63396693628942,13.0716897393327,39.99984000035,2000
"Gyeongbuk","Total","55-59",162367,107141,0.397542930079998,0.449289838256003,0.999999,1e-06,0.326793223861109,3.26793223861109e-07,1.63396530232248,11.4377228030432,34.9998775002275,2000
"Gyeongbuk","Total","60-64",144047,123806,0.462216215610801,0.5223814411925,0.999999,1e-06,0.326792897067885,3.26792897067885e-07,1.63396366835718,9.80375750072075,29.9999100001375,2000
"Gyeongbuk","Total","65-69",100616,106399,0.513967586889839,0.580869125093221,0.999999,1e-06,0.326792570274988,3.26792570274988e-07,1.63396203439351,8.16979383236356,24.999937500075,2000
"Gyeongbuk","Total","70-74",63480,75096,0.541912019397298,0.612450996160342,0.999999,1e-06,0.326792243482418,3.26792243482418e-07,1.63396040043148,6.53583179797005,19.999960000035,2000
"Gyeongbuk","Total","75-79",42713,50642,0.542466927320443,0.613078134696014,0.999999,1e-06,0.326791916690174,3.26791916690174e-07,1.63395876647108,4.90187139753857,14.9999775000125,2000
"Gyeongbuk","Total","80-84",21322,28401,0.571184361361945,0.645533626466518,0.999999,1e-06,0.326791589898257,3.26791589898257e-07,1.63395713251231,3.26791263106749,9.9999900000025,2000
"Gyeongbuk","Total","85+",10583,16782,0.613265119678421,0.69309190424521,0.999999,1e-06,0.326791263106668,3.26791263106667e-07,1.63395549855518,1.63395549855518,4.9999975,2000
"Gyeonggi","Female","0-4",38354,272034,0.876432078559738,1,0.92377929488434,0.0762207051156598,1,0.0762207051156598,4.80944823721085,59.9817592087011,59.9817592087011,2000
"Gyeonggi","Female","5-9",56274,239329,0.809629807545932,0.92377929488434,0.945168642745137,0.0548313572548627,0.92377929488434,0.0506520725424484,4.49226629306558,55.1723109714902,59.7245589688151,2000
"Gyeonggi","Female","10-14",54008,176045,0.765236706324195,0.873127222341892,0.970235723979649,0.0297642760203508,0.873127222341892,0.0259879996466663,4.30066611259279,50.6800446784247,58.0442842481663,2000
"Gyeonggi","Female","15-19",52396,151052,0.742459989776257,0.847139222695225,0.919753162071171,0.0802468379288287,0.847139222695225,0.0679802439067777,4.06574550370918,46.3793785658319,54.7482365629029,2000
"Gyeonggi","Female","20-24",54251,116823,0.682879923308042,0.779158978788448,0.947564383311241,0.0524356166887586,0.779158978788448,0.0408556815513557,3.79365569006385,42.3136330621227,54.3068028657235,2000
"Gyeonggi","Female","25-29",59872,109772,0.647072693405013,0.738303297237092,0.925407635237996,0.0745923647620038,0.738303297237092,0.0550717888524993,3.55383701405421,38.5199773720588,52.1736493880087,2000
"Gyeonggi","Female","30-34",64447,96191,0.598806011031014,0.683231508384593,0.962703358363928,0.0372966416360719,0.683231508384593,0.025482240722693,3.35245194011623,34.9661403580046,51.1775875803463,2000
"Gyeonggi","Female","35-39",75894,103301,0.576472557828064,0.6577492676619,0.910704719344639,0.0892952806553609,0.6577492676619,0.0587339054567274,3.14191157466768,31.6136884178884,48.0634338526374,2000
"Gyeonggi","Female","40-44",79784,88181,0.524996278986694,0.599015362205172,0.963824068675129,0.0361759313248712,0.599015362205172,0.0216699386056772,2.94090196451167,28.4717768432207,47.5309627092146,2000
"Gyeonggi","Female","45-49",56113,57477,0.506004049652258,0.577345423599495,0.999999,1e-06,0.577345423599495,5.77345423599495e-07,2.88672567463392,25.530874878709,44.2211435911889,2000
"Gyeonggi","Female","50-54",41513,42972,0.508634668876132,0.580346933115437,0.999999,1e-06,0.577344846254072,5.77344846254072e-07,2.88672278790824,22.6441492040751,39.2211853123742,2000
"Gyeonggi","Female","55-59",37029,40660,0.523368816692196,0.597158444442449,0.999999,1e-06,0.577344268909225,5.77344268909225e-07,2.88671990118545,19.7574264161669,34.2212220335962,2000
"Gyeonggi","Female","60-64",32617,43898,0.573717571717964,0.654605856806117,0.999999,1e-06,0.577343691564956,5.77343691564956e-07,2.88671701446555,16.8707065149814,29.22125375485,2000
"Gyeonggi","Female","65-69",23543,38225,0.618847947157104,0.706099151658246,0.999999,1e-06,0.577343114221265,5.77343114221265e-07,2.88671412774854,13.9839895005159,24.2212804761304,2000
"Gyeonggi","Female","70-74",15891,26606,0.626067722427465,0.714336841089041,0.965799699797779,0.0342003002022208,0.577342536878151,0.0197452880807445,2.83734946418889,11.0972753727673,19.2213021974326,2000
"Gyeonggi","Female","75-79",11361,17376,0.604656018373525,0.68990630667829,0.98507491479088,0.0149250852091201,0.557597248797406,0.0083221864506722,2.76718077786035,8.25992590857844,14.8134265841393,2000
"Gyeonggi","Female","80-84",7220,10635,0.595631475777093,0.679609396264807,0.999999,1e-06,0.549275062346734,5.49275062346734e-07,2.74637393854601,5.49274513071809,9.9999900000025,2000
"Gyeonggi","Female","85+",3909,7367,0.65333451578574,0.745447972259733,0.999999,1e-06,0.549274513071672,5.49274513071672e-07,2.74637119217208,2.74637119217208,4.9999975,2000
"Gyeonggi","Male","0-4",41034,301298,0.880133905097975,1,0.907002290505077,0.0929977094949233,1,0.0929977094949233,4.76750572626269,65.4231458303523,65.4231458303523,2000
"Gyeonggi","Male","5-9",67218,266012,0.798283467875041,0.907002290505077,0.942792049942639,0.0572079500573608,0.907002290505077,0.0518877417371263,4.40529209818257,60.6556401040896,66.8748477694722,2000
"Gyeonggi","Male","10-14",60893,185254,0.752615307113229,0.85511454876795,0.967419531856227,0.032580468143773,0.85511454876795,0.027860032315411,4.20592266305122,56.250348005907,65.7810676791227,2000
"Gyeonggi","Male","15-19",57074,152830,0.728094748075311,0.82725451645254,0.981989570528846,0.0180104294711536,0.82725451645254,0.0148992091232617,4.09902455945454,52.0444253428558,62.9122287129171,2000
"Gyeonggi","Male","20-24",35875,89994,0.714981448966783,0.812355307329278,0.950810269290578,0.0491897307094223,0.812355307329278,0.0399595388078972,3.96187768962665,47.9454007834013,59.0202345584815,2000
"Gyeonggi","Male","25-29",52646,111776,0.679811704029874,0.772395768521381,0.991655306573993,0.00834469342600674,0.772395768521381,0.00644540589185579,3.84586532787726,43.9835230937746,56.9442828227471,2000
"Gyeonggi","Male","30-34",53073,109797,0.674138883772334,0.765950362629525,0.9827166650953,0.0172833349046995,0.765950362629525,0.0132381766377021,3.79665637155337,40.1376577658974,52.4024267422551,2000
"Gyeonggi","Male","35-39",63532,124704,0.662487515671816,0.752712185991823,0.963145601093031,0.0368543989069686,0.752712185991823,0.027740755164679,3.69420904204742,36.341001394344,48.2800757987712,2000
"Gyeonggi","Male","40-44",64792,114227,0.63807193649836,0.724971430827144,0.958954850341727,0.0410451496582726,0.724971430827144,0.0297565608762721,3.55046575194504,32.6467923522966,45.0318329303663,2000
"Gyeonggi","Male","45-49",47343,74638,0.611882178372042,0.695214869950872,0.979100934727208,0.0208990652727918,0.695214869950872,0.0145293409457188,3.43975099739006,29.0963266003515,41.8522788535977,2000
"Gyeonggi","Male","50-54",33911,50675,0.599094412786986,0.680685529005153,0.978728619115345,0.0212713808846553,0.680685529005153,0.0144791211501417,3.36722984215041,25.6565756029615,37.6922595085274,2000
"Gyeonggi","Male","55-59",31609,44806,0.586350847346725,0.666206407855011,0.999999,1e-06,0.666206407855011,6.66206407855011e-07,3.33103037375904,22.2893457608111,33.4571170406124,2000
"Gyeonggi","Male","60-64",26199,44702,0.630484760440614,0.716350951586656,0.999999,1e-06,0.666205741648603,6.66205741648603e-07,3.33102704272866,18.958315387052,28.4571479977604,2000
"Gyeonggi","Male","65-69",14790,31259,0.678820386979088,0.771269443259912,0.999999,1e-06,0.666205075442861,6.66205075442861e-07,3.33102371170162,15.6272883443234,23.4571739549344,2000
"Gyeonggi","Male","70-74",7543,18711,0.712691399405805,0.809753374205564,0.911840881630727,0.0881591183692729,0.666204409237786,0.0587319933721255,3.18419206275862,12.2962646326218,18.4571949121293,2000
"Gyeonggi","Male","75-79",5674,10531,0.649861153964826,0.738366230639057,0.999999,1e-06,0.60747241586566,6.0747241586566e-07,3.03736056064726,9.11207256986314,14.9999775000125,2000
"Gyeonggi","Male","80-84",2133,5860,0.73314149881146,0.832988587946567,0.999999,1e-06,0.607471808393245,6.07471808393244e-07,3.0373575232867,6.07471200921588,9.9999900000025,2000
"Gyeonggi","Male","85+",734,2955,0.801030089455137,0.910122976532721,0.999999,1e-06,0.607471200921436,6.07471200921436e-07,3.03735448592918,3.03735448592918,4.9999975,2000
"Gyeonggi","Total","0-4",79388,573332,0.878373575193038,1,0.914892250034803,0.0851077499651967,1,0.0851077499651967,4.78723062508701,63.1481297730638,63.1481297730638,2000
"Gyeonggi","Total","5-9",123492,505341,0.803617176579473,0.914892250034803,0.944122086806158,0.0558779131938422,0.914892250034803,0.0511222697291637,4.44665557585111,58.3608991479768,63.7899153105262,2000
"Gyeonggi","Total","10-14",114901,361299,0.758712725745485,0.86376998030564,0.968963826678961,0.031036173321039,0.86376998030564,0.0268081148182763,4.25182961448251,53.9142435721257,62.4173620308598,2000
"Gyeonggi","Total","15-19",109470,303882,0.73516518608837,0.836961865487363,0.947388719970353,0.0526112800296474,0.836961865487363,0.0440336350792918,4.07472523973859,49.6624139576432,59.3365313349429,2000
"Gyeonggi","Total","20-24",90126,206817,0.696487204615027,0.792928230408072,0.952187365513701,0.0478126344862987,0.792928230408072,0.0379119876543688,3.86986118290444,45.5876887179046,57.4928309645924,2000
"Gyeonggi","Total","25-29",112518,221548,0.663186316476385,0.755016242753703,0.960110765409037,0.0398892345909632,0.755016242753703,0.03011702002719,3.69978866370054,41.7178275350002,55.2542119926407,2000
"Gyeonggi","Total","30-34",117520,205988,0.636732321920942,0.724899222726513,0.974566951561514,0.0254330484384856,0.724899222726513,0.018436397044624,3.578405121021,38.0180388712997,52.4459644587631,2000
"Gyeonggi","Total","35-39",139426,228005,0.620538277935177,0.706462825681889,0.940047174192932,0.0599528258070681,0.706462825681889,0.0423544427272754,3.42642802159126,34.4396337502787,48.7493927469389,2000
"Gyeonggi","Total","40-44",144576,202408,0.583335254651511,0.664108382954613,0.961417624331417,0.038582375668583,0.664108382954613,0.0256228791158101,3.25648471698354,31.0132057286874,46.6990125779016,2000
"Gyeonggi","Total","45-49",103456,132115,0.560828794715818,0.638485503838803,0.987630388398748,0.0123696116012516,0.638485503838803,0.00789781769551544,3.17268297495523,27.7567210117039,43.4727505085402,2000
"Gyeonggi","Total","50-54",75424,93647,0.553891560350385,0.630587686143288,0.999999,1e-06,0.630587686143288,6.30587686143288e-07,3.15293685424722,24.5840380367486,38.9859151660669,2000
"Gyeonggi","Total","55-59",68638,85466,0.55459949125266,0.631393642654582,0.999999,1e-06,0.630587055555602,6.30587055555602e-07,3.15293370131037,21.4311011825014,33.9859516520185,2000
"Gyeonggi","Total","60-64",58816,88600,0.601020242036143,0.684242170996614,0.999999,1e-06,0.630586424968546,6.30586424968546e-07,3.15293054837667,18.278167481191,28.9859831380017,2000
"Gyeonggi","Total","65-69",38333,69484,0.644462376063144,0.733699640180446,0.999999,1e-06,0.630585794382121,6.30585794382121e-07,3.15292739544612,15.1252369328144,23.9860096240113,2000
"Gyeonggi","Total","70-74",23434,45317,0.659146776046894,0.750417356193843,0.942060131793349,0.0579398682066511,0.630585163796327,0.0365360212834287,3.06158576577306,11.9723095373683,18.9860311100424,2000
"Gyeonggi","Total","75-79",17035,27907,0.620955898713898,0.706938273475988,0.999999,1e-06,0.594049142512898,5.94049142512898e-07,2.97024422744163,8.91072377159519,14.9999775000125,2000
"Gyeonggi","Total","80-84",9353,16495,0.638153822346023,0.726517555136807,0.999999,1e-06,0.594048548463756,5.94048548463755e-07,2.97024125719741,5.94047954415356,9.9999900000025,2000
"Gyeonggi","Total","85+",4643,10322,0.689742733043769,0.785249866939799,0.999999,1e-06,0.594047954415207,5.94047954415207e-07,2.97023828695615,2.97023828695615,4.9999975,2000
"Gyeongnam","Female","0-4",8496,84272,0.908416695412211,1,0.930265458002611,0.0697345419973894,1,0.0697345419973894,4.82566364500653,47.4277802746839,47.4277802746839,2000
"Gyeongnam","Female","5-9",14969,81648,0.845068673214859,0.930265458002611,0.935578016024149,0.0644219839758506,0.930265458002611,0.0599295464287315,4.50150342394122,42.6021166296773,45.7956557057908,2000
"Gyeongnam","Female","10-14",18850,71181,0.790627672690518,0.870335911573879,0.914335463970464,0.0856645360295364,0.870335911573879,0.07455692205482,4.16528725273235,38.1006132057361,43.7769057889805,2000
"Gyeongnam","Female","15-19",31326,81723,0.722898919937372,0.795778989519059,0.837873515915458,0.162126484084542,0.795778989519059,0.129016849679075,3.65635282339761,33.9353259530038,42.6441592451606,2000
"Gyeongnam","Female","20-24",49244,75645,0.605697859699413,0.666762139839984,0.821535658850519,0.178464341149481,0.666762139839984,0.118993265989961,3.03632753422502,30.2789731296062,45.4119562590533,2000
"Gyeongnam","Female","25-29",81721,80941,0.497602390232507,0.547768873850023,0.865208520535973,0.134791479464027,0.547768873850023,0.0738345769105888,2.55425792697365,27.2426455953811,49.7338328187666,2000
"Gyeongnam","Female","30-34",105139,79487,0.430529827868231,0.473934296939435,0.933982815622982,0.066017184377018,0.473934296939435,0.031287807863643,2.29145196503807,24.6883876684075,52.0924267938399,2000
"Gyeongnam","Female","35-39",127723,85899,0.402107460842048,0.442646489075792,0.997954514684444,0.0020454853155556,0.442646489075792,0.000905426893386772,2.21096887814549,22.3969357033694,50.5977936256364,2000
"Gyeongnam","Female","40-44",127109,85194,0.40128495593562,0.441741062182405,0.931575212407158,0.0684247875928419,0.441741062182405,0.0302260383508674,2.13314021503486,20.1859668252239,45.6963786103468,2000
"Gyeongnam","Female","45-49",109311,65259,0.373827118061523,0.411515023831537,0.999999,1e-06,0.411515023831537,4.11515023831537e-07,2.05757409037013,18.0528266101891,43.8691798955544,2000
"Gyeongnam","Female","50-54",89444,55533,0.38304696607048,0.421664383762416,0.999999,1e-06,0.411514612316514,4.11514612316514e-07,2.05757203279604,15.995252519819,38.8692212647757,2000
"Gyeongnam","Female","55-59",60176,54770,0.476484610164773,0.524522075134869,0.999999,1e-06,0.411514200801901,4.11514200801901e-07,2.057569975224,13.9376804870229,33.8692576340333,2000
"Gyeongnam","Female","60-64",55743,56117,0.501671732522796,0.552248472596767,0.999999,1e-06,0.4115137892877,4.115137892877e-07,2.05756791765403,11.8801105117989,28.8692890033223,2000
"Gyeongnam","Female","65-69",44020,53914,0.550513611207548,0.606014413856344,0.999999,1e-06,0.411513377773911,4.11513377773911e-07,2.05756586008611,9.82254259414488,23.8693153726377,2000
"Gyeongnam","Female","70-74",28523,42097,0.596105919003115,0.656203174175064,0.957149087810364,0.0428509121896362,0.411512966260533,0.0176337059821268,2.01348056634735,7.76497673405877,18.8693367419744,2000
"Gyeongnam","Female","75-79",20890,27755,0.57056223661219,0.628084269579928,0.994693150688116,0.00530684931188374,0.393879260278407,0.00209025788137374,1.9641706566886,5.75149616771142,14.6021807892248,2000
"Gyeongnam","Female","80-84",9852,12929,0.567534348799438,0.624751121006103,0.955566703439052,0.0444332965609479,0.391789002397033,0.0174084769328253,1.9154238196531,3.78732551102282,9.66674788687613,2000
"Gyeongnam","Female","85+",6100,7228,0.542316926770708,0.596991369169654,0.999999,1e-06,0.374380525464208,3.74380525464208e-07,1.87190169136972,1.87190169136972,4.9999975,2000
"Gyeongnam","Male","0-4",7959,99328,0.925815802473739,1,0.880110819846357,0.119889180153643,1,0.119889180153643,4.70027704961589,48.8578375630045,48.8578375630045,2000
"Gyeongnam","Male","5-9",21696,95466,0.814820504941875,0.880110819846357,0.98224081004496,0.0177591899550403,0.880110819846357,0.0156300552311377,4.36147896115394,44.1575605133886,50.1727277038785,2000
"Gyeongnam","Male","10-14",20310,81418,0.800349952815351,0.86448076461522,0.935998536419429,0.0640014635805706,0.86448076461522,0.0553280341726248,4.18408373764454,39.7960815522346,46.0346640216429,2000
"Gyeongnam","Male","15-19",29650,88537,0.749126384458528,0.809152730442595,0.822102671766729,0.177897328233271,0.809152730442595,0.143946108878394,3.68589838001699,35.6119978145901,44.0114659133769,2000
"Gyeongnam","Male","20-24",35520,56946,0.615858802154305,0.665206621564201,0.868464002305146,0.131535997694854,0.665206621564201,0.0874986166406706,3.10728656621933,31.9260994345731,47.9942598278719,2000
"Gyeongnam","Male","25-29",68522,78790,0.534851200173781,0.57770800492353,0.886713921242294,0.113286078757706,0.57770800492353,0.0654462745447245,2.72492433825584,28.8188128683538,49.88473869627,2000
"Gyeongnam","Male","30-34",99092,89389,0.47426000498724,0.512261730378806,0.94329385037526,0.05670614962474,0.512261730378806,0.0290483903298888,2.48868767606931,26.0938885300979,50.9385866299286,2000
"Gyeongnam","Male","35-39",116352,94189,0.447366546183404,0.483213340048917,0.966348273512014,0.0336517264879858,0.483213340048917,0.0162609631546722,2.3754142923579,23.6052008540286,48.8504743094199,2000
"Gyeongnam","Male","40-44",121936,92858,0.432311889531365,0.466952376894245,0.970988859217225,0.0290111407827748,0.466952376894245,0.0135468211449302,2.3008948316089,21.2297865616707,45.4645647225795,2000
"Gyeongnam","Male","45-49",104858,75860,0.419770028442103,0.453405555749315,0.997487702991124,0.00251229700887634,0.453405555749315,0.00113908942151692,2.26418005519278,18.9288917300618,41.7482571398563,2000
"Gyeongnam","Male","50-54",81263,58536,0.418715441455232,0.452266466327798,0.950498438230053,0.049501561769947,0.452266466327798,0.0223878964194011,2.20536259059049,16.664711674869,36.8471087635108,2000
"Gyeongnam","Male","55-59",65240,43130,0.397988373166005,0.429878569908397,0.999999,1e-06,0.429878569908397,4.29878569908397e-07,2.14939177484556,14.4593490842785,33.6358918458292,2000
"Gyeongnam","Male","60-64",48759,46548,0.488400642135415,0.527535435051368,0.999999,1e-06,0.429878140029827,4.29878140029827e-07,2.14938962545378,12.309957309433,28.6359229817522,2000
"Gyeongnam","Male","65-69",32490,36892,0.531722925254389,0.574329066142151,0.999999,1e-06,0.429877710151687,4.29877710151687e-07,2.14938747606416,10.1605676839792,23.6359491177013,2000
"Gyeongnam","Male","70-74",15657,24376,0.608897659430969,0.657687693171819,0.999999,1e-06,0.429877280273976,4.29877280273976e-07,2.14938532667668,8.01118020791505,18.6359702536715,2000
"Gyeongnam","Male","75-79",7491,14480,0.659050566656047,0.711859275781525,0.974178392496249,0.0258216075037508,0.429876850396696,0.0111001113058921,2.12163397371875,5.86179488123837,13.6359863896579,2000
"Gyeongnam","Male","80-84",3381,6064,0.64203282159873,0.69347792496439,0.857487918544148,0.142512081455852,0.418776739090804,0.059680744753125,1.94468183357121,3.74016090751962,8.93115724536131,2000
"Gyeongnam","Male","85+",1721,2108,0.550535387829721,0.594648942434029,0.999999,1e-06,0.359095994337679,3.59095994337679e-07,1.79547907394841,1.79547907394841,4.9999975,2000
"Gyeongnam","Total","0-4",16455,183600,0.917747619404664,1,0.902743943741058,0.0972560562589422,1,0.0972560562589422,4.75685985935264,48.7434350455635,48.7434350455635,2000
"Gyeongnam","Total","5-9",36665,177114,0.828491105300334,0.902743943741058,0.960523691353979,0.0394763086460208,0.902743943741058,0.035636998551448,4.42462722232667,43.9865751862108,48.7254170921671,2000
"Gyeongnam","Total","10-14",39160,152599,0.795785334717015,0.86710694518961,0.925254592641641,0.0747454073583592,0.86710694518961,0.0648122618414598,4.1735040713444,39.5619479638842,45.6252232592061,2000
"Gyeongnam","Total","15-19",60976,170260,0.736304035703783,0.80229468334815,0.828489922421767,0.171510077578233,0.80229468334815,0.137601623381645,3.66746935828664,35.3884438925398,44.1090345318707,2000
"Gyeongnam","Total","20-24",84764,132591,0.610020473419061,0.664693059966505,0.844733139073632,0.155266860926368,0.664693059966505,0.103204804900541,3.06545328758117,31.7209745342531,47.7227406825214,2000
"Gyeongnam","Total","25-29",150243,159731,0.515304509410467,0.561488255065964,0.878356043240153,0.121643956759847,0.561488255065964,0.0683016530204062,2.6366871427788,28.655521246672,51.034943274647,2000
"Gyeongnam","Total","30-34",204231,168876,0.452620829949586,0.493186602045557,0.938031572620929,0.0619684273790713,0.493186602045557,0.030561998133191,2.38952801489481,26.0188341038932,52.7565712368839,2000
"Gyeongnam","Total","35-39",244075,180088,0.4245726289186,0.462624603912366,0.981902447454887,0.0180975525451135,0.462624603912366,0.00837237307796636,2.29219208686692,23.6293060889984,51.0766307912892,2000
"Gyeongnam","Total","40-44",249045,178052,0.416888903457528,0.4542522308344,0.952762412849448,0.0472375871505525,0.4542522308344,0.0214577793423729,2.21761670581607,21.3371140021314,46.9719520428948,2000
"Gyeongnam","Total","45-49",214169,141119,0.397196077548355,0.432794451492027,0.999999,1e-06,0.432794451492027,4.32794451492027e-07,2.16397117547401,19.1194972963154,44.1768540017145,2000
"Gyeongnam","Total","50-54",170707,114069,0.400556928954687,0.436456516459858,0.999999,1e-06,0.432794018697576,4.32794018697576e-07,2.16396901150283,16.9555261208414,39.1768956786101,2000
"Gyeongnam","Total","55-59",125416,97900,0.438392233427072,0.477682779184384,0.999999,1e-06,0.432793585903557,4.32793585903557e-07,2.16396684753382,14.7915571093385,34.1769323555425,2000
"Gyeongnam","Total","60-64",104502,102665,0.495566378815159,0.539981110641975,0.999999,1e-06,0.432793153109971,4.32793153109971e-07,2.16396468356697,12.6275902618047,29.1769640325065,2000
"Gyeongnam","Total","65-69",76510,90806,0.54272155681465,0.591362532944198,0.999999,1e-06,0.432792720316818,4.32792720316818e-07,2.16396251960229,10.4636255782377,24.1769907094972,2000
"Gyeongnam","Total","70-74",44180,66473,0.600733825562795,0.654574103883252,0.995605526012395,0.00439447398760473,0.432792287524097,0.00190189444956059,2.15920670149659,8.29966305863545,19.1770123865096,2000
"Gyeongnam","Total","75-79",28381,42235,0.598093916392885,0.651697595010777,0.985411849988573,0.0145881500114274,0.430890393074537,0.00628589369265428,2.13873723114105,6.14045635713887,14.2506225616329,2000
"Gyeongnam","Total","80-84",13233,18993,0.589368832619624,0.642190532732673,0.923277657802476,0.0767223421975243,0.424604499381883,0.0325766517001853,2.04158086765895,4.00171912599782,9.42458012532442,2000
"Gyeongnam","Total","85+",7821,9336,0.544151075362826,0.592920170924347,0.999999,1e-06,0.392027847681697,3.92027847681697e-07,1.96013825833887,1.96013825833887,4.9999975,2000
"Incheon","Female","0-4",10636,72064,0.871390568319226,1,0.864802348131077,0.135197651868923,1,0.135197651868923,4.66200587032769,60.5762732364495,60.5762732364495,2000
"Incheon","Female","5-9",22814,69768,0.753580609621741,0.864802348131077,0.999999,1e-06,0.864802348131077,8.64802348131077e-07,4.32400957864952,55.9142673661218,64.6555452664508,2000
"Incheon","Female","10-14",16426,54960,0.769898859720393,0.883529025572776,0.95323503552204,0.0467649644779602,0.864801483328729,0.0404424106483553,4.22290139002276,51.5902577874723,59.6556074220582,2000
"Incheon","Female","15-19",18460,50911,0.733894566893947,0.842210822076618,0.98487081257825,0.01512918742175,0.824359072680374,0.0124718829134014,4.09061565611837,47.3673563974495,57.45961677044,2000
"Incheon","Female","20-24",15695,40923,0.722791338443605,0.829468856700795,0.912401478541493,0.087598521458507,0.811887189766972,0.0711201174146891,3.88163565529814,43.2767407413312,53.3038841932614,2000
"Incheon","Female","25-29",18153,35156,0.65947588587293,0.756808611257927,0.879000288843558,0.120999711156442,0.740767072352283,0.0896326017888298,3.47975385728934,39.395105086033,53.1815013873863,2000
"Incheon","Female","30-34",19278,26587,0.579679494167666,0.66523498789501,0.992621456930761,0.00737854306923891,0.651134470563454,0.00480442373491852,3.24366129347997,35.9153512287437,55.1581168750975,2000
"Incheon","Female","35-39",18760,25423,0.575402304053595,0.660326522885662,0.963532352444575,0.0364676475554248,0.646330046828535,0.0235701363522242,3.17272489326212,32.6716899352637,50.549545229376,2000
"Incheon","Female","40-44",18988,23626,0.554418735626789,0.636245967977568,0.96355502476402,0.03644497523598,0.622759910476311,0.0226964695152703,3.05705837859338,29.4989650420016,47.3681181876972,2000
"Incheon","Female","45-49",14615,16762,0.534212958536508,0.613057999430634,0.999999,1e-06,0.600063440961041,6.00063440961041e-07,3.0003157046466,26.4419066634082,44.0651852095168,2000
"Incheon","Female","50-54",10438,12807,0.55095719509572,0.632273535113455,0.999999,1e-06,0.6000628408976,6.000628408976e-07,3.0003127043309,23.4415909587616,39.0652267747436,2000
"Incheon","Female","55-59",7818,9796,0.55614851822414,0.638231050970476,0.999999,1e-06,0.600062240834759,6.00062240834759e-07,3.00030970401819,20.4412782544307,34.0652633400069,2000
"Incheon","Female","60-64",5516,7951,0.590406178064899,0.677544834119216,0.999999,1e-06,0.600061640772518,6.00061640772518e-07,3.00030670370849,17.4409685504125,29.0652949053018,2000
"Incheon","Female","65-69",3904,6269,0.616239064189521,0.707190422519891,0.999999,1e-06,0.600061040710877,6.00061040710877e-07,3.00030370340178,14.440661846704,24.0653214706233,2000
"Incheon","Female","70-74",2312,5116,0.688745288099085,0.790397914711844,0.997576353830309,0.00242364616969115,0.600060440649836,0.00145433418856416,2.99666636777777,11.4403581433023,19.0653430359664,2000
"Incheon","Female","75-79",1799,3950,0.68707601321969,0.78848226983332,0.999999,1e-06,0.598606106461272,5.98606106461272e-07,2.9930290357911,8.44369177552449,14.1055891084044,2000
"Incheon","Female","80-84",911,2044,0.6917089678511,0.793799007011628,0.8807470554497,0.1192529445503,0.598605507855166,0.071385469435756,2.81456386568644,5.45066273973339,9.10560071400511,2000
"Incheon","Female","85+",712,1110,0.609220636663008,0.699136138044387,0.999999,1e-06,0.52722003841941,5.2722003841941e-07,2.63609887404695,2.63609887404695,4.9999975,2000
"Incheon","Male","0-4",12889,75086,0.853492469451549,1,0.900584167070814,0.0994158329291859,1,0.0994158329291859,4.75146041767703,67.3010773806919,67.3010773806919,2000
"Incheon","Male","5-9",24778,82320,0.768641804702235,0.900584167070814,0.986610634599857,0.0133893654001429,0.900584167070814,0.0120582504864945,4.47277520913783,62.5496169630148,69.4544932612573,2000
"Incheon","Male","10-14",18051,56648,0.758350178717252,0.88852591658432,0.999999,1e-06,0.88852591658432,8.8852591658432e-07,4.44262736160681,58.076841753877,65.3631376078895,2000
"Incheon","Male","15-19",15474,52726,0.773108504398827,0.905817604806313,0.921058652770923,0.0789413472290774,0.888525028058403,0.0701413627616841,4.2672717333878,53.6342143922702,60.3632004710899,2000
"Incheon","Male","20-24",11888,29401,0.712078277507326,0.834311142739086,0.999999,1e-06,0.818383665296719,8.18383665296719e-07,4.09191628052443,49.3669426588824,60.3224926794984,2000
"Incheon","Male","25-29",15234,37836,0.712945166760882,0.835326839168268,0.965449077754493,0.0345509222455075,0.818382846913054,0.02827588211075,4.02122452928839,45.275026378358,55.3225505020489,2000
"Incheon","Male","30-34",14318,31619,0.688312253738816,0.80646552649858,0.984204301113592,0.0157956988864084,0.790106964802304,0.0124802917040713,3.91933409475134,41.2538018490696,52.2129327886533,2000
"Incheon","Male","35-39",14701,30875,0.677439880638933,0.793726839879739,0.930307693336949,0.0696923066630506,0.777626673098232,0.0541945965709298,3.75264687406384,37.3344677543182,48.0107859541001,2000
"Incheon","Male","40-44",17454,29748,0.630227532731664,0.738410185548147,0.999999,1e-06,0.723432076527303,7.23432076527302e-07,3.61715857405632,33.5818208802544,46.4201436041619,2000
"Incheon","Male","45-49",10680,20162,0.6537189546722,0.765934062771846,0.932276636393568,0.067723363606432,0.723431353095226,0.0489932045699611,3.49467375405123,29.9646623061981,41.4201875243494,2000
"Incheon","Male","50-54",9335,14567,0.609446908208518,0.714062431740196,0.999999,1e-06,0.674438148525265,6.74438148525265e-07,3.37218905653095,26.4699885521469,39.2474663688975,2000
"Incheon","Male","55-59",5879,10175,0.633798430297745,0.74259405089423,0.999999,1e-06,0.674437474087116,6.74437474087116e-07,3.3721856843419,23.0977994956159,34.2475031164007,2000
"Incheon","Male","60-64",4474,8670,0.659616555082167,0.772844024629806,0.999999,1e-06,0.674436799649642,6.74436799649642e-07,3.37218231215621,19.725613811274,29.2475348639355,2000
"Incheon","Male","65-69",2001,5671,0.739181438998957,0.866066738086105,0.966560012171724,0.0334399878282764,0.674436125212843,0.0225531358180674,3.31579778651904,16.3534314991178,24.2475616114971,2000
"Incheon","Male","70-74",1149,2875,0.714463220675944,0.83710547690603,0.999999,1e-06,0.651882989394775,6.51882989394775e-07,3.2594133172664,13.0376337125987,19.999960000035,2000
"Incheon","Male","75-79",462,1889,0.803487877498937,0.94141179478157,0.999999,1e-06,0.651882337511786,6.51882337511786e-07,3.25941005785309,9.77822039533234,14.9999775000125,2000
"Incheon","Male","80-84",160,720,0.818181818181818,0.958628045901306,0.999999,1e-06,0.651881685629448,6.51881685629448e-07,3.25940679844303,6.51881033747926,9.9999900000025,2000
"Incheon","Male","85+",54,512,0.904593639575972,1.05987301816179,0.999999,1e-06,0.651881033747763,6.51881033747763e-07,3.25940353903623,3.25940353903623,4.9999975,2000
"Incheon","Total","0-4",23525,147150,0.862164933352864,1,0.883425693137562,0.116574306862438,1,0.116574306862438,4.70856423284391,66.2104147808586,66.2104147808586,2000
"Incheon","Total","5-9",47592,152088,0.761658653846154,0.883425693137562,0.999999,1e-06,0.883425693137562,8.83425693137562e-07,4.41712625712358,61.5018505480147,69.6174573886182,2000
"Incheon","Total","10-14",34477,111608,0.763993565390013,0.886133889044787,0.986048411761234,0.0139515882387662,0.883424809711869,0.0123251791850104,4.38631110059682,57.0847242908911,64.6175245061427,2000
"Incheon","Total","15-19",33934,103637,0.753334641748624,0.873770913900418,0.953458693902301,0.0465413060976986,0.871099630526859,0.0405421145459427,4.25414286626944,52.6984131902943,60.4964246838461,2000
"Incheon","Total","20-24",27583,70324,0.718273463593001,0.833104474337312,0.955277476902692,0.0447225230973084,0.830557515980916,0.0371446276920996,4.05992601067433,48.4442703240249,58.327411879249,2000
"Incheon","Total","25-29",33387,72992,0.68615046202728,0.795845940241291,0.9240516609637,0.0759483390363002,0.793412888288817,0.0602583910355292,3.81641846385526,44.3843443133505,55.9410427640972,2000
"Incheon","Total","30-34",33596,58206,0.634038474107318,0.735402762951182,0.9892347162397,0.0107652837602995,0.733154497253287,0.00789261620307136,3.64604094575876,40.5679258494953,55.3333928953314,2000
"Incheon","Total","35-39",33461,56298,0.627212870018605,0.727485943529905,0.947460428712225,0.0525395712877746,0.725261881050216,0.0381049483017434,3.53104703449672,36.9218849037365,50.9083489266963,2000
"Incheon","Total","40-44",36442,53374,0.594259374721653,0.689264143938961,0.998641647333616,0.0013583526663844,0.687156932748473,0.000933401451823413,3.4334511601128,33.3908378692398,48.5927395590466,2000
"Incheon","Total","45-49",25295,36924,0.593452160915476,0.688327880151199,0.978359539374791,0.0216404606252094,0.686223531296649,0.0148501933091173,3.39399217321045,29.957386709127,43.6554349171344,2000
"Incheon","Total","50-54",19773,27374,0.580609582794239,0.673432147763553,0.999999,1e-06,0.671373337987532,6.71373337987532e-07,3.35686501150431,26.5633945359166,39.5657572812489,2000
"Incheon","Total","55-59",13697,19971,0.593174527741476,0.688005861517338,0.999999,1e-06,0.671372666614194,6.71372666614194e-07,3.3568616546393,23.2065295244122,34.5657943470432,2000
"Incheon","Total","60-64",9990,16621,0.624591334410582,0.724445300717133,0.999999,1e-06,0.671371995241527,6.71371995241527e-07,3.35685829777765,19.8496678697729,29.5658264128696,2000
"Incheon","Total","65-69",5905,11940,0.669094984589521,0.77606378861581,0.999999,1e-06,0.671371323869532,6.71371323869532e-07,3.35685494091935,16.4928095719953,24.5658534787231,2000
"Incheon","Total","70-74",3461,7991,0.697782046804052,0.809337076712752,0.999999,1e-06,0.671370652498208,6.71370652498208e-07,3.35685158406441,13.1359546310759,19.5658755445987,2000
"Incheon","Total","75-79",2261,5839,0.720864197530864,0.836109391189808,0.9998140007632,0.000185999236800183,0.671369981127556,0.000124874304100278,3.35653771987753,9.77910304701152,14.5658926104913,2000
"Incheon","Total","80-84",1071,2764,0.720730117340287,0.835953875481165,0.94241861744807,0.05758138255193,0.671245106823455,0.0386512212821125,3.259597480912,6.422565327134,9.56813727481398,2000
"Incheon","Total","85+",766,1622,0.679229480737018,0.787818495581316,0.999999,1e-06,0.632593885541343,6.32593885541343e-07,3.162967846222,3.162967846222,4.9999975,2000
"Jeju","Female","0-4",1549,18680,0.923426763557269,1,0.966743190325246,0.0332568096747543,1,0.0332568096747543,4.91685797581311,64.6051213384412,64.6051213384412,2000
"Jeju","Female","5-9",2071,17233,0.892716535433071,0.966743190325246,0.999999,1e-06,0.966743190325246,9.66743190325246e-07,4.83371353476825,59.6882633626281,61.7415917277337,2000
"Jeju","Female","10-14",1171,14288,0.924251245229316,1.00089285009335,0.957702326872244,0.0422976731277558,0.966742223582055,0.0408909465718736,4.73148375148059,54.8545498278598,56.7416509693847,2000
"Jeju","Female","15-19",2110,16263,0.885157568170685,0.958557411484197,0.829807299353158,0.170192700646842,0.925851277010182,0.15757312923169,4.23532356197168,50.1230660763793,54.137275954557,2000
"Jeju","Female","20-24",5369,14854,0.734510211145725,0.795417936898655,0.917729103062193,0.0822708969378071,0.768278147778491,0.0632069323154536,3.68337340810382,45.8877425144076,59.72803293585,2000
"Jeju","Female","25-29",7912,16364,0.674081397264788,0.729978189789583,0.941107860685533,0.0588921393144668,0.705071215463038,0.0415231522476697,3.42154819669602,42.2043691063037,59.8583067649231,2000
"Jeju","Female","30-34",9634,16716,0.63438330170778,0.686988212539972,0.999999,1e-06,0.663548063215368,6.63548063215368e-07,3.31773865720668,38.7828209096077,58.4476439003936,2000
"Jeju","Female","35-39",8807,15813,0.642282696994314,0.695542648688328,0.999999,1e-06,0.663547399667305,6.63547399667305e-07,3.31773533946803,35.465082252401,53.4476998480935,2000
"Jeju","Female","40-44",6142,13551,0.688112527293962,0.745172821982311,0.99811944743267,0.00188055256733022,0.663546736119905,0.00124783451815387,3.31461409430414,32.147346912933,48.4477507958443,2000
"Jeju","Female","45-49",4538,9952,0.686818495514148,0.743771485318827,0.973178587983457,0.0268214120165429,0.662298901601751,0.0177637917179644,3.26708502871385,28.8327328186289,43.5343207559272,2000
"Jeju","Female","50-54",4727,9528,0.668397053665381,0.723822483864935,0.999999,1e-06,0.644535109883787,6.44535109883787e-07,3.22267393808116,25.565647789915,39.6652523623184,2000
"Jeju","Female","55-59",3447,9169,0.726775523145212,0.787041866044138,0.999999,1e-06,0.644534465348677,6.44534465348677e-07,3.22267071540722,22.3429738518339,34.6652895276079,2000
"Jeju","Female","60-64",3255,9469,0.74418421879912,0.805894141439368,0.999999,1e-06,0.644533820814212,6.44533820814212e-07,3.22266749273651,19.1203031364266,29.6653216929296,2000
"Jeju","Female","65-69",1926,8692,0.818609907703899,0.886491425211037,0.98705163235738,0.0129483676426204,0.644533176280391,0.00834565252434437,3.20180175009109,15.8976356436901,24.6653488582785,2000
"Jeju","Female","70-74",1649,6940,0.808010245663057,0.875012808325374,0.997493793472341,0.00250620652765854,0.636187523756046,0.00159441732485233,3.1769515754681,12.695833893599,19.9561189421681,2000
"Jeju","Female","75-79",1154,4794,0.805985205110962,0.872819845513364,0.999999,1e-06,0.634593106431194,6.34593106431194e-07,3.1729639456732,9.51888231813095,14.9999775000125,2000
"Jeju","Female","80-84",362,2979,0.891649206824304,0.96558735571996,0.999999,1e-06,0.634592471838088,6.34592471838088e-07,3.17296077270926,6.34591837245774,9.9999900000025,2000
"Jeju","Female","85+",307,2886,0.903852176636392,0.978802231326423,0.999999,1e-06,0.634591837245616,6.34591837245616e-07,3.17295759974849,3.17295759974849,4.9999975,2000
"Jeju","Male","0-4",1356,19166,0.933924568755482,1,0.946015722420022,0.0539842775799778,1,0.0539842775799778,4.86503930605005,66.0368808761708,66.0368808761708,2000
"Jeju","Male","5-9",2600,19719,0.883507325597025,0.946015722420022,0.989872968884388,0.0101270311156121,0.946015722420022,0.00958033065680581,4.7061277854581,61.1718415701208,64.66260562101,2000
"Jeju","Male","10-14",2067,14411,0.874560019419833,0.936435391763216,0.998050643961984,0.00194935603801594,0.936435391763216,0.00182544598514545,4.67761334385322,56.4657137846627,60.2985686800488,2000
"Jeju","Male","15-19",2512,17245,0.872855190565369,0.934609945778071,0.944001927242338,0.055998072757662,0.934609945778071,0.052336355743715,4.54220883953107,51.7881004408095,55.4114587317979,2000
"Jeju","Male","20-24",2753,12887,0.823976982097187,0.882273590034356,0.905384250232033,0.0946157497679666,0.882273590034356,0.0834769772215762,4.20267550711784,47.2458916012784,53.5501596499546,2000
"Jeju","Male","25-29",6566,19286,0.746015782144515,0.79879661281278,0.984241014062364,0.0157589859376362,0.79879661281278,0.0125882245883481,3.96251250259303,43.0432160941605,53.8850758800713,2000
"Jeju","Male","30-34",6964,19242,0.734259329924445,0.786208388224432,0.946898687873196,0.0531013121268044,0.786208388224432,0.0417486970198173,3.82667019857261,39.0807035915675,49.7078181521659,2000
"Jeju","Male","35-39",7092,16181,0.695269196064109,0.744459691204614,0.999999,1e-06,0.744459691204614,7.44459691204614e-07,3.72229659487384,35.2540333929949,47.3551943906461,2000
"Jeju","Male","40-44",4523,15551,0.774683670419448,0.829492762409888,0.905633590480461,0.0943664095195386,0.744458946744923,0.0702519178390158,3.54666493912708,31.5317367981211,42.3552392458854,2000
"Jeju","Male","45-49",4402,10349,0.701579553928547,0.751216508698823,0.999999,1e-06,0.674207028905907,6.74207028905907e-07,3.37103345901196,27.985071858994,41.5081283035683,2000
"Jeju","Male","50-54",3004,9371,0.757252525252525,0.810828358720251,0.983032581756133,0.016967418243867,0.674206354698878,0.0114395412028488,3.34243292048727,24.614038399982,36.5081673117356,2000
"Jeju","Male","55-59",2592,7549,0.744403904940341,0.797070694833856,0.999999,1e-06,0.66276681349603,6.6276681349603e-07,3.31383241056311,21.2716054794947,32.0951578237437,2000
"Jeju","Male","60-64",2437,7627,0.757849761526232,0.811467849631709,0.975633493363628,0.0243665066363719,0.662766150729216,0.0161492958101061,3.27345751412081,17.9577730689316,27.0951874189311,2000
"Jeju","Male","65-69",1835,5206,0.73938361028263,0.791695212888456,0.999999,1e-06,0.64661685491911,6.4661685491911e-07,3.23308265805341,14.6843155548108,22.7094537408057,2000
"Jeju","Male","70-74",464,3093,0.869552994096148,0.931074117961033,0.887875815716527,0.112124184283473,0.646616208302255,0.0725013149003624,3.05182775426037,11.4512328967574,17.7094739502797,2000
"Jeju","Male","75-79",447,1514,0.772055073941866,0.826678191977198,0.999999,1e-06,0.574114893401893,5.74114893401893e-07,2.87057303172223,8.39940514249704,14.630181587394,2000
"Jeju","Male","80-84",104,656,0.863157894736842,0.924226563486876,0.950692812575966,0.0493071874240337,0.574114319286999,0.0283079623439056,2.79980169057523,5.52883211077481,9.63019371758772,2000
"Jeju","Male","85+",54,247,0.820598006644518,0.878655551098758,0.999999,1e-06,0.545806356943094,5.45806356943094e-07,2.72903042019958,2.72903042019958,4.9999975,2000
"Jeju","Total","0-4",2905,37846,0.928713405805992,1,0.95592287804233,0.0440771219576699,1,0.0440771219576699,4.88980719510583,66.9923351564463,66.9923351564463,2000
"Jeju","Total","5-9",4671,36952,0.887778391754559,0.95592287804233,0.999999,1e-06,0.95592287804233,9.5592287804233e-07,4.77961200040446,62.1025279613405,64.9660442153268,2000
"Jeju","Total","10-14",3238,28699,0.898612894135329,0.967589019946858,0.977932896519741,0.0220671034802593,0.955921922119452,0.0210944279744583,4.72687354066111,57.322915960936,59.9661066814335,2000
"Jeju","Total","15-19",4622,33508,0.878783110411749,0.946237132917328,0.880225193529668,0.119774806470332,0.934827494144994,0.111968782194362,4.39421551523906,52.5960424202749,56.2628321799414,2000
"Jeju","Total","20-24",8122,27741,0.773527033432786,0.832901763447113,0.919398224040203,0.0806017759597971,0.822858711950632,0.0663238735472121,3.94848387588513,48.2018269050358,58.5784973835554,2000
"Jeju","Total","25-29",14478,35650,0.71117938078519,0.765768402113229,0.962042077444248,0.0379579225557523,0.75653483840342,0.0287164908068456,3.71088296499999,44.2533430291507,58.4947854120536,2000
"Jeju","Total","30-34",16598,35958,0.684184488926098,0.736701424410173,0.976389891195233,0.0236101088047669,0.727818347596574,0.0171838703768608,3.59613206204072,40.5424600641507,55.7040918218555,2000
"Jeju","Total","35-39",15899,31994,0.668030818700019,0.719307823623222,0.999999,1e-06,0.710634477219714,7.10634477219714e-07,3.55317060951237,36.94632800211,51.9906213200615,2000
"Jeju","Total","40-44",10665,29102,0.731812809616013,0.787985620796442,0.948691923533588,0.0513080764664124,0.710633766585236,0.03646125163557,3.46201570383726,33.3931573925976,46.9906708107323,2000
"Jeju","Total","45-49",8940,20301,0.694264902021135,0.747555594310185,0.999999,1e-06,0.674172514949666,6.74172514949666e-07,3.37086088931704,29.9311416887604,44.3968584079626,2000
"Jeju","Total","50-54",7731,18899,0.709688321441983,0.764162891377748,0.999999,1e-06,0.674171840777151,6.74171840777151e-07,3.37085751845615,26.5602807994433,39.3969003048629,2000
"Jeju","Total","55-59",6039,16718,0.734631102517907,0.791020241470888,0.999999,1e-06,0.67417116660531,6.7417116660531e-07,3.37085414759864,23.1894232809872,34.3969372018001,2000
"Jeju","Total","60-64",5692,17096,0.750219413726523,0.807805087162964,0.999999,1e-06,0.674170492434144,6.74170492434144e-07,3.37085077674449,19.8185691333885,29.3969690987692,2000
"Jeju","Total","65-69",3761,13898,0.787020782603771,0.847431271782653,0.999999,1e-06,0.674169818263651,6.74169818263651e-07,3.37084740589371,16.4477183566441,24.3969959957652,2000
"Jeju","Total","70-74",2113,10033,0.826033261979252,0.889438288297747,0.965545121002071,0.0344548789979287,0.674169144093833,0.0232284162838901,3.31277467975944,13.0768709507503,19.3970178927831,2000
"Jeju","Total","75-79",1601,6308,0.797572385889493,0.858792799698323,0.999999,1e-06,0.650940727809943,6.50940727809943e-07,3.2547020116979,9.7640962709909,14.9999775000125,2000
"Jeju","Total","80-84",466,3635,0.886369178249207,0.954405495503711,0.999999,1e-06,0.650940076869215,6.50940076869215e-07,3.25469875699588,6.50939425929301,9.9999900000025,2000
"Jeju","Total","85+",361,3133,0.896680022896394,0.965507784522828,0.999999,1e-06,0.650939425929138,6.50939425929138e-07,3.25469550229713,3.25469550229713,4.9999975,2000
"Jeonbuk","Female","0-4",5537,53179,0.905698617072008,1,0.919367245212663,0.0806327547873371,1,0.0806327547873371,4.79841811303166,40.666292840055,40.666292840055,2000
"Jeonbuk","Female","5-9",10421,51857,0.83266964257041,0.919367245212663,0.969637892619009,0.0303621073809911,0.919367245212663,0.0279139270217128,4.52705140850903,35.8678747270233,39.0136530464783,2000
"Jeonbuk","Female","10-14",11638,48784,0.807388037469796,0.89145331819095,0.879681425625986,0.120318574374014,0.89145331819095,0.10725839236572,4.18912061004045,31.3408233185143,35.1569988904355,2000
"Jeonbuk","Female","15-19",24520,60103,0.710244259834797,0.78419492582523,0.751844491850756,0.248155508149244,0.78419492582523,0.194602290306219,3.4344689033606,27.1517027084738,34.6236653851099,2000
"Jeonbuk","Female","20-24",50421,57777,0.533993234625409,0.589592635519012,0.711007691230858,0.288992308769142,0.589592635519012,0.170387736971923,2.52199383516525,23.7172338051132,40.2264756652451,2000
"Jeonbuk","Female","25-29",92469,56596,0.37967329688391,0.419204898547089,0.800142821429219,0.199857178570781,0.419204898547089,0.0837811082666716,1.88657172206877,21.195239969948,50.5605732266202,2000
"Jeonbuk","Female","30-34",114815,50100,0.303792862990025,0.335423790280417,0.957904980582867,0.042095019417133,0.335423790280417,0.0141196709648225,1.64181977399003,19.3086682478792,57.5649933230347,2000
"Jeonbuk","Female","35-39",126204,51800,0.291004696523674,0.321304119315595,0.999999,1e-06,0.321304119315595,3.21304119315595e-07,1.60651979331768,17.6668484738892,54.9848178464723,2000
"Jeonbuk","Female","40-44",114724,55876,0.327526377491207,0.361628439436126,0.999999,1e-06,0.321303798011476,3.21303798011476e-07,1.60651818679788,16.0603286805715,49.9848703313427,2000
"Jeonbuk","Female","45-49",80946,44308,0.353745189774378,0.390577155696655,0.999999,1e-06,0.321303476707678,3.21303476707678e-07,1.6065165802797,14.4538104937736,44.9849178162605,2000
"Jeonbuk","Female","50-54",66680,43374,0.394115615970342,0.43515095258118,0.999999,1e-06,0.321303155404201,3.21303155404201e-07,1.60651497376312,12.8472939134939,39.9849603012208,2000
"Jeonbuk","Female","55-59",49920,39377,0.440966661813947,0.486880131538158,0.999999,1e-06,0.321302834101045,3.21302834101045e-07,1.60651336724814,11.2407789397308,34.9849977862186,2000
"Jeonbuk","Female","60-64",40089,45056,0.529167890069881,0.584264875859702,0.999999,1e-06,0.321302512798211,3.21302512798211e-07,1.60651176073477,9.63426557248269,29.9850302712489,2000
"Jeonbuk","Female","65-69",31792,39905,0.556578378453771,0.614529345593027,0.999999,1e-06,0.321302191495698,3.21302191495698e-07,1.60651015422301,8.02775381174792,24.9850577563066,2000
"Jeonbuk","Female","70-74",23008,29425,0.561192378845384,0.619623755924059,0.999999,1e-06,0.321301870193507,3.21301870193507e-07,1.60650854771286,6.4212436575249,19.9850802413869,2000
"Jeonbuk","Female","75-79",16377,21345,0.565850167011293,0.624766513214522,0.998808617165461,0.00119138283453901,0.321301548891637,0.000382793150060293,1.60555076158303,4.81473510981204,14.9850977264846,2000
"Jeonbuk","Female","80-84",8683,11286,0.565176022835395,0.624022177115084,0.999999,1e-06,0.320918755741576,3.20918755741576e-07,1.60459297641099,3.20918434822901,9.9999900000025,2000
"Jeonbuk","Female","85+",5048,7560,0.599619289340102,0.662051678160428,0.999999,1e-06,0.320918434822821,3.20918434822821e-07,1.60459137181802,1.60459137181802,4.9999975,2000
"Jeonbuk","Male","0-4",7707,58994,0.884454505929446,1,0.93280830794986,0.0671916920501396,1,0.0671916920501396,4.83202076987465,44.978914507764,44.978914507764,2000
"Jeonbuk","Male","5-9",12375,58350,0.825026511134677,0.93280830794986,0.970066397618107,0.0299336023818926,0.93280830794986,0.0279223129886971,4.59423575727756,40.1468937378893,43.0387394663377,2000
"Jeonbuk","Male","10-14",13533,54244,0.800330495595851,0.904885994961163,0.91685758374401,0.0831424162559895,0.904885994961163,0.0752344080572763,4.33634395466263,35.5526579806118,39.2896543637386,2000
"Jeonbuk","Male","15-19",23754,65476,0.733789084388659,0.829651586903887,0.778502835521933,0.221497164478067,0.829651586903887,0.183765474003939,3.68884424950959,31.2163140259492,37.6258112666823,2000
"Jeonbuk","Male","20-24",34961,46582,0.571256882871614,0.645886112899948,0.794002870529597,0.205997129470403,0.645886112899948,0.133050685222186,2.89680385144427,27.5274697764396,42.6196959907447,2000
"Jeonbuk","Male","25-29",73752,61221,0.453579604809851,0.512835427677762,0.773103976165222,0.226896023834778,0.512835427677762,0.116360319421692,2.27327633983458,24.6306659249953,48.0284016970682,2000
"Jeonbuk","Male","30-34",107930,58286,0.350664195985946,0.39647510825607,0.946018844339275,0.053981155660725,0.39647510825607,0.0214021845343737,1.92887007994441,22.3573895851607,56.390399093405,2000
"Jeonbuk","Male","35-39",124868,61986,0.331734937437786,0.375072923721696,0.999999,1e-06,0.375072923721696,3.75072923721696e-07,1.87536368092617,20.4285195052163,54.465460483024,2000
"Jeonbuk","Male","40-44",114222,59567,0.3427547198039,0.387532334909312,0.999999,1e-06,0.375072548648772,3.75072548648772e-07,1.87536180556249,18.5531558242901,49.4655124485364,2000
"Jeonbuk","Male","45-49",83015,47129,0.362129641013032,0.409438403654782,0.999999,1e-06,0.375072173576224,3.75072173576224e-07,1.87535993020068,16.6777940187276,44.4655594140958,2000
"Jeonbuk","Male","50-54",66016,45706,0.409104742127781,0.462550350962219,0.999999,1e-06,0.37507179850405,3.7507179850405e-07,1.87535805484075,14.802434088527,39.4656013796972,2000
"Jeonbuk","Male","55-59",49260,38166,0.436552055452611,0.493583392391508,0.999999,1e-06,0.375071423432252,3.75071423432252e-07,1.8753561794827,12.9270760336862,34.4656383453356,2000
"Jeonbuk","Male","60-64",35486,37746,0.515430412934236,0.582766450369978,0.999999,1e-06,0.375071048360828,3.75071048360828e-07,1.87535430412652,11.0517198542035,29.4656703110059,2000
"Jeonbuk","Male","65-69",22793,32092,0.584713491846588,0.661100698709348,0.999999,1e-06,0.37507067328978,3.7507067328978e-07,1.87535242877222,9.17636555007699,24.4656972767032,2000
"Jeonbuk","Male","70-74",12091,18628,0.606399947914971,0.685620282162194,0.999999,1e-06,0.375070298219107,3.75070298219107e-07,1.87535055341979,7.30101312130478,19.4657192424224,2000
"Jeonbuk","Male","75-79",5950,12561,0.678569499216682,0.767218092810318,0.957259662460229,0.0427403375397714,0.375069923148808,0.0160306151163962,1.83527307795305,5.42566256788499,14.4657362081586,2000
"Jeonbuk","Male","80-84",2753,5103,0.649567209775967,0.734426932556985,0.999999,1e-06,0.359039308032412,3.59039308032412e-07,1.79519564256379,3.59038948993194,9.9999900000025,2000
"Jeonbuk","Male","85+",870,2142,0.711155378486056,0.804061004515687,0.999999,1e-06,0.359038948993104,3.59038948993104e-07,1.79519384736815,1.79519384736815,4.9999975,2000
"Jeonbuk","Total","0-4",13244,112173,0.894400280663706,1,0.926436840101176,0.0735631598988241,1,0.0735631598988241,4.81609210025294,42.8347700126946,42.8347700126946,2000
"Jeonbuk","Total","5-9",22796,110207,0.828605369803689,0.926436840101176,0.969890908365882,0.0301090916341178,0.926436840101176,0.0278941717118288,4.56244877122631,38.0186779124417,41.0375281581955,2000
"Jeonbuk","Total","10-14",25171,103028,0.803656814795747,0.898542668389347,0.898802350284876,0.101197649715124,0.898542668389347,0.0909304062097579,4.26538732642234,33.4562291412154,37.2338791670141,2000
"Jeonbuk","Total","15-19",48274,125579,0.722328633960875,0.807612262179589,0.761436853167842,0.238563146832158,0.807612262179589,0.1926665226858,3.55639500418344,29.190841814793,36.1446243225835,2000
"Jeonbuk","Total","20-24",85382,104359,0.550007641996195,0.614945739493789,0.754158777794127,0.245841222205873,0.614945739493789,0.151179012187447,2.69678116700033,25.6344468106096,41.6857052001228,2000
"Jeonbuk","Total","25-29",166221,117817,0.41479309106528,0.463766727306341,0.789117789815359,0.210882210184641,0.463766727306341,0.097800152464459,2.07433325537056,22.9376656436093,49.4594896378967,2000
"Jeonbuk","Total","30-34",222745,108386,0.327320607252115,0.365966574841882,0.952777755740996,0.0472222442590045,0.365966574841882,0.0172817629878146,1.78662846673987,20.8633323882387,57.0088467703719,2000
"Jeonbuk","Total","35-39",251072,113786,0.31186379358545,0.348684811854068,0.999999,1e-06,0.348684811854068,3.48684811854068e-07,1.74342318755831,19.0767039214988,54.7104527440182,2000
"Jeonbuk","Total","40-44",228946,115443,0.335211054940779,0.374788628970498,0.999999,1e-06,0.348684463169256,3.48684463169256e-07,1.74342144413512,17.3332807339405,49.7105049545231,2000
"Jeonbuk","Total","45-49",163961,91437,0.358017682205812,0.400287980612147,0.999999,1e-06,0.348684114484793,3.48684114484793e-07,1.74341970071368,15.5898592898054,44.7105521650753,2000
"Jeonbuk","Total","50-54",132696,89080,0.401666546425222,0.449090362680966,0.999999,1e-06,0.348683765800678,3.48683765800678e-07,1.74341795729398,13.8464395890917,39.7105943756697,2000
"Jeonbuk","Total","55-59",99180,77543,0.43878272777171,0.490588763507659,0.999999,1e-06,0.348683417116912,3.48683417116912e-07,1.74341621387602,12.1030216317978,34.7106315863012,2000
"Jeonbuk","Total","60-64",75575,82802,0.522815812902126,0.584543435646242,0.999999,1e-06,0.348683068433495,3.48683068433495e-07,1.7434144704598,10.3596054179217,29.710663796965,2000
"Jeonbuk","Total","65-69",54585,71997,0.568777551310613,0.635931767472771,0.999999,1e-06,0.348682719750427,3.48682719750427e-07,1.74341272704533,8.61619094746193,24.710691007656,2000
"Jeonbuk","Total","70-74",35099,48053,0.577893496247835,0.646124010402813,0.999999,1e-06,0.348682371067707,3.48682371067707e-07,1.74341098363261,6.87277822041659,19.7107132183693,2000
"Jeonbuk","Total","75-79",22327,33906,0.602955559902548,0.674145092458059,0.976859215815153,0.0231407841848472,0.348682022385336,0.00806877542915513,1.72323817335379,5.12936723678398,14.7107304290997,2000
"Jeonbuk","Total","80-84",11436,16389,0.58900269541779,0.658544846364214,0.999999,1e-06,0.340613246956181,3.40613246956181e-07,1.70306538324779,3.40612906343019,9.9999900000025,2000
"Jeonbuk","Total","85+",5918,9702,0.62112676056338,0.694461723673054,0.999999,1e-06,0.340612906342934,3.40612906342934e-07,1.7030636801824,1.7030636801824,4.9999975,2000
"Jeonnam","Female","0-4",7042,53771,0.884202390936148,1,0.869655323285899,0.130344676714101,1,0.130344676714101,4.67413830821475,31.2913180800426,31.2913180800426,2000
"Jeonnam","Female","5-9",14755,49106,0.768951316139741,0.869655323285899,0.940253341931094,0.0597466580689061,0.869655323285899,0.0519589992381666,4.21837911833408,26.6171797718279,30.6065852287982,2000
"Jeonnam","Female","10-14",18834,49161,0.723009044782705,0.817696324047732,0.781364986704065,0.218635013295935,0.817696324047732,0.178777046680213,3.64153900353813,22.3988006534938,27.3925661578323,2000
"Jeonnam","Female","15-19",43179,56068,0.564933952663557,0.638919277367519,0.603969504525492,0.396030495474508,0.638919277367519,0.253031517984073,2.56201759187741,18.7572616499557,29.3577957566713,2000
"Jeonnam","Female","20-24",93621,48488,0.341202879479836,0.385887759383446,0.698082164784757,0.301917835215243,0.385887759383446,0.11650639694911,1.63817280454445,16.1952440580783,41.9687944597006,2000
"Jeonnam","Female","25-29",154283,48238,0.238187644738077,0.269381362434335,0.852300666363753,0.147699333636247,0.269381362434335,0.0397874477255756,1.24743819285774,14.5570712535338,54.0388953489024,2000
"Jeonnam","Female","30-34",196685,50099,0.203007488329876,0.22959391470876,0.969691822705971,0.0303081772940289,0.22959391470876,0.00695857307262324,1.13057314086224,13.3096330606761,57.970321546019,2000
"Jeonnam","Female","35-39",208466,51096,0.196854701381558,0.222635341636137,0.999999,1e-06,0.222635341636137,2.22635341636137e-07,1.11317615159233,12.1790599198138,54.704072724081,2000
"Jeonnam","Female","40-44",189766,52957,0.218178746966707,0.246752043653388,0.999999,1e-06,0.222635119000795,2.22635119000795e-07,1.11317503841618,11.0658837682215,49.7041249282059,2000
"Jeonnam","Female","45-49",138571,47580,0.255598949240133,0.289072899892883,0.999999,1e-06,0.222634896365676,2.22634896365676e-07,1.11317392524114,9.95270872980532,44.704172132378,2000
"Jeonnam","Female","50-54",116824,51761,0.307032060978142,0.347241835269266,0.999999,1e-06,0.22263467373078,2.2263467373078e-07,1.11317281206721,8.83953480456418,39.7042143365924,2000
"Jeonnam","Female","55-59",81242,54493,0.401466092017534,0.45404321016649,0.999999,1e-06,0.222634451096106,2.22634451096106e-07,1.1131716988944,7.72636199249697,34.7042515408439,2000
"Jeonnam","Female","60-64",69819,63008,0.474361387368532,0.536485076529031,0.999999,1e-06,0.222634228461655,2.22634228461655e-07,1.1131705857227,6.61319029360257,29.7042837451277,2000
"Jeonnam","Female","65-69",49910,56427,0.530643143966822,0.600137648807989,0.989828881357293,0.0101711186427074,0.222634005827426,0.00226443688717196,1.1075089369192,5.50001970787986,24.7043109494386,2000
"Jeonnam","Female","70-74",39143,43306,0.525245909592597,0.594033577580007,0.999999,1e-06,0.220369568940254,2.20369568940254e-07,1.10184729377735,4.39251077096066,19.9324743070652,2000
"Jeonnam","Female","75-79",26394,30953,0.53974924581931,0.610436311134436,0.994600134844468,0.00539986515553192,0.220369348570685,0.00118996476669411,1.09887183093669,3.29066347718331,14.932491739557,2000
"Jeonnam","Female","80-84",13775,15966,0.536834672674086,0.607140037368269,0.999999,1e-06,0.219179383803991,2.19179383803991e-07,1.0958963710715,2.19179164624662,9.9999900000025,2000
"Jeonnam","Female","85+",7639,10637,0.582020135697089,0.658243114544031,0.999999,1e-06,0.219179164624607,2.19179164624607e-07,1.09589527517513,1.09589527517513,4.9999975,2000
"Jeonnam","Male","0-4",8208,58894,0.87767875771214,1,0.909591286905231,0.0904087130947687,1,0.0904087130947687,4.77397821726308,35.993080260065,35.993080260065,2000
"Jeonnam","Male","5-9",14265,56469,0.79832895071677,0.909591286905231,0.906048298319826,0.0939517016801744,0.909591286905231,0.0854576492382062,4.33431231143064,31.2191020428019,34.3221208165053,2000
"Jeonnam","Male","10-14",20246,52930,0.723324587296381,0.824133637667025,0.802090026669884,0.197909973330116,0.824133637667025,0.163104266251133,3.71290752270729,26.8847897313713,32.6218813340483,2000
"Jeonnam","Male","15-19",45598,63013,0.580171437515537,0.661029371415892,0.732282875861563,0.267717124138437,0.661029371415892,0.176968882286501,2.86272465136321,23.171882208664,35.0542399636963,2000
"Jeonnam","Male","20-24",63580,46965,0.424849608756615,0.484060489129391,0.710113607126894,0.289886392873106,0.484060489129391,0.140322549126111,2.06949607283168,20.3091575573008,41.9558257973666,2000
"Jeonnam","Male","25-29",136071,58787,0.301691488160609,0.34373794000328,0.838166237769694,0.161833762230306,0.34373794000328,0.0556284040520262,1.57961868988634,18.2396614844691,53.0626950411556,2000
"Jeonnam","Male","30-34",182053,61616,0.252867619598718,0.288109535951254,0.962185547231002,0.0378144527689978,0.288109535951254,0.0108947044395266,1.41331091865746,16.6600427945828,57.8253779055807,2000
"Jeonnam","Male","35-39",197865,63621,0.243305568940593,0.277214831511728,0.999999,1e-06,0.277214831511728,2.77214831511728e-07,1.38607346452156,15.2467318759253,54.9996975009625,2000
"Jeonnam","Male","40-44",184732,62090,0.251557802789054,0.286617171235629,0.999999,1e-06,0.277214554296896,2.77214554296896e-07,1.3860720784481,13.8606584114038,49.9997500007125,2000
"Jeonnam","Male","45-49",138534,50181,0.265908910261505,0.302968378720541,0.999999,1e-06,0.277214277082342,2.77214277082342e-07,1.38607069237602,12.4745863329557,44.99979750051,2000
"Jeonnam","Male","50-54",114743,49468,0.301246566916954,0.343231010514848,0.999999,1e-06,0.277213999868065,2.77213999868065e-07,1.38606930630532,11.0885156405796,39.99984000035,2000
"Jeonnam","Male","55-59",78873,44302,0.359667140247615,0.409793602827036,0.999999,1e-06,0.277213722654065,2.77213722654065e-07,1.38606792023602,9.70244633427432,34.9998775002275,2000
"Jeonnam","Male","60-64",60496,50549,0.455211851051376,0.518654287860383,0.999999,1e-06,0.277213445440342,2.77213445440342e-07,1.3860665341681,8.3163784140383,29.9999100001375,2000
"Jeonnam","Male","65-69",38237,42177,0.524498221702689,0.597597033190033,0.999999,1e-06,0.277213168226897,2.77213168226897e-07,1.38606514810156,6.9303118798702,24.999937500075,2000
"Jeonnam","Male","70-74",18277,25096,0.578608811933692,0.65924896421324,0.999999,1e-06,0.277212891013729,2.77212891013729e-07,1.38606376203642,5.54424673176863,19.999960000035,2000
"Jeonnam","Male","75-79",10265,16778,0.620419332174685,0.706886576350489,0.999999,1e-06,0.277212613800838,2.77212613800838e-07,1.38606237597265,4.15818296973222,14.9999775000125,2000
"Jeonnam","Male","80-84",3941,6970,0.638804875813399,0.727834495480536,0.999999,1e-06,0.277212336588224,2.77212336588224e-07,1.38606098991028,2.77212059375957,9.9999900000025,2000
"Jeonnam","Male","85+",1719,3191,0.64989816700611,0.740473847971678,0.999999,1e-06,0.277212059375887,2.77212059375887e-07,1.38605960384929,1.38605960384929,4.9999975,2000
"Jeonnam","Total","0-4",15250,112665,0.880780205605285,1,0.89056293802717,0.10943706197283,1,0.10943706197283,4.72640734506792,33.6422888912107,33.6422888912107,2000
"Jeonnam","Total","5-9",29020,105575,0.784390207660017,0.89056293802717,0.921955168753554,0.078044831246446,0.89056293802717,0.0695038342126696,4.27905510460417,28.9158815461428,32.4692172910306,2000
"Jeonnam","Total","10-14",39080,102091,0.723172606271826,0.8210591038145,0.792198037316422,0.207801962683578,0.8210591038145,0.170617693251873,3.67875128594282,24.6368264415386,30.006154644751,2000
"Jeonnam","Total","15-19",88777,119081,0.572895919329542,0.650441410562627,0.659458811029446,0.340541188970554,0.650441410562627,0.221502091308681,2.69845182454143,20.9580751555958,32.22131127455,2000
"Jeonnam","Total","20-24",157201,95453,0.377801261804681,0.428939319253946,0.712880803070766,0.287119196929234,0.428939319253946,0.123156712875565,1.83680481408082,18.2596233310543,42.5692458383468,2000
"Jeonnam","Total","25-29",290354,107025,0.26932726691647,0.305782606378381,0.845733961380772,0.154266038619228,0.305782606378381,0.0471718713646555,1.41098335348027,16.4228185169735,53.7074973344024,2000
"Jeonnam","Total","30-34",378738,111715,0.227779216357123,0.258610735013725,0.966575879684051,0.0334241203159489,0.258610735013725,0.00864383632209473,1.27144408426339,15.0118351634933,58.0479969738941,2000
"Jeonnam","Total","35-39",406331,114717,0.22016589642413,0.249966898691631,0.999999,1e-06,0.249966898691631,2.49966898691631e-07,1.24983386854091,13.7403910792299,54.9688424793419,2000
"Jeonnam","Total","40-44",374498,115047,0.235008017649041,0.266818005392776,0.999999,1e-06,0.249966648724732,2.49966648724732e-07,1.24983261870704,12.490557210689,49.9688949482369,2000
"Jeonnam","Total","45-49",277105,97761,0.260789188670085,0.29608883920236,0.999999,1e-06,0.249966398758083,2.49966398758083e-07,1.24983136887442,11.2407245919819,44.9689424171793,2000
"Jeonnam","Total","50-54",231567,101229,0.304177333862186,0.34534987494769,0.999999,1e-06,0.249966148791684,2.49966148791684e-07,1.24983011904305,9.9908932231075,39.9689848861642,2000
"Jeonnam","Total","55-59",160115,98795,0.38158047197868,0.433230072100056,0.999999,1e-06,0.249965898825536,2.49965898825536e-07,1.24982886921293,8.74106310406445,34.9690223551865,2000
"Jeonnam","Total","60-64",130315,113557,0.46564181209815,0.52866970571637,0.999999,1e-06,0.249965648859637,2.49965648859637e-07,1.24982761938406,7.49123423485152,29.9690548242414,2000
"Jeonnam","Total","65-69",88147,98604,0.527997172705903,0.599465302859588,0.999999,1e-06,0.249965398893988,2.49965398893988e-07,1.24982636955644,6.24140661546746,24.9690822933237,2000
"Jeonnam","Total","70-74",57420,68402,0.54364101667435,0.617226651115248,0.999999,1e-06,0.249965148928589,2.49965148928589e-07,1.24982511973007,4.99158024591102,19.9691047624284,2000
"Jeonnam","Total","75-79",36659,47731,0.565600189595924,0.642158152506658,0.997530576548314,0.00246942345168599,0.24996489896344,0.000617269183598639,1.2482813218582,3.74175512618094,14.9691222315507,2000
"Jeonnam","Total","80-84",17716,22936,0.564203483223458,0.640572392105166,0.999999,1e-06,0.249347629779841,2.49347629779841e-07,1.24673752553013,2.49347380432274,9.9999900000025,2000
"Jeonnam","Total","85+",9358,13828,0.596394375916501,0.677120548487634,0.999999,1e-06,0.249347380432212,2.49347380432212e-07,1.24673627879261,1.24673627879261,4.9999975,2000
"NA","Female","25-29",215,0,0,NA,0.999999,1e-06,1,1e-06,4.9999975,9.9999900000025,9.9999900000025,2000
"NA","Female","70-74",55,0,0,NA,0.999999,1e-06,0.999999,9.99999e-07,4.9999925000025,4.9999925000025,4.9999975,2000
"NA","Male","0-4",56,0,0,NA,0.999999,1e-06,1,1e-06,4.9999975,19.999960000035,19.999960000035,2000
"NA","Male","30-34",55,0,0,NA,0.999999,1e-06,0.999999,9.99999e-07,4.9999925000025,14.999962500035,14.9999775000125,2000
"NA","Male","35-39",51,0,0,NA,0.999999,1e-06,0.999998000001,9.99998000001e-07,4.99998750001,9.9999700000325,9.9999900000025,2000
"NA","Male","75-79",47,0,0,NA,0.999999,1e-06,0.999997000003,9.99997000003e-07,4.9999825000225,4.9999825000225,4.9999975,2000
"NA","Total","0-4",56,0,0,NA,0.999999,1e-06,1,1e-06,4.9999975,29.9999100001375,29.9999100001375,2000
"NA","Total","25-29",215,0,0,NA,0.999999,1e-06,0.999999,9.99999e-07,4.9999925000025,24.9999125001375,24.999937500075,2000
"NA","Total","30-34",55,0,0,NA,0.999999,1e-06,0.999998000001,9.99998000001e-07,4.99998750001,19.999920000135,19.999960000035,2000
"NA","Total","35-39",51,0,0,NA,0.999999,1e-06,0.999997000003,9.99997000003e-07,4.9999825000225,14.999932500125,14.9999775000125,2000
"NA","Total","70-74",55,0,0,NA,0.999999,1e-06,0.999996000006,9.99996000006e-07,4.99997750004,9.9999500001025,9.9999900000025,2000
"NA","Total","75-79",47,0,0,NA,0.999999,1e-06,0.99999500001,9.9999500001e-07,4.9999725000625,4.9999725000625,4.9999975,2000
"Seoul","Female","0-4",64193,248398,0.794642200191304,1,0.802732486664556,0.197267513335444,1,0.197267513335444,4.50683121666139,52.4276578834954,52.4276578834954,2000
"Seoul","Female","5-9",137306,241872,0.63788510936816,0.802732486664556,0.953436180092514,0.0465638199074861,0.802732486664556,0.0373782909429369,3.92021670596544,47.920826666834,59.6971313145061,2000
"Seoul","Female","10-14",141888,220240,0.608182742013874,0.765354195721619,0.999999,1e-06,0.765354195721619,7.65354195721619e-07,3.82676906522261,44.0006099608686,57.4905190392042,2000
"Seoul","Female","15-19",137598,276563,0.667766882927171,0.840336547400089,0.999999,1e-06,0.765353430367423,7.65353430367423e-07,3.82676523845354,40.173840895646,52.4905740297783,2000
"Seoul","Female","20-24",127631,276240,0.683980776039874,0.860740564590215,0.902216354410946,0.0977836455890542,0.765352665013993,0.0748389737463664,3.63966589070405,36.3470756571924,47.4906240204023,2000
"Seoul","Female","25-29",156375,252020,0.617098642245865,0.776574214278203,0.834286831232022,0.165713168767978,0.690513691267627,0.114427211857632,3.16650042669405,32.7074097664884,47.3667795151824,2000
"Seoul","Female","30-34",145314,154202,0.514837270796886,0.647885640446659,0.904134675954293,0.0958653240457066,0.576086479409995,0.0552267170269894,2.7423656044825,29.5409093397943,51.2786020773287,2000
"Seoul","Female","35-39",120553,104983,0.465482229001135,0.58577587358068,0.999999,1e-06,0.520859762383005,5.20859762383005e-07,2.60429750976562,26.7985437353118,51.450593174456,2000
"Seoul","Female","40-44",97116,100488,0.508532215947046,0.639951182840051,0.999999,1e-06,0.520859241523243,5.20859241523243e-07,2.60429490546811,24.1942462255462,46.4506421250982,2000
"Seoul","Female","45-49",49081,61911,0.55779695833934,0.701947314407735,0.999999,1e-06,0.520858720664001,5.20858720664001e-07,2.60429230117321,21.5899513200781,41.4506860757842,2000
"Seoul","Female","50-54",38715,50692,0.566980214077198,0.713503780620638,0.999999,1e-06,0.520858199805281,5.20858199805281e-07,2.6042896968809,18.9856590189049,36.4507250265093,2000
"Seoul","Female","55-59",26808,36581,0.577087507296219,0.726223081479047,0.931920485896375,0.0680795141036252,0.520857678947081,0.0354597376998593,2.51563905048576,16.381369322024,31.4507589772682,2000
"Seoul","Female","60-64",21863,25439,0.53779967020422,0.676782166961116,0.967020438211251,0.0329795617887494,0.485397941247222,0.0160082113954945,2.38696917774737,13.8657302715382,28.5656965002993,2000
"Seoul","Female","65-69",14867,16110,0.520063272750751,0.654462187668298,0.999999,1e-06,0.469389729851727,4.69389729851727e-07,2.34694747578431,11.4787610937909,24.4546490129148,2000
"Seoul","Female","70-74",9639,12404,0.562718323277231,0.708140497876605,0.976793431338351,0.0232065686616493,0.469389260461997,0.0108929141019521,2.31971401705511,9.13181361800656,19.4546709675857,2000
"Seoul","Female","75-79",6085,7427,0.54965956187093,0.691706986790537,0.999999,1e-06,0.458496346360045,4.58496346360045e-07,2.29248058555936,6.81209960095145,14.8574784838135,2000
"Seoul","Female","80-84",2433,3935,0.617933417085427,0.777624718315569,0.980999105840275,0.0190008941597252,0.458495887863699,0.00871183183796736,2.27069985972358,4.51961901539209,9.8574908413043,2000
"Seoul","Female","85+",1361,2095,0.60619212962963,0.762849153346869,0.999999,1e-06,0.449784056025731,4.49784056025731e-07,2.24891915566852,2.24891915566852,4.9999975,2000
"Seoul","Male","0-4",69229,270363,0.796140662913143,1,0.808754610582167,0.191245389417833,1,0.191245389417833,4.52188652645542,55.6760421188155,55.6760421188155,2000
"Seoul","Male","5-9",156722,283363,0.643882431802947,0.808754610582167,0.970230530774297,0.0297694692257033,0.808754610582167,0.0240761954908715,3.98358256418366,51.15415559236,63.2505273206884,2000
"Seoul","Male","10-14",150124,249902,0.624714393564418,0.784678415091296,0.999999,1e-06,0.784678415091296,7.84678415091295e-07,3.92339011376044,47.1705730281764,60.1145286030178,2000
"Seoul","Male","15-19",145944,292151,0.666866775471074,0.837624312556721,0.999999,1e-06,0.78467763041288,7.8467763041288e-07,3.92338619037033,43.2471829144159,55.114586217604,2000
"Seoul","Male","20-24",97400,211600,0.684789644012945,0.860136500888228,0.967056102888354,0.0329438971116461,0.78467684573525,0.0258503132717931,3.85875844549677,39.3237967240456,50.1146388322429,2000
"Seoul","Male","25-29",140818,276087,0.662230004437462,0.831800252500995,0.886170849028071,0.113829150971929,0.758826532463457,0.0863765799252884,3.57819121250406,35.4650382785488,46.7366871891195,2000
"Seoul","Male","30-34",123709,175719,0.586848925284209,0.73711713598057,0.858298451272914,0.141701548727086,0.672449952538169,0.0952871997161142,3.12403176340056,31.8868470660448,47.418914888294,2000
"Seoul","Male","35-39",106548,108133,0.50369152370261,0.632666496218849,0.997275401089921,0.00272459891007926,0.577162752822054,0.00157253700727731,2.88188242159208,28.7628153026442,49.8348432257757,2000
"Seoul","Male","40-44",97426,98334,0.502319166326114,0.630942733772808,0.999999,1e-06,0.575590215814777,5.75590215814777e-07,2.87794964009835,25.8809328810521,44.9641640353743,2000
"Seoul","Male","45-49",49188,60565,0.55183001831385,0.693131307091714,0.999999,1e-06,0.575589640224561,5.75589640224561e-07,2.87794676214871,23.0029832409538,39.9642064995808,2000
"Seoul","Male","50-54",36674,52291,0.587770471533749,0.738274652852236,0.999999,1e-06,0.575589064634921,5.75589064634921e-07,2.87794388420194,20.1250364788051,34.9642439638248,2000
"Seoul","Male","55-59",21183,37859,0.641221503336608,0.80541232624688,0.964549998464363,0.0354500015356369,0.575588489045856,0.0204046128205705,2.82693091317785,17.2470925946031,29.9642764281012,2000
"Seoul","Male","60-64",16915,27422,0.618490200058642,0.776860458044608,0.970914191725183,0.0290858082748171,0.555183876225286,0.0161479717811584,2.73554945167353,14.4201616814253,25.9736680025156,2000
"Seoul","Male","65-69",9411,14146,0.600500912679883,0.754264843705636,0.999999,1e-06,0.539035904444127,5.39035904444127e-07,2.69517817463087,11.6846122297518,21.6768718621839,2000
"Seoul","Male","70-74",4385,6767,0.606796987087518,0.76217308743809,0.918999062833227,0.0810009371667727,0.539035365408223,0.0436623697640998,2.58602090263086,8.98943405512089,16.676891039075,2000
"Seoul","Male","75-79",3480,4387,0.557645862463455,0.700436353072312,0.999999,1e-06,0.495372995644123,4.95372995644123e-07,2.47686373978813,6.40341315249002,12.9264477652113,2000
"Seoul","Male","80-84",891,2627,0.746731097214326,0.937938648281043,0.723528000065273,0.276471999934727,0.495372500271127,0.136956625862625,2.13447093669907,3.9265494127019,7.92645819166954,2000
"Seoul","Male","85+",622,731,0.540280857354028,0.678624874374708,0.999999,1e-06,0.358415874408502,3.58415874408502e-07,1.79207847600283,1.79207847600283,4.9999975,2000
"Seoul","Total","0-4",133422,518761,0.79542245044719,1,0.805995231387802,0.194004768612198,1,0.194004768612198,4.51498807846951,54.2040175632598,54.2040175632598,2000
"Seoul","Total","5-9",294028,525235,0.641106701999236,0.805995231387802,0.962179279805836,0.0378207201941639,0.805995231387802,0.0304833201241485,3.95376785662864,49.6890294847903,61.6492846976691,2000
"Seoul","Total","10-14",292012,470142,0.61685958480832,0.775511911263654,0.999999,1e-06,0.775511911263654,7.75511911263654e-07,3.87755761753849,45.7352616281617,58.9742864859917,2000
"Seoul","Total","15-19",283542,568714,0.667304190290241,0.838930545542284,0.999999,1e-06,0.775511135751743,7.75511135751743e-07,3.87755373998087,41.8577040106232,53.9743429603347,2000
"Seoul","Total","20-24",225031,487840,0.684331386744586,0.86033702765097,0.935068914773808,0.064931085226192,0.775510360240607,0.0503547292945777,3.75166497796659,37.9801502706423,48.9743944347291,2000
"Seoul","Total","25-29",297193,528107,0.639897007148916,0.804474410785316,0.86082260382725,0.13917739617275,0.725155630946029,0.100925272535076,3.37346497339246,34.2284852926757,47.2015714033988,2000
"Seoul","Total","30-34",269023,329921,0.550837807875194,0.692509757004608,0.878871750320242,0.121128249679758,0.624230358410953,0.0756119307112868,2.93212196527655,30.8550203192833,49.4289005709817,2000
"Seoul","Total","35-39",227101,213116,0.484115788349837,0.608627262252485,0.999999,1e-06,0.548618427699666,5.48618427699666e-07,2.74309076695226,27.9228983540067,50.8967561864195,2000
"Seoul","Total","40-44",194542,198822,0.50544025381072,0.635436243378043,0.999999,1e-06,0.548617879081238,5.48617879081238e-07,2.74308802386149,25.1798075870545,45.8968045832241,2000
"Seoul","Total","45-49",98269,122476,0.554830233980385,0.697529009482265,0.999999,1e-06,0.548617330463359,5.48617330463359e-07,2.74308528077347,22.436719563193,40.8968479800721,2000
"Seoul","Total","50-54",75389,102983,0.577349584015428,0.725840191826167,0.999999,1e-06,0.548616781846029,5.48616781846029e-07,2.74308253768819,19.6936342824195,35.8968863769584,2000
"Seoul","Total","55-59",47991,74440,0.608015943674396,0.764393742385026,0.948724389898758,0.0512756101012417,0.548616233229247,0.0281306320702748,2.67275458597055,16.9505517447313,30.8969197738782,2000
"Seoul","Total","60-64",38778,52861,0.576839555211209,0.725198986886663,0.961809637338938,0.038190362661062,0.520485601158972,0.019877533868122,2.55273417112456,14.2777971587608,27.431685193535,2000
"Seoul","Total","65-69",24278,30256,0.554809843400447,0.697503374576026,0.999999,1e-06,0.50060806729085,5.0060806729085e-07,2.50303908493408,11.7250629876362,23.4216421063467,2000
"Seoul","Total","70-74",14024,19171,0.57752673595421,0.726062906106713,0.956835951943402,0.0431640480565982,0.500607566682783,0.0216082490657923,2.44901721074943,9.22202390270212,18.4216630280097,2000
"Seoul","Total","75-79",9565,11814,0.552598344169512,0.69472309193541,0.999999,1e-06,0.47899931761699,4.7899931761699e-07,2.39499539058666,6.77300669195269,14.139908853416,2000
"Seoul","Total","80-84",3324,6562,0.663766943151932,0.834483541140634,0.885323027552537,0.114676972447463,0.478998838617673,0.0549301366185254,2.25766885154205,4.37801130136603,9.13992049333646,2000
"Seoul","Total","85+",1983,2826,0.587648159700562,0.738787495085389,0.999999,1e-06,0.424068701999147,4.24068701999147e-07,2.12034244982398,2.12034244982398,4.9999975,2000
"Ulsan","Female","0-4",4597,33834,0.880383024121152,1,0.91752861067085,0.0824713893291503,1,0.0824713893291503,4.79382152667712,56.0965985242677,56.0965985242677,2000
"Ulsan","Female","5-9",8068,33904,0.807776612980082,0.91752861067085,0.964574908061998,0.0354250919380023,0.91752861067085,0.0325035353887623,4.50638421488234,51.3027769975905,55.9140896544693,2000
"Ulsan","Female","10-14",7539,26599,0.779161052199895,0.885025075282087,0.895768526901276,0.104231473098724,0.885025075282087,0.0922474673259609,4.19450670809553,46.7963927827082,52.875781816456,2000
"Ulsan","Female","15-19",10863,25101,0.697947947947948,0.792777607956127,0.920993323292634,0.0790066767073665,0.792777607956127,0.062634724172629,3.80730122934906,42.6018860746127,53.7374992016302,2000
"Ulsan","Female","20-24",10848,19522,0.642805400065855,0.730142883783497,0.948130896340837,0.0518691036591631,0.730142883783497,0.0378718569249665,3.55603477660507,38.7945848452636,53.1328671509274,2000
"Ulsan","Female","25-29",7915,12352,0.609463660137169,0.692271026858531,0.965464647734435,0.0345353522655646,0.692271026858531,0.0239078237758035,3.40158557485315,35.2385500686585,50.9028237518016,2000
"Ulsan","Female","30-34",7653,10941,0.588415617941271,0.668363203082727,0.924927302282053,0.0750726977179472,0.668363203082727,0.0501758287108286,3.21637644363657,31.8369644938054,47.6342269397269,2000
"Ulsan","Female","35-39",6593,7873,0.544241670123047,0.618187374371899,0.999999,1e-06,0.618187374371899,6.18187374371899e-07,3.09093532639106,28.6205880501688,46.2975939604855,2000
"Ulsan","Female","40-44",6521,9348,0.589073035477976,0.669109943443107,0.967079389621089,0.0329206103789107,0.618186756184524,0.0203510853417534,3.04005606756824,25.5296527237778,41.2976377581233,2000
"Ulsan","Female","45-49",5978,7914,0.569680391592283,0.647082435694362,0.909466659756799,0.090533340243201,0.597835670842771,0.0541240601979309,2.85386820371903,22.4895966562095,37.6183586109973,2000
"Ulsan","Female","50-54",5097,5480,0.518105322870379,0.588499901378245,0.999999,1e-06,0.54371161064484,5.4371161064484e-07,2.71855669394517,19.6357284524905,36.1142342154559,2000
"Ulsan","Female","55-59",4594,5136,0.527852004110997,0.599570856830103,0.999999,1e-06,0.54371106693323,5.4371106693323e-07,2.71855397538848,16.9171717585453,31.1142678297237,2000
"Ulsan","Female","60-64",3655,4201,0.534750509164969,0.607406656550184,0.999999,1e-06,0.543710523222163,5.43710523222163e-07,2.7185512568345,14.1986177831568,26.1142964440201,2000
"Ulsan","Female","65-69",3353,3964,0.541752084187509,0.615359530277536,0.999999,1e-06,0.543709979511639,5.43709979511639e-07,2.71854853828325,11.4800665263223,21.1143200583402,2000
"Ulsan","Female","70-74",2503,3540,0.585801754095648,0.665394195532596,0.926291099379458,0.0737089006205425,0.54370943580166,0.0400762247699558,2.61835661708341,8.76151798803909,16.1143386726789,2000
"Ulsan","Female","75-79",1674,1986,0.542622950819672,0.616348720900598,0.999999,1e-06,0.503633211031704,5.03633211031704e-07,2.51816479607549,6.14316137095568,12.1976891841014,2000
"Ulsan","Female","80-84",765,1701,0.68978102189781,0.783501047838114,0.626360059693393,0.373639940306607,0.503632707398493,0.188177294728828,2.0477203001704,3.62499657488019,7.1976988818003,2000
"Ulsan","Female","85+",886,674,0.432051282051282,0.490753763093717,0.999999,1e-06,0.315455412669665,3.15455412669665e-07,1.57727627470979,1.57727627470979,4.9999975,2000
"Ulsan","Male","0-4",4595,39165,0.894995429616088,1,0.901578086959388,0.0984219130406118,1,0.0984219130406118,4.75394521739847,58.3192700954505,58.3192700954505,2000
"Ulsan","Male","5-9",9889,41325,0.806908267270668,0.901578086959388,0.959002250033636,0.0409977499663641,0.901578086959388,0.0369626729843138,4.41548375233616,53.565324878052,59.4128513689851,2000
"Ulsan","Male","10-14",9172,31381,0.773826843883313,0.864615413975074,0.956985721423577,0.0430142785764233,0.864615413975074,0.0371908082781934,4.23010004917989,49.1498411257159,56.8458997275438,2000
"Ulsan","Male","15-19",10019,28596,0.740541240450602,0.827424605696881,0.888039652396446,0.111960347603554,0.827424605696881,0.0926387464695563,3.90552616231051,44.919741076536,54.2886213042979,2000
"Ulsan","Male","20-24",7691,14773,0.657629985754986,0.734785859227325,0.999999,1e-06,0.734785859227325,7.34785859227325e-07,3.67392745917198,41.0142149142255,55.8179153819789,2000
"Ulsan","Male","25-29",5848,14916,0.718358697746099,0.802639515214332,0.921477470742317,0.0785225292576833,0.734785124441465,0.0576971864320655,3.52968265612716,37.3402874550535,50.8179686999476,2000
"Ulsan","Male","30-34",6046,11839,0.66195135588482,0.739614230397541,0.999999,1e-06,0.6770879380094,6.770879380094e-07,3.38543799732716,33.8106047989263,49.9353228744963,2000
"Ulsan","Male","35-39",5572,11915,0.681363298450277,0.761303662458423,0.9931232984408,0.00687670155920006,0.677087260921462,0.00465612702289312,3.37379598705008,30.4251668015992,44.9353703098666,2000
"Ulsan","Male","40-44",5049,10567,0.676677766393443,0.75606840437577,0.893060606039834,0.106939393960166,0.672431133898569,0.0719093779390602,3.18238222464519,27.0513708145491,40.2292063095187,2000
"Ulsan","Male","45-49",4971,7592,0.604314256149009,0.675214907419396,0.965206544720296,0.0347934552797041,0.600521755959509,0.0208942268604666,2.95037321264638,23.8689885899039,39.7470838533839,2000
"Ulsan","Male","50-54",5371,7518,0.583288075102801,0.651721847733909,0.980527985003872,0.0194720149961285,0.579627529099042,0.0112865159387855,2.86992135564825,20.9186153772575,36.0897547598764,2000
"Ulsan","Male","55-59",3291,4397,0.571930280957336,0.63903151014153,0.999999,1e-06,0.568341013160257,5.68341013160257e-07,2.84170364494875,18.0486940216093,31.7568037563393,2000
"Ulsan","Male","60-64",2657,4606,0.634173206663913,0.708577033668143,0.999999,1e-06,0.568340444819243,5.68340444819243e-07,2.8417008032451,15.2069903766605,26.7568330131723,2000
"Ulsan","Male","65-69",2141,3793,0.639197842938996,0.714191181080313,0.855861844643261,0.144138155356739,0.568339876478799,0.081919461411331,2.63690072886567,12.3652895734154,21.7568572700295,2000
"Ulsan","Male","70-74",1713,2069,0.547065044949762,0.611248981667346,0.999999,1e-06,0.486420415067468,4.86420415067468e-07,2.4321008592863,9.72838884454977,19.999960000035,2000
"Ulsan","Male","75-79",504,1111,0.687925696594427,0.768635988330707,0.999999,1e-06,0.486419928647053,4.86419928647052e-07,2.43209842718544,7.29628798526347,14.9999775000125,2000
"Ulsan","Male","80-84",246,920,0.789022298456261,0.881593662209778,0.999999,1e-06,0.486419442227124,4.86419442227124e-07,2.43209599508701,4.86418955807803,9.9999900000025,2000
"Ulsan","Male","85+",50,212,0.809160305343511,0.904094343465647,0.999999,1e-06,0.486418955807682,4.86418955807682e-07,2.43209356299102,2.43209356299102,4.9999975,2000
"Ulsan","Total","0-4",9192,72999,0.888162937547907,1,0.908954140739078,0.0910458592609216,1,0.0910458592609216,4.7723853518477,59.5221900562797,59.5221900562797,2000
"Ulsan","Total","5-9",17957,75229,0.807299379735153,0.908954140739078,0.961557629610149,0.0384423703898507,0.908954140739078,0.0349423517456801,4.45741482433119,54.749804704432,60.2338470672618,2000
"Ulsan","Total","10-14",16711,57980,0.776264877963878,0.874011788993398,0.927520527426899,0.0724794725731013,0.874011788993398,0.0633479134889142,4.21168916124471,50.2923898801009,57.5420040249374,2000
"Ulsan","Total","15-19",20882,53697,0.720001609032033,0.810663875504484,0.901537608327941,0.0984623916720592,0.810663875504484,0.0798199040243119,3.85376961746164,46.0807007188561,56.843165350349,2000
"Ulsan","Total","20-24",18539,34295,0.649108528599008,0.730843971480172,0.999999,1e-06,0.730843971480172,7.30843971480172e-07,3.65421803029093,42.2269311013945,57.7783121284734,2000
"Ulsan","Total","25-29",13763,27268,0.66457069045356,0.74825312153685,0.939657558589887,0.0603424414101128,0.730843240636201,0.0441008654280669,3.54396403961084,38.5727130711036,52.7783674068408,2000
"Ulsan","Total","30-34",13699,22780,0.624468872501987,0.703101701390579,0.99169806773101,0.00830193226899023,0.686742375208134,0.0057012886852234,3.41945865432761,35.0287490314927,51.0071175102256,2000
"Ulsan","Total","35-39",12165,19788,0.619284574218383,0.697264598687422,0.999999,1e-06,0.68104108652291,6.8104108652291e-07,3.40520373001184,31.6092903771651,46.4131915132286,2000
"Ulsan","Total","40-44",11570,19915,0.632523423852628,0.712170478086979,0.926649297123814,0.0733507028761863,0.681040405481824,0.0499547924291747,3.28031504633618,28.2040866471533,41.413235426464,2000
"Ulsan","Total","45-49",10949,15506,0.586127386127386,0.659932272951629,0.945029689076294,0.054970310923706,0.631085613052649,0.0346909723689817,3.06870063434079,24.9237716008171,39.4934872310863,2000
"Ulsan","Total","50-54",10468,12998,0.553907781471065,0.62365559071889,0.988083940097941,0.0119160599020587,0.596394640683668,0.00710667426365335,2.9642065177592,21.8550709664763,36.645317505575,2000
"Ulsan","Total","55-59",7885,9533,0.547307383166839,0.61622407334163,0.999999,1e-06,0.589287966420014,5.89287966420014e-07,2.94643835888016,18.8908644487171,32.0571020030853,2000
"Ulsan","Total","60-64",6312,8807,0.58251207090416,0.655861718923326,0.999999,1e-06,0.589287377132048,5.89287377132048e-07,2.9464354124418,15.944426089837,27.0571315602169,2000
"Ulsan","Total","65-69",5494,7757,0.585389781903253,0.659101789947948,0.97523155150679,0.0247684484932104,0.589286787844671,0.0145957194524601,2.9099446405922,12.9979906773952,22.057156117373,2000
"Ulsan","Total","70-74",4216,5609,0.57089058524173,0.642776861211839,0.999999,1e-06,0.574691068392211,5.74691068392211e-07,2.87345390523338,10.088046036803,17.5538590934184,2000
"Ulsan","Total","75-79",2178,3097,0.587109004739336,0.661037496520922,0.999999,1e-06,0.574690493701142,5.74690493701142e-07,2.87345103177948,7.21459213156957,12.5538741472926,2000
"Ulsan","Total","80-84",1011,2621,0.721640969162996,0.812509663097793,0.673851451440719,0.326148548559281,0.574689919010648,0.187434282956974,2.40486388766081,4.34114109979009,7.55388420117677,2000
"Ulsan","Total","85+",936,886,0.486278814489572,0.547510815788057,0.999999,1e-06,0.387255636053675,3.87255636053675e-07,1.93627721212928,1.93627721212928,4.9999975,2000
"Busan","Female","0-4",8752,55248,0.86325,1,0.895732742996697,0.104267257003303,1,0.104267257003303,4.73933185749174,57.3701287350107,57.3701287350107,2010
"Busan","Female","5-9",16884,57574,0.773241290391899,0.895732742996697,0.965786871706367,0.0342131282936329,0.895732742996697,0.0306458192529537,4.4020491668511,52.630796877519,58.7572546487932,2010
"Busan","Female","10-14",27321,80576,0.746786286921787,0.865086923743743,0.979145434251205,0.0208545657487946,0.865086923743743,0.0180410121296364,4.28033208839463,48.2287477106679,55.7501753719193,2010
"Busan","Female","15-19",32333,87959,0.731212383200878,0.847045911614107,0.905904649482744,0.0940953505172556,0.847045911614107,0.0797030819575377,4.03597185317669,43.9484156222733,51.8843371057968,2010
"Busan","Female","20-24",40118,78718,0.662408697701033,0.767342829656569,0.874491722738682,0.125508277261318,0.767342829656569,0.096307876619021,3.59594445673529,39.9124437690966,52.0138355719825,2010
"Busan","Female","25-29",66317,91307,0.579270923209664,0.671034953037548,0.907206669849171,0.0927933301508287,0.671034953037548,0.062267567939959,3.19950584533784,36.3164993123613,54.1201306250424,2010
"Busan","Female","30-34",72850,80686,0.525518445185494,0.608767385097589,0.935954777525289,0.0640452224747109,0.608767385097589,0.0389886426139231,2.94636531895314,33.1169934670234,54.4000783841509,2010
"Busan","Female","35-39",76547,74095,0.491861499449025,0.569778742483666,0.999999,1e-06,0.569778742483666,5.69778742483666e-07,2.84889228797148,30.1706281480703,52.9514808091234,2010
"Busan","Female","40-44",58842,65795,0.527893001275705,0.611518101680515,0.999999,1e-06,0.569778172704924,5.69778172704924e-07,2.84888943907919,27.3217358600988,47.9515312606546,2010
"Busan","Female","45-49",46189,54796,0.542615239887112,0.62857253389761,0.965591442989453,0.034408557010547,0.569777602926751,0.0196052251336379,2.79987495179966,24.4728464210196,42.9515767122314,2010
"Busan","Female","50-54",46980,51706,0.523944632470665,0.60694426002973,0.984814613116065,0.0151853868839353,0.550172377793113,0.00835458040964306,2.72997543794146,21.67297146922,39.3930563292836,2010
"Busan","Female","55-59",33845,36081,0.515988330520836,0.597727576624195,0.999999,1e-06,0.54181779738347,5.4181779738347e-07,2.70908763237286,18.9429960312785,34.9619302332951,2010
"Busan","Female","60-64",17301,24578,0.586881253134029,0.679850857960068,0.999999,1e-06,0.541817255565673,5.41817255565672e-07,2.70908492328522,16.2339083989057,29.9619626952578,2010
"Busan","Female","65-69",10632,16087,0.602080916201954,0.697458344861806,0.999999,1e-06,0.541816713748417,5.41816713748417e-07,2.7090822142003,13.5248234756204,24.961990157248,2010
"Busan","Female","70-74",6962,12040,0.6336175139459,0.733990748851318,0.999999,1e-06,0.541816171931703,5.41816171931703e-07,2.70907950511809,10.8157412614201,19.9620126192606,2010
"Busan","Female","75-79",4743,9251,0.661069029584108,0.765790940728766,0.999999,1e-06,0.541815630115531,5.41815630115531e-07,2.70907679603858,8.10666175630205,14.9620300812907,2010
"Busan","Female","80-84",2416,5699,0.702279728897104,0.81352994948984,0.994939337424212,0.00506066257578819,0.541815088299901,0.00274194334035668,2.70222058314861,5.39758496026347,9.96204254333325,2010
"Busan","Female","85+",993,2303,0.69872572815534,0.809412948920174,0.999999,1e-06,0.539073144959544,5.39073144959544e-07,2.69536437711486,2.69536437711486,4.9999975,2010
"Busan","Male","0-4",10416,59345,0.850690213729734,1,0.940978272368994,0.0590217276310055,1,0.0590217276310055,4.85244568092249,60.2020257548132,60.2020257548132,2010
"Busan","Male","5-9",16094,64570,0.800481007636616,0.940978272368994,0.950135017601609,0.0498649823983913,0.940978272368994,0.0469218649889486,4.5875866993726,55.3495800738907,58.8213157510463,2010
"Busan","Male","10-14",28510,90562,0.76056503628057,0.894056407380046,0.988702833653183,0.0112971663468173,0.894056407380046,0.0101003039576103,4.4450312770062,50.7619933745181,56.777170831169,2010
"Busan","Male","15-19",32908,99771,0.751972806548135,0.883956103422436,0.883903964162081,0.116096035837919,0.883956103422436,0.102623799462079,4.16322101845698,46.3169620975119,52.397355386976,2010
"Busan","Male","20-24",33282,65970,0.664671744649982,0.781332303960357,0.917166086221618,0.0828339137783823,0.781332303960357,0.064720812698517,3.74485948805549,42.1537410790549,53.9511048825056,2010
"Busan","Male","25-29",59193,92434,0.609614382662718,0.71661149126184,0.858855312559626,0.141144687440374,0.71661149126184,0.101145904950332,3.33019269393337,38.4088815909994,53.5979147129883,2010
"Busan","Male","30-34",77183,84820,0.523570551162633,0.615465586311508,0.998005745442709,0.00199425455729063,0.615465586311508,0.00122739505035727,3.07425944393164,35.0786888970661,56.9953701348162,2010
"Busan","Male","35-39",70668,77336,0.522526418204913,0.61423819126115,0.999999,1e-06,0.61423819126115,6.1423819126115e-07,3.07118942071027,32.0044294531344,52.1042649390184,2010
"Busan","Male","40-44",55812,65047,0.538205677690532,0.632669412441978,0.999999,1e-06,0.614237577022959,6.14237577022959e-07,3.07118634952085,28.9332400324242,47.1043145433329,2010
"Busan","Male","45-49",39448,51799,0.567678937389722,0.667315702270527,0.999999,1e-06,0.614236962785382,6.14236962785382e-07,3.0711832783345,25.8620536829033,42.1043591476921,2010
"Busan","Male","50-54",38100,54445,0.588308390512724,0.69156595552377,0.984840003930398,0.0151599960696018,0.614236348548419,0.00931182062980062,3.04790219116759,22.7908704045688,37.1043987520908,2010
"Busan","Male","55-59",28681,39508,0.579389637624837,0.681081818356159,0.999999,1e-06,0.604924527918619,6.04924527918619e-07,3.02462112728177,19.7429682134012,32.6370766967103,2010
"Busan","Male","60-64",13555,21087,0.60871196813117,0.715550688496058,0.999999,1e-06,0.604923922994091,6.0492392299409e-07,3.02461810266065,16.7183470861194,27.6371068338171,2010
"Busan","Male","65-69",7711,13735,0.640445770773104,0.752854282836002,0.980519383577238,0.0194806164227623,0.604923318070168,0.0117842791245096,2.99515589253956,13.6937289834588,22.6371319709491,2010
"Busan","Male","70-74",5951,10045,0.627969492373093,0.73818821732984,0.999999,1e-06,0.593139038945658,5.93139038945658e-07,2.96569371188069,10.6985730909192,18.0372094710485,2010
"Busan","Male","75-79",2222,5208,0.700942126514132,0.823968719989087,0.842978675044652,0.157021324955348,0.593138445806619,0.0931353846425114,2.73285376742682,7.73287937903853,13.0372250082735,2010
"Busan","Male","80-84",1247,1801,0.590879265091864,0.694588059854638,0.999999,1e-06,0.500003061164108,5.00003061164108e-07,2.50001405581288,5.00002561161171,9.9999900000025,2010
"Busan","Male","85+",497,991,0.665994623655914,0.782887369464322,0.999999,1e-06,0.500002561161046,5.00002561161046e-07,2.50001155579883,2.50001155579883,4.9999975,2010
"Busan","Total","0-4",19168,114593,0.856699635917794,1,0.919115648803393,0.0808843511966072,1,0.0808843511966072,4.79778912200848,59.9162616298609,59.9162616298609,2010
"Busan","Total","5-9",32978,122144,0.787406041696213,0.919115648803393,0.957593446758328,0.0424065532416715,0.919115648803393,0.0389765266962345,4.49813692727638,55.1184725078525,59.9690284673227,2010
"Busan","Total","10-14",55831,171138,0.754014865466209,0.880139122107158,0.984199260798101,0.0158007392018992,0.880139122107158,0.0139068487298037,4.36592848871128,50.6203355805761,57.5140160334936,2010
"Busan","Total","15-19",65241,187730,0.742100873222622,0.866232273377355,0.894000581154742,0.105999418845258,0.866232273377355,0.091820117563006,4.10161107297926,46.2544070918648,53.3972336444166,2010
"Busan","Total","20-24",73400,144688,0.663438611936466,0.774412155814349,0.89555903415547,0.10444096584453,0.774412155814349,0.0808803535149949,3.66985989528426,42.1527960188855,54.4319916757491,2010
"Busan","Total","25-29",125510,183741,0.594148442527268,0.693531802299354,0.882806932194381,0.117193067805619,0.693531802299354,0.0812771195322215,3.26446621266621,38.4829361236013,55.4883510691419,2010
"Busan","Total","30-34",150033,165506,0.524518363815566,0.612254682767132,0.966712624607442,0.0332873753925582,0.612254682767132,0.0203803514611212,3.01032253518286,35.2184699109351,57.522581537086,2010
"Busan","Total","35-39",147215,151431,0.507058524138947,0.591874331306011,0.999999,1e-06,0.591874331306011,5.91874331306011e-07,2.95937017684423,32.2081473757522,54.4172059374204,2010
"Busan","Total","40-44",114654,130842,0.532969987291035,0.622120011432079,0.999999,1e-06,0.59187373943168,5.9187373943168e-07,2.95936721747405,29.248777198908,49.4172578546783,2010
"Busan","Total","45-49",85637,106595,0.554512256023971,0.647265660886986,0.999999,1e-06,0.59187314755794,5.9187314755794e-07,2.95936425810683,26.2894099814339,44.4173047719831,2010
"Busan","Total","50-54",85080,106151,0.555093054996313,0.647943610249857,0.985943341632925,0.0140566583670751,0.591872555684793,0.00831975031210879,2.93856340264369,23.3300457233271,39.4173466893297,2010
"Busan","Total","55-59",62526,75589,0.547290301560294,0.638835688279445,0.999999,1e-06,0.583552805372684,5.83552805372684e-07,2.91776256798141,20.3914823206834,34.9436797029199,2010
"Busan","Total","60-64",30856,45665,0.596764286927772,0.69658519965221,0.999999,1e-06,0.583552221819878,5.83552221819878e-07,2.91775965021884,17.473719752702,29.943712146632,2010
"Busan","Total","65-69",18343,29822,0.619163292847503,0.72273089293914,0.999999,1e-06,0.583551638267657,5.83551638267657e-07,2.91775673245919,14.5559601024832,24.9437395903716,2010
"Busan","Total","70-74",12913,22085,0.631036059203383,0.736589619916607,0.999999,1e-06,0.583551054716018,5.83551054716018e-07,2.91775381470245,11.638203370024,19.9437620341337,2010
"Busan","Total","75-79",6965,14459,0.674897311426438,0.787787554856856,0.995503154635375,0.00449684536462525,0.583550471164964,0.00262413623128304,2.91119201524661,8.72044955532152,14.9437794779131,2010
"Busan","Total","80-84",3663,7500,0.671862402579952,0.784244996042489,0.999999,1e-06,0.580926334933681,5.8092633493368e-07,2.90463022235257,5.80925754007491,9.9999900000025,2010
"Busan","Total","85+",1490,3294,0.688545150501672,0.803718271414957,0.999999,1e-06,0.580925754007346,5.80925754007346e-07,2.90462731772234,2.90462731772234,4.9999975,2010
"Chungbuk","Female","0-4",3182,28160,0.898474889924064,1,0.916613309084946,0.0833866909150544,1,0.0833866909150544,4.79153327271236,42.8760982026901,42.8760982026901,2010
"Chungbuk","Female","5-9",6321,29503,0.823554041983028,0.916613309084946,0.961323854194479,0.0386761458055207,0.916613309084946,0.0354510699894502,4.4944388704511,38.0845649299778,41.5492166134895,2010
"Chungbuk","Female","10-14",9785,37191,0.791702145776567,0.881162239095496,0.925296901606258,0.0747030983937422,0.881162239095496,0.065825549448001,4.24124732185747,33.5901260595267,38.1202513784597,2010
"Chungbuk","Female","15-19",11083,30358,0.732559542482083,0.815336689647495,0.754926015501845,0.245073984498155,0.815336689647495,0.199817811239447,3.57713892013885,29.3488787376692,35.9960236186084,2010
"Chungbuk","Female","20-24",16546,20472,0.553028256523853,0.615518878408047,0.896122411257978,0.103877588742022,0.615518878408047,0.0639386169142219,2.91774784975468,25.7717398175303,41.8699421278277,2010
"Chungbuk","Female","25-29",29279,28766,0.495581014729951,0.551580261493825,0.80605997949695,0.19394002050305,0.551580261493825,0.10697348722319,2.49046758941115,22.8539919677757,41.4336653488669,2010
"Chungbuk","Female","30-34",40865,27183,0.399468022572302,0.444606774270635,0.949677455536788,0.0503225444632125,0.444606774270635,0.0223737441668795,2.16709951093598,20.3635243783645,45.8012013239571,2010
"Chungbuk","Female","35-39",55211,33748,0.379365775244776,0.422233030103756,0.851851406469633,0.148148593530367,0.422233030103756,0.0625532295519367,1.95478207663894,18.1964248674285,43.0956925917357,2010
"Chungbuk","Female","40-44",70789,33799,0.323163269208705,0.359679800551819,0.898021469636634,0.101978530363366,0.359679800551819,0.0366796174616633,1.70669995910494,16.2416427907896,45.1558379588505,2010
"Chungbuk","Female","45-49",81015,33124,0.29020755394738,0.323000183090156,0.999999,1e-06,0.323000183090156,3.23000183090156e-07,1.61500010795032,14.5349428316847,44.99979750051,2010
"Chungbuk","Female","50-54",75785,33453,0.30623958695692,0.340843790284225,0.999999,1e-06,0.322999860089973,3.22999860089973e-07,1.61499849295021,12.9199427237343,39.99984000035,2010
"Chungbuk","Female","55-59",54612,28210,0.340609982854797,0.379097943275392,0.999999,1e-06,0.322999537090112,3.22999537090112e-07,1.61499687795172,11.3049442307841,34.9998775002275,2010
"Chungbuk","Female","60-64",37068,19757,0.347681478222613,0.386968497530296,0.999999,1e-06,0.322999214090575,3.22999214090575e-07,1.61499526295484,9.6899473528324,29.9999100001375,2010
"Chungbuk","Female","65-69",34075,23688,0.410089503661513,0.456428452548265,0.999999,1e-06,0.322998891091361,3.22998891091361e-07,1.61499364795958,8.07495208987756,24.999937500075,2010
"Chungbuk","Female","70-74",31579,24307,0.434938982929535,0.484085852378462,0.999999,1e-06,0.32299856809247,3.2299856809247e-07,1.61499203296593,6.45995844191798,19.999960000035,2010
"Chungbuk","Female","75-79",20204,19339,0.489062539513947,0.544325217096808,0.999999,1e-06,0.322998245093902,3.22998245093902e-07,1.6149904179739,4.84496640895205,14.9999775000125,2010
"Chungbuk","Female","80-84",11360,11869,0.510956132420681,0.568692723804296,0.999999,1e-06,0.322997922095657,3.22997922095657e-07,1.61498880298348,3.22997599097816,9.9999900000025,2010
"Chungbuk","Female","85+",6924,7314,0.513695743784239,0.57174190346895,0.999999,1e-06,0.322997599097735,3.22997599097735e-07,1.61498718799468,1.61498718799468,4.9999975,2010
"Chungbuk","Male","0-4",3257,32078,0.9078251025895,1,0.918569874935136,0.0814301250648638,1,0.0814301250648638,4.79642468733784,47.7475233856089,47.7475233856089,2010
"Chungbuk","Male","5-9",6342,31840,0.833900790948615,0.918569874935136,0.950384665691756,0.0496153343082442,0.918569874935136,0.0455751514303888,4.47891149609971,42.951098698271,46.7586624276177,2010
"Chungbuk","Male","10-14",10677,40785,0.79252652442579,0.872994723504747,0.975028680096247,0.0249713199037533,0.872994723504747,0.0217998305149257,4.31047404123642,38.4721872021713,44.0692093163173,2010
"Chungbuk","Male","15-19",10543,35848,0.772736091052144,0.851194892989822,0.842994931776282,0.157005068223718,0.851194892989822,0.133641912245547,3.92186968433524,34.1617131609349,40.1338323834884,2010
"Chungbuk","Male","20-24",12104,22619,0.651412608357573,0.717552980744274,0.809998789963542,0.190001210036458,0.717552980744274,0.13633593460668,3.24692506720467,30.2398434765996,42.1430114404008,2010
"Chungbuk","Male","25-29",26759,29891,0.527643424536628,0.581217046137595,0.874396097424445,0.125603902575555,0.581217046137595,0.0730031292383182,2.72357740759218,26.992918409395,46.4420625457788,2010
"Chungbuk","Male","30-34",37486,32109,0.461369351246498,0.508213916899277,0.911838294672988,0.0881617053270118,0.508213916899277,0.0448050055847605,2.42905707053448,24.2693410018028,47.754184202344,2010
"Chungbuk","Male","35-39",51385,37316,0.420694242454989,0.463408911314516,0.887803034180526,0.112196965819474,0.463408911314516,0.0519930737831943,2.18706187211459,21.8402839312683,47.1296157627087,2010
"Chungbuk","Male","40-44",64517,38462,0.373493624913817,0.411415837531322,0.999999,1e-06,0.411415837531322,4.11415837531322e-07,2.05707815911701,19.6532220591537,47.7697265547233,2010
"Chungbuk","Male","45-49",71992,43639,0.377398794440937,0.415717513609655,0.967020791343028,0.0329792086569721,0.411415426115484,0.0135681551825597,2.02315674262102,17.5961439000367,42.7697718244951,2010
"Chungbuk","Male","50-54",70228,40359,0.36495248085218,0.402007478985965,0.999999,1e-06,0.397847270932924,3.97847270932924e-07,1.98923536004645,15.5729871574157,39.14312927395,2010
"Chungbuk","Male","55-59",47879,29964,0.384928638413216,0.42401189096362,0.999999,1e-06,0.397846873085654,3.97846873085654e-07,1.98923337081108,13.5837517973692,34.1431659171159,2010
"Chungbuk","Male","60-64",32836,22302,0.404476041931155,0.445544015887441,0.998846815301138,0.00115318469886183,0.39784647523878,0.000458790467741474,1.98808540002455,11.5945184265581,29.1431975603135,2010
"Chungbuk","Male","65-69",28539,19346,0.404009606348543,0.445030221345651,0.999999,1e-06,0.397387684771039,3.97387684771039e-07,1.98693743038598,9.60643302653359,24.1739575600298,2010
"Chungbuk","Male","70-74",20689,19677,0.487464698013179,0.53695882237969,0.999999,1e-06,0.397387287383354,3.97387287383354e-07,1.98693544344855,7.61949559614761,19.173979234009,2010
"Chungbuk","Male","75-79",10956,13122,0.544978818838774,0.600312568229568,0.999999,1e-06,0.397386889996067,3.97386889996067e-07,1.98693345651311,5.63256015269906,14.1739959080049,2010
"Chungbuk","Male","80-84",3932,5695,0.591565389010076,0.651629248103717,0.889867974224328,0.110132025775672,0.397386492609177,0.0437649794469379,1.87752001442854,3.64562669618595,9.17400758201252,2010
"Chungbuk","Male","85+",2259,2511,0.526415094339623,0.579863998955376,0.999999,1e-06,0.353621513162239,3.53621513162239e-07,1.76810668175741,1.76810668175741,4.9999975,2010
"Chungbuk","Total","0-4",6439,60238,0.903429968354905,1,0.91749474891666,0.0825052510833405,1,0.0825052510833405,4.79373687229165,45.7960783476851,45.7960783476851,2010
"Chungbuk","Total","5-9",12663,61343,0.828892251979569,0.91749474891666,0.955652700857147,0.0443472991428527,0.91749474891666,0.0406884140922037,4.48575270935279,41.0023414753934,44.689456287142,2010
"Chungbuk","Total","10-14",20462,77976,0.792133119323838,0.876806334824456,0.951582411011899,0.0484175889881009,0.876806334824456,0.0424528487416937,4.27789955226804,36.5165887660406,41.6472684054587,2010
"Chungbuk","Total","15-19",21626,66206,0.753779943528554,0.834353486082762,0.796846315931182,0.203153684068818,0.834353486082762,0.169501984513374,3.74801246913038,32.2386892137726,38.6391256841644,2010
"Chungbuk","Total","20-24",28650,43091,0.600646771023543,0.664851501569388,0.851444245922495,0.148555754077505,0.664851501569388,0.0987675161652016,3.07733871743394,28.4906767446422,42.8526921837278,2010
"Chungbuk","Total","25-29",56038,58657,0.511417237019922,0.566083985404186,0.842299627510581,0.157700372489419,0.566083985404186,0.0892716553585347,2.60724078862459,25.4133380272083,44.8932290657597,2010
"Chungbuk","Total","30-34",78351,59292,0.430766548244371,0.476812330045651,0.928577211090872,0.0714227889091277,0.476812330045651,0.0340552663981199,2.29892348423296,22.8060972385837,47.8303428864773,2010
"Chungbuk","Total","35-39",106596,71064,0.4,0.442757063647531,0.870333434505485,0.129666565494515,0.442757063647531,0.0574107877916118,2.07025834875863,20.5071737543507,46.316988339854,2010
"Chungbuk","Total","40-44",135306,72261,0.348133373802194,0.38534627585592,0.959650195338759,0.0403498046612409,0.38534627585592,0.015548646957723,1.88785976188529,18.4369154055921,47.8450592642697,2010
"Chungbuk","Total","45-49",153007,76763,0.334086260173217,0.369797628898197,0.999999,1e-06,0.369797628898197,3.69797628898197e-07,1.84898721999691,16.5490556437068,44.7516542845727,2010
"Chungbuk","Total","50-54",146013,73812,0.335776185602184,0.371668194949978,0.999999,1e-06,0.369797259100568,3.69797259100568e-07,1.84898537100969,14.7000684237099,39.7516965362692,2010
"Chungbuk","Total","55-59",102491,58174,0.362082594217782,0.400786565534365,0.999999,1e-06,0.369796889303309,3.69796889303309e-07,1.84898352202432,12.8510830527002,34.751733788003,2010
"Chungbuk","Total","60-64",69904,42059,0.375650884667256,0.41580520662968,0.999999,1e-06,0.369796519506419,3.69796519506419e-07,1.8489816730408,11.0020995306759,29.751766039769,2010
"Chungbuk","Total","65-69",62614,43034,0.40733378767227,0.450874779385504,0.999999,1e-06,0.3697961497099,3.697961497099e-07,1.84897982405912,9.15311785763508,24.7517932915623,2010
"Chungbuk","Total","70-74",52268,43984,0.456967127955783,0.50581355939287,0.999999,1e-06,0.36979577991375,3.6979577991375e-07,1.8489779750793,7.30413803357596,19.7518155433779,2010
"Chungbuk","Total","75-79",31160,32461,0.51022461137046,0.564763876827719,0.999999,1e-06,0.36979541011797,3.6979541011797e-07,1.84897612610133,5.45516005849666,14.7518327952107,2010
"Chungbuk","Total","80-84",15292,17564,0.534575115656197,0.591717271267443,0.966912995245095,0.033087004754905,0.36979504032256,0.0122354102574928,1.81838667596907,3.60618393239533,9.75184504705573,2010
"Chungbuk","Total","85+",9183,9825,0.516887626262626,0.572139119099458,0.999999,1e-06,0.357559630065067,3.57559630065067e-07,1.78779725642626,1.78779725642626,4.9999975,2010
"Chungnam","Female","0-4",3826,38852,0.910351937766531,1,0.909775809551866,0.0902241904481343,1,0.0902241904481343,4.77443952387966,35.3666398447631,35.3666398447631,2010
"Chungnam","Female","5-9",7419,35769,0.828216171158655,0.909775809551866,0.930092469497603,0.0699075305023971,0.909775809551866,0.06360018015659,4.38987859736785,30.5922003208835,33.6260867784036,2010
"Chungnam","Female","10-14",12257,41108,0.770317623910803,0.846175629395276,0.935043673021043,0.0649563269789575,0.846175629395276,0.0549644608646247,4.09346699481482,26.2023217235156,30.9655830459703,2010
"Chungnam","Female","15-19",13038,33573,0.720280620454399,0.791211168530651,0.667707596196393,0.332292403803607,0.791211168530651,0.262913461107311,3.29877218988498,22.1088547287008,27.9430518779947,2010
"Chungnam","Female","20-24",25132,23286,0.480936841670453,0.52829770742334,0.773348553921729,0.226651446078271,0.52829770742334,0.119739439347335,2.34213993874836,18.8100825388158,35.6050807612965,2010
"Chungnam","Female","25-29",49922,29563,0.371931811033528,0.408558268076004,0.839246789917551,0.160753210082449,0.408558268076004,0.0656770530989434,1.87859870763266,16.4679426000675,40.3074515603828,2010
"Chungnam","Female","30-34",72289,32804,0.31214257847811,0.342881214977061,0.894882959563793,0.105117040436207,0.342881214977061,0.0360426585395596,1.62429942853641,14.5893438924348,42.5492656207801,2010
"Chungnam","Female","35-39",98901,38334,0.279331074434364,0.306838556437501,0.808538807722225,0.191461192277775,0.306838556437501,0.0587476758523154,1.38732359255672,12.9650444638984,42.2536353137197,2010
"Chungnam","Female","40-44",122678,35790,0.225850013882929,0.248090880585186,0.938809759676075,0.0611902403239251,0.248090880585186,0.0151807406051817,1.20250255141298,11.5777208713417,46.6672569504878,2010
"Chungnam","Female","45-49",145605,39180,0.212030197256271,0.232910139980004,0.999999,1e-06,0.232910139980004,2.32910139980004e-07,1.16455011762467,10.3752183199287,44.5460138438774,2010
"Chungnam","Female","50-54",134577,41155,0.234191837570847,0.257254175945861,0.999999,1e-06,0.232909907069864,2.32909907069864e-07,1.16454895307455,9.21066820230402,39.5460558899333,2010
"Chungnam","Female","55-59",100560,36536,0.266499387290658,0.29274325261996,0.999999,1e-06,0.232909674159957,2.32909674159957e-07,1.1645477885256,8.04611924922946,34.5460929360262,2010
"Chungnam","Female","60-64",77201,36758,0.322554602971244,0.354318576794161,0.999999,1e-06,0.232909441250283,2.32909441250283e-07,1.16454662397781,6.88157146070386,29.5461249821512,2010
"Chungnam","Female","65-69",58376,35199,0.376158161902217,0.41320081420938,0.999999,1e-06,0.232909208340842,2.32909208340842e-07,1.16454545943119,5.71702483672605,24.5461520283032,2010
"Chungnam","Female","70-74",48704,40157,0.451908036146341,0.496410253440068,0.999999,1e-06,0.232908975431633,2.32908975431633e-07,1.16454429488573,4.55247937729486,19.5461740744773,2010
"Chungnam","Female","75-79",32235,33980,0.513176772634599,0.563712506499007,0.977990088297616,0.0220099117023836,0.232908742522658,0.00512630085763691,1.1517279604692,3.38793508240914,14.5461911206684,2010
"Chungnam","Female","80-84",19191,19336,0.501881797181198,0.551305244005435,0.97563948077109,0.0243605192289096,0.227782441665021,0.00554889855018872,1.12503996194963,2.23620712193994,9.81729366668448,2010
"Chungnam","Female","85+",13444,12899,0.489655696010325,0.537875162007842,0.999999,1e-06,0.222233543114832,2.22233543114832e-07,1.1111671599903,1.1111671599903,4.9999975,2010
"Chungnam","Male","0-4",3832,40025,0.912625122557402,1,0.887229261388745,0.112770738611255,1,0.112770738611255,4.71807315347186,40.2898840113108,40.2898840113108,2010
"Chungnam","Male","5-9",9017,38368,0.809707713411417,0.887229261388745,0.950640305659826,0.0493596943401737,0.887229261388745,0.0437933651518066,4.32666289406421,35.5718108578389,40.0931443606354,2010
"Chungnam","Male","10-14",14204,47483,0.769740788172549,0.843435896236938,0.920569666745648,0.0794303332543522,0.843435896236938,0.0669943943167833,4.04969349539273,31.2451479637747,37.0450772882416,2010
"Chungnam","Male","15-19",13977,33988,0.708600020848535,0.776441501920155,0.775329604430265,0.224670395569735,0.776441501920155,0.17444341937316,3.44609896116788,27.195454468382,35.0257609892401,2010
"Chungnam","Male","20-24",18768,22883,0.549398573863773,0.601998082546995,0.806519174145997,0.193480825854003,0.601998082546995,0.116475086173719,2.71880269730068,23.7493555072141,39.4508823130016,2010
"Chungnam","Male","25-29",45673,36340,0.443100484069599,0.485522996373277,0.84422061907695,0.15577938092305,0.485522996373277,0.0756344717989334,2.23852880236905,21.0305528099134,43.3152558519491,2010
"Chungnam","Male","30-34",66114,39512,0.374074564974533,0.409888524574343,0.903014287616911,0.0969857123830888,0.409888524574343,0.0397533305534959,1.95005929648798,18.7920240075444,45.8466702063917,2010
"Chungnam","Male","35-39",91434,46641,0.337794676806084,0.370135194020847,0.889558583605815,0.110441416394185,0.370135194020847,0.040878255084999,1.74848033239174,16.8419647110564,45.5021975297702,2010
"Chungnam","Male","40-44",111342,47829,0.300488154249204,0.329256938935848,0.912447084751957,0.087552915248043,0.329256938935848,0.0288274048694804,1.57421618250554,15.0934843786647,45.8410517556486,2010
"Chungnam","Male","45-49",133715,50511,0.274179540347182,0.300429534066368,0.999999,1e-06,0.300429534066368,3.00429534066368e-07,1.502146919258,13.5192681961591,44.99979750051,2010
"Chungnam","Male","50-54",120942,50343,0.293913652684123,0.322052993523237,0.999999,1e-06,0.300429233636834,3.00429233636834e-07,1.50214541711108,12.0171212769011,39.99984000035,2010
"Chungnam","Male","55-59",93567,40735,0.303308960402675,0.332347809528547,0.999999,1e-06,0.3004289332076,3.004289332076e-07,1.50214391496567,10.51497585979,34.9998775002275,2010
"Chungnam","Male","60-64",70256,36446,0.341568105565032,0.374269891461976,0.999999,1e-06,0.300428632778667,3.00428632778667e-07,1.50214241282175,9.01283194482436,29.9999100001375,2010
"Chungnam","Male","65-69",49446,31796,0.391373919893651,0.428844122542807,0.999999,1e-06,0.300428332350034,3.00428332350034e-07,1.50214091067934,7.51068953200261,24.999937500075,2010
"Chungnam","Male","70-74",37265,33347,0.472256840197134,0.51747078677141,0.999999,1e-06,0.300428031921702,3.00428031921702e-07,1.50213940853843,6.00854862132327,19.999960000035,2010
"Chungnam","Male","75-79",18900,22987,0.548786019528732,0.60132688216044,0.999999,1e-06,0.30042773149367,3.0042773149367e-07,1.50213790639902,4.50640921278484,14.9999775000125,2010
"Chungnam","Male","80-84",8247,11060,0.572849225669446,0.627693903564895,0.999999,1e-06,0.300427431065938,3.00427431065938e-07,1.50213640426111,3.00427130638582,9.9999900000025,2010
"Chungnam","Male","85+",3338,5452,0.620250284414107,0.67963314737163,0.999999,1e-06,0.300427130638507,3.00427130638507e-07,1.50213490212471,1.50213490212471,4.9999975,2010
"Chungnam","Total","0-4",7658,78877,0.911504015716184,1,0.898002754590354,0.101997245409646,1,0.101997245409646,4.74500688647588,37.8472827810239,37.8472827810239,2010
"Chungnam","Total","5-9",16436,74137,0.818533116933302,0.898002754590354,0.940717398140248,0.0592826018597518,0.898002754590354,0.0532359397693403,4.35692392352842,33.102275894548,36.8621095262102,2010
"Chungnam","Total","10-14",26461,88591,0.770008344053124,0.844766814821013,0.927725930958963,0.0722740690410368,0.844766814821013,0.0610547350979507,4.07119723636019,28.7453519710196,34.027558216891,2010
"Chungnam","Total","15-19",27015,67561,0.714356707832854,0.783712079723063,0.717562938906179,0.282437061093821,0.783712079723063,0.221349336540708,3.36518705726354,24.6741547346594,31.4836983798673,2010
"Chungnam","Total","20-24",43900,46169,0.512595898699886,0.562362743182355,0.796091357788397,0.203908642211603,0.562362743182355,0.114670623392707,2.52513715743001,21.3089676773959,37.8918552762058,2010
"Chungnam","Total","25-29",95595,65903,0.408073164992755,0.447692119789648,0.840993546335062,0.159006453664938,0.447692119789648,0.0711859363014904,2.06049575819451,18.7838305199659,41.9570273624464,2010
"Chungnam","Total","30-34",138403,72316,0.34318689819143,0.376506183488158,0.899370187415501,0.100629812584499,0.376506183488158,0.0378877466813183,1.78781155073749,16.7233347617714,44.417158323503,2010
"Chungnam","Total","35-39",190335,84975,0.308652064944971,0.338618436806839,0.852907557380269,0.147092442619731,0.338618436806839,0.0498082129859929,1.56857165156921,14.9355232110339,44.1072357189862,2010
"Chungnam","Total","40-44",234020,83619,0.263251678792592,0.288810223820847,0.923290579341675,0.0767094206583245,0.288810223820847,0.0221544649494982,1.38866495673049,13.3669515594647,46.2828198483597,2010
"Chungnam","Total","45-49",279320,89691,0.243057795025081,0.266655758871348,0.999999,1e-06,0.266655758871348,2.66655758871348e-07,1.33327812771734,11.9782866027342,44.9204121952351,2010
"Chungnam","Total","50-54",255519,91498,0.263670079563825,0.28926924623218,0.999999,1e-06,0.26665549221559,2.66655492215589e-07,1.33327679443922,10.6450084750168,39.9204546156897,2010
"Chungnam","Total","55-59",194127,77271,0.284714699445095,0.312357043453495,0.999999,1e-06,0.266655225560097,2.66655225560097e-07,1.33327546116242,9.31173168057762,34.9204920361817,2010
"Chungnam","Total","60-64",147457,73204,0.33174870049533,0.363957475529792,0.999999,1e-06,0.266654958904872,2.66654958904872e-07,1.33327412788696,7.9784562194152,29.9205244567062,2010
"Chungnam","Total","65-69",107822,66995,0.383229319802994,0.420436238563232,0.999999,1e-06,0.266654692249913,2.66654692249913e-07,1.33327279461283,6.64518209152824,24.9205518772581,2010
"Chungnam","Total","70-74",85969,73504,0.460918149153775,0.505667710955309,0.999999,1e-06,0.26665442559522,2.6665442559522e-07,1.33327146134004,5.3119092969154,19.9205742978324,2010
"Chungnam","Total","75-79",51135,56967,0.526974524060609,0.5781373586671,0.99734079778667,0.00265920221333005,0.266654158940795,0.000709087329649024,1.33149807637985,3.97863783557537,14.9205917184241,2010
"Chungnam","Total","80-84",27438,30396,0.525573192239859,0.576599974523323,0.993828151012729,0.00617184898727108,0.265945071611146,0.00164137282089298,1.3256219260035,2.64713975919551,9.95370864802509,2010
"Chungnam","Total","85+",16782,18351,0.522329433865596,0.573041286554501,0.999999,1e-06,0.264303698790253,2.64303698790253e-07,1.32151783319202,1.32151783319202,4.9999975,2010
"Daegu","Female","0-4",6288,45354,0.878238642965029,1,0.935264573977946,0.0647354260220542,1,0.0647354260220542,4.83816143494486,59.9228759024845,59.9228759024845,2010
"Daegu","Female","5-9",10365,47665,0.821385490263657,0.935264573977946,0.967197904845419,0.0328020951545811,0.935264573977946,0.0306786375503333,4.5996262760139,55.0847144675397,58.8974670913159,2010
"Daegu","Female","10-14",17783,68728,0.794442325253436,0.904585936427613,0.985173177868815,0.0148268221311846,0.904585936427613,0.0134121347817833,4.4893993451836,50.4850881915258,55.8101625931764,2010
"Daegu","Female","15-19",17661,63600,0.782663270203419,0.891173801645829,0.904232136609169,0.0957678633908312,0.891173801645829,0.0853458108935055,4.24250448099538,45.9956888463422,51.6124786897874,2010
"Daegu","Female","20-24",19340,46827,0.707709281061556,0.805827990752324,0.887917681895397,0.112082318104603,0.805827990752324,0.0903190691970952,3.80334228076888,41.7531843653468,51.8140159494409,2010
"Daegu","Female","25-29",32457,54884,0.628387584296035,0.715508921555229,0.896081749271254,0.103918250728746,0.715508921555229,0.074354435508831,3.39165851900407,37.9498420845779,53.0389502371127,2010
"Daegu","Female","30-34",37471,48292,0.563086645756328,0.641154486046398,0.967063836523512,0.0329361634764882,0.641154486046398,0.0211171689661079,3.15297950781672,34.5581835655738,53.899932571123,2010
"Daegu","Female","35-39",39103,46751,0.544540731940271,0.62003731708029,0.999999,1e-06,0.62003731708029,6.2003731708029e-07,3.10018503530816,31.4052040577571,50.6505063366862,2010
"Daegu","Female","40-44",32637,41647,0.560645630283776,0.63837504165266,0.987271116011875,0.0127288839881246,0.620036697042973,0.00789237518503993,3.08045254725226,28.305019022449,45.6505544872407,2010
"Daegu","Female","45-49",31153,38620,0.553509237097445,0.630249239806549,0.964421964534684,0.0355780354653163,0.612144321857933,0.0217788923929536,3.00627437830728,25.2245664751967,41.2068944765134,2010
"Daegu","Female","50-54",27661,31674,0.533816465829612,0.607826210000723,0.987979404501005,0.0120205954989947,0.590365429464979,0.0070965440241888,2.93408578726442,22.2182920968894,37.6348122501428,2010
"Daegu","Female","55-59",21457,23945,0.527399674023171,0.600519776996617,0.999999,1e-06,0.58326888544079,5.8326888544079e-07,2.91634296903174,19.284206309625,33.062292179449,2010
"Daegu","Female","60-64",14331,17530,0.550202441856816,0.626483981619475,0.999999,1e-06,0.583268302171905,5.83268302171905e-07,2.91634005268877,16.3678633405933,28.0623227417718,2010
"Daegu","Female","65-69",10018,14834,0.59689361017222,0.679648538530532,0.968280099778127,0.0317199002218731,0.583267718903603,0.0185011938462618,2.87008560990236,13.4515232879045,23.0623483041201,2010
"Daegu","Female","70-74",7763,10631,0.577960204414483,0.658090154702402,0.962052135738733,0.0379478642612667,0.564766525057341,0.0214316834321833,2.77025341670625,10.5814376780021,18.7359505362465,2010
"Daegu","Female","75-79",6058,7587,0.556027849028948,0.633117038840079,0.999999,1e-06,0.543334841625158,5.43334841625158e-07,2.71667284978868,7.81118426129589,14.3763728420803,2010
"Daegu","Female","80-84",2532,5976,0.702397743300423,0.799780047173798,0.91685160141253,0.0831483985874697,0.543334298290316,0.0451773768004863,2.60372804945036,5.09451141150721,9.37638471846497,2010
"Daegu","Female","85+",1811,3276,0.64399449577354,0.733279617029086,0.999999,1e-06,0.49815692148983,4.9815692148983e-07,2.49078336205684,2.49078336205684,4.9999975,2010
"Daegu","Male","0-4",7044,47663,0.871241340230683,1,0.933193711591513,0.0668062884084875,1,0.0668062884084875,4.83298427897878,61.5627522655784,61.5627522655784,2010
"Daegu","Male","5-9",12557,54606,0.813036939981835,0.933193711591513,0.986954194095985,0.0130458059040148,0.933193711591513,0.0121742640322701,4.63553289787689,56.7297679865996,60.7909882824328,2010
"Daegu","Male","10-14",17674,71783,0.802430217870038,0.921019447559242,0.999999,1e-06,0.921019447559242,9.21019447559242e-07,4.60509493524759,52.0942350887227,56.5614930572591,2010
"Daegu","Male","15-19",18068,77144,0.810234004117128,0.929976536584683,0.912350702640961,0.0876492973590389,0.921018526539795,0.0807266267058704,4.4032760659343,47.4891401534751,51.5615471188062,2010
"Daegu","Male","20-24",17438,49430,0.739217562959861,0.848464746592643,0.848360969580505,0.151639030419495,0.840291899833924,0.127421048960172,3.88290687676919,43.0858640875408,51.2748773325749,2010
"Daegu","Male","25-29",35078,58996,0.627123328443566,0.719804375074212,0.923644446957687,0.0763555530423127,0.712870850873753,0.0544316480662094,3.42827513420324,39.2029572107716,54.9930708524851,2010
"Daegu","Male","30-34",36148,49763,0.579238979874521,0.664843313933144,0.962159753266717,0.0378402467332828,0.658439202807543,0.0249155018931035,3.22990725930496,35.7746820765684,54.3325517739943,2010
"Daegu","Male","35-39",38070,47929,0.557320433958534,0.63968547889494,0.999999,1e-06,0.63352370091444,6.3352370091444e-07,3.16761692076295,32.5447748172634,51.3710454246427,2010
"Daegu","Male","40-44",30421,42133,0.580712297047716,0.666534369103695,0.999999,1e-06,0.633523067390739,6.33523067390739e-07,3.16761375314603,29.3771578965005,46.3710942957369,2010
"Daegu","Male","45-49",26414,37421,0.586214459152503,0.67284968249703,0.999999,1e-06,0.633522433867671,6.33522433867671e-07,3.16761058553227,26.2095441433544,41.3711381668751,2010
"Daegu","Male","50-54",23931,36728,0.605483110502976,0.69496600143269,0.978789093378129,0.021210906621871,0.633521800345238,0.0134375717500424,3.13401507235108,23.0419335578222,36.3711770380522,2010
"Daegu","Male","55-59",17723,25784,0.592640264784977,0.680225142470926,0.999999,1e-06,0.620084228595195,6.20084228595195e-07,3.1004195927654,19.9079184854711,32.1051843724079,2010
"Daegu","Male","60-64",11078,19341,0.635819717939446,0.729785983033239,0.984271409411415,0.0157285905885848,0.620083608510966,0.00975304120896128,3.07603543953243,16.8074988927057,27.1052139776219,2010
"Daegu","Male","65-69",7023,11746,0.625819169907827,0.718307478088821,0.999999,1e-06,0.610330567302005,6.10330567302005e-07,3.05165131068361,13.7314634531732,22.4984036337453,2010
"Daegu","Male","70-74",4764,9135,0.657241528167494,0.754373671012297,0.954986596696164,0.0450134033038356,0.610329956971438,0.027473028501568,2.98296721360327,10.6798121424896,17.4984236321689,2010
"Daegu","Male","75-79",2908,4902,0.627656850192061,0.720416744717225,0.999999,1e-06,0.58285692846987,5.8285692846987e-07,2.91428318520703,7.69684492888637,13.2053760587393,2010
"Daegu","Male","80-84",1033,2138,0.674235257016714,0.773878862128137,0.760718488789644,0.239281511210356,0.582856345612941,0.13946674719681,2.56561486007268,4.78256174367934,8.20538676412611,2010
"Daegu","Male","85+",604,636,0.512903225806452,0.588703958504365,0.999999,1e-06,0.443389598416131,4.43389598416131e-07,2.21694688360666,2.21694688360666,4.9999975,2010
"Daegu","Total","0-4",13332,93017,0.874639159747623,1,0.933992820875982,0.066007179124018,1,0.066007179124018,4.83498205218995,61.972883706449,61.972883706449,2010
"Daegu","Total","5-9",22922,102271,0.816906696061281,0.933992820875982,0.977471651026946,0.0225283489730544,0.933992820875982,0.0210413162070217,4.61736081386236,57.1379016542591,61.1759537944521,2010
"Daegu","Total","10-14",35457,140511,0.798503136933988,0.91295150466896,0.998791860359766,0.00120813964023392,0.91295150466896,0.00110297290240177,4.5620000910888,52.5205408403967,57.5282921073019,2010
"Daegu","Total","15-19",35729,140744,0.797538433641407,0.911848531766559,0.907224535681712,0.0927754643182881,0.911848531766559,0.0845971709225917,4.34774973152631,47.9585407493079,52.5948543848571,2010
"Daegu","Total","20-24",36778,96257,0.723546435148645,0.827251360843967,0.867576654664195,0.132423345335805,0.827251360843967,0.109547392636555,3.86238832262845,43.6107910177816,52.7177023598844,2010
"Daegu","Total","25-29",67535,113880,0.627731995700466,0.717703968207412,0.9098943166572,0.0901056833427996,0.717703968207412,0.0646692064931677,3.42684682480414,39.7484026951531,55.3827266615671,2010
"Daegu","Total","30-34",73619,98055,0.571169775271736,0.653034761714244,0.964574804554498,0.0354251954455018,0.653034761714244,0.0231338840664338,3.20733909840514,36.321555870349,55.6196361967062,2010
"Daegu","Total","35-39",77173,94680,0.550935974350171,0.62990087764781,0.999999,1e-06,0.62990087764781,6.2990087764781e-07,3.14950281348686,33.1142167719439,52.5705201358025,2010
"Daegu","Total","40-44",63058,83780,0.570560754028249,0.652338450284897,0.997501278721765,0.00249872127823469,0.629900247746933,0.00157394515221057,3.14556637585414,29.964713958457,47.5705702063727,2010
"Daegu","Total","45-49",57567,76041,0.569135081731633,0.650708438318559,0.999999,1e-06,0.628326302594722,6.28326302594722e-07,3.14162994215785,26.8191475826029,42.6834711070524,2010
"Daegu","Total","50-54",51592,68402,0.570045168925113,0.651748967070717,0.98119365495311,0.0188063450468899,0.62832567426842,0.0118165094321117,3.11208709776182,23.677517640445,37.6835112905637,2010
"Daegu","Total","55-59",39180,49729,0.559324702785995,0.63949195111203,0.999999,1e-06,0.616509164836308,6.16509164836308e-07,3.08254428290863,20.5654305426832,33.357866704453,2010
"Daegu","Total","60-64",25409,36871,0.592019910083494,0.67687331796843,0.999999,1e-06,0.616508548327143,6.16508548327143e-07,3.08254120036434,17.4828862597746,28.3578975623506,2010
"Daegu","Total","65-69",17041,26580,0.609339538295775,0.696675344917782,0.999999,1e-06,0.616507931818595,6.16507931818595e-07,3.08253811782314,14.4003450594102,23.357923420274,2010
"Daegu","Total","70-74",12527,19766,0.612083113987551,0.699812153579046,0.951018024850197,0.0489819751498026,0.616507315310663,0.0301977459982184,3.00704221155777,11.3178069415871,18.3579442782183,2010
"Daegu","Total","75-79",8966,12489,0.582102074108599,0.665533972062907,0.999999,1e-06,0.586309569312444,5.86309569312444e-07,2.9315463807883,8.31076473002932,14.1747042262592,2010
"Daegu","Total","80-84",3565,8114,0.694751262950595,0.794329015809291,0.889962416784154,0.110037583215846,0.586308983002875,0.0645160235073767,2.77025485624593,5.37921834924103,9.17471590097512,2010
"Daegu","Total","85+",2415,3912,0.618302513039355,0.706922970631416,0.999999,1e-06,0.521792959495498,5.21792959495498e-07,2.60896349299509,2.60896349299509,4.9999975,2010
"Daejeon","Female","0-4",5660,31758,0.848735902506815,1,0.920636408310154,0.0793635916898461,1,0.0793635916898461,4.80159102077539,56.1432487980174,56.1432487980174,2010
"Daejeon","Female","5-9",8112,28993,0.781377172887751,0.920636408310154,0.956059014608049,0.0439409853919509,0.920636408310154,0.0404536709688546,4.50204786412863,51.341657777242,55.76757264193,2010
"Daejeon","Female","10-14",12082,35681,0.747042689948286,0.880182737341299,0.999999,1e-06,0.880182737341299,8.80182737341299e-07,4.40091148624965,46.8396099131134,53.2157788672364,2010
"Daejeon","Female","15-19",9771,32744,0.770175232270963,0.907438026359182,0.932785922171319,0.0672140778286808,0.880181857158562,0.0591606118504484,4.25300775616669,42.4386984268638,48.215829583066,2010
"Daejeon","Female","20-24",8996,22951,0.71840861426738,0.846445416230771,0.81133920627457,0.18866079372543,0.821021245308113,0.15489451980527,3.71786992702739,38.1856906706971,46.5099909276607,2010
"Daejeon","Female","25-29",15709,21951,0.58287307488051,0.686754352159422,0.922946248896106,0.077053751103894,0.666126725502844,0.051327562910548,3.20231472023785,34.4678207436697,51.7436388964138,2010
"Daejeon","Female","30-34",18373,21392,0.537960518043506,0.633837353238614,0.999999,1e-06,0.614799162592296,6.14799162592295e-07,3.07399427596357,31.2655060234318,50.8548285778417,2010
"Daejeon","Female","35-39",15849,19612,0.553058289388342,0.651625891817274,0.955002845397692,0.0449971546023079,0.614798547793133,0.027664185304322,3.00483227570486,28.1915117474683,45.8548769327187,2010
"Daejeon","Female","40-44",15450,17295,0.528172240036647,0.622304580820305,0.963574861996953,0.0364251380030474,0.587134362488811,0.0213864501799862,2.88220568699409,25.1866794717634,42.8976416318052,2010
"Daejeon","Female","45-49",15144,15695,0.508933493303933,0.599637050583997,0.89340470156784,0.10659529843216,0.565747912308825,0.0603060675499305,2.6779743926693,22.3044737847693,39.4247566796039,2010
"Daejeon","Female","50-54",17587,14664,0.454683575703079,0.535718560226016,0.999999,1e-06,0.505441844758894,5.05441844758894e-07,2.52720796018986,19.6264993921,38.8303809738235,2010
"Daejeon","Female","55-59",9832,9194,0.483233469988437,0.569356696896131,0.999999,1e-06,0.505441339317049,5.05441339317049e-07,2.5272054329819,17.0992914319102,33.8304173042408,2010
"Daejeon","Female","60-64",7710,7237,0.48417742690841,0.570468888470901,0.999999,1e-06,0.50544083387571,5.0544083387571e-07,2.52720290577647,14.5720859989283,28.8304486346894,2010
"Daejeon","Female","65-69",6090,5889,0.491610318056599,0.57922649036595,0.999999,1e-06,0.505440328434876,5.05440328434876e-07,2.52720037857356,12.0448830931518,23.8304749651644,2010
"Daejeon","Female","70-74",3628,4750,0.56696108856529,0.668006486930412,0.934811320591467,0.0651886794085328,0.505439822994548,0.0329489545814971,2.444826728519,9.51768271457823,18.8304962956607,2010
"Daejeon","Female","75-79",2859,3224,0.530001643925695,0.624460026211085,0.997544532129548,0.00245546787045248,0.472490868413051,0.00116018614647043,2.35955387669908,7.07285598605923,14.9692966761765,2010
"Daejeon","Female","80-84",2143,2404,0.528700241917748,0.622926684680342,0.999999,1e-06,0.47133068226658,4.7133068226658e-07,2.3566522330062,4.71330210936016,9.9999900000025,2010
"Daejeon","Female","85+",533,1431,0.728615071283096,0.858470896695978,0.999999,1e-06,0.471330210935898,4.71330210935898e-07,2.35664987635396,2.35664987635396,4.9999975,2010
"Daejeon","Male","0-4",5887,31450,0.842327985644267,1,0.954929948802039,0.0450700511979613,1,0.0450700511979613,4.8873248720051,60.2959724382485,60.2959724382485,2010
"Daejeon","Male","5-9",8042,33065,0.804364220205804,0.954929948802039,0.991667047391073,0.0083329526089273,0.954929948802039,0.00795738600821276,4.75475627898966,55.4086475662434,58.0237824101691,2010
"Daejeon","Male","10-14",10556,41614,0.797661491278513,0.946972562793826,0.995976075432049,0.00402392456795064,0.946972562793826,0.00381054616060126,4.72533644856763,50.6538912872537,53.4903473209519,2010
"Daejeon","Male","15-19",9988,38604,0.794451761606849,0.943162016633225,0.921888375933034,0.0781116240669661,0.943162016633225,0.0736719168774961,4.53163029097238,45.9285548386861,48.6963576020966,2010
"Daejeon","Male","20-24",7650,20937,0.732395844264876,0.869490099755729,0.837684225529575,0.162315774470425,0.869490099755729,0.141131958936218,3.9946206014381,41.3969245477137,47.6105760828601,2010
"Daejeon","Male","25-29",15675,24883,0.613516445584102,0.728358140819511,0.883254201012014,0.116745798987986,0.728358140819511,0.0850327530993775,3.42920882134911,37.4023039462756,51.3515286644459,2010
"Daejeon","Male","30-34",16934,20031,0.541890977952117,0.643325387720133,0.999999,1e-06,0.643325387720133,6.43325387720133e-07,3.2166253302872,33.9730951249265,52.8085721058251,2010
"Daejeon","Male","35-39",15908,21953,0.579831488867172,0.688367831473247,0.999999,1e-06,0.643324744394745,6.43324744394745e-07,3.21662211366187,30.7564697946393,47.8086224144475,2010
"Daejeon","Male","40-44",14154,20282,0.588976652340574,0.699224841603816,0.95344187750425,0.0465581224957505,0.643324101070001,0.0299519623020857,3.14174059959479,27.5398476809775,42.8086677231152,2010
"Daejeon","Male","45-49",13455,17233,0.561555005213764,0.666670245776354,0.999999,1e-06,0.613372138767915,6.13372138767915e-07,3.06685916040923,24.3981070813827,39.777005734873,2010
"Daejeon","Male","50-54",11620,16851,0.591865406905272,0.702654330608017,0.935276063353294,0.064723936646706,0.613371525395777,0.0396998197506096,2.96760807760236,21.3312479209734,34.777043011916,2010
"Daejeon","Male","55-59",8615,10682,0.553557547805358,0.65717577622921,0.942978634483633,0.057021365516367,0.573671705645167,0.0327115440139908,2.78657966819086,18.3636398433711,32.0107121593505,2010
"Daejeon","Male","60-64",7042,7690,0.521992940537605,0.619702716084342,0.999999,1e-06,0.540960161631176,5.40960161631176e-07,2.70479945575548,15.5770601751802,28.7952076326844,2010
"Daejeon","Male","65-69",3813,4481,0.540270074752833,0.641401074119127,0.993657596005722,0.00634240399427832,0.540959620671014,0.00343098445888713,2.69622064220785,12.8722607194247,23.7952339279183,2010
"Daejeon","Male","70-74",3589,4160,0.536843463672732,0.637333049384699,0.999999,1e-06,0.537528636212127,5.37528636212127e-07,2.68764183723905,10.1760400772169,18.9311589963387,2010
"Daejeon","Male","75-79",1379,2537,0.647854954034729,0.769124337640531,0.947002726987523,0.0529972730124768,0.537528098683491,0.0284875233978066,2.61642168492294,7.48839823997784,13.9311754275141,2010
"Daejeon","Male","80-84",909,1443,0.613520408163265,0.728362845138055,0.942787010541088,0.0572129894589115,0.509040575285684,0.0291237330679781,2.47239354375848,4.8719765550549,9.57090022209064,2010
"Daejeon","Male","85+",336,461,0.578419071518193,0.686691029356909,0.999999,1e-06,0.479916842217706,4.79916842217706e-07,2.39958301129643,2.39958301129643,4.9999975,2010
"Daejeon","Total","0-4",11547,63208,0.845535415691258,1,0.938409899278879,0.0615901007211209,1,0.0615901007211209,4.8460247481972,60.1944996631128,60.1944996631128,2010
"Daejeon","Total","5-9",16154,62058,0.793458804275559,0.938409899278879,0.974805773837339,0.025194226162661,0.938409899278879,0.023642511235712,4.63294321830512,55.3484749149156,58.9811285638058,2010
"Daejeon","Total","10-14",22638,77295,0.773468223709886,0.914767388043167,0.999999,1e-06,0.914767388043167,9.14767388043167e-07,4.57383465329737,50.7155316966105,55.4409048240111,2010
"Daejeon","Total","15-19",19759,71348,0.783123140922212,0.926186090362612,0.925798260592572,0.0742017394074278,0.914766473275779,0.0678772634686611,4.40413920770724,46.1416970433131,50.4409577649689,2010
"Daejeon","Total","20-24",16646,43888,0.725014041695576,0.857461471442741,0.825863223006282,0.174136776993718,0.846889209807118,0.147474557466568,3.86575965536917,41.7375578356059,49.2833742032347,2010
"Daejeon","Total","25-29",31384,46834,0.598762433199519,0.708145894409411,0.901616406927299,0.0983835930727014,0.69941465234055,0.0688109265449576,3.32504594534035,37.8717981802367,54.1478478517729,2010
"Daejeon","Total","30-34",35307,41423,0.539854033624397,0.638475956897732,0.999999,1e-06,0.630603725795592,6.30603725795592e-07,3.15301705246865,34.5467522348964,54.7836157981955,2010
"Daejeon","Total","35-39",31757,41565,0.566883063746215,0.670442719756175,0.986693253036046,0.0133067469639542,0.630603095191866,0.00839127582240447,3.13203728640332,31.3937351824277,49.7836680818636,2010
"Daejeon","Total","40-44",29604,37577,0.559339694258793,0.661521308130555,0.956806181839235,0.0431938181607648,0.622211819369462,0.0268757041833232,3.043869836389,28.2616978960244,45.4213452979153,2010
"Daejeon","Total","45-49",28599,32928,0.535179677214881,0.632947677037692,0.969776443710922,0.0302235562890784,0.595336115186139,0.0179931745882495,2.93169763946007,25.2178280596354,42.3589757388576,2010
"Daejeon","Total","50-54",29207,31515,0.519004644115806,0.613817747292702,0.999305424587086,0.000694575412914178,0.577342940597889,0.000401008211358865,2.88571218246105,22.2861304201753,38.6012001759233,2010
"Daejeon","Total","55-59",18447,19876,0.518644156250815,0.613391404577422,0.96973658428271,0.0302634157172903,0.57694193238653,0.0174602335445504,2.84105907807128,19.4004182377143,33.6262926105303,2010
"Daejeon","Total","60-64",14752,14927,0.502948212540854,0.594828085503283,0.999999,1e-06,0.55948169884198,5.5948169884198e-07,2.79740709550565,16.559359159643,29.5976779828862,2010
"Daejeon","Total","65-69",9903,10370,0.511517782271987,0.604963166272346,0.999999,1e-06,0.559481139360281,5.59481139360281e-07,2.79740429809856,13.7619520641374,24.5977050805912,2010
"Daejeon","Total","70-74",7217,8910,0.552489613691325,0.653419837227804,0.999999,1e-06,0.559480579879142,5.59480579879142e-07,2.79740150069426,10.9645477660388,19.5977271783184,2010
"Daejeon","Total","75-79",4238,5761,0.576157615761576,0.68141157078624,0.967820316341075,0.032179683658925,0.559480020398562,0.0180038900699146,2.75239037681802,8.16714626534454,14.5977442760627,2010
"Daejeon","Total","80-84",3052,3847,0.557617045948688,0.659483961996807,0.999999,1e-06,0.541476130328647,5.41476130328647e-07,2.70737929795291,5.41475588852652,9.9999900000025,2010
"Daejeon","Total","85+",869,1892,0.685258964143426,0.810443834080209,0.999999,1e-06,0.541475588852517,5.41475588852517e-07,2.70737659057361,2.70737659057361,4.9999975,2010
"Gangwon","Female","0-4",2809,25958,0.902353391038343,1,0.890465494638536,0.109534505361464,1,0.109534505361464,4.72616373659634,39.0473088261815,39.0473088261815,2010
"Gangwon","Female","5-9",6910,28258,0.803514558689718,0.890465494638536,0.946442720561901,0.053557279438099,0.890465494638536,0.0476909093263411,4.33310019987683,34.3211450895852,38.542925353348,2010
"Gangwon","Female","10-14",11764,37351,0.760480504937392,0.842774585312195,0.916452364378515,0.0835476356214855,0.842774585312195,0.0704118239647118,4.03784336664919,29.9880448897083,35.5825216046348,2010
"Gangwon","Female","15-19",12585,28942,0.696944156813639,0.772362761347483,0.674112309175824,0.325887690824176,0.772362761347483,0.251703516774116,3.23255501480213,25.9502015230591,33.5984628230727,2010
"Gangwon","Female","20-24",22977,20361,0.46981863491624,0.520659244573367,0.741599783245946,0.258400216754054,0.520659244573367,0.13453846165276,2.26695006873494,22.717646508257,43.6324654657233,2010
"Gangwon","Female","25-29",45227,24184,0.34841739781879,0.386120782920607,0.901371366946944,0.0986286330530562,0.386120782920607,0.0380825650128353,1.83539750207095,20.4506964395221,52.9645057819306,2010
"Gangwon","Female","30-34",59914,27431,0.314053466140019,0.348038217907772,0.96549809206913,0.0345019079308704,0.348038217907772,0.0120079825506781,1.71017113316216,18.6152989374511,53.4863643692834,2010
"Gangwon","Female","35-39",77386,33676,0.303218022365886,0.336030235357094,0.923525349260269,0.0764746507397309,0.336030235357094,0.0256977948869233,1.61590668956816,16.905127804289,50.308353313279,2010
"Gangwon","Female","40-44",89722,34897,0.280029530007463,0.31033244047017,0.993645028162051,0.00635497183794886,0.31033244047017,0.00197215391958987,1.54673181755188,15.2892211147208,49.2672344907185,2010
"Gangwon","Female","45-49",94262,36340,0.278249950230471,0.30836028655058,0.999999,1e-06,0.30836028655058,3.0836028655058e-07,1.54180066185219,13.7424892971689,44.5663397543729,2010
"Gangwon","Female","50-54",79535,38569,0.326568109462846,0.361907111677236,0.999999,1e-06,0.308359978190294,3.08359978190294e-07,1.54179912005152,12.2006886353167,39.5663818207547,2010
"Gangwon","Female","55-59",47060,30100,0.390098496630378,0.432312329631177,0.999999,1e-06,0.308359669830316,3.08359669830316e-07,1.5417975782524,10.6588895152652,34.5664188871736,2010
"Gangwon","Female","60-64",28238,22266,0.440875970220181,0.488584599557899,0.999999,1e-06,0.308359361470646,3.08359361470646e-07,1.54179603645483,9.11709193701282,29.5664509536245,2010
"Gangwon","Female","65-69",28442,26737,0.484550281810109,0.536985051114547,0.999999,1e-06,0.308359053111284,3.08359053111284e-07,1.54179449465879,7.575295900558,24.5664780201025,2010
"Gangwon","Female","70-74",24051,27137,0.530143783699304,0.587512374823865,0.975423895036622,0.0245761049633783,0.308358744752231,0.0075782568774064,1.52284808156764,6.03350140589921,19.5665000866026,2010
"Gangwon","Female","75-79",18170,19458,0.517114914425428,0.57307360903291,0.99972046409396,0.000279535906039463,0.300780487874825,8.40789461970809e-05,1.50369224200863,4.51065332433157,14.9964958039724,2010
"Gangwon","Female","80-84",11001,11774,0.516970362239297,0.572913414382382,0.999999,1e-06,0.300696408928628,3.00696408928628e-07,1.50348129290212,3.00696108232294,9.9999900000025,2010
"Gangwon","Female","85+",6769,7733,0.533236794924838,0.590940090900794,0.999999,1e-06,0.300696108232219,3.00696108232219e-07,1.50347978942082,1.50347978942082,4.9999975,2010
"Gangwon","Male","0-4",3740,26644,0.876908899420748,1,0.921178372602905,0.0788216273970948,1,0.0788216273970948,4.80294593150726,45.7078281477435,45.7078281477435,2010
"Gangwon","Male","5-9",7225,30364,0.807789512889409,0.921178372602905,0.932313407246751,0.0676865927532486,0.921178372602905,0.0623514253594732,4.45001329961584,40.9048822162362,44.4049528655936,2010
"Gangwon","Male","10-14",12273,37438,0.753112993100119,0.858826947243432,0.953354526833842,0.0466454731661584,0.858826947243432,0.0400603893220173,4.19398376291212,36.4548689166203,42.447281182349,2010
"Gangwon","Male","15-19",12823,32646,0.717983681189382,0.818766557921415,0.774875547377762,0.225124452622238,0.818766557921415,0.184324373177452,3.63302185666344,32.2608851537082,39.4018109821293,2010
"Gangwon","Male","20-24",16609,20828,0.556347997969923,0.634442184743962,0.73227403377133,0.26772596622867,0.634442184743962,0.169856646926806,2.7475693064028,28.6278632970448,45.1228874520662,2010
"Gangwon","Male","25-29",40077,27552,0.407399192654039,0.464585537817157,0.885253717747735,0.114746282252265,0.464585537817157,0.0533094632526879,2.18965403095406,25.880293990642,55.7061980711666,2010
"Gangwon","Male","30-34",53844,30373,0.360651649904414,0.411276074564469,0.999999,1e-06,0.411276074564469,4.11276074564469e-07,2.05637934463216,23.6906399596879,57.6027671553123,2010
"Gangwon","Male","35-39",72455,41013,0.361449924207706,0.412186402084032,0.978412782641347,0.021587217358653,0.411275663288394,0.00887829713773074,2.03418257359764,21.6342606150558,52.6028222581345,2010
"Gangwon","Male","40-44",83629,45757,0.353647226129566,0.403288444629963,0.997049334756881,0.0029506652431186,0.402397366150663,0.00118733992222323,2.00901848094776,19.6000780414581,48.708266231841,2010
"Gangwon","Male","45-49",81368,44317,0.3526037315511,0.402098475433442,0.999999,1e-06,0.40121002622844,4.0121002622844e-07,2.00604912811714,17.5910595605104,43.8450148563695,2010
"Gangwon","Male","50-54",71121,44797,0.386454217636605,0.44070053102652,0.999999,1e-06,0.401209625018414,4.01209625018414e-07,2.00604712206801,15.5850104323932,38.8450562014257,2010
"Gangwon","Male","55-59",38674,31985,0.452667034631116,0.516207595715051,0.999999,1e-06,0.401209223808789,4.01209223808789e-07,2.00604511602088,13.5789633103252,33.8450925465183,2010
"Gangwon","Male","60-64",24947,21627,0.464357796195302,0.529539381459167,0.999999,1e-06,0.401208822599565,4.01208822599565e-07,2.00604310997577,11.5729181943043,28.8451238916422,2010
"Gangwon","Male","65-69",23137,22218,0.489868812699813,0.558631361847737,0.999999,1e-06,0.401208421390742,4.01208421390742e-07,2.00604110393266,9.56687508432858,23.8451502367924,2010
"Gangwon","Male","70-74",16752,20902,0.555107027141871,0.633027019692186,0.999999,1e-06,0.401208020182321,4.01208020182321e-07,2.00603909789155,7.56083398039592,18.845171581964,2010
"Gangwon","Male","75-79",7414,11818,0.614496672212978,0.700753148495689,0.907615760264582,0.0923842397354182,0.401207618974301,0.0370652608549981,1.91337494273401,5.55479488250436,13.8451879271519,2010
"Gangwon","Male","80-84",3938,4966,0.557726864330638,0.636014601629714,0.999999,1e-06,0.364142358119303,3.64142358119303e-07,1.82071088024062,3.64141993977035,9.9999900000025,2010
"Gangwon","Male","85+",2092,3542,0.628682996095137,0.716930796928188,0.999999,1e-06,0.364141993976944,3.64141993976944e-07,1.82070905952974,1.82070905952974,4.9999975,2010
"Gangwon","Total","0-4",6549,52602,0.889283359537455,1,0.906036475344781,0.0939635246552193,1,0.0939635246552193,4.76509118836195,42.4412687377368,42.4412687377368,2010
"Gangwon","Total","5-9",14135,58622,0.805723160658081,0.906036475344781,0.939248826358082,0.060751173641918,0.906036475344781,0.0550427792395821,4.39257542862495,37.6761775493748,41.5835107908185,2010
"Gangwon","Total","10-14",24037,74789,0.756774533017627,0.850993696105199,0.935470954799419,0.0645290452005813,0.850993696105199,0.0549138106813821,4.11768395382254,33.2836021207499,39.1114555525866,2010
"Gangwon","Total","15-19",25408,61588,0.707940594969884,0.796079885423816,0.720290131965278,0.279709868034722,0.796079885423816,0.222671399696992,3.4237209278766,29.1659181669273,36.6369238828337,2010
"Gangwon","Total","20-24",39586,41189,0.509922624574435,0.573408485726824,0.740357050423959,0.259642949576041,0.573408485726824,0.148881470546044,2.49483875226901,25.7421972390507,44.8932966285304,2010
"Gangwon","Total","25-29",85304,51736,0.377524810274372,0.42452701518078,0.892465206856835,0.107534793143165,0.42452701518078,0.0456514247611507,2.00850651400102,23.2473584867817,54.7606104098748,2010
"Gangwon","Total","30-34",113758,57804,0.336927757895105,0.37887559041963,0.98729167838006,0.0127083216199396,0.37887559041963,0.00481487285699717,1.88234076995565,21.2388519727807,56.0575885853646,2010
"Gangwon","Total","35-39",149841,74689,0.332645971585089,0.374060717562632,0.954555923173672,0.045444076826328,0.374060717562632,0.0169988439866277,1.82780647784659,19.3565112028251,51.7469766110472,2010
"Gangwon","Total","40-44",173351,80654,0.317529182496408,0.357061873576005,0.991132784536495,0.00886721546350522,0.357061873576005,0.0031661445668013,1.77739400646302,17.5287047249785,49.0915049244183,2010
"Gangwon","Total","45-49",175630,80657,0.314713582819261,0.353895729009203,0.999999,1e-06,0.353895729009203,3.53895729009203e-07,1.76947776030669,15.7513107185154,44.5083379859207,2010
"Gangwon","Total","50-54",150656,83366,0.356231465417781,0.40058262824469,0.999999,1e-06,0.353895375113474,3.53895375113474e-07,1.76947599082893,13.9818329582087,39.5083799943007,2010
"Gangwon","Total","55-59",85734,62085,0.42000690033081,0.472298166637537,0.999999,1e-06,0.353895021218099,3.53895021218099e-07,1.76947422135294,12.2123569673798,34.5084170027177,2010
"Gangwon","Total","60-64",53185,43893,0.452141576876326,0.508433641568982,0.999999,1e-06,0.353894667323078,3.53894667323078e-07,1.76947245187872,10.4428827460269,29.5084490111667,2010
"Gangwon","Total","65-69",51579,48955,0.486949688662542,0.547575397020608,0.999999,1e-06,0.353894313428411,3.53894313428411e-07,1.76947068240627,8.67341029414814,24.5084760196428,2010
"Gangwon","Total","70-74",40803,48039,0.540723981900452,0.608044641903229,0.999999,1e-06,0.353893959534097,3.53893959534097e-07,1.76946891293559,6.90393961174188,19.5084980281408,2010
"Gangwon","Total","75-79",25584,31276,0.550052761167781,0.61853486323401,0.960681971477852,0.0393180285221484,0.353893605640138,0.0139143988803649,1.73468203099978,5.13447069880629,14.5085150366558,2010
"Gangwon","Total","80-84",14939,16740,0.528425771015499,0.594215291839432,0.999999,1e-06,0.339979206759773,3.39979206759773e-07,1.69989518385085,3.39978866780651,9.9999900000025,2010
"Gangwon","Total","85+",8861,11275,0.559942391736194,0.629655762396631,0.999999,1e-06,0.339978866780566,3.39978866780566e-07,1.69989348395566,1.69989348395566,4.9999975,2010
"Gwangju","Female","0-4",3710,32325,0.897044540030526,1,0.945057284220655,0.0549427157793448,1,0.0549427157793448,4.86264321055164,54.1278028727956,54.1278028727956,2010
"Gwangju","Female","5-9",6021,33528,0.847758476826216,0.945057284220655,0.93224247483563,0.0677575251643705,0.945057284220655,0.0640347427173527,4.56519956430989,49.265159662244,52.1292841024665,2010
"Gwangju","Female","10-14",11052,41656,0.790316460499355,0.881022541503303,0.996201616725426,0.00379838327457371,0.881022541503303,0.00334646128616857,4.39674655430109,44.6999600979341,50.7364545084872,2010
"Gwangju","Female","15-19",10794,39957,0.787314535674174,0.877676080217134,0.895516033808743,0.104483966191257,0.877676080217134,0.0917030778922823,4.15912270635496,40.303213543633,45.9203736458923,2010
"Gwangju","Female","20-24",11733,28047,0.705052790346908,0.785973002324852,0.841360797678054,0.158639202321946,0.785973002324852,0.124686130135399,3.61814968628576,36.144090837278,45.9864279439197,2010
"Gwangju","Female","25-29",18735,27320,0.593203778091412,0.661286872189452,0.889398784727487,0.110601215272513,0.661286872189452,0.0731391317079121,3.12358653167748,32.5259411509923,49.1858261805534,2010
"Gwangju","Female","30-34",22007,24578,0.527594719330256,0.58814774048154,0.925768481318212,0.074231518681788,0.58814774048154,0.0436590999852069,2.83159095244468,29.4023546193148,49.9914436383652,2010
"Gwangju","Female","35-39",24010,22924,0.48843056206588,0.544488640496333,0.999999,1e-06,0.544488640496333,5.44488640496333e-07,2.72244184126007,26.5707636668701,48.7994821024168,2010
"Gwangju","Female","40-44",19973,21195,0.514841624562767,0.57393094945458,0.945105517828813,0.0548944821711874,0.544488096007693,0.0298893920787181,2.64771699984167,23.84832182561,43.7995284019452,2010
"Gwangju","Female","45-49",18765,17784,0.486579660182221,0.542425307182253,0.999999,1e-06,0.514598703928975,5.14598703928975e-07,2.57299223314811,21.2006048257684,41.1983253434204,2010
"Gwangju","Female","50-54",18454,17741,0.490150573283603,0.546406060580808,0.999999,1e-06,0.514598189330271,5.14598189330271e-07,2.57298966015588,18.6276125926202,36.1983640417844,2010
"Gwangju","Female","55-59",11530,11319,0.495382730097597,0.55223872170354,0.932560072152582,0.0674399278474177,0.514597674732081,0.0347044300543805,2.48622729852446,16.0546229324644,31.1983977401822,2010
"Gwangju","Female","60-64",9784,8401,0.461974154522958,0.514995782157303,0.999999,1e-06,0.479893244677701,4.79893244677701e-07,2.39946502365539,13.5683956339399,28.2737791882287,2010
"Gwangju","Female","65-69",7451,7136,0.489202714746007,0.545349414566817,0.999999,1e-06,0.479892764784456,4.79892764784456e-07,2.39946262419037,11.1689306102845,23.2738049620336,2010
"Gwangju","Female","70-74",4595,5956,0.564496256279026,0.629284535035257,0.999999,1e-06,0.479892284891691,4.79892284891691e-07,2.39946022472774,8.76946798609414,18.2738257358594,2010
"Gwangju","Female","75-79",2931,4893,0.625383435582822,0.697159848452498,0.973205758154075,0.0267942418459253,0.479891804999406,0.0128583370830317,2.36731318228945,6.3700077613664,13.2738415097009,2010
"Gwangju","Female","80-84",2223,3457,0.60862676056338,0.678479978867793,0.809395771134454,0.190604228865546,0.467033467916375,0.0890185540066023,2.11262095456537,4.00269457907695,8.57046626001898,2010
"Gwangju","Female","85+",1375,1335,0.492619926199262,0.549158825694985,0.999999,1e-06,0.378014913909772,3.78014913909772e-07,1.89007362451158,1.89007362451158,4.9999975,2010
"Gwangju","Male","0-4",3927,34071,0.896652455392389,1,0.921056149927749,0.0789438500722512,1,0.0789438500722512,4.80264037481937,56.9445978423161,56.9445978423161,2010
"Gwangju","Male","5-9",7926,37591,0.825867258386976,0.921056149927749,0.960891828373984,0.0391081716260159,0.921056149927749,0.0360208219885718,4.51522869466731,52.1419574674968,56.6110518577906,2010
"Gwangju","Male","10-14",12474,47953,0.793569099905671,0.885035327939177,0.999999,1e-06,0.885035327939177,8.85035327939177e-07,4.42517442710756,47.6267287728295,53.8133645848119,2010
"Gwangju","Male","15-19",10147,39903,0.797262737262737,0.88915469139472,0.895832555719254,0.104167444280746,0.885034442903849,0.0921917760177276,4.19469277447493,43.2015543457219,48.8134158982278,2010
"Gwangju","Male","20-24",9098,22737,0.714213915501806,0.796533719621896,0.878973441397207,0.121026558602793,0.792842666886121,0.0959550194866881,3.72432578571389,39.006861571247,49.1987416929085,2010
"Gwangju","Male","25-29",17521,29550,0.627775063202396,0.700131984724976,0.898260652596631,0.101739347403369,0.696887647399433,0.0709008944598875,3.30718600084745,35.2825357855331,50.6287289166288,2010
"Gwangju","Male","30-34",19817,25625,0.563905637956076,0.628901013502831,0.925234673222524,0.0747653267774765,0.625986752939546,0.0468021041418966,3.01292850434299,31.9753497846856,51.0799144463263,2010
"Gwangju","Male","35-39",21081,22998,0.521745048662628,0.581881023717606,0.999999,1e-06,0.579184648797649,5.79184648797649e-07,2.89592179602662,28.9624212803426,50.0055057406421,2010
"Gwangju","Male","40-44",17851,20840,0.538626553978962,0.600708279712735,0.999999,1e-06,0.579184069613,5.79184069613e-07,2.89591890010483,26.066499484316,45.0055532461954,2010
"Gwangju","Male","45-49",14155,19982,0.585347277147963,0.652814001264075,0.90800514726872,0.0919948527312802,0.579183490428931,0.0532818999063983,2.76271270237866,23.1705805842112,40.0055957517911,2010
"Gwangju","Male","50-54",15387,17456,0.53149834059008,0.592758473356868,0.999999,1e-06,0.525901590522532,5.25901590522532e-07,2.62950663785869,20.4078678818325,38.8054880411284,2010
"Gwangju","Male","55-59",9253,11767,0.559800190294957,0.624322374771148,0.999999,1e-06,0.525901064620942,5.25901064620942e-07,2.62950400835205,17.7783612439738,33.8055243466527,2010
"Gwangju","Male","60-64",7728,10581,0.577912502048173,0.644522299105588,0.999999,1e-06,0.525900538719877,5.25900538719877e-07,2.62950137884804,15.1488572356218,28.8055556522084,2010
"Gwangju","Male","65-69",4886,7106,0.592561707805203,0.660859962231285,0.96930292978196,0.0306970702180401,0.525900012819339,0.0161435896211834,2.58914109004373,12.5193558567737,23.8055819577903,2010
"Gwangju","Male","70-74",3574,4823,0.574371799452185,0.64057349756638,0.999999,1e-06,0.509756423198155,5.09756423198155e-07,2.54878084159972,9.93021476673001,19.4803131747295,2010
"Gwangju","Male","75-79",2012,4693,0.699925428784489,0.780598351764052,0.958427179146325,0.041572820853675,0.509755913441732,0.0211919912686146,2.49579958903712,7.3814339251303,14.4803301550597,2010
"Gwangju","Male","80-84",712,1451,0.6708275543227,0.748146676327491,0.999999,1e-06,0.488563922173117,4.88563922173117e-07,2.44281838945578,4.88563433609317,9.9999900000025,2010
"Gwangju","Male","85+",111,497,0.817434210526316,0.911651114777346,0.999999,1e-06,0.488563433609195,4.88563433609195e-07,2.44281594663739,2.44281594663739,4.9999975,2010
"Gwangju","Total","0-4",7637,66396,0.896843299609633,1,0.93220850698696,0.0677914930130401,1,0.0677914930130401,4.8305212674674,56.6480916150637,56.6480916150637,2010
"Gwangju","Total","5-9",13947,71119,0.836044953330355,0.93220850698696,0.947381762129705,0.0526182378702953,0.93220850698696,0.0490511689653527,4.53841461252142,51.8175703475963,55.5858157903735,2010
"Gwangju","Total","10-14",23526,89609,0.792053741105759,0.883157338021607,0.999999,1e-06,0.883157338021607,8.83157338021607e-07,4.41578448221469,47.2791557350748,53.5342386906806,2010
"Gwangju","Total","15-19",20941,79860,0.792254045098759,0.883380681378342,0.89507297268929,0.10492702731071,0.883156454864269,0.0926669814591731,4.18411482067341,42.8633712528602,48.5342897249704,2010
"Gwangju","Total","20-24",20831,50784,0.709125183271661,0.790690172497603,0.86117094773698,0.13882905226302,0.790489473405096,0.109742904416723,3.67809010598367,38.6792564321867,48.9307672442149,2010
"Gwangju","Total","25-29",36256,56870,0.610678006142216,0.680919405216077,0.893309858037416,0.106690141962584,0.680746568988373,0.0726289480859115,3.22216047472709,35.0011663262031,51.4158541822939,2010
"Gwangju","Total","30-34",41824,50203,0.545524682973475,0.608272017208496,0.924917419194653,0.075082580805347,0.608117620902461,0.0456590404105644,2.9264405034859,31.779005851476,52.2579921369737,2010
"Gwangju","Total","35-39",45091,45922,0.504565281882808,0.562601384324808,0.999999,1e-06,0.562458580491897,5.62458580491897e-07,2.81229149631303,28.8525653479901,51.2972267624705,2010
"Gwangju","Total","40-44",37824,42035,0.526365218697955,0.586908793238534,0.999999,1e-06,0.562458018033317,5.62458018033317e-07,2.81228868402154,26.0402738516771,46.297275559746,2010
"Gwangju","Total","45-49",32920,37766,0.53427835780777,0.595732117350181,0.954222964521355,0.0457770354786448,0.562457455575298,0.0257476348990987,2.74791819062875,23.2279851676555,41.2973193570654,2010
"Gwangju","Total","50-54",33841,35197,0.509820678466931,0.568461267078473,0.999999,1e-06,0.5367098206762,5.367098206762e-07,2.68354776160645,20.4800669770268,38.1585471106602,2010
"Gwangju","Total","55-59",20783,23086,0.52624860379767,0.586778765060439,0.988392735451532,0.0116072645484676,0.536709283966379,0.00622972664461639,2.66797210322035,17.7965192154203,33.158582769243,2010
"Gwangju","Total","60-64",17512,18982,0.520140297035129,0.57996786870296,0.999999,1e-06,0.530479557321763,5.30479557321763e-07,2.65239646040992,15.1285471122,28.5186241456308,2010
"Gwangju","Total","65-69",12337,14242,0.535836562699876,0.597469550068678,0.999999,1e-06,0.530479026842205,5.30479026842205e-07,2.65239380801346,12.4761506517901,23.518650164281,2010
"Gwangju","Total","70-74",8169,10779,0.568872704243192,0.634305574330325,0.999999,1e-06,0.530478496363178,5.30478496363178e-07,2.65239115561965,9.82375684377659,18.5186711829522,2010
"Gwangju","Total","75-79",4943,9586,0.659783880514832,0.735673534944192,0.948463534268745,0.0515364657312549,0.530477965884682,0.0273389595100017,2.58404243064841,7.17136568815694,13.5186872016394,2010
"Gwangju","Total","80-84",2935,4908,0.625780951166645,0.69775952102115,0.882321269526865,0.117678730473135,0.50313900637468,0.0592087595216868,2.36767313306918,4.58732325750853,9.11740731564831,2010
"Gwangju","Total","85+",1486,1832,0.552139843279084,0.615648066411838,0.999999,1e-06,0.443930246852994,4.43930246852994e-07,2.21965012443935,2.21965012443935,4.9999975,2010
"Gyeongbuk","Female","0-4",6432,45347,0.875779756271848,1,0.919258734207893,0.080741265792107,1,0.080741265792107,4.79814683551973,40.7806687751541,40.7806687751541,2010
"Gyeongbuk","Female","5-9",10577,43683,0.805068190195356,0.919258734207893,0.941442557464074,0.0585574425359263,0.919258734207893,0.0538294405040271,4.4617200697794,35.9825219396344,39.1429753132994,2010
"Gyeongbuk","Female","10-14",19991,62591,0.757925455910489,0.865429293703866,0.908085860787131,0.0919141392128694,0.865429293703866,0.0795451885803924,4.12828349706835,31.520801869855,36.4221573029406,2010
"Gyeongbuk","Female","15-19",22135,48870,0.688261390042955,0.785884105123474,0.738166679804745,0.261833320195255,0.785884105123474,0.205770644533156,3.41499391428448,27.3925183727866,34.8556717131757,2010
"Gyeongbuk","Female","20-24",33238,34326,0.508051625125807,0.580113460590318,0.82178191162711,0.178218088372891,0.580113460590318,0.103386711985789,2.64210052298712,23.9775244585021,41.3324738820969,2010
"Gyeongbuk","Female","25-29",65224,46750,0.417507635701145,0.476726748604529,0.832643949273496,0.167356050726504,0.476726748604529,0.079783105922141,2.18417597821729,21.335423935515,44.7539895715269,2010
"Gyeongbuk","Female","30-34",95546,50915,0.347635206642041,0.396943642682388,0.959858605154959,0.0401413948450412,0.396943642682388,0.0159338714921427,1.94488353468158,19.1512479572977,48.2467683016188,2010
"Gyeongbuk","Female","35-39",119587,59887,0.333680644550186,0.381009771190245,0.85307631313184,0.14692368686816,0.381009771190245,0.0559793603160648,1.76510045516106,17.2063644226162,45.1599032981878,2010
"Gyeongbuk","Female","40-44",159381,63422,0.284655054016328,0.325030410874181,0.950292540508255,0.0497074594917447,0.325030410874181,0.0161564359821135,1.58476096441562,15.4412639674551,47.507136104358,2010
"Gyeongbuk","Female","45-49",178891,66335,0.270505574449691,0.308873974892067,0.999999,1e-06,0.308873974892067,3.08873974892067e-07,1.5443691022754,13.8565030030395,44.861348412023,2010
"Gyeongbuk","Female","50-54",161085,69039,0.300007821869948,0.342560809063534,0.999999,1e-06,0.308873666018092,3.08873666018092e-07,1.5443675579063,12.3121339007641,39.8613907734138,2010
"Gyeongbuk","Female","55-59",125618,65840,0.343887432230568,0.3926642854757,0.999999,1e-06,0.308873357144426,3.08873357144426e-07,1.54436601353874,10.7677663428578,34.8614281348419,2010
"Gyeongbuk","Female","60-64",101419,56097,0.356135249752406,0.406649328443554,0.999999,1e-06,0.308873048271069,3.08873048271069e-07,1.54436446917272,9.22340032931904,29.8614604963024,2010
"Gyeongbuk","Female","65-69",74092,55800,0.429587657438487,0.490520195702195,0.999999,1e-06,0.308872739398021,3.08872739398021e-07,1.54436292480825,7.67903586014632,24.8614878577903,2010
"Gyeongbuk","Female","70-74",65156,64076,0.495821468366968,0.56614858338089,0.999999,1e-06,0.308872430525281,3.08872430525281e-07,1.54436138044533,6.13467293533806,19.8615102193005,2010
"Gyeongbuk","Female","75-79",44463,50316,0.530877093026936,0.606176483556613,0.999999,1e-06,0.308872121652851,3.08872121652851e-07,1.54435983608395,4.59031155489273,14.8615275808281,2010
"Gyeongbuk","Female","80-84",25936,29692,0.533759976990005,0.609468274606158,0.981538986162067,0.0184610138379333,0.308871812780729,0.00570208680989258,1.53010384687891,3.04595171880878,9.86153994236803,2010
"Gyeongbuk","Female","85+",15942,17543,0.523906226668658,0.598216872354873,0.999999,1e-06,0.303169725970837,3.03169725970836e-07,1.51584787192987,1.51584787192987,4.9999975,2010
"Gyeongbuk","Male","0-4",6561,50752,0.885523354212831,1,0.908805551195269,0.0911944488047315,1,0.0911944488047315,4.77201387798817,44.1776694082604,44.1776694082604,2010
"Gyeongbuk","Male","5-9",12610,51980,0.804768540021675,0.908805551195269,0.923490419156637,0.0765095808433629,0.908805551195269,0.0695323317900714,4.37019692650116,39.4056555302722,43.3598314605865,2010
"Gyeongbuk","Male","10-14",22495,65101,0.743196036348692,0.839273219405197,0.945319762356748,0.0546802376432518,0.839273219405197,0.0458916590846932,4.08163694931425,35.0354586037711,41.7449976881201,2010
"Gyeongbuk","Male","15-19",24594,58091,0.702557900465622,0.793381560320504,0.798173085176935,0.201826914823065,0.793381560320504,0.160125752596997,3.56659342011003,30.9538216544568,39.0150505161127,2010
"Gyeongbuk","Male","20-24",28192,35992,0.560762806930076,0.633255807723507,0.825671407280546,0.174328592719454,0.633255807723507,0.11039459379186,2.89029255413789,27.3872282343468,43.2482859222424,2010
"Gyeongbuk","Male","25-29",61031,52622,0.463005815948545,0.522861213931647,0.824579558771668,0.175420441228332,0.522861213931647,0.091720544849071,2.38500470753556,24.4969356802089,46.851697979287,2010
"Gyeongbuk","Male","30-34",93186,57548,0.381785131423567,0.431140669082576,0.932632483737655,0.0673675162623455,0.431140669082576,0.029044876035779,2.08309115532343,22.1119309726733,51.2870451765204,2010
"Gyeongbuk","Male","35-39",124886,69056,0.356065215373668,0.402095793046797,0.925735293495026,0.0742647065049741,0.402095793046797,0.0298615260575052,1.93582515009022,20.0288398173499,49.8111150718229,2010
"Gyeongbuk","Male","40-44",154083,75762,0.329622136657313,0.372234266989292,0.970667848495838,0.0293321515041618,0.372234266989292,0.0109184319143705,1.83387525516053,18.0930146672597,48.606526243808,2010
"Gyeongbuk","Male","45-49",170049,80006,0.319953610205755,0.361315835074922,0.999999,1e-06,0.361315835074922,3.61315835074922e-07,1.80657827208502,16.2591394120991,44.99979750051,2010
"Gyeongbuk","Male","50-54",160488,80393,0.333745708461855,0.376890916398847,0.999999,1e-06,0.361315473759087,3.61315473759087e-07,1.80657646550675,14.4525611400141,39.99984000035,2010
"Gyeongbuk","Male","55-59",122505,61823,0.335396684171694,0.378755323138641,0.999999,1e-06,0.361315112443613,3.61315112443613e-07,1.80657465893028,12.6459846745074,34.9998775002275,2010
"Gyeongbuk","Male","60-64",90698,54896,0.377048504746075,0.425791711706175,0.999999,1e-06,0.3613147511285,3.613147511285e-07,1.80657285235562,10.8394100155771,29.9999100001375,2010
"Gyeongbuk","Male","65-69",68559,46793,0.405653998196824,0.458095200162645,0.999999,1e-06,0.361314389813749,3.61314389813749e-07,1.80657104578277,9.03283716322146,24.999937500075,2010
"Gyeongbuk","Male","70-74",54952,43306,0.440737649860571,0.497714315228147,0.999999,1e-06,0.361314028499359,3.61314028499359e-07,1.80656923921173,7.22626611743869,19.999960000035,2010
"Gyeongbuk","Male","75-79",29695,31735,0.516604265017093,0.583388639677739,0.999999,1e-06,0.361313667185331,3.61313667185331e-07,1.80656743264249,5.41969687822697,14.9999775000125,2010
"Gyeongbuk","Male","80-84",12150,14784,0.548897304522165,0.619856384262273,0.999999,1e-06,0.361313305871664,3.61313305871664e-07,1.80656562607505,3.61312944558448,9.9999900000025,2010
"Gyeongbuk","Male","85+",5136,7027,0.577735755981255,0.652422946535184,0.999999,1e-06,0.361312944558358,3.61312944558358e-07,1.80656381950943,1.80656381950943,4.9999975,2010
"Gyeongbuk","Total","0-4",12993,96099,0.88089869101309,1,0.913732022854376,0.0862679771456236,1,0.0862679771456236,4.78433005713594,42.5142493442087,42.5142493442087,2010
"Gyeongbuk","Total","5-9",23187,95663,0.804905342869163,0.913732022854376,0.932213662587752,0.0677863374122476,0.913732022854376,0.0619385472055823,4.41381374625793,37.7299192870727,41.2921057195845,2010
"Gyeongbuk","Total","10-14",42486,127692,0.750343757712513,0.851793475648794,0.927512070343918,0.0724879296560815,0.851793475648794,0.061744745544339,4.10460551438312,33.3161055408148,39.1128912033972,2010
"Gyeongbuk","Total","15-19",46729,106961,0.695952892185568,0.790048730104455,0.766906881664059,0.233093118335941,0.790048730104455,0.184154922137398,3.48985634517878,29.2115000264317,36.9743016010791,2010
"Gyeongbuk","Total","20-24",61430,70318,0.533731062331117,0.605893807967057,0.825183400270182,0.174816599729818,0.605893807967057,0.105920295306152,2.7646683015699,25.7216436812529,42.4523956888686,2010
"Gyeongbuk","Total","25-29",126255,99372,0.440426012844207,0.499973512660905,0.828642401206341,0.171357598793659,0.499973512660905,0.0856742605900037,2.28568191182951,22.956975379683,45.9163831649878,2010
"Gyeongbuk","Total","30-34",188732,108463,0.364955668836959,0.414299252070901,0.946160327014807,0.0538396729851931,0.414299252070901,0.0223057362495074,2.01573191973074,20.6712934678535,49.8945951857907,2010
"Gyeongbuk","Total","35-39",244473,128943,0.345306574972685,0.391993515821394,0.890479364650593,0.109520635349407,0.391993515821394,0.0429313789056067,1.85263913184295,18.6555615481227,47.5915054590415,2010
"Gyeongbuk","Total","40-44",313464,139184,0.307488379491349,0.349062136915787,0.960916482445538,0.0390835175544624,0.349062136915787,0.0136425761557463,1.71120424418957,16.8029224162798,48.137338998568,2010
"Gyeongbuk","Total","45-49",348940,146341,0.295470652013705,0.335419560760041,0.999999,1e-06,0.335419560760041,3.35419560760041e-07,1.6770969652513,15.0917181720902,44.9935541561538,2010
"Gyeongbuk","Total","50-54",321573,149432,0.317262024819269,0.360157221319512,0.999999,1e-06,0.33541922534048,3.3541922534048e-07,1.67709528815434,13.4146212068389,39.9935966497505,2010
"Gyeongbuk","Total","55-59",248123,127663,0.339722608080131,0.385654572479189,0.999999,1e-06,0.335418889921255,3.35418889921254e-07,1.67709361105905,11.7375259186846,34.9936341433846,2010
"Gyeongbuk","Total","60-64",192117,110993,0.366180594503646,0.41568979298007,0.999999,1e-06,0.335418554502365,3.35418554502365e-07,1.67709193396544,10.0604323076255,29.9936666370513,2010
"Gyeongbuk","Total","65-69",142651,102593,0.418330315930257,0.474890382058748,0.999999,1e-06,0.33541821908381,3.3541821908381e-07,1.6770902568735,8.3833403736601,24.9936941307454,2010
"Gyeongbuk","Total","70-74",120108,107382,0.472029539759989,0.535849972960143,0.999999,1e-06,0.335417883665591,3.35417883665591e-07,1.67708857978325,6.7062501167866,19.993716624462,2010
"Gyeongbuk","Total","75-79",74158,82051,0.525264229333777,0.596282222567149,0.999999,1e-06,0.335417548247707,3.35417548247707e-07,1.67708690269467,5.02916153700335,14.9937341181961,2010
"Gyeongbuk","Total","80-84",38086,44476,0.538698190450813,0.611532513269233,0.999166547981217,0.000833452018782821,0.335417212830159,0.000279554153167803,1.67638717876788,3.35207463430869,9.99374661194276,2010
"Gyeongbuk","Total","85+",21078,24570,0.538249211356467,0.611022830261498,0.999999,1e-06,0.335137658676991,3.35137658676991e-07,1.67568745554081,1.67568745554081,4.9999975,2010
"Gyeonggi","Female","0-4",24669,238694,0.906330805769983,1,0.921414806637313,0.0785851933626867,1,0.0785851933626867,4.80353701659328,64.4940131078468,64.4940131078468,2010
"Gyeonggi","Female","5-9",43642,221026,0.835106624147989,0.921414806637313,0.970784948057618,0.0292150519423821,0.921414806637313,0.026919181436389,4.53977607959559,59.6904760912535,64.7813293874589,2010
"Gyeonggi","Female","10-14",58055,248642,0.810708940746078,0.894495625200924,0.958132795044493,0.0418672049555066,0.894495625200924,0.0374500316720911,4.37885304682439,55.1507000116579,61.655639734705,2010
"Gyeonggi","Female","15-19",61828,215138,0.776766823364601,0.857045593528833,0.902588558107393,0.0974114418926068,0.857045593528833,0.0834860470333486,4.0765128500608,50.7718469648335,59.2405437332494,2010
"Gyeonggi","Female","20-24",65490,153614,0.701100847086315,0.773559546495485,0.984023519277897,0.0159764807221027,0.773559546495485,0.0123587591819836,3.83690083452246,46.6953341147727,60.3642399946069,2010
"Gyeonggi","Female","25-29",65807,146405,0.689899722918591,0.761200787313501,0.981367306577511,0.0186326934224889,0.761200787313501,0.0141832209029696,3.77054588431008,42.8584332802503,56.303716436645,2010
"Gyeonggi","Female","30-34",57444,120426,0.677045032889189,0.747017566410531,0.999306784728868,0.000693215271132308,0.747017566410531,0.000517843984839874,3.73379322209056,39.0878873959402,52.3252586733135,2010
"Gyeonggi","Female","35-39",58827,123061,0.676575694933146,0.746499722425692,0.966899413370791,0.0331005866292093,0.746499722425692,0.0247095787308323,3.67072466530138,35.3540941738496,47.3598222635225,2010
"Gyeonggi","Female","40-44",62788,118775,0.654180642531793,0.721790143694859,0.959368518059798,0.040631481940202,0.721790143694859,0.0293274031881535,3.53563221050391,31.6833695085482,43.895541917988,2010
"Gyeonggi","Female","45-49",71732,120889,0.627600313569133,0.692462740506706,0.92067804900517,0.0793219509948297,0.692462740506706,0.0549274955682184,3.32499496361298,28.1477372980443,40.648739132805,2010
"Gyeonggi","Female","50-54",70268,96172,0.577817832251863,0.637535244938487,0.999999,1e-06,0.637535244938487,6.37535244938487e-07,3.18767463085432,24.8227423344314,38.9354824403887,2010
"Gyeonggi","Female","55-59",48954,68648,0.583731569191,0.644060165973377,0.967630099911311,0.032369900088689,0.637534607403242,0.0206369315447245,3.1360807081544,21.635067703577,33.9355188759075,2010
"Gyeonggi","Female","60-64",38371,49805,0.564836236617674,0.623212002749715,0.999999,1e-06,0.616897675858518,6.16897675858518e-07,3.0844868370484,18.4989869954226,29.9871238284018,2010
"Gyeonggi","Female","65-69",30285,51382,0.62916477891927,0.694188893187577,0.999999,1e-06,0.616897058960842,6.16897058960842e-07,3.08448375256156,15.4145001583742,24.9871513155531,2010
"Gyeonggi","Female","70-74",26561,50402,0.654886114106779,0.722568525683526,0.999999,1e-06,0.616896442063783,6.16896442063783e-07,3.08448066807781,12.3300164058127,19.9871738027269,2010
"Gyeonggi","Female","75-79",17812,36039,0.669235483092236,0.738400900456738,0.999999,1e-06,0.616895825167341,6.16895825167341e-07,3.08447758359714,9.24553573773486,14.9871912899182,2010
"Gyeonggi","Female","80-84",9345,21418,0.696225985762117,0.768180868761965,0.998294169714317,0.00170583028568305,0.616895208271516,0.00105231852936231,3.08184524503417,6.16105815413772,9.98720377712195,2010
"Gyeonggi","Female","85+",6005,13686,0.695038342389924,0.766870482571148,0.999999,1e-06,0.615842889742153,6.15842889742153e-07,3.07921290910354,3.07921290910354,4.9999975,2010
"Gyeonggi","Male","0-4",26436,264153,0.909026150336042,1,0.936448910621868,0.0635510893781323,1,0.0635510893781323,4.84112227655467,67.8800969352471,67.8800969352471,2010
"Gyeonggi","Male","5-9",42023,240497,0.851256548208976,0.936448910621868,0.961481565180891,0.0385184348191088,0.936448910621868,0.0360705463252138,4.5920681872963,63.0389746586925,67.3170462837424,2010
"Gyeonggi","Male","10-14",60371,272192,0.818467478342449,0.900378364296654,0.966004432218413,0.0339955677815872,0.900378364296654,0.0306088737125215,4.42536963720197,58.4469064713962,64.9137171538467,2010
"Gyeonggi","Male","15-19",62041,234300,0.790643211705434,0.869769490584132,0.901458994143799,0.0985410058562008,0.869769490584132,0.0857079604651958,4.13457755175767,54.0215368341942,62.1101767985833,2010
"Gyeonggi","Male","20-24",50595,125530,0.712732434350603,0.784061530118937,0.999999,1e-06,0.784061530118937,7.84061530118937e-07,3.92030569044086,49.8869592824365,63.6263320748169,2010
"Gyeonggi","Male","25-29",56178,150638,0.728367244313786,0.801261046279614,0.979190704808255,0.0208092951917446,0.784060746057406,0.016315751512968,3.87951435150461,45.9666535919957,58.6263932012101,2010
"Gyeonggi","Male","30-34",52085,129529,0.713210435318863,0.784587368641935,0.999999,1e-06,0.767744994544438,7.67744994544438e-07,3.83872305335971,42.087139240491,54.8191646178879,2010
"Gyeonggi","Male","35-39",50826,130175,0.719194921575019,0.791170772490046,0.992045001780116,0.00795499821988388,0.767744226799444,0.0061074039575157,3.82345262410343,38.2484161871313,49.8192169371049,2010
"Gyeonggi","Male","40-44",49049,122136,0.71347372725414,0.784877010403264,0.977188325170535,0.0228116748294654,0.761636822841928,0.0173742115408172,3.7647485853576,34.4249635630279,45.1986596900299,2010
"Gyeonggi","Male","45-49",57625,132681,0.697198196588652,0.766972651260822,0.998463846500898,0.00153615349910186,0.744262611301111,0.00114330161460089,3.71845480246905,30.6602149776703,41.1954255287263,2010
"Gyeonggi","Male","50-54",50954,116728,0.696127193139395,0.765794463538872,0.940206035690753,0.0597939643092471,0.74311930968651,0.0444340494809075,3.60451142473028,26.9417601752013,36.2549590947473,2010
"Gyeonggi","Male","55-59",41271,78183,0.654502988598122,0.72000457671781,0.990043916814251,0.00995608318574859,0.698685260205603,0.00695616857126338,3.47603587959985,23.337248750471,33.4016617777274,2010
"Gyeonggi","Male","60-64",31131,57306,0.647986702398317,0.712836151257887,0.963288442175034,0.0367115578249656,0.691729091634339,0.025394452546745,3.39515932680483,19.8612128708711,28.7124151796844,2010
"Gyeonggi","Male","65-69",26361,43785,0.624198101103413,0.686666825671257,0.999999,1e-06,0.666334639087594,6.66334639087594e-07,3.33167152960137,16.4660535440663,24.7113876094046,2010
"Gyeonggi","Male","70-74",17759,40474,0.695035460992908,0.764593472625592,0.999999,1e-06,0.666333972752955,6.66333972752955e-07,3.33166819792984,13.1343820144649,19.7114098208145,2010
"Gyeonggi","Male","75-79",10625,26826,0.716295960054471,0.787981687644164,0.976914944111079,0.0230850558889207,0.666333306418982,0.0153823416193316,3.29321067804658,9.80271381653507,14.7114270322415,2010
"Gyeonggi","Male","80-84",4007,9339,0.699760227783606,0.769791086345452,0.999999,1e-06,0.650950964799651,6.50950964799651e-07,3.25475319662084,6.50950313848849,9.9999900000025,2010
"Gyeonggi","Male","85+",2013,5130,0.718185636287274,0.790060479582222,0.999999,1e-06,0.650950313848686,6.50950313848686e-07,3.25474994186765,3.25474994186765,4.9999975,2010
"Gyeonggi","Total","0-4",51105,502847,0.907744714343481,1,0.929165456280631,0.0708345437193693,1,0.0708345437193693,4.82291364070158,67.1463181857905,67.1463181857905,2010
"Gyeonggi","Total","5-9",85665,461523,0.843445031689291,0.929165456280631,0.965973055144746,0.034026944855254,0.929165456280631,0.031616661742268,4.56678562704748,62.323404545089,67.074603477581,2010
"Gyeonggi","Total","10-14",118426,520834,0.814745174107562,0.897548794538363,0.962189798490184,0.0378102015098157,0.897548794538363,0.0339365007863877,4.40290272072584,57.7566189180415,64.3492802502704,2010
"Gyeonggi","Total","15-19",123869,449438,0.783939494895405,0.863612293751975,0.900942240379945,0.0990577596200549,0.863612293751975,0.0855474989994074,4.10419272126136,53.3537161973157,61.7797090005745,2010
"Gyeonggi","Total","20-24",116085,279144,0.706284204853389,0.778064794752568,0.999999,1e-06,0.778064794752568,7.78064794752568e-07,3.89032202860085,49.2495234760543,63.2974577544228,2010
"Gyeonggi","Total","25-29",121985,297043,0.708885802380748,0.780930796048142,0.980857652672967,0.0191423473270328,0.778064016687773,0.0148939716501036,3.85308515431361,45.3592014474535,58.2975185519414,2010
"Gyeonggi","Total","30-34",109529,249955,0.695316064136373,0.765981947511812,0.999999,1e-06,0.763170045037669,7.63170045037669e-07,3.81584831726323,41.5061162931398,54.3864589065352,2010
"Gyeonggi","Total","35-39",109653,253236,0.697833221728958,0.768754927131314,0.978679359797737,0.0213206402022628,0.763169281867624,0.0162712576721189,3.77516826515782,37.6902679758766,49.386510793046,2010
"Gyeonggi","Total","40-44",111837,240911,0.68295497068729,0.752364579926231,0.96959375823077,0.0304062417692305,0.746898024195505,0.0227103619006491,3.6777142162259,33.9150997107188,45.407938717269,2010
"Gyeonggi","Total","45-49",129357,253570,0.662188876731074,0.729488000610388,0.962251745937751,0.0377482540622489,0.724187662294856,0.0273368198650523,3.55259626181165,30.2373854944929,41.7535220065398,2010
"Gyeonggi","Total","50-54",121222,212900,0.637192402775034,0.701951102227985,0.972067035096622,0.0279329649033784,0.696850842429804,0.0194651101244814,3.43559143683782,26.6847892326812,38.2934016978953,2010
"Gyeonggi","Total","55-59",90225,146831,0.61939372975162,0.682343526725563,0.979139569169368,0.0208604308306316,0.677385732305323,0.0141305582144119,3.35160226599058,23.2491977958434,34.3219478755779,2010
"Gyeonggi","Total","60-64",69502,107111,0.606472909695209,0.668109546783575,0.999999,1e-06,0.663255174090911,6.6325517409091e-07,3.31627421231662,19.8975955298528,29.9999100001375,2010
"Gyeonggi","Total","65-69",56646,95167,0.626869899152247,0.690579509025977,0.999999,1e-06,0.663254510835736,6.63254510835737e-07,3.31627089604241,16.5813213175362,24.999937500075,2010
"Gyeonggi","Total","70-74",44320,90876,0.672179650285511,0.740494149582198,0.999999,1e-06,0.663253847581226,6.63253847581226e-07,3.31626757977151,13.2650504214938,19.999960000035,2010
"Gyeonggi","Total","75-79",28437,62865,0.688539133863442,0.758516268928564,0.999999,1e-06,0.663253184327378,6.63253184327378e-07,3.31626426350393,9.94878284172231,14.9999775000125,2010
"Gyeonggi","Total","80-84",13352,30757,0.697295336552631,0.768162375979181,0.999999,1e-06,0.663252521074194,6.63252521074194e-07,3.31626094723967,6.63251857821838,9.9999900000025,2010
"Gyeonggi","Total","85+",8018,18816,0.701199970187076,0.772463842650093,0.999999,1e-06,0.663251857821673,6.63251857821672e-07,3.31625763097872,3.31625763097872,4.9999975,2010
"Gyeongnam","Female","0-4",4687,65909,0.933608136438325,1,0.924481132794698,0.0755188672053017,1,0.0755188672053017,4.81120283198675,50.3891180518372,50.3891180518372,2010
"Gyeongnam","Female","5-9",9837,62020,0.86310310756085,0.924481132794698,0.979197594054089,0.0208024059459108,0.924481132794698,0.0192314318137307,4.57432708443917,45.5779152198504,49.3010766829484,2010
"Gyeongnam","Female","10-14",15059,82189,0.845148486344192,0.905249700980968,0.935858340717769,0.0641416592822306,0.905249700980968,0.0580642178856623,4.38108796019068,41.0035881354113,45.2953346363749,2010
"Gyeongnam","Female","15-19",17891,67687,0.79093926009021,0.847185483095305,0.709883202018172,0.290116797981828,0.847185483095305,0.245782739652298,3.62147056634578,36.6225001752206,43.2284321509091,2010
"Gyeongnam","Female","20-24",33381,42740,0.561474494554722,0.601402743443007,0.973200504602869,0.0267994953971314,0.601402743443007,0.0161172900547231,2.96672049207823,33.0010296088748,54.8734271146573,2010
"Gyeongnam","Female","25-29",50699,61078,0.546427261422296,0.585285453388284,0.95867170327399,0.0413282967260101,0.585285453388284,0.0241888508870484,2.8659551397238,30.0343091167966,51.3156596374035,2010
"Gyeongnam","Female","30-34",61845,68039,0.523844353423054,0.561096602501236,0.961546813144239,0.0384531868557612,0.561096602501236,0.0215759525001128,2.7515431312559,27.1683539770728,48.4201006670914,2010
"Gyeongnam","Female","35-39",76506,77647,0.503700868617542,0.539520650001123,0.888230333430283,0.111769666569717,0.539520650001123,0.0603020431581024,2.54684814211036,24.4168108458169,45.256489896663,2010
"Gyeongnam","Female","40-44",102314,82837,0.447402390481283,0.479218606843021,0.945033573425135,0.0549664265748654,0.479218606843021,0.0263409343663462,2.33024069829924,21.8699627037065,45.6367144167892,2010
"Gyeongnam","Female","45-49",114227,83675,0.422810279835474,0.452877672476674,0.971558559946352,0.0284414400536477,0.452877672476674,0.0128804931733808,2.23218712944992,19.5397220054073,43.1456951687405,2010
"Gyeongnam","Female","50-54",119570,83361,0.410784946607468,0.439997179303294,0.982284774223591,0.0177152257764089,0.439997179303294,0.00779464937234093,2.18049927308562,17.3075348759574,39.3355587037233,2010
"Gyeongnam","Female","55-59",96757,65453,0.403507798532766,0.432202529930953,0.999999,1e-06,0.432202529930953,4.32202529930953e-07,2.16101156914844,15.1270356028718,34.9998775002275,2010
"Gyeongnam","Female","60-64",75812,57117,0.429680506134854,0.460236462563476,0.999999,1e-06,0.432202097728423,4.32202097728423e-07,2.16100940813687,12.9660240337233,29.9999100001375,2010
"Gyeongnam","Female","65-69",56909,55560,0.494002791880429,0.529132911978497,0.999999,1e-06,0.432201665526325,4.32201665526325e-07,2.16100724712746,10.8050146255864,24.999937500075,2010
"Gyeongnam","Female","70-74",46393,52795,0.53227204903819,0.57012361853313,0.999999,1e-06,0.43220123332466,4.3220123332466e-07,2.16100508612021,8.64400737845898,19.999960000035,2010
"Gyeongnam","Female","75-79",32654,46704,0.588522896242345,0.630374643571054,0.999999,1e-06,0.432200801123426,4.32200801123426e-07,2.16100292511513,6.48300229233877,14.9999775000125,2010
"Gyeongnam","Female","80-84",18308,26341,0.589957221886268,0.631910968703561,0.999999,1e-06,0.432200368922625,4.32200368922625e-07,2.1610007641122,4.32199936722364,9.9999900000025,2010
"Gyeongnam","Female","85+",10426,15030,0.590430546825896,0.632417953295012,0.999999,1e-06,0.432199936722256,4.32199936722256e-07,2.16099860311144,2.16099860311144,4.9999975,2010
"Gyeongnam","Male","0-4",5939,70130,0.921926145999027,1,0.949336118669347,0.0506638813306531,1,0.0506638813306531,4.87334029667337,53.8912388598229,53.8912388598229,2010
"Gyeongnam","Male","5-9",9955,69824,0.875217789142506,0.949336118669347,0.959337822225643,0.0406621777743569,0.949336118669347,0.0386020740249509,4.65017540828436,49.0178985631495,51.6338708695254,2010
"Gyeongnam","Male","10-14",16917,88570,0.839629527809114,0.910734044644396,0.94739757007514,0.0526024299248595,0.910734044644396,0.0479068237635907,4.433903163813,44.3677231548652,48.7164429789038,2010
"Gyeongnam","Male","15-19",19854,77214,0.795462974409692,0.862827220880805,0.79642840035717,0.20357159964283,0.862827220880805,0.175647117570083,3.87501831047882,39.9338199910522,46.2825221836259,2010
"Gyeongnam","Male","20-24",24061,41595,0.633529304252467,0.687180103310722,0.969593760471524,0.0304062395284759,0.687180103310722,0.0208945628204686,3.38366410950244,36.0588016805734,52.4735822630019,2010
"Gyeongnam","Male","25-29",42337,67420,0.614266060479058,0.666285540490254,0.900558334794901,0.0994416652050986,0.666285540490254,0.0662565436484299,3.16578634333019,32.6751375710709,49.0407424225783,2010
"Gyeongnam","Male","30-34",57656,71381,0.553182420546045,0.600028996841824,0.965376005047976,0.0346239949520238,0.600028996841824,0.0207754009577192,2.94820648181482,29.5093512277407,49.179875277794,2010
"Gyeongnam","Male","35-39",72828,83465,0.53402903520951,0.579253595884104,0.927504295719828,0.0724957042801724,0.579253595884104,0.0419933973904405,2.79128448594442,26.5611447459259,45.8540869399112,2010
"Gyeongnam","Male","40-44",93758,92017,0.495314224195936,0.537260198493664,0.928497089846302,0.0715029101536976,0.537260198493664,0.0384156677020502,2.59026182321319,23.7698602599815,44.2427343894558,2010
"Gyeongnam","Male","45-49",110257,93884,0.459897815725406,0.498844530791614,0.98340863389298,0.0165913661070199,0.498844530791614,0.00827651224084825,2.47353137335595,21.1795984367683,42.4573131094742,2010
"Gyeongnam","Male","50-54",109185,90155,0.452267482692887,0.490568018550765,0.977928927524774,0.0220710724752259,0.490568018550765,0.0108273622914619,2.42577168702517,18.7060670634123,38.1314442769297,2010
"Gyeongnam","Male","55-59",88260,69993,0.442285454304184,0.479740656259304,0.980304580309881,0.0196954196901188,0.479740656259304,0.00944869356744,2.37508154737792,16.2802953763872,33.9356174299048,2010
"Gyeongnam","Male","60-64",69612,53285,0.433574456658828,0.470291962691864,0.984263847125135,0.0157361528748652,0.470291962691864,0.00740058622073956,2.33295834790747,13.9052138290093,29.5671942795246,2010
"Gyeongnam","Male","65-69",51887,38627,0.426751662726208,0.462891376471124,0.999999,1e-06,0.462891376471124,4.62891376471124e-07,2.31445572512718,11.5722554811018,24.999937500075,2010
"Gyeongnam","Male","70-74",37653,36321,0.490996836726417,0.532577190545299,0.999999,1e-06,0.462890913579747,4.62890913579747e-07,2.31445341067145,9.25779975597461,19.999960000035,2010
"Gyeongnam","Male","75-79",20094,24234,0.546697347049269,0.592994731109238,0.999999,1e-06,0.462890450688834,4.62890450688834e-07,2.31445109621804,6.94334634530315,14.9999775000125,2010
"Gyeongnam","Male","80-84",8287,11928,0.590056888449171,0.640026200590903,0.999999,1e-06,0.462889987798383,4.62889987798383e-07,2.31444878176695,4.62889524908511,9.9999900000025,2010
"Gyeongnam","Male","85+",2494,4929,0.664017243702007,0.720249931714929,0.999999,1e-06,0.462889524908395,4.62889524908395e-07,2.31444646731816,2.31444646731816,4.9999975,2010
"Gyeongnam","Total","0-4",10626,136039,0.92754917669519,1,0.937391706085383,0.0626082939146171,1,0.0626082939146171,4.84347926521346,52.3718156138745,52.3718156138745,2010
"Gyeongnam","Total","5-9",19792,131844,0.869476905220396,0.937391706085383,0.96871677537295,0.0312832246270502,0.937391706085383,0.0293246353050029,4.61364694216441,47.528336348661,50.7027489576827,2010
"Gyeongnam","Total","10-14",31976,170759,0.842276863886354,0.90806707078038,0.941903359193838,0.0580966408061617,0.90806707078038,0.0527556464390312,4.40844623780432,42.9146894064966,47.2593829105777,2010
"Gyeongnam","Total","15-19",37745,144901,0.793343407465808,0.855311424341349,0.749792081635918,0.250207918364082,0.855311424341349,0.214005691037467,3.74154289411308,38.5062431686923,45.0201436258669,2010
"Gyeongnam","Total","20-24",57442,84335,0.59484260493592,0.641305733303882,0.97511067791654,0.0248893220834598,0.641305733303882,0.0159616649501697,3.16662450414398,34.7647002745792,54.2092460260386,2010
"Gyeongnam","Total","25-29",93036,128498,0.580037375752706,0.625344068353712,0.928328799406557,0.0716712005934432,0.625344068353712,0.0448191601628988,3.01467244136131,31.5980757704352,50.5291044874235,2010
"Gyeongnam","Total","30-34",119501,139420,0.53846540064344,0.580524908190813,0.963793554785862,0.0362064452141377,0.580524908190813,0.021018743283853,2.85007768274443,28.5834033290739,49.2371695439446,2010
"Gyeongnam","Total","35-39",149334,161112,0.518969482615334,0.55950616490696,0.90833589180035,0.0916641081996502,0.55950616490696,0.0512866336384029,2.66931424043879,25.7333256463295,45.992926012904,2010
"Gyeongnam","Total","40-44",196072,174854,0.471398607808566,0.508219531268557,0.936875517061635,0.0631244829383655,0.508219531268557,0.0320810951305062,2.46089491851652,23.0640114058907,45.3819855138606,2010
"Gyeongnam","Total","45-49",224484,177559,0.441641814432785,0.476138436138051,0.976676227271292,0.0233237727287077,0.476138436138051,0.0111053446718862,2.35292881901054,20.6031164873742,43.2712734861013,2010
"Gyeongnam","Total","50-54",228755,173516,0.43134106112546,0.465033091466165,0.97986780283597,0.0201321971640296,0.465033091466165,0.00936213788519504,2.30176011261784,18.2501876683636,39.244922572766,2010
"Gyeongnam","Total","55-59",185017,135446,0.422657217837941,0.45567095358097,0.999999,1e-06,0.45567095358097,4.5567095358097e-07,2.27835362872747,15.9484275557458,34.9998775002275,2010
"Gyeongnam","Total","60-64",145424,110402,0.43155113241031,0.465259571409362,0.999999,1e-06,0.455670497910016,4.55670497910016e-07,2.27835135037384,13.6700739270183,29.9999100001375,2010
"Gyeongnam","Total","65-69",108796,94187,0.464014227792475,0.50025835767084,0.999999,1e-06,0.455670042239518,4.55670042239518e-07,2.27834907202249,11.3917225766445,24.999937500075,2010
"Gyeongnam","Total","70-74",84046,89116,0.514639470553586,0.554837935803274,0.999999,1e-06,0.455669586569476,4.55669586569476e-07,2.27834679367341,9.11337350462201,19.999960000035,2010
"Gyeongnam","Total","75-79",52748,70938,0.573532978671798,0.618331613117556,0.999999,1e-06,0.45566913089989,4.5566913089989e-07,2.27834451532662,6.8350267109486,14.9999775000125,2010
"Gyeongnam","Total","80-84",26595,38269,0.589988283177109,0.636072240696938,0.999999,1e-06,0.455668675230759,4.55668675230759e-07,2.27834223698211,4.55668219562197,9.9999900000025,2010
"Gyeongnam","Total","85+",12920,19959,0.607044009854314,0.654460189396298,0.999999,1e-06,0.455668219562083,4.55668219562083e-07,2.27833995863987,2.27833995863987,4.9999975,2010
"Incheon","Female","0-4",7825,49896,0.864434088113512,1,0.909735065898995,0.0902649341010052,1,0.0902649341010052,4.77433766474749,60.1383878043057,60.1383878043057,2010
"Incheon","Female","5-9",12925,47587,0.786406002115283,0.909735065898995,0.955562765863077,0.0444372341369231,0.909735065898995,0.0404261101259228,4.44761005418017,55.3640501395582,60.857333321375,2010
"Incheon","Female","10-14",20594,62266,0.751460294472604,0.869308955773072,0.920479428605404,0.0795205713945958,0.869308955773072,0.0691279448815141,4.17372491666158,50.916440085378,58.5711670715486,2010
"Incheon","Female","15-19",28272,63432,0.691703742475792,0.800181010891558,0.951619796958435,0.0483802030415648,0.800181010891558,0.0387129197769381,3.90412275501544,46.7427151687165,58.4151767318696,2010
"Incheon","Female","20-24",22939,44181,0.658238974970203,0.76146809111462,0.97539486270447,0.0246051372955303,0.76146809111462,0.0187360269280406,3.760500388253,42.838592413701,56.2578956539004,2010
"Incheon","Female","25-29",25624,45960,0.642042914617792,0.742732064186579,0.885973462172618,0.114026537827382,0.742732064186579,0.0846911658125805,3.50193240640144,39.078092025448,52.6139827667805,2010
"Incheon","Female","30-34",24680,32560,0.568832983927324,0.658040898373999,0.999999,1e-06,0.658040898373999,6.58040898373999e-07,3.29020284676775,35.5761596190466,54.0637515190231,2010
"Incheon","Female","35-39",23533,33340,0.586218416471788,0.678152822213566,0.999999,1e-06,0.6580402403331,6.580402403331e-07,3.2901995565649,32.2859567722788,49.0638030828262,2010
"Incheon","Female","40-44",20107,30720,0.604403171542684,0.699189423292754,0.957245099855854,0.0427549001441458,0.65803958229286,0.0281344166318267,3.21986186988473,28.9957572157139,44.0638496466758,2010
"Incheon","Female","45-49",19741,27101,0.578561974296571,0.66929564931803,0.953911602967089,0.0460883970329108,0.629905165661033,0.0290313193680671,3.076947529885,25.7758953458292,40.9202793547177,2010
"Incheon","Female","50-54",21992,27086,0.551896980317046,0.63844888569986,0.972303412126592,0.0276965878734078,0.600873846292966,0.0166421552846857,2.96276384325312,22.6989478159442,37.776561512842,2010
"Incheon","Female","55-59",14372,16643,0.536611317104627,0.620766030034395,0.976632153348253,0.0233678466517468,0.58423169100828,0.0136522365645722,2.88702786362997,19.7361839726911,33.7814334217816,2010
"Incheon","Female","60-64",11576,12747,0.524071866134934,0.606260064637937,0.999999,1e-06,0.570579454443708,5.70579454443708e-07,2.8528958457699,16.8491561090611,29.5299032901357,2010
"Incheon","Female","65-69",9275,10604,0.533427234770361,0.617082600171957,0.999999,1e-06,0.570578883864254,5.70578883864254e-07,2.85289299287406,13.9962602632912,24.5299303200661,2010
"Incheon","Female","70-74",6084,8643,0.586881238541454,0.678919592148695,0.999999,1e-06,0.57057831328537,5.7057831328537e-07,2.85289013998107,11.1433672704171,19.5299523500184,2010
"Incheon","Female","75-79",4184,6682,0.614945702190318,0.711385298944352,0.962398320317487,0.0376016796825127,0.570577742707057,0.0214546815152419,2.79925200974718,8.29047713043608,14.5299693799878,2010
"Incheon","Female","80-84",2376,3445,0.59182271087442,0.684636016802598,0.999999,1e-06,0.549123061191815,5.49123061191815e-07,2.74561393315142,5.49122512068891,9.9999900000025,2010
"Incheon","Female","85+",973,2497,0.719596541786743,0.832448131883771,0.999999,1e-06,0.549122512068753,5.49122512068753e-07,2.74561118753749,2.74561118753749,4.9999975,2010
"Incheon","Male","0-4",9765,54244,0.84744332828196,1,0.936087442471007,0.0639125575289932,1,0.0639125575289932,4.84021860617752,66.6680557798481,66.6680557798481,2010
"Incheon","Male","5-9",13445,51595,0.793281057810578,0.936087442471007,0.936312753724147,0.0636872462758531,0.936087442471007,0.0596168314843845,4.53139513364407,61.8278371736706,66.0492111831588,2010
"Incheon","Male","10-14",23181,66933,0.742759171715827,0.876470610986622,0.923647992630956,0.076352007369044,0.876470610986622,0.0669202905488011,4.21505232856111,57.2964420400265,65.3717778118415,2010
"Incheon","Male","15-19",29082,63550,0.686048017963555,0.809550320437821,0.955687754168575,0.0443122458314249,0.809550320437821,0.0358729928121495,3.95806912015873,53.0813897114654,65.568981163219,2010
"Incheon","Male","20-24",18563,35344,0.655647689539392,0.773677327625672,0.999999,1e-06,0.773677327625672,7.73677327625672e-07,3.86838470393504,49.1233205913066,63.4932921481111,2010
"Incheon","Male","25-29",23069,46973,0.670640472859142,0.791369110449834,0.938876865789084,0.061123134210916,0.773676553948344,0.0472895358428236,3.75015893013466,45.2549358873716,58.4933531414642,2010
"Incheon","Male","30-34",23581,40091,0.6296488252293,0.742998150101436,0.985520666536188,0.0144793334638125,0.72638701810552,0.0105175998589342,3.60564109088027,41.5047769572369,57.1386546327396,2010
"Incheon","Male","35-39",21487,35137,0.620531929923707,0.732240032123121,0.999999,1e-06,0.715869418246586,7.15869418246586e-07,3.57934530155939,37.8991358663567,52.9414092854879,2010
"Incheon","Male","40-44",19311,31645,0.621025983201193,0.732823024827173,0.999999,1e-06,0.715868702377168,7.15868702377168e-07,3.57934172221408,34.3197905647973,47.9414597269477,2010
"Incheon","Male","45-49",17449,29053,0.62476882714722,0.737239655203642,0.999999,1e-06,0.715867986508466,7.15867986508466e-07,3.57933814287236,30.7404488425832,42.9415051684528,2010
"Incheon","Male","50-54",16449,27980,0.629768844673524,0.743139775435211,0.965226415942634,0.0347735840573655,0.715867270640479,0.0248932707095335,3.51710317642856,27.1611106997108,37.9415456099984,2010
"Incheon","Male","55-59",12238,18971,0.607869524816559,0.717298141987743,0.999999,1e-06,0.690973999930946,6.90973999930945e-07,3.45486827221973,23.6440075232823,34.2183751134561,2010
"Incheon","Male","60-64",8455,13426,0.613591700562132,0.724050423296244,0.981597145471747,0.0184028545282525,0.690973308956946,0.01271588128764,3.42307684156563,20.1891392510625,29.2184068318629,2010
"Incheon","Male","65-69",6329,9585,0.602299861756944,0.710725828685204,0.999999,1e-06,0.678257427669306,6.78257427669306e-07,3.39128544270296,16.7660624094969,24.7193200185217,2010
"Incheon","Male","70-74",4721,7241,0.605333556261495,0.714305648601542,0.999999,1e-06,0.678256749411878,6.78256749411878e-07,3.39128205141752,13.374776966794,19.719342237864,2010
"Incheon","Male","75-79",2181,4570,0.676936750111095,0.798798842966246,0.999999,1e-06,0.678256071155129,6.78256071155129e-07,3.39127866013547,9.98349491537644,14.7193594572234,2010
"Incheon","Male","80-84",823,1959,0.704169662113587,0.83093422133745,0.96258321107375,0.0374167889262496,0.678255392899057,0.0253781388741945,3.3278316173098,6.59221625524098,9.7193716765951,2010
"Incheon","Male","85+",568,1195,0.677821894498015,0.799843330966069,0.999999,1e-06,0.652877254024863,6.52877254024863e-07,3.26438463793118,3.26438463793118,4.9999975,2010
"Incheon","Total","0-4",17590,104140,0.855499876776473,1,0.923398734411424,0.0766012655885758,1,0.0766012655885758,4.80849683602856,64.7157826610323,64.7157826610323,2010
"Incheon","Total","5-9",26370,99182,0.789967503504524,0.923398734411424,0.945516468153015,0.0544835318469852,0.923398734411424,0.0503100243537706,4.49121861117269,59.9072858250037,64.8769416639808,2010
"Incheon","Total","10-14",43775,129199,0.746927283869252,0.873088710057654,0.92226065218298,0.0777393478170203,0.873088710057654,0.0678733469062855,4.19576018302255,55.416067213831,63.4712905750112,2010
"Incheon","Total","15-19",57354,126982,0.688861643954518,0.805215363151368,0.953870473847743,0.0461295261522571,0.805215363151368,0.0371442031526902,3.93321630787511,51.2203070308084,63.6106927100195,2010
"Incheon","Total","20-24",41502,79525,0.657084782734431,0.768071159998678,0.998632183068491,0.001367816931509,0.768071159998678,0.00105058073724995,3.83772934815026,47.2870907229333,61.5660282349551,2010
"Incheon","Total","25-29",48693,92933,0.65618601104317,0.767020579261428,0.915683153059506,0.084316846940494,0.767020579261428,0.0646727567817949,3.67342100435265,43.4493613747831,56.6469304078137,2010
"Incheon","Total","30-34",48261,72651,0.60085847558555,0.702347822479633,0.999999,1e-06,0.702347822479633,7.02347822479633e-07,3.51173735652861,39.7759403704304,56.6328236485475,2010
"Incheon","Total","35-39",45020,68477,0.603337533150656,0.705245610816491,0.999999,1e-06,0.70234712013181,7.0234712013181e-07,3.51173384479125,36.2642030139018,51.6328777814253,2010
"Incheon","Total","40-44",39418,62365,0.612725111266125,0.716218818844108,0.981812621673511,0.0181873783264891,0.70234641778469,0.0127738400165045,3.47979748888219,32.7524691691106,46.6329269143522,2010
"Incheon","Total","45-49",37190,56154,0.601581247857388,0.703192676221239,0.978915300328904,0.0210846996710961,0.689572577768186,0.0145394307036657,3.41151431208177,29.2726716802284,42.4504578980938,2010
"Incheon","Total","50-54",38441,55066,0.588897087918552,0.6883660698322,0.971904117009144,0.0280958829908563,0.67503314706452,0.0189656523148743,3.32775160453542,25.8611573681466,38.3109444041491,2010
"Incheon","Total","55-59",26610,35614,0.572351504242736,0.669025817279319,0.989717162672709,0.0102828373272913,0.656067494749646,0.00674623532423415,3.26347188543764,22.5334057636112,34.3461700875912,2010
"Incheon","Total","60-64",20031,26173,0.566466106830577,0.662146333632477,0.995732718274267,0.00426728172573287,0.649321259425412,0.00277083674447591,3.23967920526587,19.2699338781735,29.677041369669,2010
"Incheon","Total","65-69",15604,20189,0.564048836364652,0.659320768683206,0.999999,1e-06,0.646550422680936,6.46550422680936e-07,3.23275049702862,16.0302546729077,24.7935104681207,2010
"Incheon","Total","70-74",10805,15884,0.595151560568024,0.695676968196136,0.999999,1e-06,0.646549776130513,6.46549776130513e-07,3.23274726427813,12.7975041758791,19.7935327616535,2010
"Incheon","Total","75-79",6365,11252,0.638701254470114,0.746582520709113,0.983484791203922,0.0165152087960784,0.646549129580737,0.0106778938719486,3.20605091322381,9.56475691160093,14.7935500552036,2010
"Incheon","Total","80-84",3199,5404,0.628152969894223,0.734252554496099,0.999999,1e-06,0.635871235708789,6.35871235708789e-07,3.17935458886585,6.35870599837712,9.9999900000025,2010
"Incheon","Total","85+",1541,3692,0.705522644754443,0.82469052761627,0.999999,1e-06,0.635870599837553,6.35870599837553e-07,3.17935140951126,3.17935140951126,4.9999975,2010
"Jeju","Female","0-4",875,12702,0.935552773072107,1,0.980852237799628,0.019147762200372,1,0.019147762200372,4.95213059449907,62.370712601183,62.370712601183,2010
"Jeju","Female","5-9",1207,13448,0.917639031047424,0.980852237799628,0.95633228291922,0.0436677170807797,0.980852237799628,0.0428315780182838,4.79718224395243,57.418582006684,58.5394820890582,2010
"Jeju","Female","10-14",2527,18113,0.877567829457364,0.938020659781344,0.921414660644693,0.0785853393553073,0.938020659781344,0.0737146718712062,4.50581661922871,52.6213997627315,56.0983377221113,2010
"Jeju","Female","15-19",3844,16240,0.808603863772157,0.864305987910138,0.856279985007496,0.143720014992504,0.864305987910138,0.124218069540556,4.0109847656993,48.1155831435028,55.6696167983802,2010
"Jeju","Female","20-24",4528,10192,0.692391304347826,0.740087918369582,0.928815151824557,0.0711848481754426,0.740087918369582,0.0526830461056181,3.56873197658387,44.1045983778035,59.5937283707674,2010
"Jeju","Female","25-29",7139,12864,0.64310353446983,0.687404872263964,0.983210359599452,0.0167896404005476,0.687404872263964,0.0115412806148963,3.40817115978258,40.5358664012197,58.9694196779767,2010
"Jeju","Female","30-34",7612,13090,0.63230605738576,0.675863591649068,0.999999,1e-06,0.675863591649068,6.75863591649068e-07,3.37931626858636,37.1276952414371,54.9337110330913,2010
"Jeju","Female","35-39",8754,15989,0.646202966495575,0.69071781421118,0.997416255071583,0.0025837449284174,0.675862915785476,0.00174625738096612,3.37494893547497,33.7483789728507,49.9337634668547,2010
"Jeju","Female","40-44",9952,18045,0.644533342858163,0.688933175561745,0.930085386838006,0.0699146131619942,0.67411665840451,0.0471306053984075,3.25275677852653,30.3734300373758,45.0566376882945,2010
"Jeju","Female","45-49",10298,15413,0.599471043522228,0.640766679097881,0.999999,1e-06,0.626986053006103,6.26986053006103e-07,3.13492869756538,27.1206732588492,43.255624473333,2010
"Jeju","Female","50-54",6898,13090,0.654892935761457,0.700006407560487,0.987401772398898,0.0125982276011019,0.62698542602005,0.00789890509957439,3.11517986735131,23.9857445612839,38.2556652289982,2010
"Jeju","Female","55-59",5641,10323,0.64664244550238,0.69118756751581,0.999999,1e-06,0.619086520920475,6.19086520920475e-07,3.09543105688607,20.8705646939325,33.7118706168915,2010
"Jeju","Female","60-64",3452,9141,0.725879456841102,0.775882962173803,0.999999,1e-06,0.619085901833954,6.19085901833954e-07,3.09542796145502,17.7751336370465,28.7119018287933,2010
"Jeju","Female","65-69",2575,9261,0.782443393038189,0.83634340633597,0.989861556226565,0.010138443773435,0.619085282748052,0.00627656133010223,3.07973501041501,14.6797056755915,23.7119280407214,2010
"Jeju","Female","70-74",2661,9140,0.774510634691975,0.827864185735549,0.947010709168733,0.0529892908312666,0.61280872141795,0.0324722995631524,2.98286285818187,11.5999706651764,18.9291866446284,2010
"Jeju","Female","75-79",2733,7521,0.733469865418373,0.783996249628819,0.987878370614094,0.012121629385906,0.580336421854798,0.00703462302486666,2.88409555171182,8.61710780699458,14.8484697538949,2010
"Jeju","Female","80-84",1701,4475,0.724579015544041,0.774492937650878,0.999999,1e-06,0.573301798829931,5.73301798829931e-07,2.86650756089516,5.73301225528276,9.9999900000025,2010
"Jeju","Female","85+",659,4419,0.870224497833793,0.930171469618124,0.999999,1e-06,0.573301225528132,5.73301225528132e-07,2.8665046943876,2.8665046943876,4.9999975,2010
"Jeju","Male","0-4",1332,13079,0.907570605787246,1,0.999999,1e-06,1,1e-06,4.9999975,64.7900439014559,64.7900439014559,2010
"Jeju","Male","5-9",1107,15207,0.932144170650975,1.02707620179304,0.907452057469186,0.0925479425308142,0.999999,0.0925478499828717,4.76862537504282,59.7900464014559,59.7901061915621,2010
"Jeju","Male","10-14",3330,18276,0.845876145515135,0.932022412494732,0.999999,1e-06,0.907451150017128,9.07451150017128e-07,4.53725348145777,55.0214210264131,60.6329288638563,2010
"Jeju","Male","15-19",2779,16128,0.853017400962606,0.939890952310736,0.861968654770277,0.138031345229723,0.907450242565978,0.125256577710421,4.22410976855384,50.4841675449553,55.6329869968433,2010
"Jeju","Male","20-24",3137,8713,0.735274261603376,0.81015653979404,0.939947871762416,0.0600521282375842,0.782193664855557,0.0469723942685319,3.79353733860646,46.2600577764015,59.1414375427651,2010
"Jeju","Male","25-29",5579,12483,0.691119477355775,0.76150491537381,0.968368560189226,0.0316314398107741,0.735221270587025,0.0232561073681744,3.61796608451469,42.466520437795,57.7601902130611,2010
"Jeju","Male","30-34",7189,14547,0.669258373205742,0.737417418477555,0.999999,1e-06,0.711965163218851,7.11965163218851e-07,3.55982403618135,38.8485543532803,54.5652461106987,2010
"Jeju","Male","35-39",8400,18019,0.682047011620425,0.751508485699361,0.981201166262414,0.018798833737586,0.711964451253688,0.0133841013461897,3.52636200290296,35.288730317099,49.5652981759968,2010
"Jeju","Male","40-44",8877,17960,0.669225323247755,0.737381002624314,0.999999,1e-06,0.698580349907498,6.98580349907498e-07,3.49290000308662,31.762368314196,45.4670222522031,2010
"Jeju","Male","45-49",6613,17246,0.722829959344482,0.796444876834111,0.982101327304615,0.0178986726953846,0.698579651327148,0.0125036485307605,3.46163913530884,28.2694683111094,40.4670652192683,2010
"Jeju","Male","50-54",5924,14496,0.709892262487757,0.782189570663741,0.98636575675156,0.01363424324844,0.686076002796388,0.00935412710904334,3.40699469620933,24.8078291758006,36.1590101893755,2010
"Jeju","Male","55-59",4495,10499,0.700213418700814,0.771525007790919,0.999999,1e-06,0.676721875687344,6.76721875687344e-07,3.38360768663203,21.4008344795912,31.6242687704672,2010
"Jeju","Male","60-64",2257,9642,0.810320194974368,0.892845349780229,0.936722042798264,0.0632779572017362,0.676721198965469,0.0428215350656446,3.27655215716323,18.0172267929592,26.6242978947651,2010
"Jeju","Male","65-69",2351,7406,0.759044788357077,0.836347919949066,0.982714798019355,0.0172852019806445,0.633899663899824,0.0109570837259711,3.14210561018419,14.740674635796,23.2539555946593,2010
"Jeju","Male","70-74",2182,6406,0.745924545877969,0.821891477226655,0.921087001769175,0.0789129982308253,0.622942580173853,0.049158266727165,2.99181723405135,11.5985690256118,18.6190018065145,2010
"Jeju","Male","75-79",1427,3133,0.687061403508772,0.757033556538337,0.999999,1e-06,0.573784313446688,5.73784313446688e-07,2.86892013277266,8.60675179156044,14.9999775000125,2010
"Jeju","Male","80-84",338,1597,0.825322997416021,0.90937607735777,0.999999,1e-06,0.573783739662374,5.73783739662374e-07,2.86891726385252,5.73783165878778,9.9999900000025,2010
"Jeju","Male","85+",196,1189,0.858483754512635,0.94591401378405,0.999999,1e-06,0.573783165878635,5.73783165878635e-07,2.86891439493526,2.86891439493526,4.9999975,2010
"Jeju","Total","0-4",2207,25781,0.921144776332714,1,0.999999,1e-06,1,1e-06,4.9999975,66.3768140514265,66.3768140514265,2010
"Jeju","Total","5-9",2314,28655,0.925280118828506,1.00448935129639,0.930917716510056,0.0690822834899439,0.999999,0.0690822144076604,4.82728946398085,61.3768165514265,61.3768779283044,2010
"Jeju","Total","10-14",5857,36389,0.861359655351986,0.935096933167503,0.96375571299002,0.0362442870099798,0.93091678559234,0.0337404151594166,4.57023289006316,56.5495270874457,60.7460601878216,2010
"Jeju","Total","15-19",6623,32368,0.830140288784591,0.901205011539628,0.857104224219742,0.142895775780258,0.897176370432923,0.128202713464729,4.16537506850279,51.9792941973825,57.9365394702721,2010
"Jeju","Total","20-24",7665,18905,0.71151674821227,0.772426622278616,0.935870167098533,0.0641298329014669,0.768973656968194,0.0493141521270002,3.72158290452347,47.8139191288797,62.178877905121,2010
"Jeju","Total","25-29",12718,25347,0.665887298042822,0.722891032063244,0.977991903409471,0.0220080965905286,0.719659504841194,0.015838335894837,3.55870168446888,44.0923362243562,61.2683302697239,2010
"Jeju","Total","30-34",14801,27637,0.651232386069089,0.706981576405169,0.999999,1e-06,0.703821168946357,7.03821168946357e-07,3.51910408517886,40.5336345398874,57.5908147243817,2010
"Jeju","Total","35-39",17154,34008,0.664712091005043,0.7216152206295,0.987823398285642,0.0121766017143576,0.703820465125188,0.00857014148224335,3.49767697192033,37.0145304547085,52.5908698152515,2010
"Jeju","Total","40-44",18829,36005,0.656618156618157,0.712828399496876,0.999999,1e-06,0.695250323642944,6.95250323642944e-07,3.47624988008891,33.5168534827882,48.2083248910521,2010
"Jeju","Total","45-49",16911,32659,0.6588460762558,0.715247041706967,0.999999,1e-06,0.695249628392621,6.95249628392621e-07,3.47624640383903,30.0406036026992,43.2083705994227,2010
"Jeju","Total","50-54",12822,27586,0.682686596713522,0.741128446096663,0.985208544823502,0.0147914551764978,0.695248933142992,0.0102837434310925,3.45053530713723,26.5643571988602,38.208411307834,2010
"Jeju","Total","55-59",10136,20822,0.672588668518638,0.730166077906196,0.999999,1e-06,0.6849651897119,6.849651897119e-07,3.42482423614653,23.113821891723,33.7445205083265,2010
"Jeju","Total","60-64",5709,18783,0.766903478686918,0.832554771401011,0.999999,1e-06,0.68496450474671,6.8496450474671e-07,3.42482081132229,19.6889976555765,28.7445517528783,2010
"Jeju","Total","65-69",4926,16667,0.771870513592368,0.837947012700174,0.987821073437769,0.012178926562231,0.684963819782205,0.00834212405891268,3.40396378876375,16.2641768442542,23.7445779974563,2010
"Jeju","Total","70-74",4843,15546,0.762469959291775,0.827741717569458,0.943230020260145,0.0567699797398545,0.676621695723293,0.0384117999577573,3.28707897872207,12.8602130554904,19.0065041318889,2010
"Jeju","Total","75-79",4160,10654,0.719184555150533,0.780750837033208,0.999999,1e-06,0.638209895765535,6.38209895765535e-07,3.19104788330294,9.57313407676835,14.9999775000125,2010
"Jeju","Total","80-84",2039,6072,0.748612994698557,0.812698518118895,0.999999,1e-06,0.63820925755564,6.3820925755564e-07,3.19104469225505,6.38208619346542,9.9999900000025,2010
"Jeju","Total","85+",855,5608,0.867708494507195,0.941989269006919,0.999999,1e-06,0.638208619346382,6.38208619346382e-07,3.19104150121036,3.19104150121036,4.9999975,2010
"Jeonbuk","Female","0-4",4935,34960,0.876300288256674,1,0.971121490935755,0.0288785090642449,1,0.0288785090642449,4.92780372733939,43.7498848026061,43.7498848026061,2010
"Jeonbuk","Female","5-9",6678,38139,0.850994042439253,0.971121490935755,0.914506525510767,0.0854934744892328,0.971121490935755,0.0830245504112617,4.64804607865062,38.8220810752667,39.9765440654171,2010
"Jeonbuk","Female","10-14",14192,49805,0.778239604981483,0.888096940524493,0.962765268096265,0.0372347319037349,0.888096940524493,0.0330680514849567,4.35781457391007,34.1740349966161,38.4800728808204,2010
"Jeonbuk","Female","15-19",14016,41883,0.749262061933129,0.855028889039537,0.747781167165004,0.252218832834996,0.855028889039537,0.215654388433755,3.73600847411329,29.816220422706,34.871594170577,2010
"Jeonbuk","Female","20-24",25201,32111,0.560284059184813,0.639374500605781,0.731965411726108,0.268034588273892,0.639374500605781,0.171374481022696,2.76843630047217,26.0802119485927,40.7901971753375,2010
"Jeonbuk","Female","25-29",51353,35702,0.410108552064787,0.468000019583085,0.857796593797855,0.142203406202145,0.468000019583085,0.0665511968873855,2.17362210569696,23.3117756481206,49.8114843432864,2010
"Jeonbuk","Female","30-34",73415,39843,0.351789719048544,0.4014488226957,0.964716900731929,0.0352830992680707,0.4014488226957,0.0141643586622225,1.97183321682294,21.1381535424236,52.6546656694182,2010
"Jeonbuk","Female","35-39",93451,48008,0.339377487469868,0.387284464033477,0.926425151499335,0.0735748485006654,0.387284464033477,0.0284943957679245,1.86518633074758,19.1663203256007,49.4889986703518,2010
"Jeonbuk","Female","40-44",113399,52004,0.314407840244736,0.358790068265553,0.964675665834508,0.0353243341654919,0.358790068265553,0.012674020266672,1.76226529066108,17.3011339948531,48.2207717691002,2010
"Jeonbuk","Female","45-49",116187,50581,0.30330159263168,0.346116047998881,0.999999,1e-06,0.346116047998881,3.46116047998881e-07,1.73057937470428,15.538868704192,44.894967436593,2010
"Jeonbuk","Female","50-54",109438,53248,0.327305361248048,0.373508220451685,0.999999,1e-06,0.346115701882833,3.46115701882833e-07,1.73057764412491,13.8082893294877,39.8950098316028,2010
"Jeonbuk","Female","55-59",77954,44208,0.361880126389548,0.412963605329263,0.999999,1e-06,0.346115355767131,3.46115355767131e-07,1.73057591354727,12.0777116853628,34.89504722665,2010
"Jeonbuk","Female","60-64",66761,43560,0.394847762438702,0.450584996638787,0.999999,1e-06,0.346115009651775,3.46115009651775e-07,1.73057418297135,10.3471357718155,29.8950796217296,2010
"Jeonbuk","Female","65-69",47055,39308,0.455148616884545,0.519397999731377,0.999999,1e-06,0.346114663536766,3.46114663536766e-07,1.73057245239717,8.61656158884419,24.8951070168367,2010
"Jeonbuk","Female","70-74",35627,41576,0.538528295532557,0.614547664481446,0.999999,1e-06,0.346114317422102,3.46114317422102e-07,1.73057072182472,6.88598913644702,19.8951294119661,2010
"Jeonbuk","Female","75-79",26840,33556,0.555599708589973,0.634028900863758,0.991612537858863,0.00838746214113695,0.346113971307785,0.0029030178308626,1.72331231196177,5.15541841462231,14.8951468071129,2010
"Jeonbuk","Female","80-84",16679,20463,0.550939637068548,0.628711007461376,0.999999,1e-06,0.343210953476922,3.43210953476922e-07,1.71605390935723,3.43210610266054,9.9999900000025,2010
"Jeonbuk","Female","85+",9340,12089,0.564142050492323,0.643777091086706,0.999999,1e-06,0.343210610265968,3.43210610265968e-07,1.71605219330332,1.71605219330332,4.9999975,2010
"Jeonbuk","Male","0-4",4992,35247,0.875941251025125,1,0.964082051361663,0.0359179486383367,1,0.0359179486383367,4.91020512840416,47.6317814471092,47.6317814471092,2010
"Jeonbuk","Male","5-9",7251,39373,0.844479238160604,0.964082051361663,0.970249108345498,0.0297508916545017,0.964082051361663,0.0286823006561106,4.74870450516804,42.721576318705,44.3132161400219,2010
"Jeonbuk","Male","10-14",11980,54338,0.819355227841612,0.935399750705553,0.923950138350128,0.0760498616498718,0.935399750705553,0.0711370216284819,4.49915619945656,37.972871813537,40.5953409597286,2010
"Jeonbuk","Male","15-19",14479,45116,0.757043376122158,0.864262729077071,0.850970044549519,0.149029955450481,0.864262729077071,0.128801036011867,3.99931105535569,33.4737156140804,38.7309489208523,2010
"Jeonbuk","Male","20-24",16506,29888,0.644221235504591,0.735461693065204,0.736098617447688,0.263901382552312,0.735461693065204,0.194089357614172,3.19208507129059,29.4744045587248,40.0760567635868,2010
"Jeonbuk","Male","25-29",46810,42218,0.474210360785371,0.541372335451032,0.804572298168037,0.195427701831963,0.541372335451032,0.105799151352598,2.44236379887367,26.2823194874342,48.5475850285878,2010
"Jeonbuk","Male","30-34",71542,44135,0.38153651979218,0.435573184098435,0.996605045800629,0.00339495419937075,0.435573184098435,0.00147875101048827,2.17416904296595,23.8399556885605,54.732376920552,2010
"Jeonbuk","Male","35-39",89513,54919,0.380241220782098,0.434094433087946,0.908841792572563,0.091158207427437,0.434094433087946,0.0395712703745267,2.07154398950342,21.6657866455946,49.9103075141374,2010
"Jeonbuk","Male","40-44",107077,56544,0.345579112705582,0.39452316271342,0.999999,1e-06,0.39452316271342,3.9452316271342e-07,1.97261482725919,19.5942426560911,49.6656331185409,2010
"Jeonbuk","Male","45-49",110498,58365,0.345635219082925,0.394587215385078,0.999999,1e-06,0.394522768190257,3.94522768190257e-07,1.97261285464436,17.6216278288319,44.6656802842212,2010
"Jeonbuk","Male","50-54",98260,55397,0.360523763967798,0.411584411107335,0.999999,1e-06,0.394522373667489,3.94522373667489e-07,1.97261088203151,15.6490149741876,39.6657224499437,2010
"Jeonbuk","Male","55-59",74442,43894,0.370926852352623,0.42346087927532,0.999999,1e-06,0.394521979145115,3.94521979145115e-07,1.97260890942063,13.6764040921561,34.6657596157033,2010
"Jeonbuk","Male","60-64",60529,38832,0.390817322692002,0.446168418526498,0.999999,1e-06,0.394521584623136,3.94521584623136e-07,1.97260693681172,11.7037951827354,29.6657917814951,2010
"Jeonbuk","Male","65-69",40649,32472,0.444085830336018,0.506981295624905,0.999999,1e-06,0.394521190101551,3.94521190101551e-07,1.97260496420478,9.73118824592372,24.665818947314,2010
"Jeonbuk","Male","70-74",27377,29438,0.51813781571768,0.591521195184377,0.999999,1e-06,0.394520795580361,3.94520795580361e-07,1.97260299159982,7.75858328171894,19.6658411131551,2010
"Jeonbuk","Male","75-79",15606,21006,0.573746312684366,0.6550054721283,0.999999,1e-06,0.394520401059566,3.94520401059566e-07,1.97260101899683,5.78598029011912,14.6658582790134,2010
"Jeonbuk","Male","80-84",5692,10702,0.652799804806637,0.745255237200733,0.955449711134418,0.0445502888655821,0.394520006539165,0.0175759802545711,1.9286600820594,3.8133792711223,9.66587044488386,2010
"Jeonbuk","Male","85+",2567,4255,0.623717384931105,0.712053901104853,0.999999,1e-06,0.376944026284594,3.76944026284593e-07,1.8847191890629,1.8847191890629,4.9999975,2010
"Jeonbuk","Total","0-4",9927,70207,0.876119999001672,1,0.967529870927236,0.032470129072764,1,0.032470129072764,4.91882467731809,45.7469039714289,45.7469039714289,2010
"Jeonbuk","Total","5-9",13929,77512,0.847672269550858,0.967529870927236,0.942774222909075,0.057225777090925,0.967529870927236,0.0553676487224935,4.69923023282995,40.8280792941108,42.19826231823,2010
"Jeonbuk","Total","10-14",26172,104143,0.799163565207382,0.912162222204743,0.942582043673519,0.0574179563264808,0.912162222204743,0.0523744906372176,4.42987488443067,36.1288490612808,39.6079208081601,2010
"Jeonbuk","Total","15-19",28495,86999,0.75327722652259,0.859787731567525,0.793644412962228,0.206355587037772,0.859787731567525,0.177422002075491,3.8553836526489,31.6989741768501,36.8683722888882,2010
"Jeonbuk","Total","20-24",41707,61999,0.597834262241336,0.682365729492034,0.740202783504657,0.259797216495343,0.682365729492034,0.177276717153845,2.96863685457556,27.8435905242013,40.8044972377621,2010
"Jeonbuk","Total","25-29",98163,77920,0.44251858498549,0.505089012338189,0.828937560915603,0.171062439084397,0.505089012338189,0.0864017584052997,2.3094406656777,24.8749536696257,49.2486533303764,2010
"Jeonbuk","Total","30-34",144957,83978,0.366820276497696,0.418687253932889,0.981466537067427,0.0185334629325731,0.418687253932889,0.00775972470110601,2.07403695791168,22.565513003948,53.8958680780977,2010
"Jeonbuk","Total","35-39",182964,102927,0.36002182650031,0.410927529231783,0.916358509680738,0.0836414903192616,0.410927529231783,0.0343705909581583,1.96871116876352,20.4914760460363,49.8663987889653,2010
"Jeonbuk","Total","40-44",220476,108548,0.329909064384361,0.376556938273625,0.983909093744944,0.0160909062550563,0.376556938273625,0.00605914239345191,1.8676368353845,18.5227648772728,49.1898116714908,2010
"Jeonbuk","Total","45-49",226685,108946,0.324600528556659,0.370497795880173,0.999999,1e-06,0.370497795880173,3.70497795880173e-07,1.85248805315638,16.6551280418883,44.9533795533697,2010
"Jeonbuk","Total","50-54",207698,108645,0.343440506033008,0.392001673771121,0.999999,1e-06,0.370497425382377,3.70497425382377e-07,1.85248620066832,14.8026399887319,39.9534220067917,2010
"Jeonbuk","Total","55-59",152396,88102,0.366331528744522,0.418129399125636,0.999999,1e-06,0.370497054884952,3.70497054884952e-07,1.85248434818212,12.9501537880636,34.9534594602512,2010
"Jeonbuk","Total","60-64",127290,82392,0.392937877357141,0.448497783185966,0.999999,1e-06,0.370496684387897,3.70496684387897e-07,1.85248249569777,11.0976694398815,29.9534919137431,2010
"Jeonbuk","Total","65-69",87704,71780,0.450076496701864,0.513715583726795,0.999999,1e-06,0.370496313891213,3.70496313891212e-07,1.85248064321528,9.24518694418371,24.9535193672624,2010
"Jeonbuk","Total","70-74",63004,71014,0.529884045426734,0.604807613147206,0.999999,1e-06,0.370495943394899,3.70495943394899e-07,1.85247879073463,7.39270630096843,19.9535418208043,2010
"Jeonbuk","Total","75-79",42446,54562,0.562448457859146,0.641976508355075,0.999999,1e-06,0.370495572898955,3.70495572898955e-07,1.85247693825584,5.5402275102338,14.9535592743635,2010
"Jeonbuk","Total","80-84",22371,31165,0.582131649731022,0.664442827916671,0.993809894994666,0.00619010500533423,0.370495202403382,0.0022934042068495,1.84674250149979,3.68775057197796,9.95357172793526,2010
"Jeonbuk","Total","85+",11907,16344,0.578528193692259,0.660329857041826,0.999999,1e-06,0.368201798196533,3.68201798196533e-07,1.84100807047817,1.84100807047817,4.9999975,2010
"Jeonnam","Female","0-4",4057,31168,0.884826117814053,1,0.917163590810979,0.0828364091890207,1,0.0828364091890207,4.79290897702745,32.6001724146184,32.6001724146184,2010
"Jeonnam","Female","5-9",7993,34417,0.811530299457675,0.917163590810979,0.936528804076043,0.063471195923957,0.917163590810979,0.0582134699666836,4.44028427913819,27.807263437591,30.3187607054954,2010
"Jeonnam","Female","10-14",14733,46660,0.760021500822569,0.858950120844296,0.870267996191692,0.129732003808308,0.858950120844296,0.111433320348519,4.01616730335018,23.3669791584528,27.2041165038599,2010
"Jeonnam","Female","15-19",17367,33927,0.66142238858346,0.747516800495777,0.570007786691673,0.429992213308327,0.747516800495777,0.321426403530338,2.93401799365304,19.3508118551026,25.886791898548,2010
"Jeonnam","Female","20-24",34689,20993,0.377015911784778,0.426090396965439,0.756022305311035,0.243977694688965,0.426090396965439,0.103956552780734,1.87056060287536,16.4167938614495,38.5288989809858,2010
"Jeonnam","Female","25-29",75048,29919,0.285032438766469,0.322133844184705,0.868854599248051,0.131145400751949,0.322133844184705,0.0422463720913691,1.5050532906951,14.5462332585742,45.1558677275576,2010
"Jeonnam","Female","30-34",108691,35778,0.247651745357135,0.279887472093336,0.871347686021011,0.128652313978989,0.279887472093336,0.0360081709385374,1.30941693312034,13.0411799678791,46.5943683378946,2010
"Jeonnam","Female","35-39",155384,42757,0.215790775256005,0.243879301154799,0.871060493843421,0.128939506156579,0.243879301154799,0.0314456766527114,1.14078231414221,11.7317630347587,48.1047919163594,2010
"Jeonnam","Female","40-44",188736,43688,0.18796681926135,0.212433624502087,0.999999,1e-06,0.212433624502087,2.12433624502087e-07,1.06216759142637,10.5909807206165,49.8554818967111,2010
"Jeonnam","Female","45-49",194120,50165,0.205354401621057,0.232084471159579,0.999999,1e-06,0.212433412068463,2.12433412068463e-07,1.06216652925878,9.52881312919016,44.8555292522404,2010
"Jeonnam","Female","50-54",169850,54037,0.241358363817461,0.272774909056407,0.999999,1e-06,0.212433199635051,2.12433199635051e-07,1.06216546709225,8.46664659993137,39.855571607812,2010
"Jeonnam","Female","55-59",128933,46386,0.264580564570868,0.299019840445612,0.999999,1e-06,0.212432987201851,2.12432987201851e-07,1.06216440492679,7.40448113283912,34.8556089634209,2010
"Jeonnam","Female","60-64",104363,49616,0.322225758057917,0.36416845250225,0.999999,1e-06,0.212432774768864,2.12432774768864e-07,1.06216334276238,6.34231672791233,29.8556413190622,2010
"Jeonnam","Female","65-69",80769,51632,0.389966843150731,0.44072709349283,0.999999,1e-06,0.212432562336089,2.12432562336089e-07,1.06216228059904,5.28015338514995,24.8556686747309,2010
"Jeonnam","Female","70-74",61516,57339,0.482428168777081,0.545223698831259,0.999999,1e-06,0.212432349903527,2.12432349903527e-07,1.06216121843676,4.21799110455091,19.855691030422,2010
"Jeonnam","Female","75-79",41727,43652,0.511273263917357,0.577823431772616,0.999999,1e-06,0.212432137471177,2.12432137471177e-07,1.06216015627554,3.15582988611415,14.8557083861303,2010
"Jeonnam","Female","80-84",23841,28273,0.542522162950455,0.613139861073209,0.980763092501175,0.0192369074988252,0.212431925039039,0.00408653329177337,1.05194329196576,2.09366972983861,9.85572074185108,2010
"Jeonnam","Female","85+",16377,18623,0.532085714285714,0.601344946281901,0.999999,1e-06,0.208345391747266,2.08345391747266e-07,1.04172643787285,1.04172643787285,4.9999975,2010
"Jeonnam","Male","0-4",3991,33710,0.894140738972441,1,0.928298270247603,0.071701729752397,1,0.071701729752397,4.82074567561901,37.1163134279085,37.1163134279085,2010
"Jeonnam","Male","5-9",7425,36259,0.830029301346031,0.928298270247603,0.902122813160621,0.0978771868393791,0.928298270247603,0.090859223239697,4.41434329313877,32.2955677522895,34.7900764090354,2010
"Jeonnam","Male","10-14",16794,50058,0.748788368336026,0.837439047007906,0.929533602486769,0.0704663975132315,0.837439047007906,0.0590113127795608,4.03966695309063,27.8812244591507,33.2934373657018,2010
"Jeonnam","Male","15-19",16957,38827,0.696023949519575,0.778427734228345,0.681801942961023,0.318198057038977,0.778427734228345,0.247694192576713,3.27290318969994,23.8415575060601,30.6278366734893,2010
"Jeonnam","Male","20-24",24518,22143,0.474550481129851,0.530733541651632,0.731116415656011,0.268883584343989,0.530733541651632,0.142705537010871,2.29690386573099,20.5686543163601,38.7551430278005,2010
"Jeonnam","Male","25-29",65233,34657,0.346951646811493,0.388028004640762,0.801884093520265,0.198115906479735,0.388028004640762,0.0768745198789275,1.74795372350649,18.2717504506292,47.088741616846,2010
"Jeonnam","Male","30-34",105102,40512,0.278215006798797,0.311153484761834,0.930486697637429,0.0695133023625712,0.311153484761834,0.0216293062674171,1.50169415814063,16.5237967271227,53.1049708145498,2010
"Jeonnam","Male","35-39",145505,50825,0.258875362909387,0.289524178494417,0.949371837735682,0.050628162264318,0.289524178494417,0.0146580770882587,1.41097569975144,15.022102568982,51.8854855131614,2010
"Jeonnam","Male","40-44",177460,57826,0.245768979029777,0.274866101406159,0.989880385324744,0.0101196146752557,0.274866101406159,0.00278153903352008,1.36737665944699,13.6111268692306,49.5191178526522,2010
"Jeonnam","Male","45-49",185741,59715,0.243281891662864,0.272084562372639,0.999999,1e-06,0.272084562372639,2.72084562372639e-07,1.36042213165179,12.2437502097836,44.99979750051,2010
"Jeonnam","Male","50-54",162905,58252,0.263396591561651,0.294580685211089,0.999999,1e-06,0.272084290288076,2.72084290288076e-07,1.36042077122965,10.8833280781318,39.99984000035,2010
"Jeonnam","Male","55-59",119697,47470,0.283967529476511,0.317587061073686,0.999999,1e-06,0.272084018203786,2.72084018203786e-07,1.36041941080888,9.52290730690217,34.9998775002275,2010
"Jeonnam","Male","60-64",91318,44177,0.326041551348758,0.364642317632736,0.999999,1e-06,0.272083746119768,2.72083746119768e-07,1.36041805038947,8.16248789609329,29.9999100001375,2010
"Jeonnam","Male","65-69",65554,39169,0.374024808303811,0.418306416430198,0.999999,1e-06,0.272083474036021,2.72083474036021e-07,1.36041668997142,6.80206984570381,24.999937500075,2010
"Jeonnam","Male","70-74",45363,40519,0.47179851424047,0.527655763434587,0.999999,1e-06,0.272083201952547,2.72083201952547e-07,1.36041532955473,5.44165315573239,19.999960000035,2010
"Jeonnam","Male","75-79",23659,25705,0.520723604246009,0.582373200939745,0.999999,1e-06,0.272082929869345,2.72082929869345e-07,1.3604139691394,4.08123782617766,14.9999775000125,2010
"Jeonnam","Male","80-84",9934,12563,0.558430012890608,0.624543753069973,0.999999,1e-06,0.272082657786416,2.72082657786416e-07,1.36041260872543,2.72082385703826,9.9999900000025,2010
"Jeonnam","Male","85+",3610,6062,0.626757650951199,0.700960848368768,0.999999,1e-06,0.272082385703758,2.72082385703758e-07,1.36041124831282,1.36041124831282,4.9999975,2010
"Jeonnam","Total","0-4",8048,64878,0.889641554452459,1,0.922749919184605,0.0772500808153952,1,0.0772500808153952,4.80687479796151,34.93119317412,34.93119317412,2010
"Jeonnam","Total","5-9",15418,70676,0.820916672474272,0.922749919184605,0.918687462085759,0.0813125379142409,0.922749919184605,0.0750311377890609,4.42617175145037,30.1243183761585,32.6462433101897,2010
"Jeonnam","Total","10-14",31527,96718,0.754165854419276,0.847718781395544,0.900927325539382,0.099072674460618,0.847718781395544,0.0839857668633525,4.02862948981934,25.6981466247081,30.31447124765,2010
"Jeonnam","Total","15-19",34324,72754,0.679448626235081,0.763733014532191,0.62033331025376,0.37966668974624,0.763733014532191,0.289963985477354,3.09375510896757,21.6695171348888,28.373157533542,2010
"Jeonnam","Total","20-24",59207,43136,0.421484615459777,0.473769029054837,0.747891512482855,0.252108487517145,0.473769029054837,0.119441193347481,2.07024216190548,18.5757620259212,39.208476887946,2010
"Jeonnam","Total","25-29",140281,64576,0.315224766544468,0.354327835707356,0.834305304722653,0.165694695277347,0.354327835707356,0.0587102427658123,1.62486357162225,16.5055198640157,46.5826226468073,2010
"Jeonnam","Total","30-34",213793,76290,0.262993694908009,0.295617592941544,0.90205268756805,0.09794731243195,0.295617592941544,0.0289549487362264,1.40570059286715,14.8806562923935,50.3375193077092,2010
"Jeonnam","Total","35-39",300889,93582,0.237234169305221,0.266662644205317,0.914896663442471,0.0851033365575293,0.266662644205317,0.0226938807571258,1.27657851913377,13.4749556995263,50.5318461072157,2010
"Jeonnam","Total","40-44",366196,101514,0.217044749951893,0.243968763448192,0.999999,1e-06,0.243968763448192,2.43968763448191e-07,1.21984320731905,12.1983771803925,49.9997500007125,2010
"Jeonnam","Total","45-49",379861,109880,0.22436349008966,0.252195380225631,0.999999,1e-06,0.243968519479428,2.43968519479428e-07,1.21984198747584,10.9785339730735,44.99979750051,2010
"Jeonnam","Total","50-54",332755,112289,0.252309883966529,0.283608474338653,0.999999,1e-06,0.243968275510909,2.43968275510909e-07,1.21984076763385,9.75869198559765,39.99984000035,2010
"Jeonnam","Total","55-59",248630,93856,0.274043318559007,0.308037902667069,0.999999,1e-06,0.243968031542633,2.43968031542633e-07,1.21983954779309,8.5388512179638,34.9998775002275,2010
"Jeonnam","Total","60-64",195681,93793,0.324011828350733,0.364204916833218,0.999999,1e-06,0.243967787574601,2.43967787574601e-07,1.21983832795354,7.31901167017071,29.9999100001375,2010
"Jeonnam","Total","65-69",146323,90801,0.382926232688382,0.430427547782499,0.999999,1e-06,0.243967543606814,2.43967543606814e-07,1.21983710811521,6.09917334221717,24.999937500075,2010
"Jeonnam","Total","70-74",106879,97858,0.477969297195915,0.537260534654417,0.999999,1e-06,0.24396729963927,2.4396729963927e-07,1.2198358882781,4.87933623410196,19.999960000035,2010
"Jeonnam","Total","75-79",65386,69357,0.514735459355959,0.578587473550243,0.999999,1e-06,0.243967055671971,2.43967055671971e-07,1.21983466844221,3.65950034582386,14.9999775000125,2010
"Jeonnam","Total","80-84",33775,40836,0.547318759968369,0.61521267439584,0.999999,1e-06,0.243966811704915,2.43966811704915e-07,1.21983344860755,2.43966567738164,9.9999900000025,2010
"Jeonnam","Total","85+",19987,24685,0.552583273638969,0.621130241582592,0.999999,1e-06,0.243966567738103,2.43966567738103e-07,1.2198322287741,1.2198322287741,4.9999975,2010
"Seoul","Female","0-4",34755,173249,0.832911867079479,1,0.855852732615066,0.144147267384934,1,0.144147267384934,4.63963183153767,57.6843189947102,57.6843189947102,2010
"Seoul","Female","5-9",68054,168944,0.712849897467489,0.855852732615066,0.908703114349409,0.091296885650591,0.855852732615066,0.0781366890633036,4.08392194041707,53.0446871631725,61.9787553883177,2010
"Seoul","Female","10-14",110615,203426,0.647768921892364,0.777716043551763,0.977997935401729,0.0220020645982709,0.777716043551763,0.0171113586293376,3.84580182118547,48.9607652227554,62.9545521513942,2010
"Seoul","Female","15-19",132999,229907,0.633516668228136,0.760604684922425,0.968311607412669,0.0316883925873307,0.760604684922425,0.0241023398595848,3.74276757496316,45.11496340157,59.3146009956161,2010
"Seoul","Female","20-24",129603,205671,0.613441543334705,0.73650234506284,0.999999,1e-06,0.73650234506284,7.3650234506284e-07,3.68250988405834,41.3721958266068,56.1738820031548,2010
"Seoul","Female","25-29",153811,252294,0.621253124192019,0.745880985428122,0.892899066896528,0.107100933103472,0.736501608560495,0.0788800095090375,3.48530801902988,37.6896859425485,51.1739356770905,2010
"Seoul","Female","30-34",174211,217025,0.554716334897607,0.665996435904633,0.930202267303543,0.0697977326964574,0.657621599051458,0.0459004965860105,3.17335675379226,34.2043779235186,52.0122483398574,2010
"Seoul","Female","35-39",187872,200292,0.515998392432065,0.619511394694568,0.938856730638883,0.0611432693611166,0.611721102465447,0.037402628141924,2.96509894197243,31.0310211697263,50.7274001904799,2010
"Seoul","Female","40-44",153524,144262,0.484448563733688,0.581632442616477,0.999999,1e-06,0.574318474323523,5.74318474323523e-07,2.87159093582143,28.0659222277539,48.8682211743442,2010
"Seoul","Female","45-49",109181,109568,0.500884575472345,0.601365636953458,0.999999,1e-06,0.574317900005049,5.74317900005049e-07,2.8715880642305,25.1943312919325,43.8682675426118,2010
"Seoul","Female","50-54",97450,100868,0.508617472947488,0.610649809482129,0.999999,1e-06,0.574317325687149,5.74317325687149e-07,2.87158519264243,22.322743227702,38.8683089109207,2010
"Seoul","Female","55-59",53663,56492,0.512840996777268,0.615720602679721,0.999999,1e-06,0.574316751369823,5.74316751369823e-07,2.87158232105724,19.4511580350595,33.868345279266,2010
"Seoul","Female","60-64",41587,48204,0.536846677283915,0.644541995981295,0.999999,1e-06,0.574316177053072,5.74316177053072e-07,2.87157944947492,16.5795757140023,28.8683766476426,2010
"Seoul","Female","65-69",28984,34072,0.54034509007866,0.648742215636002,0.999999,1e-06,0.574315602736895,5.74315602736895e-07,2.87157657789547,13.7079962645274,23.8684030160456,2010
"Seoul","Female","70-74",18989,25214,0.570413772820849,0.684842893187423,0.935339738834426,0.0646602611655737,0.574315028421292,0.0371353597290346,2.77873674278387,10.8364196866319,18.86842438447,2010
"Seoul","Female","75-79",14183,16222,0.533530669297813,0.640560772856538,0.999999,1e-06,0.537179668692257,5.37179668692257e-07,2.68589700051212,8.05768294384803,14.9999775000125,2010
"Seoul","Female","80-84",8232,10448,0.5593147751606,0.671517356478279,0.999999,1e-06,0.537179131512589,5.37179131512589e-07,2.68589431461511,5.37178594333591,9.9999900000025,2010
"Seoul","Female","85+",4251,5545,0.566047366271948,0.679600553965854,0.999999,1e-06,0.537178594333457,5.37178594333457e-07,2.6858916287208,2.6858916287208,4.9999975,2010
"Seoul","Male","0-4",39637,187294,0.825334573064059,1,0.866217709494533,0.133782290505467,1,0.133782290505467,4.66554427373633,60.2457258422539,60.2457258422539,2010
"Seoul","Male","5-9",70371,176475,0.714919423446197,0.866217709494533,0.946419243631674,0.0535807563683263,0.866217709494533,0.0464126000543562,4.21505704733677,55.5801815685176,64.1642175625231,2010
"Seoul","Male","10-14",108816,227673,0.676613499995542,0.819805109440176,0.932777207252244,0.0672227927477558,0.819805109440176,0.0551095889654482,3.96125157478726,51.3651245211808,62.6552871282502,2010
"Seoul","Male","15-19",142810,244345,0.631129650915008,0.764695520474728,0.955674679824627,0.0443253201753729,0.764695520474728,0.0338953737817158,3.73873916791935,47.4038729463936,61.9905199875696,2010
"Seoul","Male","20-24",108790,165347,0.603154627066029,0.730800146693012,0.999999,1e-06,0.730800146693012,7.30800146693012e-07,3.6539989064647,43.6651337784742,59.7497605550107,2010
"Seoul","Male","25-29",161524,248509,0.606070730892392,0.734333385117202,0.954761837569153,0.0452381624308467,0.730799415892866,0.0330600226805293,3.571347022763,40.0111348720095,54.7498178048286,2010
"Seoul","Male","30-34",168264,231084,0.5786532047237,0.701113492162877,0.91421078009979,0.0857892199002104,0.697739393212336,0.0598585182373325,3.33905067046835,36.4397878492465,52.225498809062,2010
"Seoul","Male","35-39",190662,214150,0.529010997697697,0.640965512608711,0.95374290205138,0.0462570979486197,0.637880874975004,0.02950651811327,3.11563807959184,33.1007371787782,51.891722228034,2010
"Seoul","Male","40-44",147258,149957,0.504540484161297,0.611316308110283,0.989335985431973,0.0106640145680268,0.608374356861734,0.00648771300438746,3.0256525017977,29.9850990991863,49.2872501297767,2010
"Seoul","Male","45-49",107032,106673,0.499160057088042,0.604797222094923,0.999999,1e-06,0.601886643857346,6.01886643857346e-07,3.00943171457012,26.9594465973886,44.7915681009501,2010
"Seoul","Male","50-54",88941,94142,0.514203940289377,0.623024839951139,0.999999,1e-06,0.601886041970703,6.01886041970702e-07,3.00942870513841,23.9500148828185,39.7916103925605,2010
"Seoul","Male","55-59",47755,57285,0.545363670982483,0.660778899589553,0.993591910995186,0.00640808900481415,0.60188544008466,0.00385693547076424,2.99978486174639,20.9405861776801,34.7916476842082,2010
"Seoul","Male","60-64",37750,44650,0.541868932038835,0.65654456958848,0.999999,1e-06,0.598028504613896,5.98028504613896e-07,2.99014102799822,17.9408013159337,29.9999100001375,2010
"Seoul","Male","65-69",25365,31543,0.554280593238209,0.671582908711117,0.999999,1e-06,0.598027906585392,5.98027906585392e-07,2.99013803785719,14.9506602879355,24.999937500075,2010
"Seoul","Male","70-74",16754,21160,0.558105185419634,0.676216898739217,0.999999,1e-06,0.598027308557485,5.98027308557485e-07,2.99013504771915,11.9605222500783,19.999960000035,2010
"Seoul","Male","75-79",8491,11125,0.567139070146819,0.687162623081827,0.999999,1e-06,0.598026710530176,5.98026710530176e-07,2.99013205758411,8.97038720235913,14.9999775000125,2010
"Seoul","Male","80-84",3100,4987,0.616668727587486,0.747174234199471,0.999999,1e-06,0.598026112503466,5.98026112503466e-07,2.99012906745205,5.98025514477503,9.9999900000025,2010
"Seoul","Male","85+",700,3124,0.816945606694561,0.989835677986499,0.999999,1e-06,0.598025514477353,5.98025514477353e-07,2.99012607732298,2.99012607732298,4.9999975,2010
"Seoul","Total","0-4",74392,360543,0.82895835009829,1,0.861208191695324,0.138791808304676,1,0.138791808304676,4.65302047923831,59.2216249675041,59.2216249675041,2010
"Seoul","Total","5-9",138425,345419,0.713905721678888,0.861208191695324,0.928258262014799,0.0717417379852012,0.861208191695324,0.0617845724393149,4.15157952737833,54.5686044882658,63.362848861023,2010
"Seoul","Total","10-14",219431,431099,0.662688884448065,0.799423619256009,0.954119782338854,0.0458802176611462,0.799423619256009,0.036677729654927,3.90542377214273,50.4170249608874,63.0667192543154,2010
"Seoul","Total","15-19",275809,474252,0.632284574187966,0.762745889601082,0.96287986339238,0.0371201366076199,0.762745889601082,0.0283132316188928,3.74294636895818,46.5116011887447,60.9791567845359,2010
"Seoul","Total","20-24",238393,371018,0.608814084419218,0.73443265798219,0.999999,1e-06,0.73443265798219,7.3443265798219e-07,3.6721614538293,42.7686548197865,58.2335961710783,2010
"Seoul","Total","25-29",315335,500803,0.613625391784233,0.740236697913079,0.923702934638229,0.0762970653617706,0.734431923549531,0.0560350004748295,3.53207211656058,39.0964933659572,53.2336519047302,2010
"Seoul","Total","30-34",342475,448109,0.566807575159629,0.683758810189223,0.922078873740653,0.0779211262593473,0.678396923074702,0.0528614522968566,3.25983098463137,35.5644212493966,52.4242077753063,2010
"Seoul","Total","35-39",378534,414442,0.522641290530861,0.630479553609528,0.946126707127219,0.053873292872781,0.625535470777845,0.0336996556195278,3.04342821484041,32.3045902647653,51.6430990309709,2010
"Seoul","Total","40-44",300782,294219,0.494484883218684,0.596513543967622,0.999999,1e-06,0.591835815158318,5.91835815158317e-07,2.95917759620205,29.2611620499249,49.4413506254221,2010
"Seoul","Total","45-49",216213,216241,0.500032373385377,0.60320566567197,0.999999,1e-06,0.591835223322502,5.91835223322502e-07,2.95917463702445,26.3019844537228,44.4413975668196,2010
"Seoul","Total","50-54",186391,195010,0.511299131360432,0.61679713015715,0.999999,1e-06,0.591834631487279,5.91834631487279e-07,2.95917167784982,23.3428098166984,39.4414395082591,2010
"Seoul","Total","55-59",101418,113777,0.528715815887916,0.637807455374839,0.999999,1e-06,0.591834039652647,5.91834039652647e-07,2.95916871867814,20.3836381388485,34.4414764497356,2010
"Seoul","Total","60-64",79337,92854,0.53925001887439,0.650515214438035,0.999999,1e-06,0.591833447818608,5.91833447818608e-07,2.95916575950942,17.4244694201704,29.441508391244,2010
"Seoul","Total","65-69",54349,65615,0.546955753392684,0.659810898011741,0.999999,1e-06,0.59183285598516,5.9183285598516e-07,2.95916280034366,14.465303660661,24.4415353327793,2010
"Seoul","Total","70-74",35743,46374,0.564730810916132,0.681253540481462,0.968090231791697,0.0319097682083026,0.591832264152304,0.0188852303672949,2.91194824484328,11.5061408603173,19.4415572743366,2010
"Seoul","Total","75-79",22674,27347,0.546710381639711,0.659514897913613,0.999999,1e-06,0.572947033785009,5.72947033785009e-07,2.86473373655746,8.59419261547404,14.9999775000125,2010
"Seoul","Total","80-84",11332,15435,0.576642881159637,0.69562346659668,0.999999,1e-06,0.572946460837975,5.72946460837975e-07,2.86473087182372,5.72945887891658,9.9999900000025,2010
"Seoul","Total","85+",4951,8669,0.636490455212922,0.76781958362257,0.999999,1e-06,0.572945887891514,5.72945887891514e-07,2.86472800709285,2.86472800709285,4.9999975,2010
"Ulsan","Female","0-4",2657,22335,0.893685979513444,1,0.928970683098789,0.0710293169012111,1,0.0710293169012111,4.82242670774697,54.3477891129953,54.3477891129953,2010
"Ulsan","Female","5-9",4790,23421,0.830208074864415,0.928970683098789,0.970678733623739,0.0293212663762612,0.928970683098789,0.0272385968548769,4.57675692335675,49.5253624052483,53.3120832619232,2010
"Ulsan","Female","10-14",7242,30062,0.805865322753592,0.901732086243912,0.912338105101894,0.0876618948981065,0.901732086243912,0.0790475433705641,4.31104157279315,44.9486054818915,49.8469624931737,2010
"Ulsan","Female","15-19",9778,27151,0.735221641528338,0.822684542873348,0.73127627213429,0.268723727865711,0.822684542873348,0.221074857218424,3.56073557132068,40.6375639090984,49.396289575547,2010
"Ulsan","Female","20-24",13588,15801,0.537650141209296,0.601609685654924,0.999999,1e-06,0.601609685654924,6.01609685654924e-07,3.00804692425041,37.0768283377777,61.6293740307973,2010
"Ulsan","Female","25-29",15960,18843,0.541418843203172,0.605826717230073,0.99730654255795,0.0026934574420503,0.601609084045238,0.00162040846462671,3.00399439906462,34.0687814135273,56.6294331602305,2010
"Ulsan","Female","30-34",15628,18343,0.53996055459068,0.604194948749957,0.999999,1e-06,0.599988675580612,5.99988675580612e-07,2.99994187793137,31.0647870144627,51.7756222388717,2010
"Ulsan","Female","35-39",8681,15195,0.636413134528397,0.712121650241043,0.999999,1e-06,0.599988075591936,5.99988075591936e-07,2.99993887798949,28.0648451365313,46.7756715145432,2010
"Ulsan","Female","40-44",7404,13314,0.642629597451492,0.719077631497993,0.999746497813014,0.00025350218698561,0.59998747560386,0.000152098137229554,2.99955713267623,25.0649062585418,41.775715790259,2010
"Ulsan","Female","45-49",6279,11283,0.642466689443116,0.718895343745796,0.948212183747128,0.0517878162528717,0.599835377466631,0.0310641643102138,2.92151647655762,22.0653491258656,36.7856747947367,2010
"Ulsan","Female","50-54",6809,10614,0.609194742581645,0.681665323778844,0.915301259119702,0.0846987408802976,0.568771213156417,0.0481742056033079,2.72342055177382,19.143832649308,33.6582305969188,2010
"Ulsan","Female","55-59",6141,7740,0.557596714934083,0.623929129153015,0.999999,1e-06,0.520597007553109,5.20597007553109e-07,2.60298373627303,16.4204120975342,31.5415030422721,2010
"Ulsan","Female","60-64",5240,7468,0.587661315706641,0.657570253062027,0.900349427398169,0.0996505726018313,0.520596486956102,0.0518777380196773,2.47328808973131,13.8174283612611,26.5415320838042,2010
"Ulsan","Female","65-69",4183,4700,0.529100529100529,0.592043000818465,0.999999,1e-06,0.468718748936424,4.68718748936424e-07,2.34359257288525,11.3441402715298,24.2024461305867,2010
"Ulsan","Female","70-74",3691,4785,0.56453515809344,0.631692978333166,0.954427960438385,0.0455720395616146,0.468718280217675,0.0213604480093319,2.29019028106505,9.00054769864456,19.2024678330546,2010
"Ulsan","Female","75-79",3173,3707,0.538808139534884,0.602905440933773,0.999999,1e-06,0.447357832208343,4.47357832208343e-07,2.23678804264714,6.71035741757952,14.9999775000125,2010
"Ulsan","Female","80-84",2029,2484,0.550409926877908,0.61588739165134,0.999999,1e-06,0.447357384850511,4.47357384850511e-07,2.23678580585909,4.47356937493238,9.9999900000025,2010
"Ulsan","Female","85+",596,2014,0.771647509578544,0.863443678504006,0.999999,1e-06,0.447356937493126,4.47356937493126e-07,2.23678356907329,2.23678356907329,4.9999975,2010
"Ulsan","Male","0-4",3070,26914,0.897612059765208,1,0.93296421929321,0.0670357807067898,1,0.0670357807067898,4.83241054823303,54.883543523662,54.883543523662,2010
"Ulsan","Male","5-9",4770,24573,0.837439934567018,0.93296421929321,0.972738363848996,0.0272616361510041,0.93296421929321,0.0254341310882771,4.60123576874536,50.051132975429,53.6474303519876,2010
"Ulsan","Male","10-14",8111,35640,0.814609951772531,0.907530088204933,0.92902856625374,0.0709714337462601,0.907530088204933,0.064408711527774,4.37662866220523,45.4498972066836,50.08087092361,2010
"Ulsan","Male","15-19",10575,32907,0.756795915551263,0.843121376677159,0.736847359810287,0.263152640189713,0.843121376677159,0.22186961627298,3.66093284270335,41.0732685444784,48.7157243081097,2010
"Ulsan","Male","20-24",11749,14811,0.557643072289157,0.621251760404179,0.999999,1e-06,0.621251760404179,6.21251760404179e-07,3.10625724889149,37.4123357017751,60.2208928590159,2010
"Ulsan","Male","25-29",16354,20796,0.55978465679677,0.623637629092455,0.999999,1e-06,0.621251139152419,6.21251139152419e-07,3.10625414263424,34.3060784528836,55.2209505799665,2010
"Ulsan","Male","30-34",13386,17765,0.570286668164746,0.63533757368848,0.999999,1e-06,0.621250517901279,6.21250517901279e-07,3.1062510363801,31.1998243102493,50.2210033009698,2010
"Ulsan","Male","35-39",8011,15820,0.663841215223868,0.739563609915749,0.999999,1e-06,0.621249896650761,6.21249896650761e-07,3.10624793012907,28.0935732738692,45.2210510220208,2010
"Ulsan","Male","40-44",5238,14287,0.731728553137004,0.815194654724676,0.989056206880877,0.0109437931191226,0.621249275400865,0.00679882354539191,3.08924931814084,24.9873253437402,40.2210937431145,2010
"Ulsan","Male","45-49",4886,12799,0.723720667232118,0.806273333071554,0.941873014503642,0.0581269854963584,0.614450451855473,0.035716152503234,2.98296187801928,21.8980760255993,35.6384733048419,2010
"Ulsan","Male","50-54",5693,12190,0.681652966504501,0.759407094734004,0.999999,1e-06,0.578734299352239,5.78734299352239e-07,2.89367004992545,18.91511414758,32.6835892891629,2010
"Ulsan","Male","55-59",4112,9492,0.697735960011761,0.777324627517004,0.862387043441986,0.137612956558014,0.57873372061794,0.0796412583540545,2.69456545720456,16.0214440976546,27.6836194727824,2010
"Ulsan","Male","60-64",4589,6933,0.601718451657698,0.670354687319032,0.938136880674584,0.0618631193254161,0.499092462263885,0.0308754165474465,2.41827376995081,13.32687864045,26.7022238324323,2010
"Ulsan","Male","65-69",3535,4582,0.564494271282494,0.628884455307063,0.959616822415706,0.0403831775842942,0.468217045716439,0.0189080921051605,2.29381499831929,10.9086048704992,23.2981797016969,2010
"Ulsan","Male","70-74",3028,3579,0.541698198879976,0.603488102668395,0.999999,1e-06,0.449308953611278,4.49308953611278e-07,2.24654364478401,8.61478987217993,19.1734213238783,2010
"Ulsan","Male","75-79",1729,2309,0.571817731550272,0.637043280924551,0.933875786885748,0.066124213114252,0.449308504302324,0.0297101712925327,2.17226709328029,6.36824622739593,14.1734379973163,2010
"Ulsan","Male","80-84",692,793,0.534006734006734,0.594919295253694,0.999999,1e-06,0.419598333009792,4.19598333009792e-07,2.09799061605313,4.19597913411564,9.9999900000025,2010
"Ulsan","Male","85+",116,653,0.849154746423927,0.946015304925876,0.999999,1e-06,0.419597913411459,4.19597913411459e-07,2.09798851806251,2.09798851806251,4.9999975,2010
"Ulsan","Total","0-4",5727,49249,0.89582727008149,1,0.930865974310874,0.0691340256891262,1,0.0691340256891262,4.82716493577718,55.738243689335,55.738243689335,2010
"Ulsan","Total","5-9",9560,47994,0.833895124578657,0.930865974310874,0.972047180850827,0.0279528191491726,0.930865974310874,0.0260203282320302,4.58927905097429,50.9110787535579,54.6921685382771,2010
"Ulsan","Total","10-14",15353,65702,0.810585404971933,0.904845646078844,0.921417853096692,0.0785821469033077,0.904845646078844,0.071104713484986,4.34646644668175,46.3217997025836,51.1930403857492,2010
"Ulsan","Total","15-19",20353,60058,0.746887863600751,0.833740932593858,0.732561302795062,0.267438697204938,0.833740932593858,0.222974588819331,3.61126819092096,41.9753332559018,50.3457748263745,2010
"Ulsan","Total","20-24",25337,30612,0.547141146401187,0.610766343774526,0.999999,1e-06,0.610766343774526,6.10766343774526e-07,3.05383019195677,38.3640650649809,62.8129978935832,2010
"Ulsan","Total","25-29",32314,39639,0.550901282781816,0.614963733724809,0.999999,1e-06,0.610765733008182,6.10765733008182e-07,3.05382713812658,35.3102348730241,57.8130582066415,2010
"Ulsan","Total","30-34",29014,36108,0.554467000399251,0.618944096610067,0.999999,1e-06,0.61076512224245,6.1076512224245e-07,3.05382408429944,32.2564077348975,52.813113519755,2010
"Ulsan","Total","35-39",16692,31015,0.650114239000566,0.725713829789338,0.999999,1e-06,0.610764511477327,6.10764511477327e-07,3.05382103047536,29.2025836505981,47.8131638329188,2010
"Ulsan","Total","40-44",12642,27601,0.685858410158288,0.765614569978316,0.996175657458155,0.00382434254184494,0.610763900712816,0.00233577036851918,3.04798007764278,26.1487626201227,42.813209146128,2010
"Ulsan","Total","45-49",11165,24082,0.683235452662638,0.762686597607691,0.945348897225253,0.0546511027747475,0.608428130344297,0.0332512682824936,2.95901248101525,23.1007825424799,37.9679725350761,2010
"Ulsan","Total","50-54",12502,22804,0.645895881719821,0.721004933976911,0.97068301228043,0.0293169877195696,0.575176862061803,0.0168624530016464,2.8337281778049,20.1417700614647,35.0183941496945,2010
"Ulsan","Total","55-59",10253,17232,0.62696016008732,0.699867241181761,0.9479802547047,0.0520197452952996,0.558314409060157,0.0290433733540051,2.71896361191577,17.3080418836598,31.000528739345,2010
"Ulsan","Total","60-64",9829,14401,0.594345852249278,0.663460325554961,0.918657037705715,0.081342962294285,0.529271035706151,0.0430524739009026,2.5387239937785,14.589078271744,27.5644750751934,2010
"Ulsan","Total","65-69",7718,9282,0.546,0.60949249730959,0.999999,1e-06,0.486218561805249,4.86218561805249e-07,2.43109159347984,12.0503542779655,24.7838219775579,2010
"Ulsan","Total","70-74",6719,8364,0.554531591858384,0.619016199191994,0.993661457362825,0.00633854263717482,0.486218075586687,0.0030819140030713,2.42338559292576,9.61926268448567,19.7838442614021,2010
"Ulsan","Total","75-79",4902,6016,0.551016669719729,0.615092538620313,0.991528592420878,0.00847140757912201,0.483136161583616,0.00409284334098736,2.40544869956561,7.19587709155991,14.8940974899775,2010
"Ulsan","Total","80-84",2721,3277,0.546348782927643,0.609881839026784,0.999999,1e-06,0.479043318242628,4.79043318242628e-07,2.39521539360485,4.7904283919943,9.9999900000025,2010
"Ulsan","Total","85+",712,2667,0.789286771234093,0.881070266104195,0.999999,1e-06,0.47904283919931,4.7904283919931e-07,2.39521299838945,2.39521299838945,4.9999975,2010
"Busan","Female","0-4",7444,59991,0.88961221917402,1,0.94422734986303,0.0557726501369704,1,0.0557726501369704,4.86056837465757,55.8291032313949,55.8291032313949,2015
"Busan","Female","5-9",10074,52887,0.839996188116453,0.94422734986303,0.944150500289992,0.055849499710008,0.94422734986303,0.0527346251023569,4.58930018655926,50.9685348567373,53.9790918618602,2015
"Busan","Female","10-14",15220,58336,0.793082821251835,0.891492724760673,0.95510812600999,0.0448918739900104,0.891492724760673,0.0400207790629671,4.35741167614595,46.379234670178,52.0242435883353,2015
"Busan","Female","15-19",23677,73952,0.757479847176556,0.851471945697706,0.876448489806029,0.123551510193971,0.851471945697706,0.10520064477875,3.99435811654165,42.0218229940321,49.3519759592301,2015
"Busan","Female","20-24",38764,76568,0.663892068116394,0.746271300918955,0.866529379156698,0.133470620843302,0.746271300918955,0.0996052938511918,3.4823432699668,38.0274648774904,50.9566223847327,2015
"Busan","Female","25-29",53771,72833,0.575281981611955,0.646666007067764,0.879551265835395,0.120448734164605,0.646666007067764,0.0778901019785917,3.03860478039234,34.5451216075236,53.420345634317,2015
"Busan","Female","30-34",80287,82234,0.50598999513909,0.568775905089172,0.952452424114793,0.0475475758852066,0.568775905089172,0.0270439155089045,2.7762697366736,31.5065168271313,55.3935505094783,2015
"Busan","Female","35-39",84655,78750,0.481931397448059,0.541731989580267,0.999999,1e-06,0.541731989580267,5.41731989580267e-07,2.70865859357136,28.7302470904577,53.0340604635842,2015
"Busan","Female","40-44",79576,75116,0.485584257750886,0.545838116074594,0.999999,1e-06,0.541731447848278,5.41731447848278e-07,2.70865588491277,26.0215884968863,48.0341109976952,2015
"Busan","Female","45-49",64234,62742,0.494124873991935,0.555438497068663,0.999999,1e-06,0.54173090611683,5.4173090611683e-07,2.70865317625689,23.3129326119736,43.0341565318518,2015
"Busan","Female","50-54",52277,54883,0.51215938783128,0.575710828597663,0.99743799377982,0.00256200622018032,0.541730364385924,0.00138791656321729,2.70518203052158,20.6042794357167,38.0341970660488,2015
"Busan","Female","55-59",48567,50721,0.510847232293933,0.57423585387377,0.98578400871046,0.0142159912895395,0.540342447822707,0.00768150353161607,2.68250848028449,17.8990974051951,33.1254697411224,2015
"Busan","Female","60-64",35448,35960,0.503585032489357,0.56607252197696,0.999999,1e-06,0.532660944291091,5.32660944291091e-07,2.66330338980309,15.2165889249106,28.5671196433636,2015
"Busan","Female","65-69",18539,21226,0.533785992707155,0.6000209767833,0.999999,1e-06,0.532660411630146,5.32660411630146e-07,2.6633007264997,12.5532855351075,23.5671457105093,2015
"Busan","Female","70-74",10051,15893,0.61258865248227,0.68860188661869,0.918124996312972,0.0818750036870283,0.532659878969735,0.043611529554579,2.55427057096222,9.88998480860781,18.5671667776761,2015
"Busan","Female","75-79",8158,10486,0.562432954301652,0.63222260461289,0.999999,1e-06,0.489048349415156,4.89048349415155e-07,2.4452405244549,7.33571423764558,14.9999775000125,2015
"Busan","Female","80-84",4416,6914,0.610238305383936,0.685959896043836,0.999999,1e-06,0.489047860366806,4.89047860366806e-07,2.44523807921438,4.89047371319068,9.9999900000025,2015
"Busan","Female","85+",2216,5069,0.695813315030885,0.782153504677498,0.999999,1e-06,0.489047371318946,4.89047371318946e-07,2.4452356339763,2.4452356339763,4.9999975,2015
"Busan","Male","0-4",8192,62293,0.883776690075903,1,0.933310050201121,0.0666899497988793,1,0.0666899497988793,4.8332751255028,56.8319425427848,56.8319425427848,2015
"Busan","Male","5-9",12247,57671,0.824837666981321,0.933310050201121,0.928270369260527,0.0717296307394729,0.933310050201121,0.0669459852663653,4.49918528783969,51.998667417282,55.7142478065856,2015
"Busan","Male","10-14",19325,63145,0.765672365708743,0.866364064934755,0.981829659672764,0.0181703403272357,0.866364064934755,0.0157421299071519,4.2924649999059,47.4994821294424,54.8262376660549,2015
"Busan","Male","15-19",26519,80309,0.751759838244655,0.850621935027604,0.904486199246093,0.0955138007539068,0.850621935027604,0.0812461340191292,4.04999434009019,43.2070171295365,50.7946190314671,2015
"Busan","Male","20-24",34646,73608,0.679956398839766,0.769375801008474,0.872316220171356,0.127683779828644,0.769375801008474,0.0982368103814526,3.60128697908874,39.1570227894463,50.8945339041343,2015
"Busan","Male","25-29",53865,78526,0.593136995717232,0.671138990627022,0.84377867963923,0.15622132036077,0.671138990627022,0.104846219261348,3.09357940498174,35.5557358103575,52.9782002043109,2015
"Busan","Male","30-34",84416,84577,0.500476351091465,0.566292771365674,0.982711059329308,0.0172889406706921,0.566292771365674,0.00979060212638294,2.80698735151241,32.4621564053758,57.323981598935,2015
"Busan","Male","35-39",85490,82739,0.491823645150361,0.556502169239291,0.999999,1e-06,0.556502169239291,5.56502169239291e-07,2.78250945494103,29.6551690538634,53.2885057652163,2015
"Busan","Male","40-44",77825,78471,0.502066591595434,0.568092140507026,0.999999,1e-06,0.556501612737122,5.56501612737122e-07,2.78250667243158,26.8726595989223,48.2885565537729,2015
"Busan","Male","45-49",60854,64281,0.513693211331762,0.581247748554721,0.999999,1e-06,0.556501056235509,5.56501056235509e-07,2.78250388992491,24.0901529264908,43.2886023423753,2015
"Busan","Male","50-54",45882,49064,0.516756893392033,0.584714327945957,0.999999,1e-06,0.556500499734453,5.56500499734453e-07,2.78250110742102,21.3076490365659,38.2886431310184,2015
"Busan","Male","55-59",41146,52350,0.559917001796868,0.633550316594999,0.947346590177236,0.0526534098227643,0.556499943233953,0.0293016195774424,2.70924566722616,18.5251479291448,33.2886789196973,2015
"Busan","Male","60-64",30031,33924,0.530435462434524,0.60019173213198,0.999999,1e-06,0.527198323656511,5.27198323656511e-07,2.63599030028674,15.8159022619187,29.9999100001375,2015
"Busan","Male","65-69",13730,20878,0.603270920018493,0.682605602515587,0.999999,1e-06,0.527197796458187,5.27197796458187e-07,2.63598766429644,13.1799119616319,24.999937500075,2015
"Busan","Male","70-74",7913,12110,0.604804474853918,0.684340831394834,0.999999,1e-06,0.527197269260391,5.27197269260391e-07,2.63598502830878,10.5439242973355,19.999960000035,2015
"Busan","Male","75-79",5669,8866,0.609975920192638,0.690192360855604,0.999999,1e-06,0.527196742063121,5.27196742063121e-07,2.63598239232375,7.90793926902671,14.9999775000125,2015
"Busan","Male","80-84",2476,4022,0.618959679901508,0.700357552820667,0.999999,1e-06,0.527196214866379,5.27196214866379e-07,2.63597975634136,5.27195687670296,9.9999900000025,2015
"Busan","Male","85+",615,1441,0.700875486381323,0.79304590656394,0.999999,1e-06,0.527195687670164,5.27195687670164e-07,2.6359771203616,2.6359771203616,4.9999975,2015
"Busan","Total","0-4",15636,122284,0.886629930394432,1,0.938407423432732,0.0615925765672679,1,0.0615925765672679,4.84601855858183,56.329749562852,56.329749562852,2015
"Busan","Total","5-9",22321,110558,0.832020108519781,0.938407423432732,0.935788192179628,0.0642118078203717,0.938407423432732,0.0602568371306728,4.54139502433698,51.4837310042701,54.8628769537442,2015
"Busan","Total","10-14",34545,121481,0.778594593208824,0.878150586302059,0.969042388660612,0.0309576113393877,0.878150586302059,0.0271854445481946,4.32278932013981,46.9423359799332,53.4559068936114,2015
"Busan","Total","15-19",50196,154261,0.754491164401317,0.850965141753865,0.890229061833438,0.109770938166562,0.850965141753865,0.0934112419573634,4.02129760387592,42.6195466597934,50.0837749616314,2015
"Busan","Total","20-24",73410,150176,0.671669961446602,0.757553899796501,0.870083521623296,0.129916478376704,0.757553899796501,0.0984187348421001,3.54172266187726,38.5982490559174,50.9511588103314,2015
"Busan","Total","25-29",107636,151359,0.584408965424043,0.659135164954401,0.861005533245147,0.138994466754853,0.659135164954401,0.091616140772209,3.06663547284148,35.0565263940402,53.1856412128541,2015
"Busan","Total","30-34",164703,166811,0.503179352908173,0.567519024182192,0.967745328927908,0.0322546710720922,0.567519024182192,0.0183051394521514,2.79183227228058,31.9898909211987,56.3679622322738,2015
"Busan","Total","35-39",170145,161489,0.486949468389851,0.549213884730041,0.999999,1e-06,0.549213884730041,5.49213884730041e-07,2.74606805061549,29.1980586489181,53.1633657864824,2015
"Busan","Total","40-44",157401,153587,0.493867930595393,0.557016984950742,0.999999,1e-06,0.549213335516156,5.49213335516156e-07,2.74606530454744,26.4519905983026,48.1634164498988,2015
"Busan","Total","45-49",125088,127023,0.503837595344908,0.568261433629663,0.999999,1e-06,0.549212786302821,5.49212786302821e-07,2.74606255848214,23.7059252937552,43.1634621133609,2015
"Busan","Total","50-54",98159,103947,0.514319218627849,0.580083303074424,0.999999,1e-06,0.549212237090034,5.49212237090034e-07,2.74605981241958,20.959862735273,38.1635027768637,2015
"Busan","Total","55-59",89713,103071,0.534644991285584,0.603008056639525,0.965633405619179,0.0343665943808212,0.549211687877797,0.0188745353065024,2.69887210112273,18.2138029228535,33.1635384404021,2015
"Busan","Total","60-64",65479,69884,0.516271063732335,0.582284723348628,0.999999,1e-06,0.530337152571295,5.30337152571295e-07,2.65168443701359,15.5149308217307,29.2548442938759,2015
"Busan","Total","65-69",32269,42104,0.56611942506017,0.638507009128738,0.999999,1e-06,0.530336622234142,5.30336622234142e-07,2.65168178532916,12.8632463847171,24.254871048747,2015
"Busan","Total","70-74",17964,28003,0.609197902843344,0.687093771549459,0.957423676894887,0.0425763231051129,0.53033609189752,0.0225797608029317,2.59523105748027,10.211564599388,19.2548928036398,2015
"Busan","Total","75-79",13827,19352,0.583260496096929,0.657839845128458,0.999999,1e-06,0.507756331094588,5.07756331094588e-07,2.53878038608211,7.61633354190772,14.9999775000125,2015
"Busan","Total","80-84",6892,10936,0.613417096701817,0.691852458024882,0.999999,1e-06,0.507755823338257,5.07755823338257e-07,2.53877784730173,5.07755315582561,9.9999900000025,2015
"Busan","Total","85+",2831,6510,0.69692752381972,0.786041052674231,0.999999,1e-06,0.507755315582434,5.07755315582434e-07,2.53877530852388,2.53877530852388,4.9999975,2015
"Chungbuk","Female","0-4",3160,30923,0.90728515682305,1,0.945149320011221,0.0548506799887786,1,0.0548506799887786,4.86287330002805,45.6830788666142,45.6830788666142,2015
"Chungbuk","Female","5-9",4696,28263,0.85751994902758,0.945149320011221,0.934304579323699,0.0656954206763009,0.945149320011221,0.0620919821800569,4.57051664460596,40.8202055665861,43.1891603816648,2015
"Chungbuk","Female","10-14",7484,30159,0.801184815237893,0.883057337831165,0.931348123961431,0.0686518760385688,0.883057337831165,0.0606235428917337,4.26372783192649,36.2496889219802,41.0502097304477,2015
"Chungbuk","Female","15-19",10620,31221,0.746181974618197,0.822433794939431,0.848688325539979,0.151311674460021,0.822433794939431,0.124443834644795,3.80105938808517,31.9859610900537,38.8918369926777,2015
"Chungbuk","Female","20-24",13842,23903,0.633275930586833,0.697989960294636,0.803682083032915,0.196317916967085,0.697989960294636,0.137027935068981,3.14737996380073,28.1849017019685,40.3800961407397,2015
"Chungbuk","Female","25-29",20322,21063,0.508952519028634,0.560962025225655,0.92401538284794,0.0759846171520602,0.560962025225655,0.0426244847236157,2.69824891431923,25.0375217381678,44.6331848008715,2015
"Chungbuk","Female","30-34",31334,27818,0.470279956721666,0.518337540502039,0.914549294838571,0.0854507051614292,0.518337540502039,0.0442923083475401,2.48095693164134,22.3392728238485,43.097925730426,2015
"Chungbuk","Female","35-39",40473,30544,0.430094202796514,0.474045232154499,0.944659230688856,0.0553407693111438,0.474045232154499,0.0262340278357098,2.30464109118322,19.8583158922072,41.8911836787234,2015
"Chungbuk","Female","40-44",50252,34389,0.406292458737491,0.447811204318789,0.7756934129384,0.224306587061601,0.447811204318789,0.100447002888693,1.98793851437221,17.553674801024,39.1988289523185,2015
"Chungbuk","Female","45-49",71907,33091,0.315158383969218,0.347364201430096,0.995556625227327,0.00444337477267343,0.347364201430096,0.00154346932956434,1.73296233382657,15.5657362866518,44.8109972834498,2015
"Chungbuk","Female","50-54",77358,35369,0.313758017156493,0.345820732100532,0.999999,1e-06,0.345820732100532,3.45820732100532e-07,1.72910279595083,13.8327739528252,39.99984000035,2015
"Chungbuk","Female","55-59",74675,35812,0.324128630517617,0.357251111274196,0.999999,1e-06,0.3458203862798,3.458203862798e-07,1.72910106684803,12.1036711568744,34.9998775002275,2015
"Chungbuk","Female","60-64",53272,25903,0.327161351436691,0.360593743848163,0.999999,1e-06,0.345820040459414,3.45820040459414e-07,1.72909933774697,10.3745700900263,29.9999100001375,2015
"Chungbuk","Female","65-69",38538,20172,0.343587123147675,0.378698053818912,0.999999,1e-06,0.345819694639373,3.45819694639373e-07,1.72909760864763,8.64547075227935,24.999937500075,2015
"Chungbuk","Female","70-74",31738,19872,0.385041658593296,0.424388799593678,0.999999,1e-06,0.345819348819679,3.45819348819679e-07,1.72909587955002,6.91637314363172,19.999960000035,2015
"Chungbuk","Female","75-79",23749,20627,0.464823327925005,0.512323302579566,0.999999,1e-06,0.34581900300033,3.4581900300033e-07,1.72909415045414,5.1872772640817,14.9999775000125,2015
"Chungbuk","Female","80-84",15102,14178,0.48422131147541,0.533703552663596,0.999999,1e-06,0.345818657181327,3.45818657181327e-07,1.72909242135999,3.45818311362756,9.9999900000025,2015
"Chungbuk","Female","85+",9125,9599,0.51265755180517,0.565045672741183,0.999999,1e-06,0.34581831136267,3.4581831136267e-07,1.72909069226757,1.72909069226757,4.9999975,2015
"Chungbuk","Male","0-4",2861,31417,0.916535387128771,1,0.934937032890666,0.0650629671093337,1,0.0650629671093337,4.83734258222667,49.1914082695453,49.1914082695453,2015
"Chungbuk","Male","5-9",5111,30606,0.856902875381471,0.934937032890666,0.942861965006423,0.0571380349935774,0.934937032890666,0.0534204649020983,4.54113400219809,44.3540656873186,47.4406982790952,2015
"Chungbuk","Male","10-14",7125,29973,0.807941128901828,0.881516567988568,0.966341437251332,0.0336585627486679,0.881516567988568,0.0296705807176335,4.33340638814876,39.8129316851205,45.1641331891981,2015
"Chungbuk","Male","15-19",9821,34972,0.780746991717456,0.851845987270935,0.833515173641142,0.166484826358858,0.851845987270935,0.141819431275291,3.90468135816644,35.4795252969718,41.6501642634225,2015
"Chungbuk","Male","20-24",13865,25836,0.650764464371175,0.710026555995643,0.903583444737422,0.0964165552625783,0.710026555995643,0.0684583146740521,3.37898699329309,31.5748439388053,44.4699478803706,2015
"Chungbuk","Male","25-29",18460,26348,0.588019996429209,0.641568241321591,0.867257598848296,0.132742401151704,0.641568241321591,0.085163308855704,2.9949329344687,28.1958569455122,43.948336481604,2015
"Chungbuk","Male","30-34",28965,30143,0.509964810177979,0.556404932465887,0.890505796750985,0.109494203249015,0.556404932465887,0.0609231147641743,2.629716875419,25.2009240110435,45.2924166206751,2015
"Chungbuk","Male","35-39",38507,32035,0.454126619602506,0.495481817701713,0.909684344238196,0.0903156557618043,0.495481817701713,0.044749765283781,2.36553467529911,22.5712071356245,45.5540573422469,2015
"Chungbuk","Male","40-44",51483,36239,0.413111876154214,0.450732052417932,0.929579123895895,0.0704208761041047,0.450732052417932,0.031740946019472,2.17430789704098,20.2056724603254,44.8285679971792,2015
"Chungbuk","Male","45-49",68144,42483,0.384020175906424,0.41899110639846,0.9617621623008,0.0382378376991995,0.41899110639846,0.0160213139238723,2.05490224718262,18.0313645632844,43.0351964228488,2015
"Chungbuk","Male","50-54",72696,42573,0.369336074746896,0.402969792474587,0.990584539313673,0.00941546068632737,0.402969792474587,0.00379414623882198,2.00536359677588,15.9764623161018,39.646798877882,2015
"Chungbuk","Male","55-59",71911,41488,0.365858605455075,0.399175646235765,0.999999,1e-06,0.399175646235765,3.99175646235765e-07,1.99587723323971,13.9710987193259,34.9998775002275,2015
"Chungbuk","Male","60-64",49958,29238,0.369185312389515,0.402805300890848,0.999999,1e-06,0.399175247060119,3.99175247060119e-07,1.99587523736248,11.9752214860862,29.9999100001375,2015
"Chungbuk","Male","65-69",30069,20835,0.409299858557284,0.44657289211658,0.999999,1e-06,0.399174847884872,3.99174847884872e-07,1.99587324148724,9.97934624872375,24.999937500075,2015
"Chungbuk","Male","70-74",25933,18680,0.418712034608746,0.456842191244186,0.999999,1e-06,0.399174448710024,3.99174448710024e-07,1.995871245614,7.98347300723651,19.999960000035,2015
"Chungbuk","Male","75-79",17630,15844,0.473322578717811,0.516425863490757,0.999999,1e-06,0.399174049535576,3.99174049535576e-07,1.99586924974275,5.98760176162251,14.9999775000125,2015
"Chungbuk","Male","80-84",8570,7714,0.473716531564726,0.516855691790294,0.999999,1e-06,0.399173650361526,3.99173650361526e-07,1.9958672538735,3.99173251187975,9.9999900000025,2015
"Chungbuk","Male","85+",2982,4697,0.611668185961714,0.667369961434753,0.999999,1e-06,0.399173251187876,3.99173251187876e-07,1.99586525800625,1.99586525800625,4.9999975,2015
"Chungbuk","Total","0-4",6021,62340,0.911923465133629,1,0.939990091566088,0.0600099084339116,1,0.0600099084339116,4.84997522891522,47.5492677424388,47.5492677424388,2015
"Chungbuk","Total","5-9",9807,58869,0.857199021492224,0.939990091566088,0.938566562597894,0.0614334374021063,0.939990091566088,0.0577468224488254,4.55558340170838,42.6992925135235,45.4252580922248,2015
"Chungbuk","Total","10-14",14609,60132,0.804538339064235,0.882243269117263,0.949679259353518,0.0503207406464816,0.882243269117263,0.0443951347323539,4.30022850875543,38.1437091118152,43.2349108766568,2015
"Chungbuk","Total","15-19",20441,66193,0.764053373964033,0.837848134384909,0.840570917240376,0.159429082759624,0.837848134384909,0.133577359556848,3.85529727303242,33.8434806030597,40.3933352765717,2015
"Chungbuk","Total","20-24",27707,49739,0.642241045373551,0.70427077482806,0.856463897835495,0.143536102164505,0.70427077482806,0.101088281887196,3.26863316942231,29.9881833300273,42.5804738771797,2015
"Chungbuk","Total","25-29",38782,47411,0.550056269070574,0.603182492940865,0.89102702469647,0.10897297530353,0.603182492940865,0.0657305909067667,2.85158598743741,26.719550160605,44.297622151352,2015
"Chungbuk","Total","30-34",60299,57961,0.490115000845594,0.537451902034098,0.901972170109979,0.0980278298900208,0.537451902034098,0.0526852436266667,2.55554640110382,23.8679641731676,44.4094887055648,2015
"Chungbuk","Total","35-39",78980,62579,0.442070090916155,0.484766658407431,0.926918886018358,0.0730811139816423,0.484766658407431,0.0354272874175734,2.33526507349322,21.3124177720638,43.9642813762809,2015
"Chungbuk","Total","40-44",101735,70628,0.409763116214037,0.449339370989858,0.855343250950274,0.144656749049726,0.449339370989858,0.0649999726274417,2.08419692338069,18.9771526985705,42.2334518712781,2015
"Chungbuk","Total","45-49",140051,75574,0.350488115942029,0.384339398362416,0.975373655004483,0.0246263449955166,0.384339398362416,0.00946487461944217,1.89803480526348,16.8929557751899,43.9532242782471,2015
"Chungbuk","Total","50-54",150054,77942,0.341856874682012,0.374874523742974,0.999999,1e-06,0.374874523742974,3.74874523742974e-07,1.87437168152856,14.9949209699264,39.99984000035,2015
"Chungbuk","Total","55-59",146586,77300,0.345265000937977,0.378611817919812,0.999999,1e-06,0.374874148868451,3.7487414886845e-07,1.87436980715688,13.1205492883978,34.9998775002275,2015
"Chungbuk","Total","60-64",103230,55141,0.34817611810243,0.381804100250244,0.999999,1e-06,0.374873773994302,3.74873773994302e-07,1.87436793278707,11.2461794812409,29.9999100001375,2015
"Chungbuk","Total","65-69",68607,41007,0.3741036728885,0.410235822623207,0.999999,1e-06,0.374873399120528,3.74873399120528e-07,1.87436605841914,9.37181154845386,24.999937500075,2015
"Chungbuk","Total","70-74",57671,38552,0.400652650613679,0.439348986984307,0.999999,1e-06,0.374873024247128,3.74873024247128e-07,1.87436418405308,7.49744549003472,19.999960000035,2015
"Chungbuk","Total","75-79",41379,36471,0.468477842003854,0.513724956002975,0.999999,1e-06,0.374872649374104,3.74872649374104e-07,1.8743623096889,5.62308130598164,14.9999775000125,2015
"Chungbuk","Total","80-84",23672,21892,0.480467035378808,0.526872104676463,0.999999,1e-06,0.374872274501455,3.74872274501455e-07,1.87436043532659,3.74871899629274,9.9999900000025,2015
"Chungbuk","Total","85+",12107,14296,0.541453622694391,0.59374897499216,0.999999,1e-06,0.37487189962918,3.7487189962918e-07,1.87435856096615,1.87435856096615,4.9999975,2015
"Chungnam","Female","0-4",3578,41244,0.920173129266878,1,0.916662381449445,0.0833376185505553,1,0.0833376185505553,4.79165595362361,37.7133599538194,37.7133599538194,2015
"Chungnam","Female","5-9",6368,34319,0.843488092019564,0.916662381449445,0.966739370726567,0.0332606292734329,0.916662381449445,0.0304887676382921,4.50708998815149,32.9217040001957,35.9147540756928,2015
"Chungnam","Female","10-14",7606,33604,0.815433147294346,0.886173613811153,0.913192907574361,0.0868070924256393,0.886173613811153,0.0769261547992675,4.23855268205759,28.4146140120443,32.064387349384,2015
"Chungnam","Female","15-19",11331,33043,0.744647766710236,0.809247459011885,0.701517148003974,0.298482851996026,0.809247459011885,0.241546489536404,3.44237107121841,24.1760613299867,29.8747448147769,2015
"Chungnam","Female","20-24",20442,22358,0.522383177570093,0.567700969475481,0.848172208763741,0.151827791236259,0.567700969475481,0.0861927842781449,2.62302288668204,20.7336902587682,36.5222033668973,2015
"Chungnam","Female","25-29",30410,24193,0.443070893540648,0.481508185197336,0.83811369621804,0.161886303781959,0.481508185197336,0.0779495803423559,2.21266697513079,18.1106673720862,37.6123769623229,2015
"Chungnam","Female","30-34",48724,28781,0.371343784271982,0.40355860485498,0.927412387254328,0.0725876127456718,0.40355860485498,0.0292933557293969,1.94455963495141,15.8980003969554,39.3945271038599,2015
"Chungnam","Female","35-39",67189,35294,0.344388825463735,0.374265249125583,0.834895639523508,0.165104360476492,0.374265249125583,0.0617928246054544,1.71684418411428,13.953440762004,37.2822237560239,2015
"Chungnam","Female","40-44",94240,38032,0.287528728680295,0.312472424520129,0.840345141742272,0.159654858257728,0.312472424520129,0.0498877406462098,1.43764277098512,12.2365965778897,39.1605646376052,2015
"Chungnam","Female","45-49",116043,36972,0.241623370257818,0.262584683873919,0.935395033152173,0.0646049668478269,0.262584683873919,0.0169642747964216,1.27051273237854,10.7989538069046,41.12560431015,2015
"Chungnam","Female","50-54",139895,40851,0.226013300432651,0.245620409077497,0.999999,1e-06,0.245620409077497,2.45620409077497e-07,1.22810143133646,9.52844107452607,38.7933604960315,2015
"Chungnam","Female","55-59",128490,42494,0.24852617788799,0.270086323957314,0.999999,1e-06,0.245620163457088,2.45620163457088e-07,1.22810020323503,8.3003396431896,33.7933967894282,2015
"Chungnam","Female","60-64",97832,34326,0.259734560147702,0.282267055933961,0.999999,1e-06,0.245619917836925,2.45619917836925e-07,1.22809897513483,7.07223943995457,28.7934280828563,2015
"Chungnam","Female","65-69",74843,33061,0.30639271945433,0.332972904455969,0.999999,1e-06,0.245619672217007,2.45619672217007e-07,1.22809774703585,5.84414046481974,23.7934543763107,2015
"Chungnam","Female","70-74",59033,32884,0.3577575421304,0.388793728866473,0.999999,1e-06,0.245619426597335,2.45619426597335e-07,1.22809651893811,4.61604271778389,18.7934756697864,2015
"Chungnam","Female","75-79",43999,33972,0.435700452732426,0.473498343816623,0.999999,1e-06,0.245619180977908,2.45619180977908e-07,1.22809529084159,3.38794619884578,13.7934919632783,2015
"Chungnam","Female","80-84",24895,27234,0.522434729229412,0.567756993344988,0.839134047282229,0.160865952717771,0.245618935358727,0.0395117240420063,1.12931536668862,2.1598509080042,8.7935032567816,2015
"Chungnam","Female","85+",17024,13289,0.438392768779072,0.476424223698369,0.999999,1e-06,0.206107211316721,2.06107211316721e-07,1.03053554131558,1.03053554131558,4.9999975,2015
"Chungnam","Male","0-4",3424,42613,0.92562504072811,1,0.929103278213201,0.0708967217867986,1,0.0708967217867986,4.822758195533,42.2962979348574,42.2962979348574,2015
"Chungnam","Male","5-9",6668,40961,0.860001259736715,0.929103278213201,0.93435904943464,0.0656409505653605,0.929103278213201,0.0609872223553071,4.49304833517774,37.4735397393244,40.3330185330864,2015
"Chungnam","Male","10-14",8987,36760,0.80354995956019,0.868116055857894,0.884619452969808,0.115380547030192,0.868116055857894,0.100163705410577,4.09017101576303,32.9804914041467,37.9908782720929,2015
"Chungnam","Male","15-19",14501,35647,0.710835925660046,0.767952350447318,0.863666236778468,0.136333763221532,0.767952350447318,0.104697833911303,3.57801716745833,28.8903203883836,37.6199387521316,2015
"Chungnam","Male","20-24",15626,24848,0.613924988881751,0.663254516536014,0.815221659038466,0.184778340961534,0.663254516536014,0.122555069200769,3.00988490967815,25.3123032209253,38.1637856808335,2015
"Chungnam","Male","25-29",26781,26833,0.500484947961353,0.540699447335246,0.894712662394501,0.105287337605499,0.540699447335246,0.0569288052546926,2.5611752235395,22.3024183112471,41.2473480806411,2015
"Chungnam","Male","30-34",43444,35229,0.447790220278876,0.483770642080553,0.845126553349288,0.154873446650712,0.483770642080553,0.0749232267274432,2.23154514358416,19.7412430877076,40.8070299652878,2015
"Chungnam","Male","35-39",65239,39721,0.378439405487805,0.40884741535311,0.894843472914621,0.105156527085379,0.40884741535311,0.0429929743063665,1.93675464099963,17.5096979441235,42.8269747749313,2015
"Chungnam","Male","40-44",87422,44764,0.338644031894452,0.365854441046743,0.9368747709389,0.0631252290611002,0.365854441046743,0.0230946453940964,1.77153559174848,15.5729433031239,42.5659539858754,2015
"Chungnam","Male","45-49",104183,48414,0.31726704981094,0.342759795652647,0.888604248687385,0.111395751312615,0.342759795652647,0.0381819849564851,1.61834401587202,13.8014077113754,40.2655383928451,2015
"Chungnam","Male","50-54",128152,50314,0.281924848430513,0.304577810696162,0.999999,1e-06,0.304577810696162,3.04577810696162e-07,1.52288829203628,12.1830636955034,39.99984000035,2015
"Chungnam","Male","55-59",117955,49190,0.294295372281552,0.317942319332734,0.999999,1e-06,0.304577506118351,3.04577506118351e-07,1.52288676914799,10.6601754034671,34.9998775002275,2015
"Chungnam","Male","60-64",87139,39526,0.312051474361505,0.337125143153042,0.999999,1e-06,0.304577201540845,3.04577201540845e-07,1.52288524626122,9.13728863431909,29.9999100001375,2015
"Chungnam","Male","65-69",64885,32305,0.332390163597078,0.35909806776145,0.999999,1e-06,0.304576896963643,3.04576896963643e-07,1.52288372337597,7.61440338805787,24.999937500075,2015
"Chungnam","Male","70-74",50613,28733,0.362122854334182,0.391219811911453,0.999999,1e-06,0.304576592386746,3.04576592386746e-07,1.52288220049225,6.09151966468189,19.999960000035,2015
"Chungnam","Male","75-79",30337,25417,0.455877605194246,0.492507856999683,0.999999,1e-06,0.304576287810154,3.04576287810154e-07,1.52288067761005,4.56863746418964,14.9999775000125,2015
"Chungnam","Male","80-84",16084,15206,0.48596995845318,0.525018162938752,0.999999,1e-06,0.304575983233866,3.04575983233866e-07,1.52287915472937,3.04575678657959,9.9999900000025,2015
"Chungnam","Male","85+",5739,6067,0.513891241741487,0.555182951119444,0.999999,1e-06,0.304575678657883,3.04575678657883e-07,1.52287763185022,1.52287763185022,4.9999975,2015
"Chungnam","Total","0-4",7002,83857,0.922935537481152,1,0.923567944491771,0.0764320555082291,1,0.0764320555082291,4.80891986122943,39.9404393889716,39.9404393889716,2015
"Chungnam","Total","5-9",13036,75280,0.852393677249875,0.923567944491771,0.949304964476255,0.0506950355237447,0.923567944491771,0.0468203097546022,4.50078894807235,35.1315195277421,38.0389117414362,2015
"Chungnam","Total","10-14",16593,70364,0.809181549501478,0.876747634737169,0.89807920900506,0.10192079099494,0.876747634737169,0.0893588124353551,4.16034114259746,30.6307305796698,34.9367701332348,2015
"Chungnam","Total","15-19",25832,68690,0.726709125917776,0.787388822301814,0.780058478999109,0.219941521000891,0.787388822301814,0.173179495196161,3.50399537351867,26.4703894370723,33.6179390503539,2015
"Chungnam","Total","20-24",36068,47206,0.566875615438192,0.614209327105652,0.831779588158368,0.168220411841632,0.614209327105652,0.103322545962685,2.81274027062155,22.9663940635537,37.3918028431423,2015
"Chungnam","Total","25-29",57191,51026,0.471515565946201,0.510886781142968,0.869224453651956,0.130775546348044,0.510886781142968,0.0668114979259651,2.38740516089993,20.1536537929321,39.4483759157829,2015
"Chungnam","Total","30-34",92168,64010,0.409852860197979,0.444075283217003,0.882310319807977,0.117689680192023,0.444075283217003,0.0522630780629909,2.08971872092754,17.7662486320322,40.007289987699,2015
"Chungnam","Total","35-39",132428,75015,0.361617408155493,0.391812205154012,0.865771564218391,0.134228435781609,0.391812205154012,0.0525923394179658,1.82758017722514,15.6765299111046,40.0103154135859,2015
"Chungnam","Total","40-44",181662,82796,0.313078069107382,0.339219865736046,0.892408337991286,0.107591662008714,0.339219865736046,0.0364972291409141,1.60485625582794,13.8489497338795,40.8258805946691,2015
"Chungnam","Total","45-49",220226,85386,0.27939347931364,0.302722636595132,0.908366342048134,0.0916336579518661,0.302722636595132,0.0277395825360454,1.44426422663555,12.2440934780515,40.4465738531046,2015
"Chungnam","Total","50-54",268047,91165,0.253791632796232,0.274983054059087,0.999999,1e-06,0.274983054059087,2.74983054059086e-07,1.3749145828378,10.799829251416,39.2745265280798,2015
"Chungnam","Total","55-59",246445,91684,0.271150951264162,0.293791863301937,0.999999,1e-06,0.274982779076032,2.74982779076032e-07,1.37491320792321,9.4249146685782,34.2745633026431,2015
"Chungnam","Total","60-64",184971,73852,0.285337856372888,0.309163364921047,0.999999,1e-06,0.274982504093253,2.74982504093253e-07,1.37491183301001,8.05000146065499,29.2745950772382,2015
"Chungnam","Total","65-69",139728,65366,0.318712395291915,0.345324654159201,0.999999,1e-06,0.274982229110749,2.74982229110749e-07,1.37491045809817,6.67508962764499,24.2746218518601,2015
"Chungnam","Total","70-74",109646,61617,0.359779987504598,0.389821361182493,0.999999,1e-06,0.27498195412852,2.7498195412852e-07,1.37490908318772,5.30017916954681,19.2746436265037,2015
"Chungnam","Total","75-79",74336,59389,0.444112918302486,0.481196031864312,0.999999,1e-06,0.274981679146566,2.74981679146566e-07,1.37490770827863,3.9252700863591,14.2746604011641,2015
"Chungnam","Total","80-84",40979,42440,0.508756997806255,0.551237846139005,0.903289924541477,0.0967100754585225,0.274981404164887,0.0265934723464767,1.30842333995824,2.55036237808046,9.27467217583627,2015
"Chungnam","Total","85+",22763,19356,0.459555070158361,0.497927592443308,0.999999,1e-06,0.24838793181841,2.4838793181841e-07,1.24193903812222,1.24193903812222,4.9999975,2015
"Daegu","Female","0-4",5675,44660,0.887255388894407,1,0.931352639568246,0.0686473604317538,1,0.0686473604317538,4.82838159892062,56.8515901069898,56.8515901069898,2015
"Daegu","Female","5-9",9094,43275,0.826347648417957,0.931352639568246,0.999999,1e-06,0.931352639568246,9.31352639568246e-07,4.65676086945963,52.0232085080692,55.8576915959416,2015
"Daegu","Female","10-14",9521,51339,0.843558987840946,0.950751044625482,0.960419551955064,0.039580448044936,0.931351708215607,0.0368633178985902,4.56460024633156,47.3664476386096,50.8577449536865,2015
"Daegu","Female","15-19",14047,59951,0.810170545149869,0.913119892300015,0.877231166880533,0.122768833119467,0.894488390317016,0.109815295918131,4.19790371178976,42.801847392278,47.8506460850862,2015
"Daegu","Female","20-24",22518,55320,0.710706852694057,0.801017228624168,0.873252853226671,0.126747146773329,0.784673094398886,0.0994550758648577,3.67472778233228,38.6039436804883,49.1974861328227,2015
"Daegu","Female","25-29",27467,44934,0.620626786922833,0.699490580379776,0.877067181674854,0.122932818325146,0.685218018534028,0.0842357821855601,3.21550063720624,34.929215898156,50.9753318701169,2015
"Daegu","Female","30-34",39095,46702,0.544331386878329,0.613500231941798,0.999999,1e-06,0.600982236348468,6.00982236348468e-07,3.00490967928675,31.7137152609498,52.7698047343968,2015
"Daegu","Female","35-39",39064,47412,0.548267727461955,0.617936768065327,0.999999,1e-06,0.600981635366232,6.00981635366231e-07,3.00490667437707,28.708805581663,47.7698550042518,2015
"Daegu","Female","40-44",40369,52130,0.563573660255787,0.635187644177676,0.98877675354699,0.0112232464530096,0.600981034384596,0.00674495826248299,2.98804277626677,25.703898907286,42.7699002741521,2015
"Daegu","Female","45-49",34056,42863,0.557248534172311,0.628058776703163,0.900102350235279,0.0998976497647212,0.594236076122113,0.059362787410009,2.82277341208554,22.7158561310192,38.2269893124953,2015
"Daegu","Female","50-54",35315,35539,0.501580715273661,0.565317180996412,0.946931047559932,0.053068952440068,0.534873288712104,0.0283851651201254,2.60340353076021,19.8930827189336,37.1921409028169,2015
"Daegu","Female","55-59",35911,32486,0.474962352149948,0.53531639040456,0.999999,1e-06,0.506488123591979,5.06488123591979e-07,2.53243935173958,17.2896791881734,34.1363960630631,2015
"Daegu","Female","60-64",23743,22035,0.481344750753637,0.542509808087423,0.999999,1e-06,0.506487617103855,5.06487617103855e-07,2.53243681930023,14.7572398364338,29.1364276994908,2015
"Daegu","Female","65-69",14774,16385,0.525851278924227,0.592671834407769,0.999999,1e-06,0.506487110616238,5.06487110616238e-07,2.53243428686341,12.2248030171336,24.1364543359451,2015
"Daegu","Female","70-74",10306,14166,0.578865642366787,0.65242279687712,0.977019851198051,0.0229801488019492,0.506486604129127,0.0116391375290813,2.50333517682293,9.6923687302702,19.1364759724211,2015
"Daegu","Female","75-79",7428,9670,0.565563223768862,0.6374300239231,0.999999,1e-06,0.494847466600046,4.94847466600046e-07,2.47423609588156,7.18903355344726,14.5277768174525,2015
"Daegu","Female","80-84",4750,6786,0.588245492371706,0.662994555721671,0.937038825045124,0.062961174954876,0.49484697175258,0.0311561467644047,2.39634449185189,4.7147974575657,9.52778884524137,2015
"Daegu","Female","85+",2673,3283,0.551208865010074,0.621251639504748,0.999999,1e-06,0.463690824988175,4.63690824988175e-07,2.31845296571381,2.31845296571381,4.9999975,2015
"Daegu","Male","0-4",5891,48482,0.891655785040369,1,0.957441761456669,0.0425582385433313,1,0.0425582385433313,4.89360440364167,60.4967168452068,60.4967168452068,2015
"Daegu","Male","5-9",8215,47940,0.85370848544208,0.957441761456669,0.976090965330725,0.0239090346692751,0.957441761456669,0.0228915082684793,4.72998003661215,55.6031124415651,58.0746680163288,2015
"Daegu","Male","10-14",10747,53721,0.833297139666191,0.934550253188189,0.99340223049395,0.00659776950605051,0.934550253188189,0.00616594716235682,4.65733639803506,50.873132404953,54.4359516584591,2015
"Daegu","Male","15-19",14132,67935,0.827799237208622,0.928384306025833,0.856543828525116,0.143456171474884,0.928384306025833,0.133182458199833,4.30896538462958,46.2157960069179,49.780888913079,2015
"Daegu","Male","20-24",22427,54654,0.709046327888844,0.795201847826,0.879606399340735,0.120393600659265,0.795201847826,0.0957372137106728,3.73666620485332,41.9068306222883,52.6996142386455,2015
"Daegu","Male","25-29",32970,54642,0.623681687440077,0.699464634115327,0.916849560087349,0.0831504399126511,0.699464634115327,0.058160792030031,3.35192119050156,38.170164417435,54.5705423201447,2015
"Daegu","Male","30-34",42259,56436,0.57182228076397,0.641303842085296,0.960269177893135,0.0397308221068652,0.641303842085296,0.0254795288663401,3.14282038826063,34.8182432269334,54.2928966614587,2015
"Daegu","Male","35-39",40454,49265,0.549103311450195,0.615824313218956,0.992857006478206,0.00714299352179393,0.615824313218956,0.0043988290798862,3.06812449339506,31.6754228386728,51.4358107641174,2015
"Daegu","Male","40-44",39461,47301,0.54518107005371,0.61142548413907,0.999999,1e-06,0.61142548413907,6.1142548413907e-07,3.05712589213164,28.6072983452777,46.7878737268513,2015
"Daegu","Male","45-49",31612,43390,0.578517906189168,0.648813046351711,0.977027064667527,0.0229729353324735,0.611424872713586,0.014046224061515,3.02200880341414,25.5501724531461,41.7879180147693,2015
"Daegu","Male","50-54",27635,35927,0.565227651741607,0.633907906195008,0.983339955835578,0.0166600441644225,0.597378648652071,0.0099523546694265,2.96201235658679,22.528163649732,37.7116987702267,2015
"Daegu","Male","55-59",25317,31679,0.555810934100639,0.623346972481623,0.986272802093316,0.0137271979066841,0.587426293982644,0.00806371699308974,2.9169721774305,19.5661512931452,33.3082660643094,2015
"Daegu","Male","60-64",18830,22846,0.54818120740954,0.614790165225835,0.999999,1e-06,0.579362576989555,5.79362576989554e-07,2.89681143654133,16.6491791157147,28.7370634158423,2015
"Daegu","Male","65-69",12118,15491,0.56108515339201,0.629262056956886,0.999999,1e-06,0.579361997626977,5.79361997626978e-07,2.89680853972989,13.7523676791733,23.737089652932,2015
"Daegu","Male","70-74",7991,10388,0.565210294357691,0.633888439732493,0.988320004046307,0.0116799959536931,0.57936141826498,0.00676693902106084,2.87988974377225,10.8555591394435,18.7371108900429,2015
"Daegu","Male","75-79",5558,7034,0.558608640406607,0.626484625321325,0.999999,1e-06,0.572594479243919,5.72594479243919e-07,2.8629709647334,7.9756693956712,13.929001561808,2015
"Daegu","Male","80-84",2101,3739,0.640239726027397,0.718034623639447,0.857202017843475,0.142797982156525,0.57259390664944,0.0817652544646616,2.65855639708554,5.11269843093781,8.92901299082102,2015
"Daegu","Male","85+",1123,1366,0.548814785054239,0.615500728265214,0.999999,1e-06,0.490828652184778,4.90828652184778e-07,2.45414203385226,2.45414203385226,4.9999975,2015
"Daegu","Total","0-4",11566,93142,0.88954043626084,1,0.944875906421836,0.0551240935781641,1,0.0551240935781641,4.86218976605459,59.6113027839004,59.6113027839004,2015
"Daegu","Total","5-9",17309,91215,0.840505326010836,0.944875906421836,0.997352814328998,0.00264718567100219,0.944875906421836,0.00250126196035509,4.71812637720829,54.7491130178458,57.9431781948764,2015
"Daegu","Total","10-14",20268,105060,0.838280352355419,0.942374644461481,0.977525735142024,0.0224742648579757,0.942374644461481,0.021179177355068,4.65892527891973,50.0309866406375,53.0903361361422,2015
"Daegu","Total","15-19",28179,127886,0.819440617691347,0.921195467106413,0.866299072782108,0.133700927217892,0.921195467106413,0.123164688101046,4.29806561527945,45.3720613617178,49.2534570369054,2015
"Daegu","Total","20-24",44945,109974,0.709880647306012,0.798030779005367,0.876625444759295,0.123374555240705,0.798030779005367,0.0984566924281805,3.74401216395638,41.0739957464383,51.469187438649,2015
"Daegu","Total","25-29",60437,99576,0.622299438170649,0.699574086577186,0.898342109868959,0.101657890131041,0.699574086577186,0.0711172256317871,3.32007736880646,37.3299835824819,53.3610153645438,2015
"Daegu","Total","30-34",81354,103138,0.559037790256488,0.628456860945399,0.981495739271346,0.0185042607286536,0.628456860945399,0.0116291296116449,3.11321148069788,34.0099062136755,54.1165326169146,2015
"Daegu","Total","35-39",79518,96677,0.548693209228412,0.616827731333754,0.999999,1e-06,0.616827731333754,6.16827731333754e-07,3.08413711459944,30.8966947329776,50.0896654989397,2015
"Daegu","Total","40-44",79830,99431,0.554671679841126,0.623548584449599,0.999999,1e-06,0.616827114506023,6.16827114506023e-07,3.08413403046233,27.8125576183781,45.0897130886528,2015
"Daegu","Total","45-49",65668,86253,0.567749027455059,0.638249824641561,0.936466203805641,0.0635337961943585,0.616826497678908,0.0391893289908117,2.98615916591751,24.7284235879158,40.0897556784084,2015
"Daegu","Total","50-54",62950,71466,0.531677776455184,0.597699390361699,0.9624460579519,0.0375539420481004,0.577637168688097,0.0216925527577416,2.83395446154613,21.7422644219983,37.6400024108184,2015
"Daegu","Total","55-59",61228,64165,0.511711180049923,0.575253422093871,0.999999,1e-06,0.555944615930355,5.55944615930355e-07,2.77972168979024,18.9083099604522,34.0111396326948,2015
"Daegu","Total","60-64",42573,44881,0.513195508495895,0.576922068493141,0.999999,1e-06,0.555944059985739,5.55944059985739e-07,2.77971891006855,16.1285882706619,29.0111711438659,2015
"Daegu","Total","65-69",26892,31876,0.542404029403757,0.609757586382176,0.999999,1e-06,0.555943504041679,5.55943504041679e-07,2.77971613034964,13.3488693605934,24.0111976550636,2015
"Daegu","Total","70-74",18297,24554,0.573008797927703,0.644162732316398,0.98185870212225,0.0181412978777498,0.555942948098175,0.0100855266244834,2.75450092392967,10.5691532302437,19.0112191662827,2015
"Daegu","Total","75-79",12986,16704,0.562613674637925,0.632476784307701,0.999999,1e-06,0.545857421473692,5.45857421473692e-07,2.7292857427249,7.81465230631408,14.3162884645157,2015
"Daegu","Total","80-84",6851,10525,0.605720534069982,0.680936480657487,0.908840340388907,0.0911596596110926,0.54585687561627,0.0497601269775537,2.60488406063747,5.08536656358918,9.31630028081595,2015
"Daegu","Total","85+",3796,4649,0.550503256364713,0.618862542863975,0.999999,1e-06,0.496096748638717,4.96096748638716e-07,2.48048250295171,2.48048250295171,4.9999975,2015
"Daejeon","Female","0-4",3790,30686,0.89006845341687,1,0.880671814573858,0.119328185426142,1,0.119328185426142,4.70167953643465,54.3098525977016,54.3098525977016,2015
"Daejeon","Female","5-9",7536,27330,0.783858199965582,0.880671814573858,0.994582662178804,0.00541733782119636,0.880671814573858,0.00477089672915259,4.39143183104641,49.608173061267,56.3299202271751,2015
"Daejeon","Female","10-14",8572,30323,0.779611775292454,0.875900917844706,0.968622796084358,0.0313772039156425,0.875900917844706,0.0274833217091117,4.31079628495075,45.2167412302205,51.6231234709555,2015
"Daejeon","Female","15-19",10686,32957,0.755149737644067,0.848417596135594,0.864471013661451,0.135528986338549,0.848417596135594,0.114985176796045,3.95462503868786,40.9059449452698,48.2143995263533,2015
"Daejeon","Female","20-24",14494,27252,0.652805059167345,0.733432419339549,0.91669446315472,0.0833055368452797,0.733432419339549,0.0610989814328135,3.51441464311571,36.9513199065819,50.3813561171135,2015
"Daejeon","Female","25-29",14411,21475,0.598422783258095,0.672333437906735,0.927354547216784,0.0726454527832157,0.672333437906735,0.0488419670180308,3.2395622719886,33.4369052634662,49.7326228003322,2015
"Daejeon","Female","30-34",18458,23016,0.554950089212519,0.623491470888705,0.960014340061289,0.0399856599387114,0.623491470888705,0.0249307179296427,3.05513055961942,30.1973429914776,48.4326480816735,2015
"Daejeon","Female","35-39",17550,20011,0.532760043662309,0.598560752959062,0.999999,1e-06,0.598560752959062,5.98560752959062e-07,2.99280226839343,27.1422124318582,45.3457937188116,2015
"Daejeon","Female","40-44",17969,21931,0.549649122807017,0.617535786935239,0.980994182189058,0.0190058178109421,0.598560154398309,0.0113761252433837,2.96436045888309,24.1494101634648,40.3458365646482,2015
"Daejeon","Female","45-49",16215,18974,0.539202591719003,0.605799014277011,0.857434066490386,0.142565933509614,0.587184029154925,0.0837124392584086,2.72663904762861,21.1850497045817,36.0790632113601,2015
"Daejeon","Female","50-54",18377,15802,0.46233067087978,0.519432712287405,0.999999,1e-06,0.503471589896517,5.03471589896517e-07,2.51735669080361,18.4584106569531,36.6622685914552,2015
"Daejeon","Female","55-59",14873,14091,0.486500483358652,0.546587716361627,0.928204907769042,0.071795092230958,0.503471086424927,0.0361467530854983,2.42698854941089,15.9410539661495,31.662302753758,2015
"Daejeon","Female","60-64",10849,8933,0.451572136285512,0.507345400853135,0.999999,1e-06,0.467324333339429,4.67324333339429e-07,2.33662049838631,13.5140654167386,28.9179579419054,2015
"Daejeon","Female","65-69",7110,6384,0.47309915518008,0.531531202306864,0.999999,1e-06,0.467323866015095,4.67323866015095e-07,2.33661816176581,11.1774449183523,23.9179843598898,2015
"Daejeon","Female","70-74",5451,4924,0.474602409638554,0.533220122358691,0.999999,1e-06,0.467323398691229,4.67323398691229e-07,2.33661582514765,8.84082675658647,18.9180057778956,2015
"Daejeon","Female","75-79",3617,4196,0.537053628567772,0.603384634638027,0.999999,1e-06,0.467322931367831,4.67322931367831e-07,2.33661348853182,6.50421093143882,13.9180221959178,2015
"Daejeon","Female","80-84",2140,3559,0.624495525530795,0.70162640090594,0.85573810043955,0.14426189956045,0.467322464044899,0.0674168263703871,2.16807025429853,4.16759744290699,8.91803361395138,2015
"Daejeon","Female","85+",1130,1297,0.534404614750721,0.600408443529488,0.999999,1e-06,0.399905637674512,3.99905637674512e-07,1.99952718860847,1.99952718860847,4.9999975,2015
"Daejeon","Male","0-4",4422,31977,0.878513145965549,1,0.927693941757539,0.0723060582424611,1,0.0723060582424611,4.81923485439385,53.0551625616029,53.0551625616029,2015
"Daejeon","Male","5-9",7143,31466,0.814991323266596,0.927693941757539,0.94439844763695,0.0556015523630502,0.927693941757539,0.0515812232795162,4.5095166505889,48.235927707209,51.9955187115105,2015
"Daejeon","Male","10-14",9976,33337,0.769676540530557,0.876112718478023,0.999999,1e-06,0.876112718478023,8.76112718478023e-07,4.38056140210832,43.7264110566201,49.9095722894896,2015
"Daejeon","Male","15-19",8549,37592,0.814720097093691,0.927385208559692,0.811626703722892,0.188373296277108,0.876111842365304,0.165036075653762,3.96796902269212,39.3458496545118,44.9096196991093,2015
"Daejeon","Male","20-24",13484,26321,0.661248586860947,0.752690599904669,0.946535206147904,0.053464793852096,0.711075766711542,0.0380175192804537,3.46033503535658,35.3778806318197,49.7526174959232,2015
"Daejeon","Male","25-29",14054,23513,0.625895067479437,0.712448152146356,0.875249442033165,0.124750557966835,0.673058247431088,0.0839643919112086,3.15538025737742,31.9175455964631,47.4216692511907,2015
"Daejeon","Male","30-34",18361,22244,0.547814308582687,0.623569847643657,0.946158185853285,0.0538418141467154,0.58909385551988,0.0317178818838734,2.86617457288971,28.7621653390857,48.8244191813932,2015
"Daejeon","Male","35-39",19313,20782,0.518318992393066,0.589995715799332,0.999999,1e-06,0.557375973636006,5.57375973636006e-07,2.7868784747401,25.895990766196,46.4605436744343,2015
"Daejeon","Male","40-44",18941,21230,0.52849070224789,0.601574039813646,0.999999,1e-06,0.557375416260033,5.57375416260033e-07,2.78687568786162,23.1091122914559,41.4605876350219,2015
"Daejeon","Male","45-49",15962,19891,0.554793183276155,0.631513809240041,0.940129316683976,0.0598706833160236,0.557374858884616,0.0333704136645942,2.7034482602616,20.3222366035943,36.4606265956485,2015
"Daejeon","Male","50-54",15942,17380,0.52157733629434,0.593704645957335,0.999999,1e-06,0.524004445220022,5.24004445220022e-07,2.620020916089,17.6187883433327,33.6233566414399,2015
"Daejeon","Male","55-59",11336,15524,0.577959791511541,0.657884055765975,0.953584552555367,0.0464154474446329,0.524003921215577,0.0243218764659632,2.55921491491298,14.9987674272437,28.6233877648277,2015
"Daejeon","Male","60-64",8098,9943,0.551133529183526,0.627348072950908,0.814363159036396,0.185636840963604,0.499682044749614,0.0927593962735526,2.26651173306419,12.4395525123307,24.8949359758645,2015
"Daejeon","Male","65-69",6602,5376,0.448822841876774,0.510889158503696,0.999999,1e-06,0.406922648476061,4.06922648476061e-07,2.03461222507368,10.1730407792665,24.999937500075,2015
"Daejeon","Male","70-74",4561,5494,0.54639482844356,0.621954072005415,0.999999,1e-06,0.406922241553413,4.06922241553412e-07,2.03461019046146,8.13842855419283,19.999960000035,2015
"Daejeon","Male","75-79",2265,3743,0.623002663115846,0.709155766167985,0.999999,1e-06,0.406921834631171,4.06921834631171e-07,2.03460815585127,6.10381836373137,14.9999775000125,2015
"Daejeon","Male","80-84",893,1541,0.633114215283484,0.720665613475421,0.999999,1e-06,0.406921427709336,4.06921427709336e-07,2.03460612124311,4.0692102078801,9.9999900000025,2015
"Daejeon","Male","85+",328,884,0.729372937293729,0.830235655144462,0.999999,1e-06,0.406921020787909,4.06921020787909e-07,2.03460408663699,2.03460408663699,4.9999975,2015
"Daejeon","Total","0-4",8212,62663,0.884134038800706,1,0.905086475608055,0.0949135243919448,1,0.0949135243919448,4.76271618902014,54.8910062709471,54.8910062709471,2015
"Daejeon","Total","5-9",14679,58796,0.800217761143246,0.905086475608055,0.967708075438862,0.0322919245611385,0.905086475608055,0.029226984191642,4.45236491756117,50.1282900819269,55.3850835614903,2015
"Daejeon","Total","10-14",18548,63660,0.774377189567925,0.875859491416413,0.999999,1e-06,0.875859491416413,8.75859491416413e-07,4.37929526743334,45.6759251643658,52.149831807497,2015
"Daejeon","Total","15-19",19235,70549,0.785763610442841,0.888738105263654,0.836035586073942,0.163964413926058,0.875858615556922,0.143609644581879,4.02026896632991,41.2966298969324,47.1498814573784,2015
"Daejeon","Total","20-24",27978,53573,0.656926340572157,0.743016682700344,0.932331746206824,0.0676682537931755,0.732248970975043,0.0495500092077308,3.53736983185589,37.2763609306025,50.9066757457731,2015
"Daejeon","Total","25-29",28465,44988,0.612473282234898,0.692738041242814,0.90031678023261,0.0996832197673904,0.682698961767312,0.0680536306408202,3.24336073223451,33.7389910987466,49.4200123161255,2015
"Daejeon","Total","30-34",36819,45260,0.551419973440222,0.623683682836375,0.952638514563771,0.0473614854362288,0.614645331126492,0.0291105158985933,3.00045036588598,30.4956303665121,49.6150036812632,2015
"Daejeon","Total","35-39",36863,40793,0.525303904398887,0.594145097174906,0.999999,1e-06,0.585534815227899,5.85534815227898e-07,2.92767261230245,27.4951800006261,46.9573785974189,2015
"Daejeon","Total","40-44",36910,43161,0.539034107229833,0.609674646121546,0.999999,1e-06,0.585534229693083,5.85534229693083e-07,2.92766968462984,24.5675073883237,41.9574230548419,2015
"Daejeon","Total","45-49",32177,38865,0.547070746882126,0.618764489176558,0.898563678191898,0.101436321808102,0.585533644158854,0.0593943791583684,2.77918227289835,21.6398377036938,36.9574625123045,2015
"Daejeon","Total","50-54",34319,33182,0.491577902549592,0.555999295329019,0.999999,1e-06,0.526139265000485,5.26139265000485e-07,2.63069500965426,18.8606554307955,35.8472683668232,2015
"Daejeon","Total","55-59",26209,29615,0.530506592146747,0.600029598302039,0.940726138079496,0.0592738619205038,0.52613873886122,0.031186274958288,2.55272800691038,16.2299604211412,30.8473017141249,2015
"Daejeon","Total","60-64",18947,18876,0.499061417655924,0.564463526744069,0.925103405616768,0.074896594383232,0.494952463902932,0.0370702539279192,2.38208668469486,13.6772324142309,27.6334262615433,2015
"Daejeon","Total","65-69",13712,11760,0.461683417085427,0.52218713093739,0.999999,1e-06,0.457882209975013,4.57882209975013e-07,2.28940990516954,11.295145729536,24.6682345010792,2015
"Daejeon","Total","70-74",10012,10418,0.509936368086148,0.576763641831794,0.999999,1e-06,0.457881752092803,4.57881752092803e-07,2.28940761575964,9.00573582436645,19.6682566693358,2015
"Daejeon","Total","75-79",5882,7939,0.574415744157442,0.649693054388693,0.999999,1e-06,0.457881294211051,4.57881294211051e-07,2.28940532635202,6.71632820860682,14.6682738376097,2015
"Daejeon","Total","80-84",3033,5100,0.627074880118038,0.709253181755835,0.955771786043354,0.0442282139566462,0.457880836329757,0.0202512515958406,2.23877605265918,4.4269228822548,9.66828600589569,2015
"Daejeon","Total","85+",1458,2181,0.599340478153339,0.677884180283706,0.999999,1e-06,0.437629584733916,4.37629584733916e-07,2.18814682959562,2.18814682959562,4.9999975,2015
"Gangwon","Female","0-4",2849,23983,0.893820810971974,1,0.893887622704856,0.106112377295144,1,0.106112377295144,4.73471905676214,41.2828394352094,41.2828394352094,2015
"Gangwon","Female","5-9",5768,22925,0.798975359843864,0.893887622704856,0.961495257267867,0.0385047427321329,0.893887622704856,0.0344189129436884,4.38339083116506,36.5481203784473,40.886705946162,2015
"Gangwon","Female","10-14",8515,28221,0.768211019163763,0.859468709761168,0.92219766536041,0.0778023346395902,0.859468709761168,0.0668686721690952,4.1301718683831,32.1647295472822,37.4239680653647,2015
"Gangwon","Female","15-19",11583,28145,0.708442408376963,0.792600037592073,0.744514915508644,0.255485084491356,0.792600037592073,0.202497487572063,3.45675646903021,28.0345576788991,35.3703713717556,2015
"Gangwon","Female","20-24",18750,20928,0.527445939815515,0.59010255002001,0.746209136810828,0.253790863189172,0.59010255002001,0.14976263553971,2.57610616125077,24.5778012098689,41.6500508412232,2015
"Gangwon","Female","25-29",31006,20124,0.393584979464111,0.4403399144803,0.86887469240567,0.13112530759433,0.4403399144803,0.0577397067322903,2.05735030557077,22.0016950486181,49.9652525812589,2015
"Gangwon","Female","30-34",47433,24651,0.341976027967371,0.382600207748009,0.984685030308409,0.0153149696915909,0.382600207748009,0.00585951058565713,1.8983522622759,19.9443447430473,52.1284211015986,2015
"Gangwon","Female","35-39",56094,28479,0.3367386754638,0.376740697162352,0.904611862240668,0.095388137759332,0.376740697162352,0.0359365935204692,1.79386200201059,18.0459924807714,47.9003001711671,2015
"Gangwon","Female","40-44",77944,34144,0.304617800299764,0.340804103641883,0.951321993970088,0.0486780060299119,0.340804103641883,0.0165896642120983,1.66254635767917,16.2521304787608,47.6876020713606,2015
"Gangwon","Female","45-49",90571,36956,0.289789613179954,0.324214439429785,0.999999,1e-06,0.324214439429785,3.24214439429785e-07,1.62107138661283,14.5895841210817,44.99979750051,2015
"Gangwon","Female","50-54",87215,38863,0.308245689176541,0.34486295842826,0.999999,1e-06,0.324214115215345,3.24214115215345e-07,1.62106976554144,12.9685127344689,39.99984000035,2015
"Gangwon","Female","55-59",81802,41668,0.337474690208148,0.377564144922029,0.999999,1e-06,0.32421379100123,3.2421379100123e-07,1.62106814447167,11.3474429689274,34.9998775002275,2015
"Gangwon","Female","60-64",50739,28725,0.361484445786771,0.404426078862138,0.999999,1e-06,0.324213466787439,3.24213466787439e-07,1.62106652340353,9.72637482445574,29.9999100001375,2015
"Gangwon","Female","65-69",29057,20945,0.418883244670213,0.468643423299469,0.999999,1e-06,0.324213142573972,3.24213142573972e-07,1.621064902337,8.10530830105221,24.999937500075,2015
"Gangwon","Female","70-74",27354,24698,0.474487051410128,0.530852544028544,0.999999,1e-06,0.32421281836083,3.2421281836083e-07,1.6210632812721,6.48424339871521,19.999960000035,2015
"Gangwon","Female","75-79",21851,23328,0.516346089997565,0.5776841215367,0.999999,1e-06,0.324212494148011,3.24212494148011e-07,1.62106166020882,4.8631801174431,14.9999775000125,2015
"Gangwon","Female","80-84",14039,15587,0.526125700398299,0.588625476090862,0.999999,1e-06,0.324212169935517,3.24212169935517e-07,1.62106003914716,3.24211845723428,9.9999900000025,2015
"Gangwon","Female","85+",8343,10128,0.548318986519409,0.613455157665379,0.999999,1e-06,0.324211845723347,3.24211845723347e-07,1.62105841808712,1.62105841808712,4.9999975,2015
"Gangwon","Male","0-4",2628,25852,0.907724719101124,1,0.963340354580913,0.0366596454190868,1,0.0366596454190868,4.90835088645228,45.4760361518579,45.4760361518579,2015
"Gangwon","Male","5-9",4093,28507,0.874447852760736,0.963340354580913,0.900641556492034,0.0993584435079661,0.963340354580913,0.0957159981995717,4.57741177740564,40.5676852654056,42.1114770833554,2015
"Gangwon","Male","10-14",7957,29499,0.787564075181546,0.867624356381341,0.944537330423424,0.0554626695765764,0.867624356381341,0.0481207629945681,4.21781987442029,35.990273488,41.4814005891986,2015
"Gangwon","Male","15-19",11149,32382,0.74388366910937,0.819503593386773,0.811647879555369,0.188352120444631,0.819503593386773,0.154355239526394,3.71162986811788,31.7724536135797,38.7703652186237,2015
"Gangwon","Male","20-24",15086,22988,0.603771602668488,0.66514835386038,0.782495517311774,0.217504482688226,0.66514835386038,0.144672748617327,2.96405989775858,28.0608237454618,42.1873159312547,2015
"Gangwon","Male","25-29",27774,24873,0.472448572568238,0.520475605243053,0.749363154357092,0.250636845642908,0.520475605243053,0.130450363932202,2.27625211638476,25.0967638477032,48.2189051607587,2015
"Gangwon","Male","30-34",46804,25652,0.35403555261124,0.390025241310851,0.999999,1e-06,0.390025241310851,3.90025241310851e-07,1.95012523149115,22.8205117313185,58.5103457781865,2015
"Gangwon","Male","35-39",56600,31437,0.357088496881993,0.393388534395759,0.999999,1e-06,0.390024851285609,3.90024851285609e-07,1.95012328136592,20.8703864998273,53.5104017885882,2015
"Gangwon","Male","40-44",72888,41400,0.362242755144897,0.39906675176105,0.999999,1e-06,0.390024461260758,3.90024461260758e-07,1.95012133124264,18.9202632184614,48.510452799041,2015
"Gangwon","Male","45-49",81628,46444,0.362639765132113,0.399504120027951,0.964956545935282,0.0350434540647182,0.390024071236297,0.0136677906245035,1.91595087962023,16.9701418872188,43.5104988095399,2015
"Gangwon","Male","50-54",85079,45798,0.349931615180666,0.385504115749086,0.999999,1e-06,0.376356280611793,3.76356280611793e-07,1.88178046216826,15.0541910075986,39.99984000035,2015
"Gangwon","Male","55-59",68163,46020,0.403037229710202,0.444008212213622,0.999999,1e-06,0.376355904255513,3.76355904255513e-07,1.8817785803878,13.1724105454303,34.9998775002275,2015
"Gangwon","Male","60-64",38437,31215,0.448156549704244,0.493714162756339,0.999999,1e-06,0.376355527899608,3.76355527899608e-07,1.88177669860922,11.2906319650425,29.9999100001375,2015
"Gangwon","Male","65-69",23421,20800,0.470364758824993,0.518179960209492,0.999999,1e-06,0.37635515154408,3.7635515154408e-07,1.88177481683252,9.40885526643326,24.999937500075,2015
"Gangwon","Male","70-74",23691,21437,0.475026591029959,0.523315693661351,0.999999,1e-06,0.376354775188929,3.76354775188929e-07,1.88177293505771,7.52708044960074,19.999960000035,2015
"Gangwon","Male","75-79",14307,16508,0.535713126723998,0.590171354212419,0.999999,1e-06,0.376354398834154,3.76354398834154e-07,1.88177105328477,5.64530751454303,14.9999775000125,2015
"Gangwon","Male","80-84",6074,7915,0.565801701336765,0.623318600265784,0.999999,1e-06,0.376354022479755,3.76354022479755e-07,1.88176917151372,3.76353646125826,9.9999900000025,2015
"Gangwon","Male","85+",2509,3292,0.56748836407516,0.625176721679581,0.999999,1e-06,0.376353646125732,3.76353646125732e-07,1.88176728974455,1.88176728974455,4.9999975,2015
"Gangwon","Total","0-4",5477,49835,0.900979895863465,1,0.931338237288235,0.0686617627117655,1,0.0686617627117655,4.82834559322059,43.96096484231,43.96096484231,2015
"Gangwon","Total","5-9",9861,51432,0.839117028045617,0.931338237288235,0.92714296995972,0.0728570300402804,0.931338237288235,0.0678545379317707,4.48705484161175,39.1326192490894,42.0176233320252,2015
"Gangwon","Total","10-14",16472,57720,0.777981453525987,0.863483699356464,0.93443417724036,0.0655658227596396,0.863483699356464,0.0566150191878438,4.17588094881271,34.6455644074776,40.123009193223,2015
"Gangwon","Total","15-19",22732,60527,0.726972459433815,0.80686868016862,0.776950318216505,0.223049681783495,0.80686868016862,0.179971802352679,3.5844138949614,30.4696834586649,37.7628779100675,2015
"Gangwon","Total","20-24",33836,43916,0.564821483691738,0.626896877815941,0.767664116729209,0.232335883270791,0.626896877815941,0.145650639827068,2.77035778951203,26.8852695637035,42.8862712753805,2015
"Gangwon","Total","25-29",58780,44997,0.433593185387899,0.481246237988873,0.802644784808756,0.197355215191244,0.481246237988873,0.0949764548582708,2.16879005279869,24.1149117741915,50.1092992954452,2015
"Gangwon","Total","30-34",94237,50303,0.348021308980213,0.386269783130602,0.997403811230805,0.00259618876919454,0.386269783130602,0.00100282927284288,1.9288418424709,21.9461217213928,56.8155281097216,2015
"Gangwon","Total","35-39",112694,59916,0.347117779966398,0.385266953857759,0.961374802932632,0.0386251970673682,0.385266953857759,0.0148810120163006,1.88913223924804,20.0172798789219,51.9569085240368,2015
"Gangwon","Total","40-44",150832,75544,0.333710287309609,0.370385941841458,0.977771344770215,0.0222286552297855,0.370385941841458,0.00823318140315315,1.83134675569941,18.1281476396739,48.9439408783865,2015
"Gangwon","Total","45-49",172199,83400,0.326292356386371,0.362152760438305,0.999999,1e-06,0.362152760438305,3.62152760438305e-07,1.81076289680963,16.2968008839744,44.99979750051,2015
"Gangwon","Total","50-54",172294,84661,0.329477924150143,0.365688430632943,0.999999,1e-06,0.362152398285545,3.62152398285545e-07,1.81076108604673,14.4860379871648,39.99984000035,2015
"Gangwon","Total","55-59",149965,87688,0.368974934042491,0.409526267718636,0.999999,1e-06,0.362152036133147,3.62152036133147e-07,1.81075927528564,12.6752769011181,34.9998775002275,2015
"Gangwon","Total","60-64",89176,59940,0.401968936935004,0.446146399914697,0.999999,1e-06,0.36215167398111,3.6215167398111e-07,1.81075746452637,10.8645176258325,29.9999100001375,2015
"Gangwon","Total","65-69",52478,41745,0.443044691848063,0.491736490328083,0.999999,1e-06,0.362151311829436,3.62151311829436e-07,1.8107556537689,9.05376016130608,24.999937500075,2015
"Gangwon","Total","70-74",51045,46135,0.474737600329286,0.52691253435163,0.999999,1e-06,0.362150949678125,3.62150949678125e-07,1.81075384301325,7.24300450753718,19.999960000035,2015
"Gangwon","Total","75-79",36158,39836,0.524199278890439,0.581810183886585,0.999999,1e-06,0.362150587527175,3.62150587527175e-07,1.81075203225941,5.43225066452393,14.9999775000125,2015
"Gangwon","Total","80-84",20113,23502,0.538851312621804,0.598072515375484,0.999999,1e-06,0.362150225376587,3.62150225376587e-07,1.81075022150737,3.62149863226453,9.9999900000025,2015
"Gangwon","Total","85+",10852,13420,0.552900461437047,0.613665703280946,0.999999,1e-06,0.362149863226362,3.62149863226362e-07,1.81074841075715,1.81074841075715,4.9999975,2015
"Gwangju","Female","0-4",2995,29120,0.906741398100576,1,0.972554864439651,0.0274451355603487,1,0.0274451355603487,4.93138716109913,53.202211346845,53.202211346845,2015
"Gwangju","Female","5-9",4459,33283,0.881855757511526,0.972554864439651,0.936736517923167,0.0632634820768333,0.972554864439651,0.0615272072352149,4.70895630411022,48.2708241857459,49.6330088416736,2015
"Gwangju","Female","10-14",7021,33345,0.826066491601843,0.911027657204436,0.971624987029998,0.0283750129700017,0.911027657204436,0.0258504215892061,4.49051223204917,43.5618678816356,47.8161859710262,2015
"Gwangju","Female","15-19",9873,40149,0.802626844188557,0.88517723561523,0.846036242425387,0.153963757574613,0.88517723561523,0.136285213314829,4.08517314478908,39.0713556495865,44.1395847944852,2015
"Gwangju","Female","20-24",15929,33702,0.679051399327034,0.748892022300401,0.853344141557255,0.146655858442745,0.748892022300401,0.109829402411389,3.46988660547353,34.9861825047974,46.7172589144814,2015
"Gwangju","Female","25-29",18189,25063,0.57946453343198,0.639062619889012,0.899898509543753,0.100101490456247,0.639062619889012,0.0639711207457638,3.03538529758065,31.5162958993239,49.3164439891624,2015
"Gwangju","Female","30-34",24162,26329,0.521459269968905,0.575091499143248,0.999999,1e-06,0.575091499143248,5.75091499143248e-07,2.87545605798749,28.4809106017432,49.5241377140387,2015
"Gwangju","Female","35-39",23702,25833,0.521510043403654,0.57514749463971,0.991358188853974,0.00864181114602602,0.575090924051749,0.00496982715744881,2.86303005236512,25.6054545437557,44.5241847382235,2015
"Gwangju","Female","40-44",24060,25754,0.517003252097804,0.570177178609923,0.987762138571703,0.0122378614282972,0.5701210968943,0.00697706298114125,2.83316282701865,22.7424244913906,39.8905155681461,2015
"Gwangju","Female","45-49",21404,22338,0.510676237940652,0.563199429308518,0.880062850154165,0.119937149845835,0.563144033913159,0.0675418903802307,2.64686544361522,19.9092616643719,35.3537646950231,2015
"Gwangju","Female","50-54",21338,17418,0.449427185468057,0.495650894962453,0.982323829799975,0.0176761702000253,0.495602143532929,0.00876034784058542,2.45610984806318,17.2623962207567,34.8311573023085,2015
"Gwangju","Female","55-59",19719,15587,0.441483034045205,0.486889685383302,0.900900989449239,0.0990990105507612,0.486841795692343,0.048245540247867,2.31359512784205,14.8062863726935,30.4129318881452,2015
"Gwangju","Female","60-64",14396,9507,0.397732502196377,0.438639399314445,0.999999,1e-06,0.438596255444476,4.38596255444476e-07,2.19298018073174,12.4926912448515,28.4833513505293,2015
"Gwangju","Female","65-69",10639,7693,0.419648701723762,0.462809685984156,0.968443480691674,0.0315565193083258,0.438595816848221,0.0138405573629218,2.1583776908338,10.2997110641198,23.4833773339066,2015
"Gwangju","Female","70-74",8321,5697,0.406406049365102,0.448205023192316,0.999999,1e-06,0.424755259485299,4.24755259485299e-07,2.12377523553835,8.14133337328596,19.16711610152,2015
"Gwangju","Female","75-79",5323,5270,0.497498347965638,0.548666189729274,0.999999,1e-06,0.424754834730039,4.24754834730039e-07,2.12377311176311,6.01755813774761,14.1671327686527,2015
"Gwangju","Female","80-84",2708,3447,0.560032493907392,0.617631989760848,0.888952887757251,0.111047112242749,0.424754409975205,0.0471677506401191,2.00585267327572,3.8937850259845,9.16714443579716,2015
"Gwangju","Female","85+",1862,1846,0.497842502696872,0.549045740869163,0.999999,1e-06,0.377586659335085,3.77586659335085e-07,1.88793235270878,1.88793235270878,4.9999975,2015
"Gwangju","Male","0-4",3583,34093,0.904899670878012,1,0.908036456633624,0.0919635433663756,1,0.0919635433663756,4.77009114158406,52.7633455868731,52.7633455868731,2015
"Gwangju","Male","5-9",6813,31394,0.821681890753003,0.908036456633624,0.999999,1e-06,0.908036456633624,9.08036456633624e-07,4.54018001307698,47.993254445289,52.8538849896127,2015
"Gwangju","Male","10-14",7000,37307,0.842011420317331,0.930502515820719,0.964436743554409,0.0355632564455909,0.908035548597168,0.0322927010764739,4.45944599029465,43.453074432212,47.853935343548,2015
"Gwangju","Male","15-19",9516,41119,0.81206675224647,0.897410816227319,0.84199879435613,0.15800120564387,0.875742847520694,0.138368425742265,4.03279317324781,38.9936284419174,44.5263453219308,2015
"Gwangju","Male","20-24",12982,28069,0.683759226328226,0.755618825305554,0.901973738089156,0.0980262619108435,0.737374421778428,0.072282058195609,3.50616696340312,34.9608352686696,47.412595604211,2015
"Gwangju","Male","25-29",16597,26707,0.61673286532422,0.681548336431387,0.853903595762853,0.146096404237147,0.665092363582819,0.0971676028050354,3.08254281090151,31.4546683052665,47.293684347572,2015
"Gwangju","Male","30-34",21935,24403,0.526630411325478,0.581976575164952,0.981943851747214,0.0180561482527856,0.567924760777784,0.0102545336770314,2.81398746969634,28.372125494365,49.9575427130678,2015
"Gwangju","Male","35-39",23056,24691,0.51712149454416,0.571468319844125,0.9865029437243,0.0134970562756997,0.557670227100753,0.00752690643846112,2.76953386940761,25.5581380246686,45.8301999687911,2015
"Gwangju","Male","40-44",22339,23264,0.510141876630923,0.56375517977141,0.999999,1e-06,0.550143320662291,5.50143320662291e-07,2.75071522795316,22.788604155261,41.4230315980695,2015
"Gwangju","Male","45-49",19325,23593,0.549722727060907,0.607495775225024,0.936847475077801,0.0631525249221988,0.550142770518971,0.0347429050259668,2.66385659002994,20.0378889273078,36.4230705211401,2015
"Gwangju","Male","50-54",16806,17846,0.515006348839894,0.569130883139995,0.900659349051238,0.0993406509487619,0.515399865493004,0.0512001581369793,2.44899893212257,17.3740323372779,33.7098115473097,2015
"Gwangju","Male","55-59",17521,15158,0.463845282903394,0.512593050733824,0.999999,1e-06,0.464199707356025,4.64199707356025e-07,2.32099737628086,14.9250334051553,32.1521818489824,2015
"Gwangju","Male","60-64",10694,12172,0.532318726493484,0.588262703175681,0.924663688629297,0.0753363113707026,0.464199243156317,0.0349710587204688,2.23356856898041,12.6040360288745,27.1522115011939,2015
"Gwangju","Male","65-69",7991,7746,0.492215797165915,0.543945161001467,0.98553332111824,0.0144666788817599,0.429228184435848,0.00620950631123423,2.13061715640116,10.3704674598941,24.1607327662427,2015
"Gwangju","Male","70-74",6391,6021,0.485095069287786,0.536076081027971,0.999999,1e-06,0.423018678124614,4.23018678124614e-07,2.11509233307638,8.23985030349291,19.4786914375104,2015
"Gwangju","Male","75-79",3633,4006,0.52441419033905,0.57952744068325,0.999999,1e-06,0.423018255105936,4.23018255105936e-07,2.11509021798404,6.12475797041653,14.4787084162189,2015
"Gwangju","Male","80-84",1035,2443,0.702415181138585,0.776235425588166,0.930496362824022,0.0695036371759783,0.423017832087681,0.0294012779203911,2.04158596563743,4.00966775243249,9.47872039493926,2015
"Gwangju","Male","85+",583,1100,0.65359477124183,0.722284240204945,0.999999,1e-06,0.39361655416729,3.9361655416729e-07,1.96808178679506,1.96808178679506,4.9999975,2015
"Gwangju","Total","0-4",6578,63213,0.905747159375851,1,0.940201255038036,0.0597987449619642,1,0.0597987449619642,4.85050313759509,54.5787270982495,54.5787270982495,2015
"Gwangju","Total","5-9",11272,64677,0.851584615992311,0.940201255038036,0.97983219609327,0.0201678039067295,0.940201255038036,0.018961794544468,4.65360178882901,49.7282239606544,52.891041885115,2015
"Gwangju","Total","10-14",14021,70652,0.83441002444699,0.921239460493568,0.967600483011521,0.0323995169884793,0.921239460493568,0.0298477135507189,4.53157801859104,45.0746221718254,48.9282364735831,2015
"Gwangju","Total","15-19",19389,81268,0.807375542684562,0.891391746942849,0.843699812673477,0.156300187326523,0.891391746942849,0.139324697028484,4.10864699214303,40.5430441532344,45.4828578930446,2015
"Gwangju","Total","20-24",28911,61771,0.681182594120112,0.752067049914365,0.878046355463826,0.121953644536174,0.752067049914365,0.0917173176726257,3.53104195539026,36.4343971610913,48.4456767056076,2015
"Gwangju","Total","25-29",34786,51770,0.598109894172559,0.660349732241739,0.875982742492065,0.124017257507935,0.660349732241739,0.0818947627887198,3.0970117542369,32.9033552057011,49.8271652113821,2015
"Gwangju","Total","30-34",46097,50732,0.523933945408917,0.578454969453019,0.991262550013004,0.00873744998699599,0.578454969453019,0.00505422136532505,2.87963929385178,29.8063434514642,51.5275086661434,2015
"Gwangju","Total","35-39",46758,50524,0.519356098764417,0.573400748087694,0.989155553858777,0.0108444461412226,0.573400748087694,0.00621821352997375,2.85145820661354,26.9267041576124,46.9596599715184,2015
"Gwangju","Total","40-44",46399,49018,0.513723969523251,0.56718253455772,0.999999,1e-06,0.56718253455772,5.6718253455772e-07,2.83591125483227,24.0752459509989,42.4470862273154,2015
"Gwangju","Total","45-49",40729,45931,0.530013847219017,0.585167551156604,0.906360488384296,0.0936395116157045,0.567181967375186,0.0531106424222468,2.70313323082031,21.2393346961666,37.4471261744416,2015
"Gwangju","Total","50-54",38144,35264,0.480383609415867,0.530372747452942,0.941397876947074,0.0586021230529262,0.514071324952939,0.030125671042873,2.49504244715751,18.5362014653463,36.0576452441559,2015
"Gwangju","Total","55-59",37240,30745,0.45223211002427,0.499291778442786,0.999999,1e-06,0.483945653910066,4.83945653910066e-07,2.4197270596862,16.0411590181888,33.1466124110906,2015
"Gwangju","Total","60-64",25090,21679,0.463533537172058,0.511769241971986,0.977639228505765,0.0223607714942349,0.483945169964412,0.0108213873613129,2.39267238141878,13.6214319585026,28.1466430577337,2015
"Gwangju","Total","65-69",18630,15439,0.45316856966744,0.500325686894472,0.978355181855523,0.0216448181444767,0.473123782603099,0.010240678234271,2.34001721742982,11.2287595770838,23.7332385096006,2015
"Gwangju","Total","70-74",14712,11718,0.443359818388195,0.489496228388631,0.999999,1e-06,0.462883104368828,4.62883104368828e-07,2.31441436463638,8.88874235965398,19.2029959092466,2015
"Gwangju","Total","75-79",8956,9276,0.508775778850373,0.561719430840909,0.999999,1e-06,0.462882641485724,4.62882641485724e-07,2.31441205022202,6.5743279950176,14.2030126122592,2015
"Gwangju","Total","80-84",3743,5890,0.611439842209073,0.675066806315369,0.893736873283429,0.106263126716571,0.462882178603082,0.0491873075997416,2.19144262401606,4.25991594479558,9.20302431528354,2015
"Gwangju","Total","85+",2445,2946,0.54646633277685,0.603332096733728,0.999999,1e-06,0.413694871003341,4.13694871003341e-07,2.06847332077953,2.06847332077953,4.9999975,2015
"Gyeongbuk","Female","0-4",3551,48822,0.932197888224849,1,0.887364255544025,0.112635744455975,1,0.112635744455975,4.71841063886006,41.440811723134,41.440811723134,2015
"Gyeongbuk","Female","5-9",9066,43399,0.827199085104355,0.887364255544025,0.988591543182253,0.0114084568177472,0.887364255544025,0.0101234567909864,4.41151263574266,36.7224010842739,41.3836830307754,2015
"Gyeongbuk","Female","10-14",10537,47283,0.817762020062262,0.877240798753039,0.858432436347201,0.141567563652799,0.877240798753039,0.124188842616303,4.07573188722444,32.3108884485312,36.8324050756187,2015
"Gyeongbuk","Female","15-19",19180,45181,0.701993443234257,0.753051956136736,0.765507178088281,0.234492821911719,0.753051956136736,0.176585278240643,3.32379658508207,28.2351565613068,37.4943007998507,2015
"Gyeongbuk","Female","20-24",31057,36076,0.537381019766732,0.576466677896093,0.89449680838693,0.10550319161307,0.576466677896093,0.0608190743766216,2.73028570353891,24.9113599762247,43.2138767623876,2015
"Gyeongbuk","Female","25-29",40963,37916,0.480685607069055,0.515647603519471,0.833624929827127,0.166375070172873,0.515647603519471,0.085790906220026,2.36376075204729,22.1810742726858,43.0159553177255,2015
"Gyeongbuk","Female","30-34",71594,47871,0.400711505461851,0.429856697299445,0.883971669336941,0.116028330663059,0.429856697299445,0.0498755550119903,2.02459459896725,19.8173135206385,46.102139725029,2015
"Gyeongbuk","Female","35-39",95322,52285,0.354217618405631,0.379981142287455,0.93928940114749,0.0607105988525095,0.379981142287455,0.023068882700932,1.84223350468494,17.7927189216713,46.825268260842,2015
"Gyeongbuk","Female","40-44",124034,61844,0.332712854668116,0.356912259586523,0.903334072151913,0.0966659278480875,0.356912259586523,0.0345012547332887,1.69830816109939,15.9504854169863,44.6902144394387,2015
"Gyeongbuk","Female","45-49",159480,68528,0.300550857864636,0.322411004853234,0.984466814894876,0.0155331851051238,0.322411004853234,0.00500806981831426,1.59953484972039,14.2521772558869,44.2049962357045,2015
"Gyeongbuk","Female","50-54",172932,72669,0.295882345755921,0.31740293503492,0.999999,1e-06,0.31740293503492,3.1740293503492e-07,1.58701388166726,12.6526424061665,39.8630290068822,2015
"Gyeongbuk","Female","55-59",166504,74188,0.308227942765028,0.330646471804367,0.999999,1e-06,0.317402617631985,3.17402617631985e-07,1.58701229465338,11.0656285244993,34.8630663699485,2015
"Gyeongbuk","Female","60-64",126808,63792,0.334690451206716,0.359033693848046,0.999999,1e-06,0.317402300229367,3.17402300229367e-07,1.58701070764109,9.4786162298459,29.8630987330473,2015
"Gyeongbuk","Female","65-69",94610,52946,0.358819702350294,0.384917952381958,0.999999,1e-06,0.317401982827067,3.17401982827067e-07,1.58700912063038,7.89160552220482,24.8631260961734,2015
"Gyeongbuk","Female","70-74",71784,52592,0.422846851482601,0.453602026805503,0.999999,1e-06,0.317401665425084,3.17401665425084e-07,1.58700753362126,6.30459640157444,19.8631484593218,2015
"Gyeongbuk","Female","75-79",60570,51018,0.457199698892354,0.490453480604835,0.999999,1e-06,0.317401348023419,3.17401348023419e-07,1.58700594661372,4.71758886795318,14.8631658224876,2015
"Gyeongbuk","Female","80-84",36218,37741,0.510296245216944,0.547411930087809,0.981757418674583,0.0182425813254171,0.317401030622071,0.00579021411389433,1.57252961782562,3.13058292133946,9.86317818566583,2015
"Gyeongbuk","Female","85+",23254,23346,0.500987124463519,0.537425723434679,0.999999,1e-06,0.311610816508176,3.11610816508176e-07,1.55805330351384,1.55805330351384,4.9999975,2015
"Gyeongbuk","Male","0-4",4885,50951,0.912511641235045,1,0.916327223499245,0.0836727765007549,1,0.0836727765007549,4.79081805874811,44.2457995372085,44.2457995372085,2015
"Gyeongbuk","Male","5-9",9547,48723,0.836159258623648,0.916327223499245,0.936014278092432,0.0639857219075676,0.916327223499245,0.0586318588991562,4.43505647024834,39.4549814784604,43.0577423289803,2015
"Gyeongbuk","Male","10-14",13497,48603,0.782657004830918,0.857695364600089,0.928208461570939,0.0717915384290606,0.857695364600089,0.0615752697281144,4.13453864868016,35.0199250082121,40.8302603157248,2015
"Gyeongbuk","Male","15-19",20880,55455,0.726468854391826,0.796120094871974,0.841615016132397,0.158384983867603,0.796120094871974,0.126093468382972,3.66536680340244,30.8853863595319,38.7948835338702,2015
"Gyeongbuk","Male","20-24",25747,40510,0.61140709660866,0.670026626489002,0.790199883758813,0.209800116241187,0.670026626489002,0.140571664122083,2.9987039721398,27.2200195561295,40.6252803694754,2015
"Gyeongbuk","Male","25-29",45983,42982,0.483133816669477,0.529454962366919,0.88518338581103,0.11481661418897,0.529454962366919,0.0607902261445185,2.4952992464733,24.2213155839897,45.7476410754726,2015
"Gyeongbuk","Male","30-34",70488,52670,0.427662027639293,0.468664736222401,0.867111431938335,0.132888568061665,0.468664736222401,0.0622801856975926,2.18762321686802,21.7260163375164,46.3572670575464,2015
"Gyeongbuk","Male","35-39",99030,58368,0.370830633171959,0.406384550524808,0.97550553764388,0.0244944623561195,0.406384550524808,0.00995417107493846,2.0070373249367,19.5383931206484,48.0785824545159,2015
"Gyeongbuk","Male","40-44",122556,69462,0.361747336187232,0.39643037944987,0.949694809630916,0.0503051903690844,0.39643037944987,0.0199425057063141,1.93229563298356,17.5313557957117,44.2230381537361,2015
"Gyeongbuk","Male","45-49",151579,79328,0.343549567574825,0.376487873743556,0.916076417496188,0.0839235825038125,0.376487873743556,0.0315962111338022,1.80344884088327,15.5990601627281,41.4331011716818,2015
"Gyeongbuk","Male","50-54",177508,81521,0.31471765709631,0.344891662609753,0.999999,1e-06,0.344891662609753,3.44891662609753e-07,1.72445745081961,13.7956113218448,39.99984000035,2015
"Gyeongbuk","Male","55-59",162654,83312,0.338713480724978,0.371188120149946,0.999999,1e-06,0.344891317718091,3.44891317718091e-07,1.72445572636216,12.0711538710252,34.9998775002275,2015
"Gyeongbuk","Male","60-64",123958,64677,0.342868502663875,0.375741510760144,0.999999,1e-06,0.344890972826773,3.44890972826773e-07,1.72445400190643,10.3466981446631,29.9999100001375,2015
"Gyeongbuk","Male","65-69",85836,51948,0.377024908552517,0.413172710917123,0.999999,1e-06,0.3448906279358,3.448906279358e-07,1.72445227745243,8.62224414275663,24.999937500075,2015
"Gyeongbuk","Male","70-74",64435,41731,0.39307311191907,0.430759558735122,0.999999,1e-06,0.344890283045172,3.44890283045172e-07,1.72445055300015,6.8977918653042,19.999960000035,2015
"Gyeongbuk","Male","75-79",39036,35343,0.475174444399629,0.520732473896443,0.999999,1e-06,0.344889938154889,3.44889938154889e-07,1.7244488285496,5.17334131230404,14.9999775000125,2015
"Gyeongbuk","Male","80-84",23116,21520,0.482122053947486,0.528346195446838,0.999999,1e-06,0.344889593264951,3.44889593264951e-07,1.72444710410077,3.44889248375444,9.9999900000025,2015
"Gyeongbuk","Male","85+",8149,9916,0.548906725712704,0.60153394313938,0.999999,1e-06,0.344889248375358,3.44889248375358e-07,1.72444537965367,1.72444537965367,4.9999975,2015
"Gyeongbuk","Total","0-4",8436,99773,0.922039756397342,1,0.902253968135427,0.0977460318645725,1,0.0977460318645725,4.75563492033857,42.8827975552107,42.8827975552107,2015
"Gyeongbuk","Total","5-9",18613,92122,0.831914028988125,0.902253968135427,0.961136640937282,0.0388633590627181,0.902253968135427,0.0350646199294093,4.42360829085361,38.1271626348721,42.2576835141713,2015
"Gyeongbuk","Total","10-14",24034,95886,0.799583055370247,0.867189348206018,0.894557031646703,0.105442968353297,0.867189348206018,0.0914390189992032,4.10734919353208,33.7035543440185,38.8652771320843,2015
"Gyeongbuk","Total","15-19",40060,100636,0.71527264456701,0.775750329206815,0.802702284495424,0.197297715504576,0.775750329206815,0.153053767754428,3.49611722664801,29.5962051504864,38.1517145867637,2015
"Gyeongbuk","Total","20-24",56804,76586,0.574150985831022,0.622696561452387,0.839471292523923,0.160528707476077,0.622696561452387,0.0999606741597495,2.86358112186256,26.1000879238384,41.9146170696079,2015
"Gyeongbuk","Total","25-29",86946,80898,0.481983270179452,0.522735887292638,0.859764023151301,0.140235976848699,0.522735887292638,0.0733063777883546,2.4304134919923,23.2365068019758,44.4517152291241,2015
"Gyeongbuk","Total","30-34",142082,100541,0.414391875461106,0.449429509504283,0.8754775259965,0.1245224740035,0.449429509504283,0.055964074413653,2.10723736148728,20.8060933099835,46.2944530120696,2015
"Gyeongbuk","Total","35-39",194352,110653,0.362790773921739,0.39346543509063,0.957758560718079,0.0422414392819214,0.39346543509063,0.0166205462859156,1.92577580973836,18.6988559484962,47.5235034157172,2015
"Gyeongbuk","Total","40-44",246590,131306,0.347465969473083,0.376844888804715,0.927244835582589,0.0727551644174115,0.376844888804715,0.0274174118448482,1.81568091441145,16.7730801387579,44.5092414334161,2015
"Gyeongbuk","Total","45-49",311059,147856,0.322186025734613,0.349427476959866,0.948367020990648,0.0516329790093524,0.349427476959866,0.0180419815831597,1.70203243084143,14.9573992243464,42.8054466537111,2015
"Gyeongbuk","Total","50-54",350440,154190,0.305550601430751,0.331385495376707,0.999999,1e-06,0.331385495376707,3.31385495376707e-07,1.6569266484198,13.255366793505,39.99984000035,2015
"Gyeongbuk","Total","55-59",329158,157500,0.323635900365349,0.350999941293076,0.999999,1e-06,0.331385163991211,3.31385163991211e-07,1.65692499149315,11.5984401450852,34.9998775002275,2015
"Gyeongbuk","Total","60-64",250766,128469,0.338758289714821,0.367400957891925,0.999999,1e-06,0.331384832606047,3.31384832606047e-07,1.65692333456816,9.94151515359205,29.9999100001375,2015
"Gyeongbuk","Total","65-69",180446,104894,0.367610569846499,0.398692754076953,0.999999,1e-06,0.331384501221215,3.31384501221215e-07,1.65692167764482,8.2845918190239,24.999937500075,2015
"Gyeongbuk","Total","70-74",136219,94323,0.409135862445888,0.443729090429346,0.999999,1e-06,0.331384169836714,3.31384169836714e-07,1.65692002072314,6.62767014137907,19.999960000035,2015
"Gyeongbuk","Total","75-79",99606,86361,0.464388843181855,0.503653817484343,0.999999,1e-06,0.331383838452544,3.31383838452544e-07,1.65691836380312,4.97075012065593,14.9999775000125,2015
"Gyeongbuk","Total","80-84",59334,59261,0.49969222985792,0.541942173741349,0.999999,1e-06,0.331383507068705,3.31383507068705e-07,1.65691670688476,3.31383175685281,9.9999900000025,2015
"Gyeongbuk","Total","85+",31403,33262,0.514374081806232,0.557865404650262,0.999999,1e-06,0.331383175685198,3.31383175685198e-07,1.65691504996805,1.65691504996805,4.9999975,2015
"Gyeonggi","Female","0-4",23299,252518,0.915527324276604,1,0.924585017143438,0.0754149828565619,1,0.0754149828565619,4.8114625428586,64.2989826452528,64.2989826452528,2015
"Gyeonggi","Female","5-9",42498,234331,0.84648284681157,0.924585017143438,0.977750531919637,0.0222494680803625,0.924585017143438,0.0205715248265144,4.5714962736509,59.4875201023942,64.3396972689267,2015
"Gyeonggi","Female","10-14",44824,215250,0.827649053730861,0.904013492316924,0.977171977011032,0.0228280229889684,0.904013492316924,0.0206368407849483,4.46847535962225,54.9160238287433,60.7469073144001,2015
"Gyeonggi","Female","15-19",54664,231169,0.808755462105495,0.883376651531975,0.889129699587256,0.110870300412744,0.883376651531975,0.0979402347329537,4.17203267082749,50.447548469121,57.1076317011929,2015
"Gyeonggi","Female","20-24",74766,191389,0.719088501061412,0.785436416799022,0.95045148396248,0.0495485160375199,0.785436416799022,0.0389172088942185,3.82988906175956,46.2755157982936,58.916947073686,2015
"Gyeonggi","Female","25-29",71689,154787,0.683458732934174,0.746519207904803,0.976584992067058,0.0234150079329424,0.746519207904803,0.0174797531751848,3.68889665658605,42.445626736534,56.8580503851506,2015
"Gyeonggi","Female","30-34",68852,138194,0.667455541280682,0.729039454729618,0.999999,1e-06,0.729039454729618,7.29039454729618e-07,3.64519545104945,38.756730079948,53.1613616087785,2015
"Gyeonggi","Female","35-39",56469,127773,0.693506366626502,0.757493903499243,0.983361503127245,0.0166384968727549,0.729038725690164,0.012130108557513,3.61486835705704,35.1115346288985,48.1614122701908,2015
"Gyeonggi","Female","40-44",58393,125214,0.681967463114151,0.74489034355474,0.969299767007724,0.0307002329922761,0.716908617132651,0.0220092615801428,3.5295199317129,31.4966662718415,43.9340043056193,2015
"Gyeonggi","Female","45-49",62171,121241,0.661030903103396,0.722022036453913,0.949997494362769,0.0500025056372314,0.694899355552508,0.0347467089433227,3.38763000540423,27.9671463401286,40.2463264883764,2015
"Gyeonggi","Female","50-54",69605,117494,0.627977701644584,0.685919125505921,0.959481604501828,0.0405183954981723,0.660152646609185,0.0267483260244761,3.23389241798473,24.5795163347243,37.2330800474327,2015
"Gyeonggi","Female","55-59",70077,106232,0.602533052765315,0.658126783098912,0.959997718747413,0.0400022812525865,0.633404320584709,0.025337617778633,3.10367755847696,21.3456239167396,33.6998394596283,2015
"Gyeonggi","Female","60-64",48795,66951,0.578430356124618,0.631800210421529,0.999999,1e-06,0.608066702806076,6.08066702806076e-07,3.04033199386362,18.2419463582626,29.9999100001375,2015
"Gyeonggi","Female","65-69",36378,51997,0.58836775106082,0.642654495894718,0.999999,1e-06,0.608066094739373,6.08066094739373e-07,3.04032895353163,15.201614364399,24.999937500075,2015
"Gyeonggi","Female","70-74",30658,46943,0.604927771549336,0.660742454658373,0.999999,1e-06,0.608065486673278,6.08065486673278e-07,3.04032591320267,12.1612854108674,19.999960000035,2015
"Gyeonggi","Female","75-79",25268,43451,0.632299655117217,0.690639851319373,0.999999,1e-06,0.608064878607792,6.08064878607792e-07,3.04032287287676,9.1209594976647,14.9999775000125,2015
"Gyeonggi","Female","80-84",14488,27829,0.657631684665737,0.718309183382767,0.999999,1e-06,0.608064270542913,6.08064270542913e-07,3.04031983255389,6.08063662478794,9.9999900000025,2015
"Gyeonggi","Female","85+",9039,17625,0.661003600360036,0.721992214576799,0.999999,1e-06,0.608063662478642,6.08063662478642e-07,3.04031679223406,3.04031679223406,4.9999975,2015
"Gyeonggi","Male","0-4",25900,271243,0.912836580367029,1,0.933646442405698,0.0663535575943018,1,0.0663535575943018,4.83411610601425,67.0826731228994,67.0826731228994,2015
"Gyeonggi","Male","5-9",42372,244442,0.85226662575746,0.933646442405698,0.973300106283722,0.0266998937162783,0.933646442405698,0.0249282607808135,4.60591156007646,62.2485570168851,66.6725156221783,2015
"Gyeonggi","Male","10-14",48806,237465,0.829511197431804,0.908718181624885,0.970900305452974,0.029099694547026,0.908718181624885,0.026443421514613,4.47748235433789,57.6426454568087,63.432917512157,2015
"Gyeonggi","Male","15-19",58178,240742,0.805372674963201,0.882274760110272,0.909350121985034,0.0906498780149663,0.882274760110272,0.0799780993796797,4.21142855210216,53.1651631024708,60.2591907942894,2015
"Gyeonggi","Male","20-24",64392,176205,0.7323657402212,0.802296660730592,0.951049327212954,0.0489506727870462,0.802296660730592,0.0392729613175631,3.91330090035905,48.9537345503686,61.016999006066,2015
"Gyeonggi","Male","25-29",73004,167549,0.696515944511189,0.763023699413029,0.999999,1e-06,0.763023699413029,7.63023699413029e-07,3.8151165895059,45.0404336500095,59.0288790304388,2015
"Gyeonggi","Male","30-34",63190,149158,0.702422438638461,0.769494183017989,0.999999,1e-06,0.763022936389329,7.63022936389329e-07,3.81511277438931,41.2253170605036,54.0289355593743,2015
"Gyeonggi","Male","35-39",54773,131898,0.706580025820829,0.774048762963389,0.999999,1e-06,0.763022173366393,7.63022173366393e-07,3.81510895927653,37.4102042861143,49.0289870883614,2015
"Gyeonggi","Male","40-44",47777,137825,0.742583592849215,0.813490178658967,0.97694810242913,0.0230518975708695,0.76302141034422,0.0175890913956353,3.77113432323201,33.5950953268378,44.029033617395,2015
"Gyeonggi","Male","45-49",49526,130874,0.725465631929047,0.794737686385612,0.960087952967183,0.0399120470328168,0.745432318948584,0.0297517297736576,3.65278227030878,29.8239610036058,40.0089454743146,2015
"Gyeonggi","Male","50-54",57198,131270,0.696510813506802,0.763018078467838,0.999999,1e-06,0.715680589174927,7.15680589174927e-07,3.57840115667316,26.171178733297,36.5682388612335,2015
"Gyeonggi","Male","55-59",50830,118342,0.699536566334855,0.766332749344454,0.955870259920085,0.0441297400799148,0.715679873494338,0.0315827667977314,3.49944245047736,22.5927775766239,31.5682729295064,2015
"Gyeonggi","Male","60-64",35461,71564,0.668666199486101,0.732514684301157,0.972048469412885,0.0279515305871147,0.684097106696606,0.0191215612023869,3.37268163047706,19.0933351261465,27.9102702514634,2015
"Gyeonggi","Male","65-69",29115,54065,0.649975955758596,0.712039777697402,0.961081937810237,0.0389180621897626,0.664975545494219,0.0258795596342153,3.26017882838556,15.7206534956694,23.6409498096439,2015
"Gyeonggi","Male","70-74",24642,41014,0.624680151090532,0.68432856934739,0.999999,1e-06,0.639095985860004,6.39095985860004e-07,3.19547833156006,12.4604746672839,19.497031655607,2015
"Gyeonggi","Male","75-79",16633,31778,0.656421061329037,0.719100302778298,0.999999,1e-06,0.639095346764018,6.39095346764018e-07,3.19547513608172,9.26499633572382,14.4970486526557,2015
"Gyeonggi","Male","80-84",6779,17609,0.722035427259308,0.79097994404321,0.932941730942753,0.0670582690572467,0.639094707668671,0.0428565848599082,3.08833207619359,6.0695211996421,9.49706064971632,2015
"Gyeonggi","Male","85+",3475,7172,0.673616981309289,0.737938198136675,0.999999,1e-06,0.596238122808763,5.96238122808763e-07,2.98118912344851,2.98118912344851,4.9999975,2015
"Gyeonggi","Total","0-4",49199,523761,0.91413187657079,1,0.929216000674518,0.0707839993254823,1,0.0707839993254823,4.82304000168629,66.5652763585148,66.5652763585148,2015
"Gyeonggi","Total","5-9",84870,478773,0.849425966436202,0.929216000674518,0.975511466336965,0.0244885336630354,0.929216000674518,0.022755137312749,4.58919216009072,61.7422363568285,66.445515694962,2015
"Gyeonggi","Total","10-14",93630,452715,0.828624770062872,0.906460863361769,0.973934455792226,0.0260655442077735,0.906460863361769,0.0236273957065727,4.47323582754241,57.1530441967377,63.0507576298172,2015
"Gyeonggi","Total","15-19",112842,471911,0.807026214487142,0.882833467655196,0.898846021761583,0.101153978238417,0.882833467655196,0.0893021173753399,4.19091204483763,52.6798083691953,59.671286034401,2015
"Gyeonggi","Total","20-24",139158,367594,0.725392302349078,0.793531350279856,0.951463255253182,0.048536744746818,0.793531350279856,0.0385154285971312,3.87136817990645,48.4888963243577,61.1052056194844,2015
"Gyeonggi","Total","25-29",144693,322336,0.690184121328654,0.755015921682725,0.992720631237344,0.00727936876265589,0.755015921682725,0.00549603931560507,3.76133951012461,44.6175281444512,59.0948175569741,2015
"Gyeonggi","Total","30-34",132042,287352,0.685160016595373,0.74951988236712,0.999999,1e-06,0.74951988236712,7.4951988236712e-07,3.74759753803589,40.8561886343266,54.5098130089563,2015
"Gyeonggi","Total","35-39",111242,259671,0.700086003995546,0.765847928443103,0.999999,1e-06,0.749519132847237,7.49519132847237e-07,3.74759379043836,37.1085910962907,49.5098650188213,2015
"Gyeonggi","Total","40-44",106170,263039,0.712439295900154,0.779361615276724,0.972688541892753,0.027311458107247,0.749518383328105,0.020470439926877,3.69641581682333,33.3609973058524,44.5099120287334,2015
"Gyeonggi","Total","45-49",111697,252115,0.69298153991622,0.758076113170697,0.955825121358985,0.0441748786410149,0.729047943401228,0.0322056044232307,3.56472570594806,29.664581489029,40.6894796940718,2015
"Gyeonggi","Total","50-54",126803,248764,0.662369164489958,0.72458819287073,0.981375473974354,0.0186245260256461,0.696842338977997,0.0129783582780678,3.45176579919481,26.099855783081,37.4544632597376,2015
"Gyeonggi","Total","55-59",120907,224574,0.650032852747329,0.711093081214733,0.956539360587755,0.0434606394122449,0.683863980699929,0.029721165872222,3.34501698881909,22.6480899838862,33.1178284323529,2015
"Gyeonggi","Total","60-64",84256,138515,0.621782009327965,0.680188521223517,0.994301924833413,0.0056980751665866,0.654142814827707,0.00372735492857082,3.26139568681711,19.3030729950671,29.5089582236736,2015
"Gyeonggi","Total","65-69",65493,106062,0.618239048701583,0.676312755902136,0.993111758239262,0.00688824176073755,0.650415459899136,0.00448021893270655,3.24087675216392,16.04167730825,24.6637392517356,2015
"Gyeonggi","Total","70-74",55300,87957,0.613980468668198,0.671654150133612,0.999999,1e-06,0.64593524096643,6.4593524096643e-07,3.22967458999405,12.8008005560861,19.8174673624153,2015
"Gyeonggi","Total","75-79",41901,75229,0.642269273456843,0.70260023735985,0.999999,1e-06,0.645934595031189,6.45934595031189e-07,3.22967136031946,9.57112596609202,14.8174846798999,2015
"Gyeonggi","Total","80-84",21267,45438,0.681178322464583,0.745164171519658,0.97566659154179,0.0243334084582105,0.645933949096594,0.0157177746203924,3.19037530893199,6.34145460577256,9.81749699739694,2015
"Gyeonggi","Total","85+",12514,24797,0.664602932111174,0.727031787365646,0.999999,1e-06,0.630216174476201,6.30216174476201e-07,3.15107929684057,3.15107929684057,4.9999975,2015
"Gyeongnam","Female","0-4",4973,66161,0.93008968988107,1,0.951713183960389,0.0482868160396114,1,0.0482868160396114,4.87928295990097,51.6910373647816,51.6910373647816,2015
"Gyeongnam","Female","5-9",8421,64919,0.885178620125443,0.951713183960389,0.967916233920094,0.0320837660799065,0.951713183960389,0.0305345431693481,4.68222956187857,46.8117544048806,49.1868298073603,2015
"Gyeongnam","Female","10-14",10733,64207,0.856778756338404,0.92117864079104,0.923388688486868,0.0766113115131325,0.92117864079104,0.0705727038088864,4.42946144443299,42.1295248430021,45.7343700531575,2015
"Gyeongnam","Female","15-19",18500,70076,0.791139812138728,0.850605936982154,0.768886677894221,0.231113322105779,0.850605936982154,0.196586363898844,3.76156377516366,37.7000633985691,44.3214204832902,2015
"Gyeongnam","Female","20-24",33652,52260,0.608296861905205,0.65401957308331,0.919194954989775,0.0808050450102253,0.65401957308331,0.0528480810405652,3.13797766281514,33.9384996234054,51.8921772683434,2015
"Gyeongnam","Female","25-29",40576,51463,0.559143406599376,0.601171492042745,0.935708016825617,0.0642919831743826,0.601171492042745,0.0386505074513306,2.9092311915854,30.8005219605903,51.2341692316978,2015
"Gyeongnam","Female","30-34",54125,59391,0.523194968110222,0.562520984591414,0.999999,1e-06,0.562520984591414,5.62520984591414e-07,2.81260351665461,27.8912907690049,49.5826671946535,2015
"Gyeongnam","Female","35-39",60421,68484,0.531274969939102,0.571208320787898,0.965797265841893,0.0342027341581073,0.56252042207043,0.0192397364545812,2.7645027692157,25.0786872523503,44.5827142773677,2015
"Gyeongnam","Female","40-44",77973,82170,0.513103913377419,0.55167143444309,0.889700927577198,0.110299072422802,0.543280685615848,0.0599233556886519,2.56659503885761,22.3141844831346,41.0730310757133,2015
"Gyeongnam","Female","45-49",106890,89783,0.45650902767538,0.490822586941861,0.929984102673168,0.0700158973268317,0.483357329927197,0.0338426971843541,2.3321799066751,19.747589444277,40.8550532320496,2015
"Gyeongnam","Female","50-54",116267,85777,0.424546138464889,0.45645720308885,0.982357235496705,0.0176427645032947,0.449514632742842,0.00793068080626698,2.22774646169854,17.4154095376019,38.7426977211771,2015
"Gyeongnam","Female","55-59",118045,84453,0.41705597092317,0.448404036148921,0.981344344280489,0.0186556557195107,0.441583951936576,0.0082380381785897,2.1873246642364,15.1876630759033,34.3936028682598,2015
"Gyeongnam","Female","60-64",94396,65401,0.409275518313861,0.440038764827287,0.999999,1e-06,0.433345913757986,4.33345913757986e-07,2.16672848542514,13.0003384116669,29.9999100001375,2015
"Gyeongnam","Female","65-69",72113,54833,0.431939564854348,0.464406357315475,0.999999,1e-06,0.433345480412072,4.33345480412072e-07,2.16672631869666,10.8336099262418,24.999937500075,2015
"Gyeongnam","Female","70-74",55084,52066,0.485916938870742,0.522440947531497,0.999999,1e-06,0.433345047066592,4.33345047066592e-07,2.16672415197034,8.66688360754511,19.999960000035,2015
"Gyeongnam","Female","75-79",41260,48181,0.538690309813173,0.579181035629,0.999999,1e-06,0.433344613721545,4.33344613721545e-07,2.16672198524619,6.50015945557478,14.9999775000125,2015
"Gyeongnam","Female","80-84",23893,32768,0.578316655194931,0.621785900313421,0.999999,1e-06,0.433344180376931,4.33344180376931e-07,2.1667198185242,4.33343747032859,9.9999900000025,2015
"Gyeongnam","Female","85+",14166,20314,0.58915313225058,0.633436902548522,0.999999,1e-06,0.43334374703275,4.3334374703275e-07,2.16671765180438,2.16671765180438,4.9999975,2015
"Gyeongnam","Male","0-4",5038,73195,0.935602622934056,1,0.936743642754216,0.0632563572457843,1,0.0632563572457843,4.84185910688554,53.8716085927958,53.8716085927958,2015
"Gyeongnam","Male","5-9",9520,67515,0.876419809177647,0.936743642754216,0.973071994647922,0.0269280053520783,0.936743642754216,0.0252246378256108,4.62065661920705,49.0297494859102,52.340626878185,2015
"Gyeongnam","Male","10-14",12032,69718,0.852819571865443,0.911519004928605,0.944944336170797,0.055055663829203,0.911519004928605,0.0501842839092789,4.43213431486983,44.4090928667032,48.7198759725054,2015
"Gyeongnam","Male","15-19",17954,74529,0.805867024209855,0.861334721019326,0.836483429465675,0.163516570534325,0.861334721019326,0.14084249966322,3.95456735593858,39.9769585518333,46.41280280043,2015
"Gyeongnam","Male","20-24",27657,57205,0.674094412104358,0.720492221356106,0.854585339976975,0.145414660023025,0.720492221356106,0.104770131417732,3.3405357782362,36.0223911958948,49.9969189508994,2015
"Gyeongnam","Male","25-29",39486,53657,0.576071202344782,0.615722089938374,0.999999,1e-06,0.615722089938374,6.15722089938374e-07,3.07860891038665,32.6818554176586,53.0789067855753,2015
"Gyeongnam","Male","30-34",48974,67288,0.578761762226695,0.618597840621368,0.954830096358473,0.0451699036415274,0.615721474216284,0.0278120796603688,3.0090771719305,29.6032465072719,48.0789573645326,2015
"Gyeongnam","Male","35-39",58725,72539,0.552619149195514,0.590655835767644,0.975221393520916,0.0247786064790837,0.587909394555916,0.0145675755330574,2.90312803394693,26.5941693353414,45.2351494662364,2015
"Gyeongnam","Male","40-44",76512,89431,0.538926016764793,0.576020207248583,0.921524201558629,0.0784757984413714,0.573341819022858,0.0449934570276471,2.75422545254517,23.6910413013945,41.3209720891648,2015
"Gyeongnam","Male","45-49",98307,96992,0.496633367298348,0.530816561566386,0.92670136520502,0.07329863479498,0.528348361995211,0.0387272136304129,2.54492377590002,20.9368158488493,39.626915411993,2015
"Gyeongnam","Male","50-54",111546,95109,0.460230819481745,0.491908432277005,0.999999,1e-06,0.489621148364798,4.89621148364798e-07,2.44810451777112,18.3918920729493,37.5635164746727,2015
"Gyeongnam","Male","55-59",103345,92667,0.472761871722139,0.505301994814374,0.925034916653526,0.0749650833464743,0.48962065874365,0.0367044534908734,2.35634215999107,15.9437875551782,32.5635515382243,2015
"Gyeongnam","Male","60-64",88331,68652,0.437321238605454,0.467421988657975,0.999999,1e-06,0.452916205252776,4.52916205252776e-07,2.26457989397337,13.5874453951871,29.9999100001375,2015
"Gyeongnam","Male","65-69",65065,50790,0.438392818609469,0.468567325340181,0.999999,1e-06,0.452915752336571,4.52915752336571e-07,2.26457762939348,11.3228655012137,24.999937500075,2015
"Gyeongnam","Male","70-74",47471,37325,0.440174064814378,0.470471174432997,0.999999,1e-06,0.452915299420819,4.52915299420819e-07,2.26457536481585,9.05828787182025,19.999960000035,2015
"Gyeongnam","Male","75-79",30039,29890,0.49875686228704,0.533086216371364,0.999999,1e-06,0.452914846505519,4.52914846505519e-07,2.26457310024048,6.79371250700441,14.9999775000125,2015
"Gyeongnam","Male","80-84",14522,15782,0.520789334741288,0.556635180337663,0.999999,1e-06,0.452914393590673,4.52914393590673e-07,2.26457083566738,4.52913940676393,9.9999900000025,2015
"Gyeongnam","Male","85+",5248,6883,0.567389333113511,0.606442649053478,0.999999,1e-06,0.452913940676279,4.52913940676279e-07,2.26456857109654,2.26456857109654,4.9999975,2015
"Gyeongnam","Total","0-4",10011,139356,0.932977163630521,1,0.943958371816376,0.0560416281836239,1,0.0560416281836239,4.85989592954094,53.2143674186417,53.2143674186417,2015
"Gyeongnam","Total","5-9",17941,132434,0.880691604322527,0.943958371816376,0.970502186732567,0.0294978132674332,0.943958371816376,0.0278447077840697,4.65018008962171,48.3544714891007,51.2252159976679,2015
"Gyeongnam","Total","10-14",22765,133925,0.854713127832025,0.916113664032306,0.934421490073486,0.0655785099265145,0.916113664032306,0.0600773690105582,4.43037489763514,43.704291399479,47.7061887791446,2015
"Gyeongnam","Total","15-19",36454,144605,0.79866231449417,0.856036295021748,0.802583705293371,0.197416294706629,0.856036295021748,0.168995513497584,3.85769269136478,39.2739165018439,45.8787982825496,2015
"Gyeongnam","Total","20-24",61309,109465,0.640993359644911,0.687040781524164,0.88559070881483,0.11440929118517,0.687040781524164,0.0786038488294848,3.23869428554711,35.4162238104791,51.5489396887184,2015
"Gyeongnam","Total","25-29",80062,105120,0.567657763713536,0.608436932694679,0.971202070142536,0.0287979298574642,0.608436932694679,0.017521724110432,2.99838035319732,32.177529524932,52.8855626538356,2015
"Gyeongnam","Total","30-34",103099,126679,0.551310395251068,0.590915208584247,0.983191737411049,0.0168082625889509,0.590915208584247,0.00993225799368869,2.92974539793701,29.1791491717347,49.3795873720089,2015
"Gyeongnam","Total","35-39",119146,141023,0.54204382535967,0.580982950590558,0.970852513573671,0.0291474864263294,0.580982950590558,0.0169341926662671,2.86257927128712,26.2494037737977,45.1810225190182,2015
"Gyeongnam","Total","40-44",154485,171601,0.526244610317524,0.564048757924291,0.905474114449918,0.094525885550082,0.564048757924291,0.0533172083362175,2.68695076878091,23.3868245025105,41.4624164559363,2015
"Gyeongnam","Total","45-49",205197,186775,0.476500872511302,0.510731549588074,0.928833092063975,0.0711669079360245,0.510731549588074,0.0363471851695576,2.46278978501648,20.6998737337296,40.5298512504758,2015
"Gyeongnam","Total","50-54",227813,180886,0.442589778785855,0.474384364418516,0.999999,1e-06,0.474384364418516,4.74384364418516e-07,2.37192063613167,18.2370839487132,38.4436868425618,2015
"Gyeongnam","Total","55-59",221390,177120,0.444455597099195,0.476384218633682,0.952117183898468,0.0478828161015316,0.474383890034152,0.0227148365680345,2.31513235875067,15.8651633125815,33.4437227862846,2015
"Gyeongnam","Total","60-64",182727,134053,0.423173811477997,0.453573600699174,0.999999,1e-06,0.451669053466117,4.51669053466117e-07,2.25834413815795,13.5500309538308,29.9999100001375,2015
"Gyeongnam","Total","65-69",137178,105623,0.435018801405266,0.466269506225067,0.999999,1e-06,0.451668601797064,4.51668601797064e-07,2.25834187981381,11.2916868156729,24.999937500075,2015
"Gyeongnam","Total","70-74",102555,89391,0.465709105685974,0.499164528179604,0.999999,1e-06,0.451668150128462,4.51668150128462e-07,2.25833962147194,9.03334493585904,19.999960000035,2015
"Gyeongnam","Total","75-79",71299,78071,0.5226685412064,0.560215792605818,0.999999,1e-06,0.451667698460312,4.51667698460312e-07,2.25833736313231,6.77500531438711,14.9999775000125,2015
"Gyeongnam","Total","80-84",38415,48550,0.55827056861956,0.598375384073867,0.999999,1e-06,0.451667246792613,4.51667246792613e-07,2.25833510479495,4.5166679512548,9.9999900000025,2015
"Gyeongnam","Total","85+",19414,27197,0.583488876016391,0.625405314044177,0.999999,1e-06,0.451666795125367,4.51666795125367e-07,2.25833284645985,2.25833284645985,4.9999975,2015
"Incheon","Female","0-4",6545,54515,0.892810350474943,1,0.934582253779201,0.0654177462207989,1,0.0654177462207989,4.836455634448,60.078595870699,60.078595870699,2015
"Incheon","Female","5-9",9789,49325,0.83440470954427,0.934582253779201,0.949167272547252,0.0508327274527477,0.934582253779201,0.0475073649885328,4.55414285642467,55.242140236251,59.1089120437143,2015
"Incheon","Female","10-14",12371,47102,0.791989642358717,0.887074888790668,0.927554579867833,0.0724454201321674,0.887074888790668,0.0642645130071356,4.2747131614355,50.6879973798264,57.1406067518474,2015
"Incheon","Female","15-19",20245,56040,0.734613619977715,0.822810375783533,0.927675998609569,0.0723240013904314,0.822810375783533,0.0595089387622296,3.96527953201209,46.4132842183909,56.4082388657206,2015
"Incheon","Female","20-24",26728,57186,0.681483423505017,0.763301437021303,0.88805911224039,0.11194088775961,0.763301437021303,0.0854446404883505,3.60289558388564,42.4480046863788,55.6110635033353,2015
"Incheon","Female","25-29",27877,42733,0.605197564084407,0.677856796532952,0.97787208909608,0.0221279109039201,0.677856796532952,0.0149995547992979,3.35178509566652,38.8451091024931,57.3057750562877,2015
"Incheon","Female","30-34",30975,44908,0.591805806307078,0.662857241733655,0.999999,1e-06,0.662857241733655,6.62857241733655e-07,3.31428455152517,35.4933240068266,53.5459549540357,2015
"Incheon","Female","35-39",22578,35498,0.61123355603003,0.6846174618214,0.99907470961501,0.000925290384990451,0.662856578876413,0.00061333481906201,3.31274955733441,32.1790394553014,48.5460060000417,2015
"Incheon","Female","40-44",22795,35754,0.610667987497651,0.68398399186658,0.999999,1e-06,0.662243244057351,6.62243244057351e-07,3.31121456467864,28.866289897967,43.5886513860264,2015
"Incheon","Female","45-49",19981,32997,0.622843444448639,0.697621218344197,0.907970176182495,0.0920298238175051,0.662242581814107,0.060946068128802,3.15884773874853,25.5550753332884,38.5886924747188,2015
"Incheon","Female","50-54",21862,28456,0.565523271990143,0.633419260528627,0.999999,1e-06,0.601296513685305,6.01296513685305e-07,3.00648106518524,22.3962275945399,37.2465615296436,2015
"Incheon","Female","55-59",18444,26961,0.593789230260985,0.665078792987906,0.933412630001139,0.0665873699988607,0.601295912388791,0.040038713397035,2.90638277845137,19.3897465293546,32.2465962762398,2015
"Incheon","Female","60-64",14268,17741,0.554250367084258,0.620792945320825,0.999999,1e-06,0.561257198991756,5.61257198991756e-07,2.80628459181578,16.4833637509033,29.3686455701842,2015
"Incheon","Female","65-69",10410,13750,0.569122516556291,0.637450625716356,0.977534298375185,0.0224657016248154,0.561256637734557,0.0126090241582917,2.77476062827706,13.6770791590875,24.3686724388567,2015
"Incheon","Female","70-74",7509,9416,0.556336779911374,0.623129850158461,0.992644616617097,0.0073553833829032,0.548647613576265,0.00403551353996836,2.73314928403141,10.9023185308104,19.8712584563077,2015
"Incheon","Female","75-79",6792,8377,0.552244709605116,0.618546491213214,0.999999,1e-06,0.544612100036297,5.44612100036297e-07,2.72305913865123,8.16916924677901,14.9999775000125,2015
"Incheon","Female","80-84",3240,5131,0.612949468402819,0.68653938440202,0.999999,1e-06,0.544611555424197,5.44611555424197e-07,2.7230564155921,5.44611010812778,9.9999900000025,2015
"Incheon","Female","85+",2048,3300,0.617053103964099,0.691135697111765,0.999999,1e-06,0.544611010812642,5.44611010812641e-07,2.72305369253568,2.72305369253568,4.9999975,2015
"Incheon","Male","0-4",7848,59777,0.883948243992606,1,0.903074659763748,0.0969253402362515,1,0.0969253402362515,4.75768664940937,61.5235481344997,61.5235481344997,2015
"Incheon","Male","5-9",12696,50240,0.798271259692386,0.903074659763748,0.989365718195073,0.0106342818049271,0.903074659763748,0.00960355042281636,4.4913644227617,56.7658614850904,62.858436864944,2015
"Incheon","Male","10-14",13340,50118,0.789782218160043,0.893471109340932,0.959554298966025,0.0404457010339753,0.893471109340932,0.0361370653708976,4.37701288327742,52.2744970623287,58.5072046715522,2015
"Incheon","Male","15-19",19547,61172,0.757838922682392,0.857334043970035,0.87197108813408,0.128028911865919,0.857334043970035,0.109763544755092,4.01226135796244,47.8974841790513,55.867936793054,2015
"Incheon","Male","20-24",25363,49413,0.660813630041725,0.747570499214943,0.97209309314317,0.0279069068568301,0.747570499214943,0.0208623802905054,3.68569654534845,43.8852228210888,58.7037916386142,2015
"Incheon","Male","25-29",27032,48555,0.642372365618426,0.726708118924437,0.936264360874358,0.0637356391256422,0.726708118924437,0.0463172064174422,3.51774757857858,40.1995262757404,55.3172934619715,2015
"Incheon","Male","30-34",30373,45832,0.601430352339085,0.680390912506995,0.999999,1e-06,0.680390912506995,6.80390912506995e-07,3.40195286155769,36.6817786971618,53.9127992788773,2015
"Incheon","Male","35-39",24588,39735,0.617741709808311,0.698843754718153,0.987108366511503,0.0128916334884966,0.680390232116083,0.0087713415015937,3.38002280682643,33.2798258356041,48.912850691728,2015
"Incheon","Male","40-44",23889,37330,0.609778010094905,0.689834517166602,0.999999,1e-06,0.671618890614489,6.71618890614489e-07,3.35809277402522,29.8998030287777,44.5190024381554,2015
"Incheon","Male","45-49",17051,33749,0.664350393700787,0.751571597337032,0.998046016899699,0.00195398310030126,0.671618218995598,0.00131233064977183,3.35481026835356,26.5417102547524,39.5190444571999,2015
"Incheon","Male","50-54",17091,33632,0.663052264258817,0.750103039137169,0.981321481513393,0.0186785184866073,0.670305888345826,0.0125203209271492,3.32022863941126,23.1868999863989,34.5915206617374,2015
"Incheon","Male","55-59",15859,29539,0.650667430283272,0.736092225653785,0.990222951379604,0.00977704862039597,0.657785567418677,0.00643120147444716,3.27284983340727,19.8666713469876,30.2023521509443,2015
"Incheon","Male","60-64",10891,19728,0.644305823181685,0.728895416174472,0.959399917674057,0.0406000823259434,0.65135436594423,0.0264450408806984,3.1906592275194,16.5938215135804,25.4758736275994,2015
"Incheon","Male","65-69",8762,14184,0.618146953717424,0.699302202270786,0.949153115904732,0.0508468840952684,0.624909325063532,0.0317746920215578,3.04510989526376,13.403162286061,21.4481713562177,2015
"Incheon","Male","70-74",6353,9019,0.58671610720791,0.663744864244357,0.999999,1e-06,0.593134633041974,5.93134633041974e-07,2.96567168237329,10.3580523907972,17.4632399016636,2015
"Incheon","Male","75-79",3483,5565,0.615053050397878,0.695802106715902,0.999999,1e-06,0.593134039907341,5.93134039907341e-07,2.9656687167016,7.3923807084239,12.4632548649185,2015
"Incheon","Male","80-84",1213,3810,0.758510850089588,0.858094187351463,0.661768864347392,0.338231135652608,0.593133446773301,0.200616199295679,2.46412673562731,4.4267119917223,7.46326482818328,2015
"Incheon","Male","85+",1017,1025,0.501958863858962,0.567860015866676,0.999999,1e-06,0.392517247477622,3.92517247477622e-07,1.96258525609499,1.96258525609499,4.9999975,2015
"Incheon","Total","0-4",14393,114292,0.888153242413646,1,0.918503908493554,0.0814960915064461,1,0.0814960915064461,4.79625977123388,61.5133756795588,61.5133756795588,2015
"Incheon","Total","5-9",22485,99565,0.815772224498156,0.918503908493554,0.969449716429895,0.0305502835701048,0.918503908493554,0.0280605548647277,4.52236815530595,56.7171159083249,61.7494551562085,2015
"Incheon","Total","10-14",25711,97220,0.790850151711122,0.890443353628826,0.94398948562187,0.0560105143781305,0.890443353628826,0.0498741902613381,4.32753129249079,52.194747753019,58.616584132286,2015
"Incheon","Total","15-19",39792,117212,0.74655422791776,0.840569163367488,0.899792173191923,0.100207826808077,0.840569163367488,0.0842316091429396,3.99226679398009,47.8672164605282,56.9461961568547,2015
"Incheon","Total","20-24",52091,106599,0.671743651143739,0.756337554224549,0.929547658019418,0.0704523419805816,0.756337554224549,0.0532857520229846,3.64847339106528,43.8749496665481,58.0097463381041,2015
"Incheon","Total","25-29",54909,91288,0.624417737710076,0.703051802201564,0.955495386843019,0.0445046131569811,0.703051802201564,0.031289048486299,3.43703638979207,40.2264762754828,57.2169449669513,2015
"Incheon","Total","30-34",61348,90740,0.596628267844932,0.671762753715265,0.999999,1e-06,0.671762753715265,6.71762753715265e-07,3.35881208916944,36.7894398856907,54.7655250045084,2015
"Incheon","Total","35-39",47166,75233,0.614653714491131,0.692058177731523,0.992775385932313,0.00722461406768704,0.671762081952511,0.00485322178741285,3.34667735529402,33.4306277965213,49.7655772700857,2015
"Incheon","Total","40-44",46684,73084,0.610213078618663,0.687058324485026,0.999999,1e-06,0.666908860165098,6.66908860165098e-07,3.33454263355334,30.0839504412273,45.1095378066799,2015
"Incheon","Total","45-49",37032,66746,0.643161363680163,0.724155847173746,0.955410670292761,0.0445893297072385,0.666908193256238,0.0297369893135611,3.26019849299729,26.7494078076739,40.1095804162603,2015
"Incheon","Total","50-54",38953,62088,0.614483229580072,0.691866223344692,0.999999,1e-06,0.637171203942677,6.37171203942677e-07,3.18585442678538,23.4892093146767,36.8648318840063,2015
"Incheon","Total","55-59",34303,56500,0.622226137902933,0.700584210233777,0.961513328879446,0.0384866711205539,0.637170566771473,0.0245225740510306,3.12454639872979,20.3033548878913,31.8648662488725,2015
"Incheon","Total","60-64",25159,37469,0.59827872517085,0.673621056142257,0.991181851416566,0.00881814858343433,0.612647992720442,0.00540242102915165,3.04973391102933,17.1788084891615,28.0402591590639,2015
"Incheon","Total","65-69",19172,27934,0.593003014477986,0.667680965580265,0.962551682255982,0.0374483177440185,0.607245571691291,0.0227403251173436,2.97937704566309,14.1290745781322,23.2674806318967,2015
"Incheon","Total","70-74",13862,18435,0.570796049168653,0.642677436629582,0.999999,1e-06,0.584505246573947,5.84505246573947e-07,2.92252477160662,11.1496975324691,19.0754447420661,2015
"Incheon","Total","75-79",10275,13942,0.575711277201966,0.648211648293275,0.999999,1e-06,0.584504662068701,5.84504662068701e-07,2.92252184908185,8.22717276086244,14.0754613175274,2015
"Incheon","Total","80-84",4453,8941,0.667537703449306,0.751601943866359,0.876730011310048,0.123269988689952,0.584504077564039,0.0720518110305497,2.74239086024382,5.3046509117806,9.07547289300033,2015
"Incheon","Total","85+",3065,4325,0.585250338294993,0.658951980746607,0.999999,1e-06,0.512452266533489,5.12452266533489e-07,2.56226005153678,2.56226005153678,4.9999975,2015
"Jeju","Female","0-4",668,13016,0.951183864367144,1,0.947958509245327,0.0520414907546731,1,0.0520414907546731,4.86989627311332,63.3311450534383,63.3311450534383,2015
"Jeju","Female","5-9",1297,11895,0.901682838083687,0.947958509245327,0.995366397759022,0.00463360224097775,0.947958509245327,0.00439246267279308,4.72881138954465,58.461248780325,61.6706830627705,2015
"Jeju","Female","10-14",1602,14028,0.897504798464491,0.943566046572534,0.984246491640705,0.0157535083592948,0.943566046572534,0.0148644756022271,4.6806690438571,53.7324373907803,56.9461327969158,2015
"Jeju","Female","15-19",2086,15799,0.883365949119374,0.928701570970307,0.83260079560349,0.16739920439651,0.928701570970307,0.155463904102218,4.25484809459599,49.0517683469232,52.8175787359485,2015
"Jeju","Female","20-24",4895,13611,0.735491192045823,0.773237666868089,0.871846976948941,0.128153023051059,0.773237666868089,0.0990927445460935,3.61845647297521,44.7969202523273,57.9342188977576,2015
"Jeju","Female","25-29",5516,9859,0.641235772357724,0.674144922321995,0.971212968937384,0.0287870310626165,0.674144922321995,0.0194066308195885,3.322208034561,41.178463779352,61.0825097332466,2015
"Jeju","Female","30-34",7698,12709,0.622776498260401,0.654738291502407,0.999999,1e-06,0.654738291502407,6.54738291502407e-07,3.2736898206663,37.856255744791,57.8189121304079,2015
"Jeju","Female","35-39",8007,13757,0.632098878882558,0.664539110220416,0.999999,1e-06,0.654737636764115,6.54737636764115e-07,3.27368654697648,34.5825659241247,52.8189674493753,2015
"Jeju","Female","40-44",10451,18096,0.6339019861982,0.666434755618943,0.999999,1e-06,0.654736982026478,6.54736982026478e-07,3.27368327328994,31.3088793771482,47.8190177683931,2015
"Jeju","Female","45-49",9286,17110,0.648204273374754,0.681471056919186,0.95887579627555,0.0411242037244498,0.654736327289496,0.0269255101092513,3.20636786117435,28.0351961038583,42.8190630874562,2015
"Jeju","Female","50-54",9783,16067,0.621547388781431,0.653446102342126,0.999999,1e-06,0.627810817180245,6.27810817180245e-07,3.13905251637418,24.828828242684,39.5482644822852,2015
"Jeju","Female","55-59",6246,14010,0.69164691943128,0.727143242585866,0.992299507890828,0.00770049210917212,0.627810189369428,0.00483444740929713,3.1269648283239,21.6897757263098,34.5483015305868,2015
"Jeju","Female","60-64",5171,11314,0.686320897785866,0.721543881784096,0.999999,1e-06,0.622975741960131,6.22975741960131e-07,3.1148771523613,18.5628108979859,29.7970043577939,2015
"Jeju","Female","65-69",4549,10157,0.690670474636203,0.726116685227551,0.999999,1e-06,0.622975118984389,6.22975118984389e-07,3.11487403748415,15.4479337456246,24.7970316548255,2015
"Jeju","Female","70-74",3050,8478,0.735426786953504,0.773169956413011,0.999999,1e-06,0.62297449600927,6.2297449600927e-07,3.11487092261011,12.3330597081404,19.7970539518795,2015
"Jeju","Female","75-79",2140,7871,0.786235141344521,0.826585869250033,0.999999,1e-06,0.622973873034774,6.22973873034774e-07,3.11486780773919,9.21818878553032,14.7970712489507,2015
"Jeju","Female","80-84",1477,6857,0.822774178065755,0.865000142336493,0.9729447971195,0.0270552028804998,0.622973250060901,0.016854667669522,3.0727295811307,6.10332097779114,9.79708354603426,2015
"Jeju","Female","85+",1087,4362,0.800513855753349,0.841597387993918,0.999999,1e-06,0.606118582391379,6.06118582391379e-07,3.03059139666044,3.03059139666044,4.9999975,2015
"Jeju","Male","0-4",992,13171,0.929958342159147,1,0.96527734005861,0.0347226599413902,1,0.0347226599413902,4.91319335014652,64.8507472888608,64.8507472888608,2015
"Jeju","Male","5-9",1562,13702,0.897667714884696,0.96527734005861,0.999999,1e-06,0.96527734005861,9.6527734005861e-07,4.8263842870997,59.9375539387143,62.093609216057,2015
"Jeju","Male","10-14",1498,15139,0.909959728316403,0.978495150872767,0.946457790964076,0.0535422090359238,0.96527637478127,0.0516830294359774,4.6971743003164,55.1111696516146,57.0936688097258,2015
"Jeju","Male","15-19",2754,17093,0.861238474328614,0.9261043589641,0.832940591928101,0.167059408071899,0.913593345345292,0.15262436349181,4.18640581799694,50.4139953512982,55.1820956316666,2015
"Jeju","Male","20-24",4386,11132,0.717360484598531,0.771389912942752,0.997013968440187,0.00298603155981281,0.760968981853482,0.00227227739585312,3.79916421577778,46.2275895333012,60.7483230403233,2015
"Jeju","Male","25-29",4798,12050,0.715218423551757,0.769086518317784,0.925802267090104,0.074197732909896,0.758696704457629,0.0562935754369654,3.65274958369573,42.4284253175235,55.9227752911545,2015
"Jeju","Male","30-34",7257,14223,0.662150837988827,0.712022042247039,0.999999,1e-06,0.702403129020664,7.02403129020664e-07,3.5120138890955,38.7756757338277,55.2043038132408,2015
"Jeju","Male","35-39",6732,16336,0.708167157967748,0.761504172674604,0.97463026399477,0.0253697360052298,0.702402426617535,0.0178197641327197,3.46746272275587,35.2636618447322,50.2043565175974,2015
"Jeju","Male","40-44",8394,18701,0.690201144122532,0.742185012846968,0.999999,1e-06,0.684582662484815,6.84582662484815e-07,3.42291160096742,31.7961991219764,46.4461063132484,2015
"Jeju","Male","45-49",8829,19982,0.693554545139009,0.745790981915101,0.999999,1e-06,0.684581977902152,6.84581977902152e-07,3.42290817805582,28.3732875210089,41.4461502593987,2015
"Jeju","Male","50-54",7282,17450,0.705563642244865,0.758704567998939,0.999999,1e-06,0.684581293320174,6.84581293320174e-07,3.42290475514764,24.9503793429531,36.4461892055879,2015
"Jeju","Male","55-59",5431,15009,0.734295499021526,0.789600421580888,0.953997097354154,0.0460029026458464,0.684580608738881,0.031492695097049,3.34417130595178,21.5274745878055,31.446223151811,2015
"Jeju","Male","60-64",4471,10458,0.700515774666756,0.753276510257783,0.999999,1e-06,0.653087913641832,6.53087913641832e-07,3.26543793548938,18.1833032818537,27.8420453082,2015
"Jeju","Male","65-69",2697,8861,0.76665513064544,0.824397283071245,0.999999,1e-06,0.653087260553919,6.53087260553918e-07,3.26543467005144,14.9178653463643,22.8420706502707,2015
"Jeju","Male","70-74",1976,7381,0.788821203377151,0.84823283755452,0.98662640048545,0.0133735995145504,0.653086607466658,0.00873411873657548,3.24359774049185,11.6524306763129,17.8420909923617,2015
"Jeju","Male","75-79",1496,5251,0.778271824514599,0.836888911289975,0.900442987395613,0.0995570126043873,0.644352488730082,0.0641498088421692,3.06138792154499,8.40883293582104,13.0500511488572,2015
"Jeju","Male","80-84",1175,2752,0.70078940667176,0.753570751400207,0.895535243945896,0.104464756054104,0.580202679887913,0.060610731416428,2.7494865708985,5.34744501427605,9.21651209075611,2015
"Jeju","Male","85+",559,942,0.627581612258494,0.674849166685677,0.999999,1e-06,0.519591948471485,5.19591948471485e-07,2.59795844337755,2.59795844337755,4.9999975,2015
"Jeju","Total","0-4",1660,26187,0.940388551729091,1,0.956550455553883,0.0434495444461167,1,0.0434495444461167,4.89137613888471,64.9989647190071,64.9989647190071,2015
"Jeju","Total","5-9",2859,25597,0.899529097554119,0.956550455553883,0.999999,1e-06,0.956550455553883,9.56550455553883e-07,4.78274988639328,60.1075885801224,62.8378651968939,2015
"Jeju","Total","10-14",3100,29167,0.903926612328385,0.96122672980901,0.964377975220802,0.0356220247791978,0.956549499003428,0.0340742299560294,4.69756192012706,55.3248386937291,57.8379255348195,2015
"Jeju","Total","15-19",4840,32892,0.871726916145447,0.926985887421326,0.834231394602701,0.165768605397299,0.922475269047398,0.152917438863485,4.23008274807828,50.627276773602,54.8819881381565,2015
"Jeju","Total","20-24",9281,24743,0.727221960968728,0.773320729640515,0.934952610668413,0.0650473893315866,0.769557830183913,0.050057727793144,3.7226448314367,46.3971940255238,60.2907178716323,2015
"Jeju","Total","25-29",10314,21909,0.679918070943115,0.723018235061402,0.945655091063994,0.0543449089360063,0.719500102390769,0.0391011675438735,3.49974759309416,42.6745491940871,59.311387242736,2015
"Jeju","Total","30-34",14955,26932,0.642967985293767,0.683725874917918,0.999999,1e-06,0.680398934846895,6.80398934846895e-07,3.40199297323714,39.1748016009929,57.5762241747308,2015
"Jeju","Total","35-39",14739,30093,0.671239293361884,0.713789307757605,0.985217935395565,0.014782064604435,0.68039825444796,0.0100576909539945,3.37684704485482,35.7728086277558,52.57627925101,2015
"Jeju","Total","40-44",18845,36797,0.661316990762374,0.703238028096377,0.999999,1e-06,0.670340563493966,6.70340563493966e-07,3.35170114161842,32.395961582901,48.327616359729,2015
"Jeju","Total","45-49",18115,37092,0.671871320665858,0.714461399418877,0.986240967709996,0.0137590322900043,0.670339893153402,0.0092232282351757,3.32864139517907,29.0442604412825,43.3276621873912,2015
"Jeju","Total","50-54",17065,33517,0.662627021470088,0.704631101954311,0.999999,1e-06,0.661116664918227,6.61116664918227e-07,3.30558167179947,25.7156190461035,38.8972482629586,2015
"Jeju","Total","55-59",11677,29019,0.713067623353647,0.758269145283118,0.971950994283074,0.028049005716926,0.661116003801562,0.0185436465701813,3.25922090258236,22.410037374304,33.8972846602432,2015
"Jeju","Total","60-64",9642,21772,0.693066785509645,0.737000449692103,0.999999,1e-06,0.64257235723138,6.4257235723138e-07,3.21286017972601,19.1508164717216,29.8033618412031,2015
"Jeju","Total","65-69",7246,19018,0.724109046603716,0.770010486912349,0.999999,1e-06,0.642571714659023,6.42571714659023e-07,3.21285696686583,15.9379562919956,24.8033891445922,2015
"Jeju","Total","70-74",5026,15859,0.759348814938951,0.807484112330736,0.999999,1e-06,0.642571072087309,6.42571072087309e-07,3.21285375400886,12.7250993251298,19.8034114480037,2015
"Jeju","Total","75-79",3636,13122,0.783029001074114,0.832665390953941,0.999999,1e-06,0.642570429516236,6.42570429516236e-07,3.21285054115511,9.51224557112093,14.8034287514324,2015
"Jeju","Total","80-84",2652,9609,0.783704428676291,0.83338363406838,0.973792465247284,0.026207534752716,0.642569786945807,0.0168401700224275,3.17074850967297,6.29939502996582,9.80344105487347,2015
"Jeju","Total","85+",1646,5304,0.763165467625899,0.811542703516188,0.999999,1e-06,0.625729616923379,6.25729616923379e-07,3.12864652029285,3.12864652029285,4.9999975,2015
"Jeonbuk","Female","0-4",2897,35280,0.924116614715667,1,0.955809547162969,0.0441904528370314,1,0.0441904528370314,4.88952386790742,43.8726886154115,43.8726886154115,2015
"Jeonbuk","Female","5-9",4335,32805,0.883279483037157,0.955809547162969,0.956726982737679,0.0432730172623209,0.955809547162969,0.0413607630338743,4.67564582823016,38.9831647475041,40.7854942056331,2015
"Jeonbuk","Female","10-14",6826,37229,0.845057314720236,0.914448784129094,0.884891108831153,0.115108891168847,0.914448784129094,0.1052611855718,4.30909095671597,34.3075189192739,37.5171573462672,2015
"Jeonbuk","Female","15-19",13713,40657,0.747783704248667,0.809187598557294,0.826438523411168,0.173561476588832,0.809187598557294,0.140443794442975,3.69482850667903,29.998427962558,37.072278438328,2015
"Jeonbuk","Female","20-24",21752,35190,0.617997260370201,0.668743804114319,0.864622657568761,0.135377342431239,0.668743804114319,0.0905327589683536,3.11738712315071,26.3035994558789,39.332849581635,2015
"Jeonbuk","Female","25-29",27227,31242,0.534334433631497,0.578211045145965,0.826080458261696,0.173919541738304,0.578211045145965,0.100562199999812,2.6396497257303,23.1862123327282,40.0999125273974,2015
"Jeonbuk","Female","30-34",48470,38301,0.441403233799311,0.477648845146153,0.81042620777181,0.18957379222819,0.477648845146153,0.0905497029277718,2.16186996841134,20.5465626069979,43.0160416293082,2015
"Jeonbuk","Female","35-39",75766,42199,0.357724748866189,0.387099142218382,0.999999,1e-06,0.387099142218382,3.87099142218382e-07,1.93549474334405,18.3846926385866,47.4934987797386,2015
"Jeonbuk","Female","40-44",90416,52259,0.366280007008936,0.39635691121259,0.849621387451212,0.150378612548788,0.387098755119239,0.0582113737141941,1.78996534131071,16.4491978952425,42.4935437732824,2015
"Jeonbuk","Female","45-49",118856,53699,0.311199327750572,0.336753308830317,0.999999,1e-06,0.328887381405045,3.28887381405045e-07,1.64443608480677,14.6592325539318,44.5721951730281,2015
"Jeonbuk","Female","50-54",115266,52332,0.312247162853972,0.337887186402384,0.999999,1e-06,0.328887052517664,3.28887052517664e-07,1.64443444037069,13.014796469125,39.5722372452654,2015
"Jeonbuk","Female","55-59",111134,54583,0.329374777482093,0.356421226755495,0.999999,1e-06,0.328886723630611,3.28886723630611e-07,1.64443279593625,11.3703620287544,34.5722743175397,2015
"Jeonbuk","Female","60-64",81500,42760,0.344117173668115,0.372374187616996,0.999999,1e-06,0.328886394743888,3.28886394743887e-07,1.64443115150345,9.72592923281811,29.5723063898461,2015
"Jeonbuk","Female","65-69",62691,40386,0.391804185220757,0.423976994874514,0.999999,1e-06,0.328886065857493,3.28886065857493e-07,1.6444295070723,8.08149808131466,24.5723334621796,2015
"Jeonbuk","Female","70-74",45761,36759,0.445455647115851,0.482034020406515,0.999999,1e-06,0.328885736971427,3.28885736971427e-07,1.64442786264279,6.43706857424236,19.5723555345351,2015
"Jeonbuk","Female","75-79",34813,35570,0.505377719051476,0.546876564065425,0.999999,1e-06,0.32888540808569,3.2888540808569e-07,1.64442621821493,4.79264071159957,14.5723726069077,2015
"Jeonbuk","Female","80-84",21441,27953,0.565918937522776,0.612389095175936,0.942984938233963,0.0570150617660373,0.328885079200282,0.0187514031045321,1.59754688824008,3.14821449338464,9.57238467929237,2015
"Jeonbuk","Female","85+",13809,15802,0.533653034345345,0.577473693089632,0.999999,1e-06,0.31013367609575,3.1013367609575e-07,1.55066760514456,1.55066760514456,4.9999975,2015
"Jeonbuk","Male","0-4",3048,34242,0.918262268704747,1,0.955834205397502,0.0441657946024983,1,0.0441657946024983,4.88958551349375,47.6108985757763,47.6108985757763,2015
"Jeonbuk","Male","5-9",5089,36524,0.877706485953909,0.955834205397502,0.963373744732728,0.0366262552672719,0.955834205397502,0.0350086276000789,4.69164945798731,42.7213130622825,44.6953172642698,2015
"Jeonbuk","Male","10-14",7754,42453,0.845559384149621,0.920825577797423,0.947068648272845,0.0529313517271546,0.920825577797423,0.0487405425377557,4.48227653264273,38.0296636042952,41.2995300318011,2015
"Jeonbuk","Male","15-19",11166,44889,0.800802782981001,0.872085035259667,0.839916415208222,0.160083584791778,0.872085035259667,0.139606498687632,4.01140892957926,33.5473870716525,38.4680228593346,2015
"Jeonbuk","Male","20-24",16735,34381,0.67260740277017,0.732478536572035,0.813012040637183,0.186987959362817,0.732478536572035,0.136964666830667,3.31998101578351,29.5359781420733,40.3233359987587,2015
"Jeonbuk","Male","25-29",29214,35253,0.546837917073852,0.595513869741368,0.833482864843134,0.166517135156866,0.595513869741368,0.0991632635355116,2.72966118986806,26.2159971262897,44.0224795061035,2015
"Jeonbuk","Male","30-34",48730,40811,0.455780033727566,0.496350606205857,0.911422746328416,0.0885772536715839,0.496350606205857,0.0439653735559406,2.37183959713943,23.4863359364217,47.3180361679279,2015
"Jeonbuk","Male","35-39",71039,50480,0.415408290061636,0.452385232649916,0.906556325803777,0.093443674196223,0.452385232649916,0.0422725382909213,2.15624481752228,21.1144963392823,46.6737081924643,2015
"Jeonbuk","Male","40-44",95313,57577,0.376591013146707,0.410112694358995,0.926002432223157,0.0739975677768426,0.410112694358995,0.0303473418969733,1.97469511705254,18.95825152176,46.226931725173,2015
"Jeonbuk","Male","45-49",110698,59273,0.348724194127233,0.379765352462021,0.993443375961454,0.00655662403854573,0.379765352462021,0.00248997863895928,1.89260181571271,16.9835564047074,44.7211845277694,2015
"Jeonbuk","Male","50-54",109971,58293,0.346437740693196,0.377275373823062,0.999999,1e-06,0.377275373823062,3.77275373823062e-07,1.88637592592688,15.0909545889947,39.99984000035,2015
"Jeonbuk","Male","55-59",101225,57522,0.362350154648592,0.394604207314,0.999999,1e-06,0.377274996547688,3.77274996547688e-07,1.88637403955095,13.2045786630678,34.9998775002275,2015
"Jeonbuk","Male","60-64",72743,45506,0.384832007036,0.419087247893594,0.999999,1e-06,0.377274619272692,3.77274619272692e-07,1.88637215317691,11.3182046235169,29.9999100001375,2015
"Jeonbuk","Male","65-69",57310,40604,0.414690442633331,0.451603487115149,0.999999,1e-06,0.377274241998073,3.77274241998072e-07,1.88637026680476,9.43183247033998,24.999937500075,2015
"Jeonbuk","Male","70-74",38299,29909,0.43849695050434,0.477529095388903,0.999999,1e-06,0.37727386472383,3.7727386472383e-07,1.88636838043449,7.54546220353523,19.999960000035,2015
"Jeonbuk","Male","75-79",24899,24735,0.498347906676875,0.542707594182018,0.999999,1e-06,0.377273487449966,3.77273487449966e-07,1.88636649406611,5.65909382310073,14.9999775000125,2015
"Jeonbuk","Male","80-84",11306,15187,0.573245763031744,0.62427237028952,0.999999,1e-06,0.377273110176478,3.77273110176478e-07,1.88636460769962,3.77272732903462,9.9999900000025,2015
"Jeonbuk","Male","85+",3601,6973,0.659447701910346,0.718147444782338,0.999999,1e-06,0.377272732903368,3.77272732903368e-07,1.88636272133501,1.88636272133501,4.9999975,2015
"Jeonbuk","Total","0-4",5945,69522,0.921223846184425,1,0.95561433961334,0.0443856603866595,1,0.0443856603866595,4.88903584903335,46.0312386756457,46.0312386756457,2015
"Jeonbuk","Total","5-9",9424,69329,0.880334717407591,0.95561433961334,0.96023105356992,0.0397689464300797,0.95561433961334,0.0380037754798989,4.68306225936696,41.1422028266124,43.0531451037657,2015
"Jeonbuk","Total","10-14",14580,79682,0.845324733190469,0.917610564133442,0.916449889897127,0.0835501101028729,0.917610564133442,0.0766664636649084,4.39638666150494,36.4591405672454,39.7326948842139,2015
"Jeonbuk","Total","15-19",24879,85546,0.774697758659724,0.840944100468533,0.831072709433773,0.168927290566227,0.840944100468533,0.142058408409802,3.84957448131816,32.0627539057405,38.1270929754744,2015
"Jeonbuk","Total","20-24",38487,69571,0.643830165281608,0.698885692058731,0.840114714386163,0.159885285613837,0.698885692058731,0.111741538486234,3.21507461407807,28.2131794244223,40.3688038616355,2015
"Jeonbuk","Total","25-29",56441,66495,0.540891195418755,0.587144153572497,0.829565304396286,0.170434695603714,0.587144153572497,0.100069735089629,2.68554643013841,24.9981048103443,42.5757536002743,2015
"Jeonbuk","Total","30-34",97200,79112,0.44870456917283,0.487074418482868,0.86247068749637,0.13752931250363,0.487074418482868,0.0669870099120543,2.2679045676342,22.3125583802059,45.8093415164456,2015
"Jeonbuk","Total","35-39",146805,92679,0.386994538257253,0.420087408570814,0.960255642649984,0.0397443573500156,0.420087408570814,0.0166961040844804,2.05869678264287,20.0446538125716,47.7154358917014,2015
"Jeonbuk","Total","40-44",185729,109836,0.371613689036253,0.403391304486333,0.887535168261978,0.112464831738022,0.403391304486333,0.0453673351836368,1.90353818447258,17.9859570299288,44.5868734152105,2015
"Jeonbuk","Total","45-49",229554,112972,0.329820218027245,0.358023969302697,0.998654215230966,0.00134578476903413,0.358023969302697,0.000481823204836712,1.78891528850139,16.0824188454562,44.919950127303,2015
"Jeonbuk","Total","50-54",225237,110625,0.329376351001304,0.35754214609786,0.999999,1e-06,0.35754214609786,3.5754214609786e-07,1.78770983663393,14.2935035569548,39.9771151819474,2015
"Jeonbuk","Total","55-59",212359,112105,0.345508284432171,0.375053561480433,0.999999,1e-06,0.357541788555714,3.57541788555714e-07,1.7877080489241,12.5057937203209,34.9771526591001,2015
"Jeonbuk","Total","60-64",154243,88266,0.363969996989802,0.39509398122651,0.999999,1e-06,0.357541431013925,3.57541431013925e-07,1.78770626121605,10.7180856713968,29.9771851362852,2015
"Jeonbuk","Total","65-69",120001,80990,0.402953366071118,0.437410915642373,0.999999,1e-06,0.357541073472494,3.57541073472494e-07,1.78770447350979,8.93037941018073,24.9772126134978,2015
"Jeonbuk","Total","70-74",84060,66668,0.442306671620402,0.480129420718289,0.999999,1e-06,0.357540715931421,3.57540715931421e-07,1.78770268580531,7.14267493667094,19.9772350907329,2015
"Jeonbuk","Total","75-79",59712,60305,0.502470483348192,0.545437990374817,0.999999,1e-06,0.357540358390705,3.57540358390705e-07,1.78770089810263,5.35497225086563,14.9772525679855,2015
"Jeonbuk","Total","80-84",32747,43140,0.568476814210603,0.617088687581363,0.996969005023071,0.00303099497692894,0.357540000850346,0.00108370194662857,1.78499074938516,3.567271352763,9.97726504525052,2015
"Jeonbuk","Total","85+",17410,22775,0.56675376384223,0.615218294868985,0.999999,1e-06,0.356456298903718,3.56456298903718e-07,1.78228060337784,1.78228060337784,4.9999975,2015
"Jeonnam","Female","0-4",2219,32655,0.936370935367322,1,0.936190398889936,0.0638096011100644,1,0.0638096011100644,4.84047599722484,34.384722670639,34.384722670639,2015
"Jeonnam","Female","5-9",4223,30005,0.876621479490476,0.936190398889936,0.926352554522163,0.0736474454778371,0.936190398889936,0.0689480313591211,4.50858191605188,29.5442466734142,31.5579466617533,2015
"Jeonnam","Female","10-14",7698,33262,0.812060546875,0.867242367530815,0.861226910837998,0.138773089162002,0.867242367530815,0.120349902394419,4.03533708166802,25.0356647573623,28.868129250469,2015
"Jeonnam","Female","15-19",15279,35544,0.699368396198571,0.746892465136395,0.675852630404135,0.324147369595865,0.746892465136395,0.242103227944934,3.12920425581964,21.0003276756943,28.1169360462878,2015
"Jeonnam","Female","20-24",27775,24896,0.472669970192326,0.504789237191461,0.82711578567028,0.17288421432972,0.504789237191461,0.0872700906739445,2.30577095927245,17.8711234198746,35.4031387818522,2015
"Jeonnam","Female","25-29",38641,24804,0.390952793758373,0.417519146517517,0.756780771298736,0.243219228701264,0.417519146517517,0.101548684784,1.83372402062758,15.5653524606022,37.280571658644,2015
"Jeonnam","Female","30-34",71564,30070,0.295865556801858,0.315970461733517,0.879130883654171,0.120869116345829,0.315970461733517,0.0381910705011137,1.4843746324148,13.7316284399746,43.4585826935797,2015
"Jeonnam","Female","35-39",109836,38612,0.26010454839405,0.277779391232403,0.867200058533659,0.132799941466341,0.277779391232403,0.0368890868962189,1.29667423892147,12.2472538075598,44.0898576140704,2015
"Jeonnam","Female","40-44",151466,44116,0.225562679592192,0.240890304336184,0.907406457268704,0.0925935427312964,0.240890304336184,0.0223048866881074,1.14868930496065,10.9505795686383,45.4587809119782,2015
"Jeonnam","Female","45-49",188754,48576,0.204677031980786,0.218585417648077,0.999999,1e-06,0.218585417648077,2.18585417648077e-07,1.09292654177684,9.80189026367769,44.8423795564385,2015
"Jeonnam","Female","50-54",190679,51651,0.213143234432386,0.227626922602818,0.999999,1e-06,0.218585199062659,2.18585199062659e-07,1.0929254488503,8.70896372190085,39.8424218988604,2015
"Jeonnam","Female","55-59",172434,55060,0.242028361187548,0.258474875763422,0.999999,1e-06,0.21858498047746,2.1858498047746e-07,1.09292435592485,7.61603827305055,34.8424592413197,2015
"Jeonnam","Female","60-64",128776,47009,0.267423272747959,0.285595443693533,0.999999,1e-06,0.218584761892479,2.18584761892479e-07,1.09292326300049,6.5231139171257,29.8424915838113,2015
"Jeonnam","Female","65-69",102186,47150,0.315730969089838,0.337185785210197,0.999999,1e-06,0.218584543307717,2.18584543307717e-07,1.09292217007723,5.43019065412521,24.8425189263302,2015
"Jeonnam","Female","70-74",77068,46847,0.37805753944236,0.403747623044338,0.999999,1e-06,0.218584324723174,2.18584324723174e-07,1.09292107715506,4.33726848404798,19.8425412688715,2015
"Jeonnam","Female","75-79",52961,48376,0.477377463315472,0.509816617843019,0.999999,1e-06,0.218584106138849,2.18584106138849e-07,1.09291998423398,3.24434740689293,14.8425586114301,2015
"Jeonnam","Female","80-84",33299,33643,0.502569388425801,0.536720405817222,0.979009786870067,0.020990213129933,0.218583887554743,0.00458812238654337,1.08144913180736,2.15142742265894,9.84257095400103,2015
"Jeonnam","Female","85+",21867,21180,0.492020349850164,0.525454530107935,0.999999,1e-06,0.2139957651682,2.139957651682e-07,1.06997829085159,1.06997829085159,4.9999975,2015
"Jeonnam","Male","0-4",3129,34366,0.916548873183091,1,0.942240000529393,0.0577599994706065,1,0.0577599994706065,4.85560000132348,38.8832285914479,38.8832285914479,2015
"Jeonnam","Male","5-9",5213,33008,0.863609010753251,0.942240000529393,0.950533896919924,0.0494661030800762,0.942240000529393,0.046608940992358,4.59467765016607,34.0276285901244,36.1135470485292,2015
"Jeonnam","Male","10-14",8178,37481,0.820889638406448,0.895631059537035,0.867849453457517,0.132150546542483,0.895631059537035,0.118358134018243,4.18225996263957,29.4329509399584,32.8628073206535,2015
"Jeonnam","Male","15-19",15540,38495,0.712408624039974,0.777272925518793,0.788409258699409,0.211590741300591,0.777272925518793,0.164463754503401,3.47520524133546,25.2506909773188,32.4862608078947,2015
"Jeonnam","Male","20-24",21245,27223,0.561669555170422,0.612809171015392,0.737765224797418,0.262234775202582,0.612809171015392,0.160699875203302,2.6622961670687,21.7754857359833,35.5338770467526,2015
"Jeonnam","Male","25-29",39551,27986,0.414380265632172,0.45210929581209,0.815168545431672,0.184831454568328,0.45210929581209,0.0835640187688112,2.05163643213842,19.1131895689146,42.2755951845295,2015
"Jeonnam","Male","30-34",72961,37217,0.337789758390967,0.368545277043279,0.905517400756948,0.0944825992430519,0.368545277043279,0.0348211157137997,1.7556735959319,17.0615531367762,46.2943203984476,2015
"Jeonnam","Male","35-39",98840,43555,0.305874504020506,0.333724161329479,0.897635967552016,0.102364032447984,0.333724161329479,0.0341613508790071,1.58321742944988,15.3058795408443,45.8638639763727,2015
"Jeonnam","Male","40-44",146570,55474,0.27456395636594,0.299562810450472,0.92587136399378,0.0741286360062202,0.299562810450472,0.0222061825368834,1.44229859591015,13.7226621113944,45.8089643729766,2015
"Jeonnam","Male","45-49",176312,60098,0.254210904784062,0.277356627913589,0.982978710327583,0.0170212896724167,0.277356627913589,0.00472096750628188,1.37498072080224,12.2803635154843,44.2764379126727,2015
"Jeonnam","Male","50-54",185764,61883,0.249883907335845,0.272635660407307,0.999999,1e-06,0.272635660407307,2.72635660407307e-07,1.36317762044738,10.905382794682,39.99984000035,2015
"Jeonnam","Male","55-59",161377,58829,0.267154391796772,0.291478610266542,0.999999,1e-06,0.272635387771646,2.72635387771646e-07,1.36317625726976,9.54220517423465,34.9998775002275,2015
"Jeonnam","Male","60-64",115489,46703,0.287948850744796,0.314166389998142,0.999999,1e-06,0.272635115136259,2.72635115136259e-07,1.36317489409351,8.17902891696488,29.9999100001375,2015
"Jeonnam","Male","65-69",91957,42989,0.318564462822166,0.347569531907033,0.999999,1e-06,0.272634842501144,2.72634842501144e-07,1.36317353091861,6.81585402287138,24.999937500075,2015
"Jeonnam","Male","70-74",62640,34852,0.357485742419891,0.390034566491119,0.999999,1e-06,0.272634569866301,2.72634569866301e-07,1.36317216774508,5.45268049195277,19.999960000035,2015
"Jeonnam","Male","75-79",38054,33374,0.467239737917903,0.50978158567281,0.999999,1e-06,0.272634297231731,2.72634297231731e-07,1.36317080457291,4.08950832420769,14.9999775000125,2015
"Jeonnam","Male","80-84",18784,16892,0.473483574391748,0.516593919042617,0.999999,1e-06,0.272634024597434,2.72634024597434e-07,1.36316944140211,2.72633751963477,9.9999900000025,2015
"Jeonnam","Male","85+",6886,7656,0.526475037821483,0.574410217747672,0.999999,1e-06,0.272633751963409,2.72633751963409e-07,1.36316807823267,1.36316807823267,4.9999975,2015
"Jeonnam","Total","0-4",5348,67021,0.926100954828725,1,0.939159658427768,0.0608403415722315,1,0.0608403415722315,4.84789914606942,36.7339129003776,36.7339129003776,2015
"Jeonnam","Total","5-9",9436,63013,0.869756656406576,0.939159658427768,0.939015035547256,0.0609849644527444,0.939159658427768,0.057274618384669,4.55261174617717,31.8860137543082,33.9516433315375,2015
"Jeonnam","Total","10-14",15876,70743,0.816714577633083,0.8818850400431,0.864547117130541,0.135452882869459,0.8818850400431,0.119453871033286,4.11079052263228,27.3334020081311,30.9942915085567,2015
"Jeonnam","Total","15-19",30819,74039,0.706088233611169,0.762431169009814,0.72982451056443,0.27017548943557,0.762431169009814,0.20599021424816,3.29718030942867,23.2226114854988,30.4586334208483,2015
"Jeonnam","Total","20-24",49020,52119,0.515320499510575,0.556440954761653,0.782100611421074,0.217899388578926,0.556440954761653,0.121248143822838,2.47908441425117,19.9254311760701,35.8087071153937,2015
"Jeonnam","Total","25-29",78192,52790,0.403032477745034,0.435192810938815,0.788207494902131,0.211792505097869,0.435192810938815,0.0921705756293148,1.94553761562079,17.4463467618189,40.0887751895142,2015
"Jeonnam","Total","30-34",144525,67287,0.317673219647612,0.343022235309501,0.889320309377846,0.110679690622154,0.3430222353095,0.0379655948805754,1.62019718934606,15.5008091461981,45.18893398328,2015
"Jeonnam","Total","35-39",208676,82167,0.282513245978071,0.305056640428925,0.886547772546855,0.113452227453145,0.305056640428925,0.0346093553560347,1.43875981375454,13.8806119568521,45.5017531738868,2015
"Jeonnam","Total","40-44",298036,99590,0.25046148893684,0.27044728507289,0.915892787057577,0.0841072129424227,0.27044728507289,0.0227465673953257,1.29537000687614,12.4418521430975,46.0047219174126,2015
"Jeonnam","Total","45-49",365066,108674,0.229395871152953,0.247700717677565,0.999999,1e-06,0.247700717677565,2.47700717677565e-07,1.23850296913603,11.1464821362214,44.99979750051,2015
"Jeonnam","Total","50-54",376443,113534,0.231712917136927,0.250202654396118,0.999999,1e-06,0.247700469976847,2.47700469976847e-07,1.23850173063306,9.90797916708537,39.99984000035,2015
"Jeonnam","Total","55-59",333811,113889,0.254386866205048,0.274685891293671,0.999999,1e-06,0.247700222276377,2.47700222276377e-07,1.23850049213133,8.66947743645231,34.9998775002275,2015
"Jeonnam","Total","60-64",244265,93712,0.277273305579965,0.299398574350077,0.999999,1e-06,0.247699974576155,2.47699974576155e-07,1.23849925363084,7.43097694432099,29.9999100001375,2015
"Jeonnam","Total","65-69",194143,90139,0.317076001998016,0.342377362149094,0.999999,1e-06,0.24769972687618,2.4769972687618e-07,1.23849801513158,6.19247769069015,24.999937500075,2015
"Jeonnam","Total","70-74",139708,81699,0.368999173467867,0.398443789031737,0.999999,1e-06,0.247699479176453,2.47699479176453e-07,1.23849677663357,4.95397967555857,19.999960000035,2015
"Jeonnam","Total","75-79",91015,81750,0.473186119873817,0.510944425018252,0.999999,1e-06,0.247699231476974,2.47699231476974e-07,1.23849553813679,3.715482898925,14.9999775000125,2015
"Jeonnam","Total","80-84",52083,50535,0.492457463602877,0.531753542672843,0.999999,1e-06,0.247698983777743,2.47698983777743e-07,1.23849429964125,2.47698736078821,9.9999900000025,2015
"Jeonnam","Total","85+",28753,28836,0.500720623730226,0.540676068974392,0.999999,1e-06,0.247698736078759,2.47698736078759e-07,1.23849306114695,1.23849306114695,4.9999975,2015
"Sejong","Female","0-4",475,2290,0.828209764918626,1,0.976866980922911,0.0231330190770891,1,0.0231330190770891,4.94216745230728,34.441333049481,34.441333049481,2015
"Sejong","Female","5-9",346,1466,0.809050772626932,0.976866980922911,0.999999,1e-06,0.976866980922911,9.76866980922911e-07,4.8843324624471,29.4991655971737,30.1977302675375,2015
"Sejong","Female","10-14",334,1509,0.818773738469886,0.988606719156871,0.748803753039413,0.251196246960587,0.97686600405593,0.245385074002235,4.27086733527406,24.6148331347266,25.1977579652954,2015
"Sejong","Female","15-19",821,1301,0.613100848256362,0.740272421584647,0.693373300379019,0.306626699620981,0.731480930053695,0.22429158341805,3.09667569172335,20.3439657994526,27.8120248438455,2015
"Sejong","Female","20-24",1067,789,0.42510775862069,0.513285132133715,0.999999,1e-06,0.507189346635645,5.07189346635645e-07,2.53594546520486,17.2472901077292,34.0056237816039,2015
"Sejong","Female","25-29",1180,1112,0.485165794066318,0.585800620346449,0.745212323912105,0.254787676087895,0.507188839446298,0.129225465740239,2.21288053288089,14.7113446425244,29.0056552872592,2015
"Sejong","Female","30-34",2255,1277,0.361551528878822,0.43654584163753,0.923284794111922,0.0767152058880776,0.377963373706059,0.0289955380320127,1.81732802345026,12.4984641096435,33.067923981871,2015
"Sejong","Female","35-39",2766,1386,0.333815028901734,0.403056137516723,0.691909120719841,0.308090879280159,0.348967835674047,0.107513807333311,1.47605466003696,10.6811360861932,30.6077953160415,2015
"Sejong","Female","40-44",4132,1241,0.230969663130467,0.278878217709931,0.793768731373767,0.206231268626233,0.241454028340736,0.0497953705796242,1.08278171525462,9.20508142615626,38.1235363493966,2015
"Sejong","Female","45-49",4303,966,0.183336496488897,0.221364809079389,0.999999,1e-06,0.191658657761111,1.91658657761111e-07,0.958292809658912,8.12229971090165,42.3789867141066,2015
"Sejong","Female","50-54",4785,1170,0.19647355163728,0.237226799247632,0.999999,1e-06,0.191658466102454,1.91658466102454e-07,0.958291851366102,7.16400690124273,37.3790265931332,2015
"Sejong","Female","55-59",4652,1534,0.247979308115099,0.299416064165174,0.992985243799197,0.00701475620080338,0.191658274443987,0.00134443606909124,0.954930282047209,6.20571504987663,32.3790614721947,2015
"Sejong","Female","60-64",3508,1146,0.246239793725827,0.297315733472451,0.9666634892952,0.0333365107047999,0.190313838374896,0.00634439931025629,0.93570819359884,5.25078476782942,27.590136443394,2015
"Sejong","Female","65-69",3390,1059,0.238031018206339,0.287404264340841,0.966394844735675,0.033605155264325,0.18396943906464,0.00618232156365799,0.904391391414054,4.31507657423058,23.4553988758667,2015
"Sejong","Female","70-74",2892,864,0.230031948881789,0.277745999414038,0.999999,1e-06,0.177787117500982,1.77787117500982e-07,0.888935143037116,3.41068518281653,19.1840962987529,2015
"Sejong","Female","75-79",2257,1272,0.360442051572683,0.435206232575751,0.999999,1e-06,0.177786939713864,1.77786939713864e-07,0.888934254101973,2.52175003977941,14.1841129828659,2015
"Sejong","Female","80-84",932,917,0.495943753380206,0.59881418257479,0.89121691933771,0.10878308066229,0.177786761926925,0.0193401916633841,0.840583330476163,1.63281578567744,9.18412466699052,2015
"Sejong","Female","85+",683,541,0.441993464052288,0.533673331050033,0.999999,1e-06,0.158446570263541,1.58446570263541e-07,0.792232455201277,0.792232455201277,4.9999975,2015
"Sejong","Male","0-4",141,2358,0.943577430972389,1,0.755644919536898,0.244355080463102,1,0.244355080463102,4.38911229884225,34.5196480296637,34.5196480296637,2015
"Sejong","Male","5-9",514,1277,0.713009491903964,0.755644919536898,0.998242006116,0.00175799388399944,0.755644919536898,0.00132841914702112,3.77490354981694,30.1305357308215,39.8739341082147,2015
"Sejong","Male","10-14",586,1447,0.711756025577964,0.754316500389877,0.999999,1e-06,0.754316500389877,7.54316500389877e-07,3.77158061615814,26.3556321810045,34.9397529649455,2015
"Sejong","Male","15-19",488,1339,0.732895457033388,0.776719994540474,0.659134830815189,0.340865169184811,0.754315746073377,0.257119964404068,3.12877881935671,22.5840515648464,29.9397854047309,2015
"Sejong","Male","20-24",840,785,0.483076923076923,0.51196320219221,0.999999,1e-06,0.497195781669309,4.97195781669309e-07,2.48597766535709,19.4552727454897,39.1300036379425,2015
"Sejong","Male","25-29",1402,1520,0.520191649555099,0.55129725709847,0.679776421462515,0.320223578537485,0.497195284473527,0.159213653226076,2.08794228930245,16.9692950801326,34.1300402679827,2015
"Sejong","Male","30-34",2656,1453,0.353614018009248,0.374758876592498,0.981737464966566,0.0182625350334344,0.337981631247451,0.0061724013813139,1.67447715278397,14.8813527908302,44.0300638111746,2015
"Sejong","Male","35-39",2881,1532,0.347156129617041,0.367914829479637,0.917857950599077,0.0821420494009231,0.331809229866137,0.0272554901513465,1.59090742395232,13.2068756380462,39.8026168330949,2015
"Sejong","Male","40-44",3988,1865,0.318640013668204,0.337693551381189,0.869347034622201,0.130652965377799,0.304553739714791,0.0397908492106357,1.42329157554737,11.6159682140939,38.1409475548454,2015
"Sejong","Male","45-49",4544,1741,0.277008750994431,0.293572887504276,0.999999,1e-06,0.264762890504155,2.64762890504155e-07,1.32381379061355,10.1926766385465,38.4973763473342,2015
"Sejong","Male","50-54",4973,2147,0.301544943820225,0.319576257254767,0.999999,1e-06,0.264762625741265,2.64762625741265e-07,1.32381246679976,8.86886284793295,33.4974123447465,2015
"Sejong","Male","55-59",4790,2098,0.30458768873403,0.322800947475124,0.91659185082389,0.0834081491761103,0.264762360978639,0.0220833385007255,1.26860345864138,7.54505038113319,28.4974433421899,2015
"Sejong","Male","60-64",4903,1899,0.279182593354896,0.295876717893929,0.999999,1e-06,0.242679022477914,2.42679022477914e-07,1.21339450569201,6.27644692249181,25.8631622066264,2015
"Sejong","Male","65-69",2393,1382,0.366092715231788,0.387983755455572,0.816143031800207,0.183856968199793,0.242678779798891,0.0446181847002492,1.10184843724383,5.0630524167998,20.863185569812,2015
"Sejong","Male","70-74",2422,1032,0.298784018529241,0.316650238466741,0.999999,1e-06,0.198060595098642,1.98060595098642e-07,0.990302480341721,3.96120397955596,19.999960000035,2015
"Sejong","Male","75-79",1290,1045,0.447537473233405,0.474298619851687,0.999999,1e-06,0.198060397038047,1.98060397038047e-07,0.990301490039241,2.97090149921424,14.9999775000125,2015
"Sejong","Male","80-84",475,570,0.545454545454545,0.578070784177654,0.999999,1e-06,0.19806019897765,1.9806019897765e-07,0.990300499737751,1.980600009175,9.9999900000025,2015
"Sejong","Male","85+",192,381,0.664921465968586,0.70468140095653,0.999999,1e-06,0.198060000917451,1.98060000917451e-07,0.990299509437251,0.990299509437251,4.9999975,2015
"Sejong","Total","0-4",616,4648,0.882978723404255,1,0.86220652802718,0.13779347197282,1,0.13779347197282,4.65551632006795,35.300328469951,35.300328469951,2015
"Sejong","Total","5-9",860,2743,0.761310019428254,0.86220652802718,0.999999,1e-06,0.86220652802718,8.6220652802718e-07,4.31103048461958,30.644812149883,35.5423105181094,2015
"Sejong","Total","10-14",920,2956,0.762641898864809,0.863714921605928,0.876589232607491,0.123410767392509,0.862205665820652,0.106405462869096,4.04501467193052,26.3337816652634,30.542343560453,2015
"Sejong","Total","15-19",1309,2640,0.668523676880223,0.75712320032218,0.676369338312745,0.323630661687255,0.755800202951556,0.244600119784573,3.16750071529635,22.2887669933329,29.4902897700883,2015
"Sejong","Total","20-24",1907,1574,0.45216891697788,0.512094918023141,0.999999,1e-06,0.511200083166983,5.11200083166982e-07,2.5559991378347,19.1212662780366,37.4046619076755,2015
"Sejong","Total","25-29",2582,2632,0.504794783275796,0.571695296721986,0.707778863744581,0.292221136255419,0.511199571966899,0.149383319773451,2.18253956040087,16.5652671402019,32.4046968123723,2015
"Sejong","Total","30-34",4911,2730,0.357283078131135,0.404633847522008,0.953554396566656,0.0464456034333444,0.361816252193448,0.0168047741651158,1.76706932555445,14.382727579801,39.7514691300023,2015
"Sejong","Total","35-39",5647,2918,0.340688849970811,0.385840384304292,0.812116797305579,0.187883202694421,0.345011478028332,0.0648218614582988,1.56300273649591,12.6156582542465,36.5659088397359,2015
"Sejong","Total","40-44",8120,3106,0.276679137716016,0.313347457172356,0.846797328170719,0.153202671829281,0.280189616570033,0.042925797877351,1.29363358815679,11.0526555177506,39.4470560795675,2015
"Sejong","Total","45-49",8847,2707,0.234291154578501,0.26534178952264,0.999999,1e-06,0.237263818692682,2.37263818692682e-07,1.18631850030387,9.75902192959383,41.1315217944556,2015
"Sejong","Total","50-54",9758,3317,0.253690248565966,0.287311847773503,0.999999,1e-06,0.237263581428864,2.37263581428864e-07,1.18631731398537,8.57270342928997,36.131560426016,2015
"Sejong","Total","55-59",9442,3632,0.277803273672939,0.314620575003087,0.956790672375286,0.043209327624714,0.237263344165282,0.0102519895713729,1.16068674689798,7.3863861153046,31.1315940576101,2015
"Sejong","Total","60-64",8411,3045,0.265799581005587,0.301026031500303,0.999999,1e-06,0.227011354593909,2.27011354593909e-07,1.13505620544116,6.22569936840662,27.4246166212413,2015
"Sejong","Total","65-69",5783,2441,0.29681420233463,0.336151024330786,0.88596872317057,0.11403127682943,0.227011127582555,0.0258863687327273,1.07033971608096,5.09064316296546,22.4246415458828,2015
"Sejong","Total","70-74",5314,1896,0.262968099861304,0.297819293818826,0.999999,1e-06,0.201124758849827,2.01124758849827e-07,1.00562329143724,4.02030344688451,19.9891026339841,2015
"Sejong","Total","75-79",3547,2317,0.39512278308322,0.447488453130393,0.999999,1e-06,0.201124557725069,2.01124557725069e-07,1.00562228581395,3.01468015544727,14.9891201231043,2015
"Sejong","Total","80-84",1407,1487,0.513821700069109,0.581918551885496,0.998551347815364,0.00144865218463575,0.201124356600511,0.000291359238572789,1.00489338490612,2.00905786963332,9.98913261223686,2015
"Sejong","Total","85+",875,922,0.51307735114079,0.581075554304027,0.999999,1e-06,0.200832997361938,2.00832997361938e-07,1.0041644847272,1.0041644847272,4.9999975,2015
"Seoul","Female","0-4",34846,172538,0.831973537013463,1,0.859455236632409,0.140544763367591,1,0.140544763367591,4.64863809158102,57.5256259039044,57.5256259039044,2015
"Seoul","Female","5-9",60179,151008,0.715044013125808,0.859455236632409,0.936858967671369,0.0631410323286307,0.859455236632409,0.0542668908812178,4.161608955959,52.8769878123234,61.5238415667936,2015
"Seoul","Female","10-14",77600,157477,0.669895395976637,0.805188345751191,0.977758639086917,0.0222413609130827,0.805188345751191,0.0179084846008603,3.9811705172538,48.7153788563644,60.5018429705611,2015
"Seoul","Female","15-19",102914,195384,0.654996010700709,0.787279861150331,0.922853706584079,0.0771462934159209,0.787279861150331,0.0607357231687489,3.78455999782978,44.7342083391106,56.8212278080471,2015
"Seoul","Female","20-24",135946,207756,0.604465496272934,0.726544137981582,0.976743383205987,0.0232566167940135,0.726544137981582,0.0168969586009745,3.59047829340547,40.9496483412808,56.3622307311479,2015
"Seoul","Female","25-29",138348,199422,0.590407673860911,0.709647179380607,0.928618500539515,0.0713814994604847,0.709647179380607,0.0506556797520913,3.42159669752281,37.3591700478754,52.6447101226882,2015
"Seoul","Female","30-34",185441,225066,0.548263488807743,0.658991499628516,0.924322306720868,0.0756776932791319,0.658991499628516,0.049870956582442,3.17028010668647,33.9375733503526,51.499258138358,2015
"Seoul","Female","35-39",193914,199239,0.506772172665603,0.609120543046074,0.950049426264335,0.0499505737356654,0.609120543046074,0.0304259205993314,2.96953791373204,30.7672932436661,50.5110090193409,2015
"Seoul","Female","40-44",213302,198048,0.481458611887687,0.578694622446743,0.999999,1e-06,0.578694622446743,5.78694622446742e-07,2.89347166549716,27.797755329934,48.0352749994533,2015
"Seoul","Female","45-49",162437,153133,0.485258421269449,0.583261846297879,0.990487816717421,0.00951218328257941,0.57869404375212,0.0055046438087072,2.87970860923883,24.9042836644369,43.0353205347738,2015
"Seoul","Female","50-54",119527,110617,0.480642554226919,0.577713752714158,0.999999,1e-06,0.573189399943413,5.73189399943413e-07,2.86594556674356,22.0245750551981,38.4246028579251,2015
"Seoul","Female","55-59",103376,96712,0.483347327176043,0.580964785143426,0.999999,1e-06,0.573188826754013,5.73188826754013e-07,2.865942700798,19.1586294884545,33.4246387825639,2015
"Seoul","Female","60-64",57126,59935,0.511998018127301,0.615401807087785,0.999999,1e-06,0.573188253565186,5.73188253565186e-07,2.8659398348553,16.2926867876565,28.4246697072336,2015
"Seoul","Female","65-69",42437,48090,0.531222729130536,0.63850916585336,0.984704988814935,0.0152950111850648,0.573187680376933,0.00876691198250655,2.8440211219284,13.4267469528012,23.4246956319293,2015
"Seoul","Female","70-74",29350,32193,0.523097671546723,0.628743161019866,0.92855606168099,0.0714439383190099,0.564420768394426,0.0403244425631395,2.72129273556428,10.5827258308728,18.7497101869175,2015
"Seoul","Female","75-79",22247,21012,0.485725513765922,0.583823273405464,0.999999,1e-06,0.524096325831287,5.24096325831287e-07,2.62048031891562,7.86143309530852,14.9999775000125,2015
"Seoul","Female","80-84",12378,13942,0.529711246200608,0.636692421855283,0.999999,1e-06,0.524095801734961,5.24095801734961e-07,2.6204776984353,5.2409527763929,9.9999900000025,2015
"Seoul","Female","85+",6196,8761,0.585745804639968,0.704043792958392,0.999999,1e-06,0.524095277639159,5.24095277639159e-07,2.6204750779576,2.6204750779576,4.9999975,2015
"Seoul","Male","0-4",35527,180583,0.835606866873352,1,0.855704744718735,0.144295255281265,1,0.144295255281265,4.63926186179684,57.3474700867437,57.3474700867437,2015
"Seoul","Male","5-9",64412,161621,0.715032760703083,0.855704744718735,0.952497941665025,0.0475020583349754,0.855704744718735,0.0406477367011446,4.17690438184081,52.7082082249469,61.596255659739,2015
"Seoul","Male","10-14",79922,170670,0.681067232792747,0.81505700801759,0.958050691874772,0.0419493081252276,0.81505700801759,0.034191077568956,3.98980734616556,48.5313038431061,59.543447103345,2015
"Seoul","Male","15-19",109076,204809,0.652496933590328,0.780865930448634,0.902536643388111,0.0974633566118892,0.780865930448634,0.0761058146453899,3.7140651156297,44.5414964969405,57.0411574639322,2015
"Seoul","Male","20-24",126512,181230,0.588902392263649,0.704760115803244,0.982823130825915,0.017176869174085,0.704760115803244,0.0121055723082653,3.49353664824556,40.8274313813108,57.930961849023,2015
"Seoul","Male","25-29",156658,215263,0.578786892915431,0.692654543494979,0.964260467541005,0.0357395324589952,0.692654543494979,0.0247551495401093,3.40138484362462,37.3338947330652,53.8997326786984,2015
"Seoul","Male","30-34",189050,238763,0.558101319969239,0.66789939395487,0.918020024417567,0.0819799755824331,0.66789939395487,0.0547543760079421,3.20261102975449,33.9325098894406,50.8048220983016,2015
"Seoul","Male","35-39",202810,213081,0.512348187385637,0.613145017946928,0.946458248657823,0.053541751342177,0.613145017946928,0.032828858087609,2.98365294451562,30.7298988596861,50.1184841435767,2015
"Seoul","Male","40-44",209396,197132,0.48491616813602,0.580316159859319,0.99490243380258,0.00509756619741986,0.580316159859319,0.00295820004031536,2.8941852991958,27.7462459151705,47.8122923923001,2015
"Seoul","Male","45-49",160331,149454,0.482444275868748,0.577357959819003,0.970142585616173,0.0298574143838274,0.577357959819003,0.0172384158541171,2.84369375945972,24.8520606159747,43.044458283325,2015
"Seoul","Male","50-54",117002,102943,0.468039737207029,0.560119543964886,0.999999,1e-06,0.560119543964886,5.60119543964886e-07,2.80059631952557,22.008366856515,39.2922673269453,2015
"Seoul","Male","55-59",99400,93445,0.484560138971713,0.579890087290481,0.999999,1e-06,0.560118983845342,5.60118983845342e-07,2.80059351892925,19.2077705369894,34.2923041192494,2015
"Seoul","Male","60-64",51201,53610,0.511492114377308,0.612120525398736,0.993708203931794,0.00629179606820607,0.560118423726358,0.00352415089613128,2.79178174139146,16.4071770180602,29.2923359115853,2015
"Seoul","Male","65-69",39789,41128,0.50827391030315,0.608269187883764,0.999999,1e-06,0.556594272830227,5.56594272830227e-07,2.78296997266545,13.6153952766687,24.4619751608937,2015
"Seoul","Male","70-74",24424,26936,0.524454828660436,0.627633459527236,0.999999,1e-06,0.556593716235954,5.56593716235954e-07,2.78296718969548,10.8324253040032,19.4619971228908,2015
"Seoul","Male","75-79",15396,19550,0.55943455617238,0.669494924408239,0.999999,1e-06,0.556593159642238,5.56593159642238e-07,2.78296440672829,8.04945811430776,14.4620140849049,2015
"Seoul","Male","80-84",6376,9410,0.596097808184467,0.713371122014504,0.928270449014275,0.0717295509857251,0.556592603049078,0.0399241374986863,2.68315267149868,5.26649370757947,9.46202604693094,2015
"Seoul","Male","85+",2688,3330,0.553339980059821,0.662201331746221,0.999999,1e-06,0.516668465550392,5.16668465550392e-07,2.5833410360808,2.5833410360808,4.9999975,2015
"Seoul","Total","0-4",70373,353121,0.833827633921614,1,0.857537177691031,0.142462822308969,1,0.142462822308969,4.64384294422758,58.0659784665285,58.0659784665285,2015
"Seoul","Total","5-9",124591,312629,0.715038195873931,0.857537177691031,0.944928206550605,0.0550717934493953,0.857537177691031,0.0472261103249778,4.16962061264271,53.4221355223009,62.2971655481377,2015
"Seoul","Total","10-14",157522,328147,0.675659760042333,0.810311067366053,0.967520482761254,0.032479517238746,0.810311067366053,0.0263185122812624,3.98575905612711,49.2525149096582,60.7822315320898,2015
"Seoul","Total","15-19",211990,400193,0.653714657218511,0.78399255508479,0.913416094964143,0.0865839050358572,0.78399255508479,0.0678811369382806,3.75025993307825,45.2667558535311,57.7387572878615,2015
"Seoul","Total","20-24",262458,388986,0.597113489417356,0.71611141814651,0.978570560331641,0.0214294396683592,0.71611141814651,0.0153458664309938,3.54219242465506,41.5164959204528,57.9749112615866,2015
"Seoul","Total","25-29",295006,414685,0.584317681920723,0.700765551715516,0.94688893724963,0.0531110627503697,0.700765551715516,0.0372184031904602,3.41078175060143,37.9743034957978,54.1897406384124,2015
"Seoul","Total","30-34",374491,463829,0.553283948850081,0.663547148525056,0.921115708138308,0.0788842918616923,0.663547148525056,0.0523434469282442,3.18687712530467,34.5635217451963,52.0890215895355,2015
"Seoul","Total","35-39",396724,412320,0.509638536346602,0.611203701596812,0.948078222343334,0.0519217776566659,0.611203701596812,0.0317347826972409,2.97668155124096,31.3766446198917,51.3358223091876,2015
"Seoul","Total","40-44",422698,395180,0.483177197577145,0.579468918899571,0.999999,1e-06,0.579468918899571,5.79468918899571e-07,2.89734314582556,28.3999630686507,49.0103302219955,2015
"Seoul","Total","45-49",322768,302587,0.483864365040657,0.580293031024855,0.980613514201598,0.0193864857984024,0.579468339430652,0.0112338547329962,2.86925706032077,25.5026199228252,44.0103767323723,2015
"Seoul","Total","50-54",236529,213560,0.474483935399443,0.56904318841998,0.999999,1e-06,0.568234484697656,5.68234484697656e-07,2.84117100290207,22.6333628625044,39.8310265779576,2015
"Seoul","Total","55-59",202776,190157,0.48394255509209,0.580386803464448,0.999999,1e-06,0.568233916463171,5.68233916463171e-07,2.84116816173106,19.7921918596023,34.8310639090216,2015
"Seoul","Total","60-64",108327,113545,0.511759032234802,0.613746788203605,0.999999,1e-06,0.568233348229255,5.68233348229255e-07,2.8411653205629,16.9510236978713,29.8310962401178,2015
"Seoul","Total","65-69",82226,89218,0.520391498098504,0.624099606355125,0.999999,1e-06,0.568232779995906,5.68232779995906e-07,2.84116247939758,14.1098583773084,24.8311235712414,2015
"Seoul","Total","70-74",53774,59129,0.523715047430095,0.628085501276788,0.990352467731738,0.00964753226826198,0.568232211763126,0.00548203859885064,2.8274559623185,11.2686958979108,19.8311459023873,2015
"Seoul","Total","75-79",37643,40562,0.518662489610639,0.622026026135993,0.999999,1e-06,0.562750173164276,5.62750173164276e-07,2.81374945894594,8.44123993559227,14.9999775000125,2015
"Seoul","Total","80-84",18754,23352,0.554600294494846,0.665125826888802,0.999999,1e-06,0.562749610414102,5.62749610414102e-07,2.81374664519649,5.62749047664633,9.9999900000025,2015
"Seoul","Total","85+",8884,12091,0.576448152562575,0.69132771463984,0.999999,1e-06,0.562749047664492,5.62749047664492e-07,2.81374383144984,2.81374383144984,4.9999975,2015
"Ulsan","Female","0-4",1814,25230,0.932924123650348,1,0.963451738672348,0.0365482613276515,1,0.0365482613276515,4.90862934668087,51.5454178093038,51.5454178093038,2015
"Ulsan","Female","5-9",2666,23685,0.898827368980304,0.963451738672348,0.969271829723366,0.030728170276634,0.963451738672348,0.029605109079243,4.74324592066363,46.6367884626229,48.4059414609487,2015
"Ulsan","Female","10-14",3354,22688,0.871208048536979,0.933846629593105,0.889795339709328,0.110204660290672,0.933846629593105,0.102914250577898,4.41194752152078,41.8935425419593,44.8612665231903,2015
"Ulsan","Female","15-19",7965,27466,0.775196861505461,0.830932379015208,0.731765068798367,0.268234931201633,0.830932379015208,0.222885089518353,3.59744917128016,37.4815950204385,45.1078763651748,2015
"Ulsan","Female","20-24",16113,21122,0.567261984691822,0.608047289496854,0.988947708178188,0.011052291821812,0.608047289496854,0.00672031608498104,3.02343565727182,33.8841458491584,55.7261687280881,2015
"Ulsan","Female","25-29",14633,18699,0.560992439697588,0.601326973411873,0.887371922151184,0.112628077848816,0.601326973411873,0.0677263011740252,2.8373191141243,30.8607101918866,51.321014284102,2015
"Ulsan","Female","30-34",19482,19312,0.497808939526731,0.533600672237848,0.999999,1e-06,0.533600672237848,5.33600672237848e-07,2.66800202718756,28.0233910777622,52.5175333086369,2015
"Ulsan","Female","35-39",14764,17744,0.545834871416267,0.585079598199822,0.999999,1e-06,0.533600138637176,5.33600138637176e-07,2.66799935918553,25.3553890505747,47.5175833262202,2015
"Ulsan","Female","40-44",11282,14081,0.55517880376927,0.595095345586054,0.999999,1e-06,0.533599605037037,5.33599605037037e-07,2.66799669118617,22.6873896913892,42.5176283438486,2015
"Ulsan","Female","45-49",7488,12841,0.631659206060308,0.677074576642686,0.990039516538907,0.00996048346109313,0.533599071437432,0.0053149047259072,2.65470809537239,20.019393000203,37.517668361517,2015
"Ulsan","Female","50-54",7644,12760,0.625367574985297,0.67033058652011,0.888398121918685,0.111601878081315,0.528284166711525,0.0589575051656285,2.49402707064355,17.3646849048306,32.8699703663706,2015
"Ulsan","Female","55-59",7473,9342,0.555575379125781,0.595520434129116,0.977458950846023,0.0225410491539774,0.469326661545897,0.0105791153471782,2.32018551936154,14.870657834187,31.6850906897238,2015
"Ulsan","Female","60-64",6294,7480,0.543052127196167,0.582096778751214,0.999999,1e-06,0.458747546198718,4.58747546198718e-07,2.29373658412473,12.5504723148255,27.3581241334617,2015
"Ulsan","Female","65-69",5073,6289,0.553511705685619,0.593308385595001,0.940371149066079,0.0596288509339209,0.458747087451172,0.0273545616939963,2.22534903302087,10.2567357307008,22.3581489916107,2015
"Ulsan","Female","70-74",4431,4810,0.520506438697111,0.557930088312511,0.920992752884836,0.0790072471151642,0.431392525757176,0.034083135886132,2.07175478907055,8.0313866976799,18.6173524531592,2015
"Ulsan","Female","75-79",4419,4069,0.479382657869934,0.513849567952219,0.999999,1e-06,0.397309389871044,3.97309389871044e-07,1.98654595608174,5.95963190860935,14.9999775000125,2015
"Ulsan","Female","80-84",1996,3016,0.601755786113328,0.645021144655126,0.999999,1e-06,0.397308992561654,3.97308992561654e-07,1.98654396953579,3.97308595252761,9.9999900000025,2015
"Ulsan","Female","85+",771,1747,0.693804606830818,0.743688140591861,0.999999,1e-06,0.397308595252661,3.97308595252661e-07,1.98654198299182,1.98654198299182,4.9999975,2015
"Ulsan","Male","0-4",2214,27650,0.925863916421109,1,0.943883200172967,0.0561167998270331,1,0.0561167998270331,4.85970800043242,55.1970113518487,55.1970113518487,2015
"Ulsan","Male","5-9",3592,24895,0.873907396356233,0.943883200172967,0.962069280457205,0.0379307195427953,0.943883200172967,0.0358021689469169,4.62991057849754,50.3373033514163,53.3300130166444,2015
"Ulsan","Male","10-14",4789,25285,0.84075945999867,0.90808103122605,0.922623850941478,0.0773761490585222,0.90808103122605,0.0702638132293634,4.36474562305684,45.7073927729187,50.3340464134645,2015
"Ulsan","Male","15-19",8283,28646,0.77570473069945,0.837817217996687,0.813222166148476,0.186777833851524,0.837817217996687,0.156485685140931,3.7978718771311,41.3426471498619,49.3456642592243,2015
"Ulsan","Male","20-24",13907,23763,0.630820281391027,0.681331532855756,0.972711667348739,0.0272883326512606,0.681331532855756,0.0185924015143612,3.36017666049287,37.5447752727308,55.1050016947907,2015
"Ulsan","Male","25-29",13705,21764,0.613606247709267,0.662739131341394,0.8882021824176,0.1117978175824,0.662739131341394,0.0740927885104233,3.12846368543091,34.1845986122379,51.5807758975205,2015
"Ulsan","Male","30-34",18460,22112,0.545006408360446,0.588646342830971,0.999999,1e-06,0.588646342830971,5.88646342830971e-07,2.943230242539,31.056134926807,52.7585625988077,2015
"Ulsan","Male","35-39",12940,18823,0.592607751157007,0.64005923618636,0.999999,1e-06,0.588645754184628,5.88645754184628e-07,2.94322729930876,28.112904684268,47.7586128574205,2015
"Ulsan","Male","40-44",9567,16612,0.634554413843157,0.685364666004052,0.999999,1e-06,0.588645165538874,5.88645165538874e-07,2.94322435608146,25.1696773849592,42.7586581160786,2015
"Ulsan","Male","45-49",6745,13530,0.667324290998767,0.720758503666806,0.999999,1e-06,0.588644576893708,5.88644576893708e-07,2.9432214128571,22.2264530288778,37.758698374777,2015
"Ulsan","Male","50-54",5529,13075,0.702805848204687,0.759081151927117,0.996756836245594,0.00324316375440614,0.588643988249131,0.00190906884693866,2.93844726912831,19.2832316160207,32.7587336335106,2015
"Ulsan","Male","55-59",5062,11841,0.700526533751405,0.756619327448534,0.897175934514602,0.102824065485398,0.586734919402193,0.0603304697751805,2.78284842257301,16.3447843468924,27.8571869619514,2015
"Ulsan","Male","60-64",4756,8046,0.628495547570692,0.678820652175448,0.97207092651902,0.0279290734809798,0.526404449627012,0.0147019885543476,2.59526727674919,13.5619359243193,25.7633383113094,2015
"Ulsan","Male","65-69",3584,5628,0.610942249240122,0.659861820300434,0.969964989865487,0.0300350101345126,0.511702461072665,0.0153689886041725,2.52008983385289,10.9666686475702,21.4317293385322,2015
"Ulsan","Male","70-74",2926,4256,0.592592592592593,0.640042863840332,0.891829608938548,0.108170391061452,0.496333472468492,0.0536885858138054,2.34744589780795,8.44657881371726,17.0179512006486,2015
"Ulsan","Male","75-79",2532,2838,0.528491620111732,0.570809176962632,0.999999,1e-06,0.442644886654687,4.42644886654687e-07,2.21322332666122,6.09913291590931,13.7788396518117,2015
"Ulsan","Male","80-84",1754,2028,0.536224219989424,0.579160944150602,0.837180403148491,0.162819596851509,0.4426444440098,0.0720711899222361,2.03304424524341,3.8859095892481,8.77885093066267,2015
"Ulsan","Male","85+",534,435,0.448916408668731,0.484862192711862,0.999999,1e-06,0.370573254087564,3.70573254087564e-07,1.85286534400469,1.85286534400469,4.9999975,2015
"Ulsan","Total","0-4",4028,52880,0.929219090461798,1,0.953361873087442,0.0466381269125581,1,0.0466381269125581,4.8834046827186,53.8063435588079,53.8063435588079,2015
"Ulsan","Total","5-9",6258,48580,0.885882052591269,0.953361873087442,0.965015453785212,0.0349845462147882,0.953361873087442,0.0333529325084446,4.6834270341661,48.9229388760893,51.3162318078165,2015
"Ulsan","Total","10-14",8143,47973,0.854889870981538,0.920008940578997,0.907082981551363,0.0929170184486374,0.920008940578997,0.0854844877046901,4.38633348363326,44.2395118419232,48.0859586147952,2015
"Ulsan","Total","15-19",16248,56112,0.775456053067993,0.834524452874307,0.772739710391075,0.227260289608925,0.834524452874307,0.189654268845945,3.69848659225667,39.85317835829,47.7555549403326,2015
"Ulsan","Total","20-24",30020,44885,0.599225685868767,0.644870184028362,0.98146068445497,0.0185393155450304,0.644870184028362,0.0119554518272836,3.1944622905736,36.1546917660333,56.0650696240643,2015
"Ulsan","Total","25-29",28338,40463,0.588116451795759,0.632914732201079,0.887471084926646,0.112528915073354,0.632914732201079,0.0712212081485296,2.98652064063407,32.9602294754597,52.0768877678583,2015
"Ulsan","Total","30-34",37942,41424,0.521936345538392,0.561693524052549,0.999999,1e-06,0.561693524052549,5.61693524052549e-07,2.80846621602894,29.9737088348256,53.3631020321705,2015
"Ulsan","Total","35-39",27704,36567,0.56895022638515,0.612288568137786,0.999999,1e-06,0.561692962359025,5.61692962359025e-07,2.80846340756272,27.1652426187967,48.3631528953234,2015
"Ulsan","Total","40-44",20849,30693,0.595494936168562,0.64085525392361,0.999999,1e-06,0.561692400666063,5.61692400666063e-07,2.80846059909931,24.356779211234,43.3631987585222,2015
"Ulsan","Total","45-49",14233,26371,0.649468032706137,0.698939614319986,0.999999,1e-06,0.561691838973662,5.61691838973662e-07,2.80845779063871,21.5483186121346,38.3632396217618,2015
"Ulsan","Total","50-54",13173,25835,0.662300041017227,0.71274906834736,0.948573260203342,0.051426739796658,0.561691277281823,0.0288859511628248,2.73624150850205,18.7398608214959,33.3632754850373,2015
"Ulsan","Total","55-59",12535,21183,0.628240109140518,0.67609470746915,0.929917256130126,0.0700827438698742,0.532805326118998,0.0373404592029026,2.57067548258773,16.0036193129939,30.0365227757118,2015
"Ulsan","Total","60-64",11050,15526,0.584211318482842,0.628712135253812,0.991466939290639,0.008533060709361,0.495464866916096,0.00422783178875051,2.4667547551086,13.4329438304061,27.1117988930604,2015
"Ulsan","Total","65-69",8657,11917,0.579226207835132,0.623347296434979,0.953048534753901,0.0469514652460986,0.491237035127345,0.0230642985823781,2.39852442918078,10.9661890752975,22.3236203525549,2015
"Ulsan","Total","70-74",7357,9066,0.552030688668331,0.594080227510162,0.902870944610198,0.0971290553898024,0.468172736544967,0.0454731756598715,2.22718074357516,8.56766464611675,18.3002212160935,2015
"Ulsan","Total","75-79",6951,6907,0.498412469331794,0.536377776186341,0.999999,1e-06,0.422699560885096,4.22699560885096e-07,2.11349674767658,6.3404839025416,14.9999775000125,2015
"Ulsan","Total","80-84",3750,5044,0.573572890607232,0.617263352092972,0.999999,1e-06,0.422699138185535,4.22699138185535e-07,2.11349463417983,4.22698715486502,9.9999900000025,2015
"Ulsan","Total","85+",1305,2182,0.625752796099799,0.673417929660503,0.999999,1e-06,0.422698715486396,4.22698715486396e-07,2.11349252068519,2.11349252068519,4.9999975,2015
"Busan","Female","0-4",4872,44251,0.900820389634184,1,0.926304487335887,0.0736955126641132,1,0.0736955126641132,4.81576121833972,55.2826195582953,55.2826195582953,2020
"Busan","Female","5-9",11257,56734,0.834433969201806,0.926304487335887,0.984187821734839,0.0158121782651609,0.926304487335887,0.0146468916815735,4.5949052074755,50.4668583399556,54.4819322694869,2020
"Busan","Female","10-14",11293,51881,0.821239750530281,0.911657595654313,0.916795948201346,0.0832040517986535,0.911657595654313,0.0758536058114574,4.36865396374292,45.8719531324801,50.317085439909,2020
"Busan","Female","15-19",17496,53312,0.752909275788047,0.835803989842856,0.926693020252828,0.0733069797471718,0.835803989842856,0.0612702661560156,4.02584428382424,41.5032991687372,49.656737312944,2020
"Busan","Female","20-24",30940,71414,0.697715770756394,0.77453372368684,0.847377975042895,0.152622024957105,0.77453372368684,0.118210905306652,3.57714135516757,37.4774548849129,48.3871182606709,2020
"Busan","Female","25-29",51405,74350,0.591228976979047,0.656322818380188,0.839305874397725,0.160694125602275,0.656322818380188,0.105467221412425,3.01794603836988,33.9003135297454,51.6518892538457,2020
"Busan","Female","30-34",65405,64424,0.496221953492671,0.550855596967763,0.958256504772175,0.0417434952278251,0.550855596967763,0.0229946379832445,2.6967913898807,30.8823674913755,56.0625464484166,2020
"Busan","Female","35-39",84160,76300,0.475507914745108,0.527860958984519,0.980720293641203,0.0192797063587974,0.527860958984519,0.0101770042874947,2.61386228420386,28.1855761014948,53.3958339251254,2020
"Busan","Female","40-44",87089,76103,0.466340261777538,0.517683954697024,0.999999,1e-06,0.517683954697024,5.17683954697024e-07,2.58841847927523,25.5717138172909,49.3963809101575,2020
"Busan","Female","45-49",78235,76152,0.493253965683639,0.547560836055172,0.991537910160096,0.00846208983990437,0.517683437013069,0.00438068375263507,2.57746547568376,22.9832953380157,44.3964278065854,2020
"Busan","Female","50-54",64754,61986,0.489080006312135,0.54292732706766,0.999999,1e-06,0.513302753260434,5.13302753260434e-07,2.56651248304529,20.4058298623319,39.7539848222451,2020
"Busan","Female","55-59",48954,47683,0.493423843869325,0.547749417694354,0.999999,1e-06,0.513302239957681,5.13302239957681e-07,2.5665099165328,17.8393173792867,34.7540220762672,2020
"Busan","Female","60-64",46912,49423,0.513032646494005,0.569517133934262,0.992229356377864,0.00777064362213609,0.513301726655441,0.00398868478846654,2.55653692130604,15.2728074627538,29.7540543303216,2020
"Busan","Female","65-69",34029,35283,0.509046052631579,0.565091619249758,0.999999,1e-06,0.509313041866974,5.09313041866974e-07,2.54656393605227,12.7162705414478,24.9674944408141,2020
"Busan","Female","70-74",18379,20177,0.523316734101048,0.580933491429477,0.999999,1e-06,0.509312532553932,5.09312532553932e-07,2.54656138948833,10.1697066053955,19.967516908331,2020
"Busan","Female","75-79",10599,15011,0.586138227254979,0.650671581149495,0.997403547991872,0.00259645200812775,0.5093120232414,0.00132240422550874,2.54325410564323,7.62314521590722,14.9675343758654,2020
"Busan","Female","80-84",6637,9341,0.584616347477782,0.648982143615988,0.999999,1e-06,0.507989619015891,5.07989619015891e-07,2.53994682510541,5.07989111026399,9.9999900000025,2020
"Busan","Female","85+",4226,5953,0.584831515865999,0.649221001873075,0.999999,1e-06,0.507989111026272,5.07989111026272e-07,2.53994428515858,2.53994428515858,4.9999975,2020
"Busan","Male","0-4",5153,48748,0.904398805216972,1,0.950247068039182,0.0497529319608176,1,0.0497529319608176,4.87561767009796,55.1509014904062,55.1509014904062,2020
"Busan","Male","5-9",10054,61455,0.859402312995567,0.950247068039182,0.915874975448314,0.0841250245516862,0.950247068039182,0.0799395579289641,4.5513864453735,50.2752838203082,52.9075916267233,2020
"Busan","Male","10-14",15559,57524,0.787105072315039,0.870307510110218,0.986918043925328,0.0130819560746722,0.870307510110218,0.0113853246187192,4.32307423900429,45.7238973749347,52.5376339325672,2020
"Busan","Male","15-19",16574,57685,0.776808198332862,0.858922185491499,0.876013775267315,0.123986224732685,0.858922185491499,0.106494519118238,4.0283746296619,41.4008231359304,48.2009008909692,2020
"Busan","Male","20-24",30253,64434,0.680494682480172,0.752427666373261,0.838652387887025,0.161347612112975,0.752427666373261,0.121402407257064,3.45863231372364,37.3724485062685,49.669157816067,2020
"Busan","Male","25-29",61910,82301,0.570698490406418,0.631025259116197,0.881174451786086,0.118825548213914,0.631025259116197,0.0749819223513094,2.96767148970271,33.9138161925449,53.7439915480467,2020
"Busan","Male","30-34",68495,69290,0.502884929419022,0.556043336764887,0.97646412288611,0.0235358771138897,0.556043336764887,0.0130869676440956,2.7474992647142,30.9461447028422,55.6541957374937,2020
"Busan","Male","35-39",83613,80672,0.491049091517789,0.542956369120792,0.961785605877419,0.0382143941225813,0.542956369120792,0.0207487486809477,2.66290997390159,28.198645438128,51.935380155481,2020
"Busan","Male","40-44",87156,78001,0.472283948000993,0.522207620439844,0.999999,1e-06,0.522207620439844,5.22207620439844e-07,2.61103679668017,25.5357354642264,48.8995841208104,2020
"Busan","Male","45-49",77888,74675,0.48946992390029,0.54121027258861,0.999999,1e-06,0.522207098232224,5.22207098232224e-07,2.61103418564337,22.9246986675462,43.8996305204409,2020
"Busan","Male","50-54",57298,61186,0.516407278619898,0.570995091591268,0.998239445069996,0.00176055493000382,0.522206576025125,0.00091937336190145,2.60873444672087,20.3136644819028,38.8996719201128,2020
"Busan","Male","55-59",44986,47864,0.515498115239634,0.569989823367759,0.999999,1e-06,0.521287202663224,5.21287202663224e-07,2.60643471009811,17.704930035182,33.9638685636796,2020
"Busan","Male","60-64",38989,46763,0.545328388842243,0.602973362742794,0.967229556631316,0.0327704433686835,0.521286681376021,0.0170827956708819,2.5637264177029,15.0984953250839,28.9639000275797,2020
"Busan","Male","65-69",29489,32916,0.527457735758353,0.583213658306207,0.999999,1e-06,0.50420388570514,5.04203885705139e-07,2.52101816801598,12.534768907381,24.8605162767653,2020
"Busan","Male","70-74",12478,19593,0.610925758473387,0.675504827018012,0.999999,1e-06,0.504203381501254,5.04203381501254e-07,2.52101564699782,10.013750739365,19.860538637304,2020
"Busan","Male","75-79",6888,11354,0.622409823484267,0.688202836949731,0.999999,1e-06,0.504202877297872,5.04202877297872e-07,2.52101312598217,7.49273509236716,14.86055599786,2020
"Busan","Male","80-84",3414,6339,0.649953860350661,0.71865846858868,0.981409441593592,0.0185905584064079,0.504202373094995,0.00937340366567196,2.4975783563108,4.97172196638499,9.86056835842834,2020
"Busan","Male","85+",1245,2193,0.637870855148342,0.705298206354123,0.999999,1e-06,0.494828969429323,4.94828969429323e-07,2.47414361007419,2.47414361007419,4.9999975,2020
"Busan","Total","0-4",10025,92999,0.902692576487032,1,0.938562027625764,0.0614379723742356,1,0.0614379723742356,4.84640506906441,55.2985037367334,55.2985037367334,2020
"Busan","Total","5-9",21311,118189,0.847232974910394,0.938562027625764,0.947710074240955,0.0522899257590452,0.938562027625764,0.0490773387448102,4.5701167912668,50.452098667669,53.7546770300256,2020
"Busan","Total","10-14",26852,109405,0.802931225551715,0.889484688880954,0.952937161414505,0.0470628385854952,0.889484688880954,0.0418616743370738,4.34276925856209,45.8819818764022,51.5826550473011,2020
"Busan","Total","15-19",34070,110997,0.765143002888321,0.84762301454388,0.901060672546174,0.0989393274538263,0.84762301454388,0.0838632509933563,4.02845694523601,41.5392126178401,49.0067068792286,2020
"Busan","Total","20-24",61193,135848,0.689440268776549,0.763759763550524,0.841642104751224,0.158357895248776,0.763759763550524,0.120947388631564,3.51643034617371,37.5107556726041,49.1132911980413,2020
"Busan","Total","25-29",113315,156651,0.580261958913345,0.642812374918961,0.861080890920954,0.138919109079046,0.642812374918961,0.0892989224287275,2.99081456852298,33.9943253264304,52.8837443907579,2020
"Busan","Total","30-34",133900,133714,0.499652484548641,0.553513452490233,0.967412439124508,0.032587560875492,0.553513452490233,0.0180376533284292,2.72247312913009,31.0035107579074,56.0122082280456,2020
"Busan","Total","35-39",167773,156972,0.483370028791821,0.535475799161804,0.97095364190433,0.0290463580956701,0.535475799161804,0.0155536218140189,2.63849494127397,28.2810376287773,52.814782055597,2020
"Busan","Total","40-44",174245,154104,0.46932988984282,0.519922177347785,0.999999,1e-06,0.519922177347785,5.19922177347785e-07,2.59960958693348,25.6425426875033,49.3199632650995,2020
"Busan","Total","45-49",156123,150827,0.491373187815605,0.544341673582672,0.999999,1e-06,0.519921657425608,5.19921657425608e-07,2.59960698732389,23.0429331005698,44.3200100851096,2020
"Busan","Total","50-54",122052,123172,0.502283626398721,0.556428223164785,0.999999,1e-06,0.51992113750395,5.1992113750395e-07,2.59960438771691,20.4433261132459,39.3200519051615,2020
"Busan","Total","55-59",93940,95547,0.504240396438806,0.55859592686708,0.999999,1e-06,0.519920617582813,5.19920617582813e-07,2.59960178811252,17.843721725529,34.3200887252502,2020
"Busan","Total","60-64",85901,96186,0.528241994211558,0.585184821467452,0.980174166905652,0.019825833094348,0.519920097662195,0.0103078490786478,2.57383086561436,15.2441199374165,29.3201205453707,2020
"Busan","Total","65-69",63518,68199,0.517769156600894,0.573583044867693,0.999999,1e-06,0.509612248583547,5.09612248583547e-07,2.54805996888712,12.6702890718021,24.8626070252802,2020
"Busan","Total","70-74",30857,39770,0.563099098078638,0.623799411611454,0.999999,1e-06,0.509611738971299,5.09611738971299e-07,2.54805742082715,10.122229102915,19.8626293879096,2020
"Busan","Total","75-79",17487,26365,0.601226853963331,0.66603721978428,0.999999,1e-06,0.50961122935956,5.0961122935956e-07,2.54805487276973,7.57417168208788,14.8626467505563,2020
"Busan","Total","80-84",10051,15680,0.609381679685982,0.67507111009762,0.981688208991462,0.0183117910085381,0.50961071974833,0.0093318849957421,2.5247238862523,5.02611680931815,9.86265911321544,2020
"Busan","Total","85+",5471,8146,0.59822280972314,0.662709349013611,0.999999,1e-06,0.500278834752588,5.00278834752588e-07,2.50139292306585,2.50139292306585,4.9999975,2020
"Chungbuk","Female","0-4",1836,22169,0.923515934180379,1,0.895146084638096,0.104853915361904,1,0.104853915361904,4.73786521159524,45.3680260892365,45.3680260892365,2020
"Chungbuk","Female","5-9",6006,28647,0.82668167258246,0.895146084638096,0.973889513091974,0.0261104869080258,0.895146084638096,0.0233727001237135,4.4172986728812,40.6301608776413,45.389419196385,2020
"Chungbuk","Female","10-14",6264,25875,0.805096611593391,0.871773384514383,0.985248760915742,0.0147512390842578,0.871773384514383,0.0128597376222643,4.32671757851625,36.2128622047601,41.539306943779,2020
"Chungbuk","Female","15-19",7009,26887,0.793220438989851,0.858913646892119,0.808042556082634,0.191957443917366,0.858913646892119,0.164874868203154,3.88238106395271,31.8861446262438,37.1238071971731,2020
"Chungbuk","Female","20-24",16362,29209,0.640955871058349,0.694038778688965,0.870127875635337,0.129872124364663,0.694038778688965,0.0901362905797919,3.24485316699534,28.0037635622911,40.348989742605,2020
"Chungbuk","Female","25-29",21201,26734,0.557713570459998,0.603902488109173,0.862842895402435,0.137157104597565,0.603902488109173,0.0828295167283194,2.81243864872506,24.7589103952958,40.9981923949614,2020
"Chungbuk","Female","30-34",24101,22356,0.481219191940935,0.521072971380853,0.934033229332003,0.0659667706679966,0.521072971380853,0.0343735012043723,2.51943110389334,21.9464717465707,42.1178471192089,2020
"Chungbuk","Female","35-39",32018,26141,0.449474715865128,0.486699470176481,0.925763284292693,0.0742367157073072,0.486699470176481,0.0361309702023884,2.34316992537643,19.4270406426774,39.9158861537962,2020
"Chungbuk","Female","40-44",40528,28882,0.416107189165826,0.450568499974093,0.943356028952398,0.0566439710476017,0.450568499974093,0.0255219890674938,2.18903752720173,17.0838707173009,37.9162562813052,2020
"Chungbuk","Female","45-49",51607,33348,0.392537225590018,0.425046510906599,0.862223344960463,0.137776655039537,0.425046510906599,0.0585614865089371,1.97882883826065,14.8948331900992,35.0428313323392,2020
"Chungbuk","Female","50-54",69064,35334,0.338454759669725,0.366485024397662,0.87990669182743,0.120093308172569,0.366485024397662,0.04401239897562,1.72239412454926,12.9160043518385,35.2429253366265,2020
"Chungbuk","Female","55-59",80172,34002,0.297808607914236,0.322472625422042,0.999999,1e-06,0.322472625422042,3.22472625422042e-07,1.61236232092864,11.1936102272893,34.7118153444481,2020
"Chungbuk","Female","60-64",72510,33606,0.316691168155603,0.342919008145395,0.989523978235276,0.0104760217647238,0.322472302949416,0.0033782268642187,1.60391594758653,9.58124790636065,29.7118475562957,2020
"Chungbuk","Female","65-69",54582,24911,0.313373504585309,0.339326581152526,0.999999,1e-06,0.319094076085197,3.19094076085197e-07,1.5954695826908,7.97733195877411,24.999937500075,2020
"Chungbuk","Female","70-74",34839,18331,0.344762083881888,0.373314710793664,0.999999,1e-06,0.319093756991121,3.19093756991121e-07,1.59546798722121,6.38186237608332,19.999960000035,2020
"Chungbuk","Female","75-79",32248,19789,0.380287103407191,0.411781853817927,0.999999,1e-06,0.319093437897364,3.19093437897364e-07,1.59546639175323,4.7863943888621,14.9999775000125,2020
"Chungbuk","Female","80-84",21262,16442,0.436081052408233,0.472196565612324,0.999999,1e-06,0.319093118803926,3.19093118803926e-07,1.59546479628684,3.19092799710887,9.9999900000025,2020
"Chungbuk","Female","85+",12348,12273,0.498476909954917,0.539759945124623,0.999999,1e-06,0.319092799710808,3.19092799710808e-07,1.59546320082204,1.59546320082204,4.9999975,2020
"Chungbuk","Male","0-4",2737,26529,0.906478507483086,1,0.949976856737482,0.0500231432625179,1,0.0500231432625179,4.87494214184371,50.7380879203225,50.7380879203225,2020
"Chungbuk","Male","5-9",4802,29778,0.861133603238866,0.949976856737482,0.97853150892904,0.0214684910709605,0.949976856737482,0.0203945696664878,4.69889785952119,45.8631457784788,48.2781716767156,2020
"Chungbuk","Male","10-14",5663,30326,0.842646364166829,0.929582287070994,0.948771675994585,0.0512283240054149,0.929582287070994,0.0476209425917675,4.52885907887555,41.1642479189576,44.2825218288759,2020
"Chungbuk","Male","15-19",6389,25473,0.799479003201306,0.881961344479227,0.829180143342224,0.170819856657776,0.881961344479227,0.150656510441641,4.03316544629203,36.6353888400821,41.5385425556426,2020
"Chungbuk","Male","20-24",13946,27426,0.662912114473557,0.731304834037586,0.856489424153557,0.143510575846443,0.731304834037586,0.104949977852022,3.39414922555788,32.6022233937901,44.5808941447725,2020
"Chungbuk","Male","25-29",21341,28034,0.567777215189873,0.626354856185564,0.899603070221792,0.100396929778208,0.626354856185564,0.0628841045127019,2.97456401964607,29.2080741682322,46.6318315884167,2020
"Chungbuk","Male","30-34",24293,25363,0.510774125986789,0.563470751672862,0.963775197941413,0.036224802058587,0.563470751672862,0.0204116164451527,2.76632471725143,26.2335101485861,46.5570041935676,2020
"Chungbuk","Male","35-39",31238,30287,0.49227143437627,0.54305913522771,0.915940027693388,0.0840599723066118,0.54305913522771,0.0456495358680938,2.60117183646831,23.4671854313347,43.2129466370079,2020
"Chungbuk","Male","40-44",39314,32282,0.450891111235265,0.497409599359616,0.937270395534085,0.062729604465915,0.497409599359616,0.031202307425378,2.40904222823463,20.8660135948664,41.9493584798727,2020
"Chungbuk","Male","45-49",51168,37451,0.42260689017028,0.466207291934238,0.931930655296117,0.0680693447038828,0.466207291934238,0.0317344248581354,2.25170039752585,18.4569713666317,39.589623941865,2020
"Chungbuk","Male","50-54",65815,42762,0.393840316089043,0.434472867076103,0.95202092075534,0.0479790792446596,0.434472867076103,0.0208456081190988,2.12025031508277,16.2052709691059,37.2986950328186,2020
"Chungbuk","Male","55-59",71437,42852,0.374944220353665,0.413627258957004,0.999999,1e-06,0.413627258957004,4.13627258957004e-07,2.06813526071687,14.0850206540231,34.05244782353,2020
"Chungbuk","Male","60-64",61271,40114,0.395660107510973,0.436480406589624,0.999999,1e-06,0.413626845329745,4.13626845329745e-07,2.06813319258161,12.0168853933063,29.0524793760094,2020
"Chungbuk","Male","65-69",42218,28700,0.404692743732198,0.446444940935071,0.999999,1e-06,0.4136264317029,4.136264317029e-07,2.06813112444842,9.94875220072464,24.0525059285153,2020
"Chungbuk","Male","70-74",26351,20868,0.441940744191957,0.487535821912692,0.945859929307395,0.0541400706926047,0.413626018076468,0.0223937418589606,2.01214573573494,7.88062107627622,19.0525274810428,2020
"Chungbuk","Male","75-79",21885,15719,0.418014041059462,0.461140598049162,0.999999,1e-06,0.391232276217507,3.91232276217507e-07,1.95616040300685,5.86847534054128,14.9999775000125,2020
"Chungbuk","Male","80-84",12067,11627,0.490714948932219,0.541342067000276,0.999999,1e-06,0.391231884985231,3.91231884985231e-07,1.95615844684644,3.91231493753444,9.9999900000025,2020
"Chungbuk","Male","85+",5302,6170,0.537831241283124,0.593319352685435,0.999999,1e-06,0.391231493753346,3.91231493753346e-07,1.956156490688,1.956156490688,4.9999975,2020
"Chungbuk","Total","0-4",4573,48698,0.914155919731186,1,0.923135163770131,0.0768648362298692,1,0.0768648362298692,4.80783790942533,48.3268187068292,48.3268187068292,2020
"Chungbuk","Total","5-9",10808,58425,0.843889474672483,0.923135163770131,0.97753616414962,0.0224638358503805,0.923135163770131,0.0207371567866463,4.56383292688404,43.5189807974038,47.142588112092,2020
"Chungbuk","Total","10-14",11927,56201,0.824932480037576,0.902398006983484,0.965234060567234,0.0347659394327661,0.902398006983484,0.0313727144550366,4.43355824877983,38.9551478705198,43.1684772894592,2020
"Chungbuk","Total","15-19",13398,52360,0.796252927400468,0.871025292528448,0.818086528631673,0.181913471368327,0.871025292528448,0.158451234613463,3.95899837610858,34.52158962174,39.6332803626509,2020
"Chungbuk","Total","20-24",30308,56635,0.651403793289857,0.712574057914985,0.864010710211151,0.135989289788849,0.712574057914985,0.0969024400578169,3.32061418943038,30.5625912456314,42.8904068372325,2020
"Chungbuk","Total","25-29",42542,54768,0.562819854074607,0.615671617857168,0.882144623584156,0.117855376415844,0.615671617857168,0.0725602102711083,2.89695756360807,27.241977056201,44.2475765750192,2020
"Chungbuk","Total","30-34",48394,47719,0.496488508318334,0.54311140758606,0.949618925637928,0.050381074362072,0.54311140758606,0.0273625362124829,2.64715069739909,24.3450194925929,44.8250932544356,2020
"Chungbuk","Total","35-39",63256,56428,0.471474883860834,0.515748871373577,0.92002520313428,0.0799747968657196,0.515748871373577,0.041246911221826,2.47562707881332,21.6978687951938,42.0706083901,2020
"Chungbuk","Total","40-44",79842,61164,0.433768775796775,0.474501960151751,0.940338385803391,0.0596616141966093,0.474501960151751,0.0283095528821087,2.30173591855348,19.2222417163805,40.5103526026173,2020
"Chungbuk","Total","45-49",102775,70799,0.407889430444652,0.446192407269642,0.898995901328707,0.101004098671293,0.446192407269642,0.0450672619302446,2.1182938815226,16.920505797827,37.9219940145724,2020
"Chungbuk","Total","50-54",134879,78096,0.366690926165043,0.401125145339398,0.917382470542485,0.0826175294575154,0.401125145339398,0.0331399685112279,1.92277580541892,14.8022119163044,36.9017302661992,2020
"Chungbuk","Total","55-59",151609,76854,0.336395827770799,0.36798517682817,0.999999,1e-06,0.36798517682817,3.6798517682817e-07,1.83992496417791,12.8794361108855,34.9998775002275,2020
"Chungbuk","Total","60-64",133781,73720,0.35527539626315,0.388637636747593,0.999999,1e-06,0.367984808842993,3.67984808842993e-07,1.83992312425294,11.0395111467076,29.9999100001375,2020
"Chungbuk","Total","65-69",96800,53611,0.356430048334231,0.389900716760705,0.999999,1e-06,0.367984440858184,3.67984440858184e-07,1.83992128432982,9.19958802245465,24.999937500075,2020
"Chungbuk","Total","70-74",61190,39199,0.390471067547241,0.427138367885931,0.999999,1e-06,0.367984072873743,3.67984072873743e-07,1.83991944440854,7.35966673812483,19.999960000035,2020
"Chungbuk","Total","75-79",54133,35508,0.396113385615957,0.433310529490896,0.999999,1e-06,0.367983704889671,3.67983704889671e-07,1.83991760448909,5.5197472937163,14.9999775000125,2020
"Chungbuk","Total","80-84",33329,28069,0.457164728492785,0.500094916660625,0.999999,1e-06,0.367983336905966,3.67983336905966e-07,1.83991576457149,3.67982968922721,9.9999900000025,2020
"Chungbuk","Total","85+",17650,18443,0.510985509655612,0.558969754093887,0.999999,1e-06,0.367982968922629,3.67982968922629e-07,1.83991392465572,1.83991392465572,4.9999975,2020
"Chungnam","Female","0-4",2462,32538,0.929657142857143,1,0.934147187125996,0.0658528128740045,1,0.0658528128740045,4.83536796781499,39.5120565340385,39.5120565340385,2020
"Chungnam","Female","5-9",5788,38206,0.86843660499159,0.934147187125996,0.960754182715339,0.0392458172846609,0.934147187125996,0.0366613698229268,4.57908251107266,34.6766885662236,37.1212256956103,2020
"Chungnam","Female","10-14",7059,35556,0.834354100668779,0.897485817303069,0.935703416484959,0.0642965835150411,0.897485817303069,0.0577052718057917,4.34316590700086,30.0976060551509,33.5354670512719,2020
"Chungnam","Female","15-19",8648,30788,0.780707982554012,0.839780545497277,0.735130764683455,0.264869235316545,0.839780545497277,0.222432030919575,3.64282265018745,25.75444014815,30.6680599904818,2020
"Chungnam","Female","20-24",21649,29161,0.573922456209408,0.617348514577702,0.827421444277801,0.172578555722199,0.617348514577702,0.106541115023065,2.82038978533085,22.1116174979626,35.8170741094081,2020
"Chungnam","Female","25-29",24935,22549,0.474875747620251,0.510807399554637,0.849428090448724,0.150571909551276,0.510807399554637,0.0769132455638634,2.36175388386353,19.2912277126317,37.7661477289706,2020
"Chungnam","Female","30-34",30638,20714,0.40337279950148,0.433894153990774,0.89408076541109,0.10591923458891,0.433894153990774,0.0459577366833054,2.05457642824561,16.9294738287682,39.0175199943537,2020
"Chungnam","Female","35-39",50567,28524,0.360647861324297,0.387936417307468,0.861004989712258,0.138995010287742,0.387936417307468,0.0539212263146413,1.80487902075074,14.8748974005226,38.3436479198423,2020
"Chungnam","Female","40-44",70871,31918,0.310519608129275,0.334015190992827,0.900955188979108,0.0990448110208925,0.334015190992827,0.0330824714699919,1.58736977628916,13.0700183797719,39.1300118444389,2020
"Chungnam","Female","45-49",98619,38307,0.279764252223829,0.300932719522835,0.854057643222592,0.145942356777408,0.300932719522835,0.0439188303185973,1.39486652181768,11.4826486034827,38.1568631742332,2020
"Chungnam","Female","50-54",120004,37675,0.238934797912214,0.257013889204238,0.98000184528724,0.0199981547127605,0.257013889204238,0.00513980351963462,1.2722199372221,10.087782081665,39.2499491482684,2020
"Chungnam","Female","55-59",136229,41652,0.234156542857303,0.251874085684603,0.999999,1e-06,0.251874085684603,2.51874085684603e-07,1.2593697987378,8.81556214444292,34.9998775002275,2020
"Chungnam","Female","60-64",122585,42739,0.258516609808618,0.278077366257964,0.999999,1e-06,0.251873833810518,2.51873833810518e-07,1.259368539368,7.55619234570512,29.9999100001375,2020
"Chungnam","Female","65-69",88764,37926,0.299360644091878,0.322011879747241,0.999999,1e-06,0.251873581936684,2.51873581936684e-07,1.25936727999946,6.29682380633711,24.999937500075,2020
"Chungnam","Female","70-74",69892,31725,0.312201698534694,0.335824557401017,0.999999,1e-06,0.251873330063102,2.51873330063102e-07,1.25936602063218,5.03745652633765,19.999960000035,2020
"Chungnam","Female","75-79",51766,30326,0.369414802904059,0.397366712817077,0.999999,1e-06,0.251873078189772,2.51873078189772e-07,1.25936476126616,3.77809050570547,14.9999775000125,2020
"Chungnam","Female","80-84",34168,27146,0.442737384610366,0.47623727522782,0.999999,1e-06,0.251872826316694,2.51872826316694e-07,1.2593635019014,2.5187257444393,9.9999900000025,2020
"Chungnam","Female","85+",22507,22682,0.50193631193432,0.539915511638737,0.999999,1e-06,0.251872574443867,2.51872574443867e-07,1.2593622425379,1.2593622425379,4.9999975,2020
"Chungnam","Male","0-4",2636,33594,0.927242616616064,1,0.936300378955164,0.0636996210448355,1,0.0636996210448355,4.84075094738791,43.9936384127088,43.9936384127088,2020
"Chungnam","Male","5-9",5985,39417,0.868177613320999,0.936300378955164,0.96195847100069,0.0380415289993099,0.936300378955164,0.0356182980180877,4.5924561497306,39.1528874653209,41.8165882929711,2020
"Chungnam","Male","10-14",7362,37297,0.835150809467297,0.900682080937077,0.936006010148334,0.0639939898516662,0.900682080937077,0.0576382399470649,4.35931480481772,34.5604313155903,38.3713987954921,2020
"Chungnam","Male","15-19",9107,32612,0.781706177041636,0.843043840990012,0.78733240635372,0.21266759364628,0.843043840990012,0.179288105001663,3.7669989424459,30.2011165107726,35.8238979307488,2020
"Chungnam","Male","20-24",17826,28531,0.615462605431758,0.663755735988349,0.858996312806304,0.141003687193696,0.663755735988349,0.0935920061703225,3.08479866451594,26.4341175683267,39.8250683724271,2020
"Chungnam","Male","25-29",24100,27033,0.528680108736041,0.570163729818026,0.891314992958916,0.108685007041084,0.570163729818026,0.0619682489898431,2.69589802661552,23.3493189038107,40.9519541189737,2020
"Chungnam","Male","30-34",27992,24945,0.471220507395583,0.508195480828183,0.898494938175214,0.101505061824786,0.508195480828183,0.0515844137005417,2.41201636988956,20.6534208771952,40.640701573216,2020
"Chungnam","Male","35-39",47718,35038,0.423389240659288,0.456611067127642,0.902167530179567,0.0978324698204329,0.456611067127642,0.0446713884444407,2.17137686452711,18.2414045073056,39.9495452925727,2020
"Chungnam","Male","40-44",67342,41620,0.381968025550192,0.411939678683201,0.924209802341988,0.0757901976580124,0.411939678683201,0.0312209896705779,1.98164591923956,16.0700276427785,39.0106330474105,2020
"Chungnam","Male","45-49",88487,48282,0.353018593394702,0.380718689012623,0.883728170282211,0.116271829717789,0.380718689012623,0.0442668585792555,1.79292629861498,14.088381723539,37.0047022384863,2020
"Chungnam","Male","50-54",108987,49418,0.3119724756163,0.336451830433368,0.938554292071621,0.061445707928379,0.336451830433368,0.0206735209047772,1.63057534990489,12.295455424924,36.5444747590965,2020
"Chungnam","Male","55-59",123862,51283,0.292803105997887,0.31577830952859,0.999999,1e-06,0.31577830952859,3.1577830952859e-07,1.57889075819718,10.6648800750191,33.7733142309242,2020
"Chungnam","Male","60-64",112135,51924,0.316495894769565,0.341330185970749,0.969056004100473,0.0309439958995269,0.315777993750281,0.00977143294376952,1.55446138639198,9.08598931682194,28.7733455042697,2020
"Chungnam","Male","65-69",85216,37698,0.306702247099598,0.330768066095685,0.999999,1e-06,0.306006560806511,3.06006560806511e-07,1.53003203901615,7.53152793042996,24.6123086726633,2020
"Chungnam","Male","70-74",55389,32045,0.366505020930073,0.395263347868564,0.977848730661615,0.0221512693383846,0.30600625479995,0.00677842696930406,1.51308520657649,6.0014958914138,19.6123307849941,2020
"Chungnam","Male","75-79",42564,23775,0.358386469497581,0.386507762990336,0.999999,1e-06,0.299227827830646,2.99227827830646e-07,1.49613839108366,4.48841068483731,14.9999775000125,2020
"Chungnam","Male","80-84",22481,17969,0.444227441285538,0.479084366189648,0.999999,1e-06,0.299227528602819,2.99227528602819e-07,1.49613689494527,2.99227229375365,9.9999900000025,2020
"Chungnam","Male","85+",10161,11065,0.521294638650711,0.562198748535907,0.999999,1e-06,0.29922722937529,2.9922722937529e-07,1.49613539880838,1.49613539880838,4.9999975,2020
"Chungnam","Total","0-4",5098,66132,0.928429032710936,1,0.935241185901606,0.0647588140983939,1,0.0647588140983939,4.83810296475402,41.9479485444905,41.9479485444905,2020
"Chungnam","Total","5-9",11773,77623,0.868305069578057,0.935241185901606,0.96136923987973,0.0386307601202701,0.935241185901606,0.0361290779071619,4.58588323474013,37.1098455797365,39.6794389930136,2020
"Chungnam","Total","10-14",14421,72853,0.834761784723973,0.899112107994444,0.935861145508937,0.0641388544910635,0.899112107994444,0.057668020665809,4.3513904883077,32.5239623449964,36.1734227087034,2020
"Chungnam","Total","15-19",17755,63400,0.781221120078861,0.841444087328635,0.760016156775065,0.239983843224935,0.841444087328635,0.201932985936023,3.70238797180312,28.1725718566887,33.4812167331631,2020
"Chungnam","Total","20-24",39475,57692,0.593740673273848,0.639511101392612,0.846789479208822,0.153210520791178,0.639511101392612,0.097979828896102,2.9526059347228,24.4701838848856,38.2638922633224,2020
"Chungnam","Total","25-29",49035,49582,0.502773355506657,0.54153127249651,0.870794421617675,0.129205578382325,0.54153127249651,0.0699688612750281,2.53273420929498,21.5175779501628,39.734691315175,2020
"Chungnam","Total","30-34",58630,45659,0.437812233313197,0.471562411221482,0.897025951925785,0.102974048074215,0.471562411221482,0.0485586904031137,2.23641533009962,18.9848437408678,40.2594509000232,2020
"Chungnam","Total","35-39",98285,63562,0.392728935352524,0.423003720818368,0.884287414522905,0.115712585477095,0.423003720818368,0.0489468542023247,1.99265146858603,16.7484284107682,39.5940451265196,2020
"Chungnam","Total","40-44",138213,73538,0.347285254851217,0.374056866616043,0.910981413408474,0.0890185865915261,0.374056866616043,0.0332980135710152,1.78703929915268,14.7557769421821,39.4479509911749,2020
"Chungnam","Total","45-49",187106,86589,0.316370412320284,0.340758853045028,0.870933262447681,0.129066737552319,0.340758853045028,0.0439806334545919,1.59384268158866,12.9687376430294,38.0584026713922,2020
"Chungnam","Total","50-54",228991,87093,0.275537515344022,0.296778219590436,0.955414599852954,0.0445854001470464,0.296778219590436,0.0132319756753676,1.45081115876376,11.3748949614408,38.3279304564146,2020
"Chungnam","Total","55-59",260091,92935,0.263252564966886,0.283546243915069,0.999999,1e-06,0.283546243915069,2.83546243915069e-07,1.41773051070973,9.92408380267703,34.9998775002275,2020
"Chungnam","Total","60-64",234720,94663,0.287394917163302,0.309549687738795,0.999999,1e-06,0.283545960368825,2.83545960368825e-07,1.41772909297922,8.50635329196729,29.9999100001375,2020
"Chungnam","Total","65-69",173980,75624,0.302975913847534,0.326331796155566,0.999999,1e-06,0.283545676822864,2.83545676822864e-07,1.41772767525013,7.08862419898807,24.999937500075,2020
"Chungnam","Total","70-74",125281,63770,0.337316385525599,0.363319514622095,0.999999,1e-06,0.283545393277187,2.83545393277187e-07,1.41772625752245,5.67089652373794,19.999960000035,2020
"Chungnam","Total","75-79",94330,54101,0.364485855380615,0.392583431300447,0.999999,1e-06,0.283545109731794,2.83545109731794e-07,1.4177248397962,4.25317026621549,14.9999775000125,2020
"Chungnam","Total","80-84",56649,45115,0.443329664714437,0.477505171741507,0.999999,1e-06,0.283544826186684,2.83544826186684e-07,1.41772342207136,2.83544542641929,9.9999900000025,2020
"Chungnam","Total","85+",32668,33747,0.508123164947678,0.547293489373119,0.999999,1e-06,0.283544542641858,2.83544542641858e-07,1.41772200434793,1.41772200434793,4.9999975,2020
"Daegu","Female","0-4",3937,33675,0.895325959800064,1,0.947677000495461,0.0523229995045392,1,0.0523229995045392,4.86919250123865,59.5247539905078,59.5247539905078,2020
"Daegu","Female","5-9",8218,46019,0.848479820049044,0.947677000495461,0.993715374998383,0.0062846250016173,0.947677000495461,0.00595579457077147,4.72349551605037,54.6555614892691,57.6731961002476,2020
"Daegu","Female","10-14",8151,43815,0.843147442558596,0.941721205924689,0.94686078149127,0.0531392185087302,0.941721205924689,0.0500423289359369,4.5835002072836,49.9320659732188,53.0221318783936,2020
"Daegu","Female","15-19",10273,40670,0.798343246373398,0.891678876988752,0.864651741523553,0.135348258476447,0.891678876988752,0.120687183120662,4.15667642714211,45.3485657659351,50.8575081637906,2020
"Daegu","Female","20-24",24723,55103,0.690288878310325,0.77099169386809,0.844194316287664,0.155805683712336,0.77099169386809,0.12012488799965,3.55464624934133,41.191889338793,53.427150598902,2020
"Daegu","Female","25-29",37027,51711,0.582737947666163,0.65086680586844,0.961093225032497,0.0389067749675026,0.65086680586844,0.0253231283497406,3.19102620846785,37.6372430894517,57.8263367406377,2020
"Daegu","Female","30-34",31974,40705,0.560065493471292,0.6255436775187,0.960626819585252,0.0393731804147481,0.6255436775187,0.0246296440722488,3.06614427741288,34.4462168809839,55.066045935624,2020
"Daegu","Female","35-39",41047,47802,0.538013933752772,0.600914033446451,0.999999,1e-06,0.600914033446451,6.00914033446451e-07,3.00456866494717,31.380072603571,52.2205687618832,2020
"Daegu","Female","40-44",41170,48044,0.538525343555944,0.601485233016367,0.999999,1e-06,0.600913432532418,6.00913432532418e-07,3.00456566037851,28.3755039386238,47.2206184825017,2020
"Daegu","Female","45-49",40781,51504,0.558097198894728,0.623345266364618,0.999999,1e-06,0.600912831618985,6.00912831618985e-07,3.00456265581285,25.3709382782453,42.2206632031649,2020
"Daegu","Female","50-54",34824,44793,0.56260597611063,0.62838117218925,0.986670508991349,0.0133294910086513,0.600912230706154,0.00800985417618629,2.9845365180903,22.3663756224325,37.2207029238678,2020
"Daegu","Female","55-59",29076,36279,0.55510672481065,0.620005171004548,0.962340894912006,0.0376591050879937,0.592902376529967,0.0223281729046633,2.90869145038818,19.3818391043422,32.6897645743583,2020
"Daegu","Female","60-64",29138,33417,0.534201902325953,0.596656331114588,0.994658427400247,0.0053415725997531,0.570574203625304,0.00304776353221087,2.84525160929599,16.473147653954,28.8711749484768,2020
"Daegu","Female","65-69",20683,23450,0.531348424081753,0.593469248004837,0.999999,1e-06,0.567526440093093,5.67526440093093e-07,2.83763078164937,13.627896044658,24.0127949676187,2020
"Daegu","Female","70-74",14434,17763,0.551697363108364,0.616197215181345,0.999999,1e-06,0.567525872566653,5.67525872566653e-07,2.83762794401858,10.7902652630086,19.0128164804352,2020
"Daegu","Female","75-79",9519,13607,0.58838536711926,0.657174474479275,0.921027376283171,0.0789726237168286,0.56752530504078,0.0448189623647639,2.72557911929199,7.95263731899004,14.0128329932682,2020
"Daegu","Female","80-84",7185,8500,0.541919030921262,0.605275681989919,0.999999,1e-06,0.522706342676016,5.22706342676016e-07,2.61353040661423,5.22705819969804,9.9999900000025,2020
"Daegu","Female","85+",3050,6242,0.671760654326302,0.75029730454405,0.999999,1e-06,0.522705819969674,5.22705819969674e-07,2.61352779308382,2.61352779308382,4.9999975,2020
"Daegu","Male","0-4",3580,36395,0.910444027517198,1,0.931454280414838,0.0685457195851615,1,0.0685457195851615,4.8286357010371,56.8723426357723,56.8723426357723,2020
"Daegu","Male","5-9",8020,44756,0.848036986509019,0.931454280414838,0.981841056808692,0.0181589431913076,0.931454280414838,0.0169142253633534,4.61498583866581,52.0437069347352,55.8736032771858,2020
"Daegu","Male","10-14",9501,47268,0.832637531046874,0.914540055051485,0.999999,1e-06,0.914540055051485,9.14540055051485e-07,4.57269798890729,47.4287210960694,51.8607368087332,2020
"Daegu","Male","15-19",10179,53828,0.840970518849501,0.923692718533007,0.838065700501145,0.161934299498855,0.91453914051143,0.148095255083004,4.20245756484964,42.8560231071621,46.8607861695194,2020
"Daegu","Male","20-24",21528,51396,0.704788546980418,0.774115185205171,0.86830951540367,0.131690484596329,0.766443885428426,0.100933366687963,3.57988601042222,38.6535655423125,50.4323490306221,2020
"Daegu","Male","25-29",39844,62840,0.611974601690624,0.672171581332125,0.873279593325441,0.126720406674559,0.665510518740463,0.084333763580988,3.11671818474985,35.0736795318903,52.7019161143693,2020
"Daegu","Male","30-34",39978,45890,0.534424931289887,0.586993725190637,0.973695159209361,0.0263048407906393,0.581176755159475,0.0152877620156904,2.86766437075815,31.9569613471404,54.9866474586917,2020
"Daegu","Male","35-39",44909,48723,0.520366968557758,0.571552948704393,0.999999,1e-06,0.565888993143785,5.65888993143785e-07,2.82944355099644,29.0892969763823,51.4045993628137,2020
"Daegu","Male","40-44",43066,48831,0.531366638736847,0.583634603201139,0.999999,1e-06,0.565888427254792,5.65888427254792e-07,2.82944072155289,26.2598534253858,46.404648267462,2020
"Daegu","Male","45-49",40395,49261,0.549444543588828,0.603490744057245,0.999999,1e-06,0.565887861366364,5.65887861366364e-07,2.82943789211217,23.430412703833,41.4046921721541,2020
"Daegu","Male","50-54",30495,44161,0.591526468066867,0.649712063771754,0.939583593864101,0.0604164061358986,0.565887295478503,0.0341888766707745,2.74396428571558,20.6009748117208,36.4047310768852,2020
"Daegu","Male","55-59",28808,36044,0.555788564732005,0.610458795855527,0.999999,1e-06,0.531698418807729,5.31698418807729e-07,2.6584907647926,17.8570105260052,33.5848479031543,2020
"Daegu","Male","60-64",23871,33547,0.584259291511373,0.641730050231271,0.948543209887737,0.0514567901122626,0.53169788710931,0.0273594665801172,2.59009076909626,15.1985197612126,28.5848789880333,2020
"Daegu","Male","65-69",17587,21863,0.554195183776933,0.608708681727789,0.999999,1e-06,0.504338420529192,5.04338420529192e-07,2.52169084179991,12.6084289921164,24.999937500075,2020
"Daegu","Male","70-74",9860,16230,0.622077424300498,0.683268169704971,0.999999,1e-06,0.504337916190772,5.04337916190772e-07,2.52168832010907,10.0867381503164,19.999960000035,2020
"Daegu","Male","75-79",6193,11092,0.641712467457333,0.704834617024506,0.999999,1e-06,0.504337411852856,5.04337411852856e-07,2.52168579842075,7.56504983020737,14.9999775000125,2020
"Daegu","Male","80-84",3297,6402,0.660068048252397,0.724995747462277,0.999999,1e-06,0.504336907515444,5.04336907515444e-07,2.52168327673495,5.04336403178662,9.9999900000025,2020
"Daegu","Male","85+",1266,2729,0.683103879849812,0.750297502321644,0.999999,1e-06,0.504336403178536,5.04336403178536e-07,2.52168075505167,2.52168075505167,4.9999975,2020
"Daegu","Total","0-4",7517,70070,0.903115212600049,1,0.939261585174431,0.0607384148255685,1,0.0607384148255685,4.84815396293608,58.73835095999,58.73835095999,2020
"Daegu","Total","5-9",16238,90775,0.848261426181866,0.939261585174431,0.9875026036697,0.0124973963303003,0.939261585174431,0.011738324287751,4.66696211515278,53.8901969970539,57.3750676570531,2020
"Daegu","Total","10-14",17652,91083,0.837660366947165,0.92752326088668,0.981399141337359,0.0186008586626415,0.92752326088668,0.0172527290820655,4.59448448172824,49.2232348819012,53.0695422504503,2020
"Daegu","Total","15-19",20452,94498,0.822079164854284,0.910270531804615,0.84810704261045,0.15189295738955,0.910270531804615,0.138263683100361,4.20569345127217,44.6287504001729,49.0280074338958,2020
"Daegu","Total","20-24",46251,106499,0.697211129296236,0.772006848704253,0.858307138173589,0.141692861826411,0.772006848704253,0.109387859742494,3.58656459416503,40.4230569489008,52.3610082174107,2020
"Daegu","Total","25-29",76871,114551,0.598421289089028,0.662618988961759,0.912699373504077,0.0873006264959229,0.662618988961759,0.0578470528644565,3.16847731264765,36.8364923547357,55.5922679071632,2020
"Daegu","Total","30-34",71952,86595,0.546178735643059,0.604771936097302,0.96847267165946,0.03152732834054,0.604771936097302,0.0190668434004837,2.9761925719853,33.6680150420881,55.6705975137563,2020
"Daegu","Total","35-39",85956,96525,0.528959179311819,0.585705092696819,0.999999,1e-06,0.585705092696819,5.85705092696819e-07,2.92852399922136,30.6918224701028,52.4014949721291,2020
"Daegu","Total","40-44",84236,96875,0.534892966192004,0.592275446952176,0.999999,1e-06,0.585704506991726,5.85704506991726e-07,2.92852107069736,27.7632984708814,47.401544873674,2020
"Daegu","Total","45-49",81176,100765,0.553833385548062,0.613247764871093,0.999999,1e-06,0.585703921287219,5.85703921287219e-07,2.92851814217629,24.834777400184,42.4015897752638,2020
"Daegu","Total","50-54",65319,88954,0.576601219915345,0.638458096896987,0.963311052050749,0.0366889479492506,0.585703335583298,0.0214888391929181,2.87479457993419,21.9062592580078,37.4016296768934,2020
"Daegu","Total","55-59",57884,72323,0.555446327770396,0.615033741012156,0.999999,1e-06,0.56421449639038,5.6421449639038e-07,2.82107107141566,19.0314646780736,33.7309034061147,2020
"Daegu","Total","60-64",53009,66964,0.558158919090129,0.618037334885769,0.971285694209125,0.028714305790875,0.564213932175883,0.0162010113799703,2.78056713242949,16.2103936066579,28.7309346370494,2020
"Daegu","Total","65-69",38270,45313,0.54213177320747,0.600290821861681,0.999999,1e-06,0.548012920795913,5.48012920795913e-07,2.74006323394726,13.4298264742284,24.5064048028712,2020
"Daegu","Total","70-74",24294,33993,0.583200370580061,0.645765194122951,0.999999,1e-06,0.548012372782992,5.48012372782992e-07,2.74006049388403,10.6897632402812,19.506426809298,2020
"Daegu","Total","75-79",15712,24699,0.61119497166613,0.676763012225775,0.96051627367217,0.0394837263278296,0.548011824770619,0.0216375489136576,2.68596525156895,7.94970274639712,14.5064438157418,2020
"Daegu","Total","80-84",10482,14902,0.587062716671919,0.650041886662255,0.999999,1e-06,0.526374275856962,5.26374275856961e-07,2.63187006334912,5.26373749482817,9.9999900000025,2020
"Daegu","Total","85+",4316,8971,0.675171219989463,0.747602532400778,0.999999,1e-06,0.526373749482686,5.26373749482686e-07,2.63186743147905,2.63186743147905,4.9999975,2020
"Daejeon","Female","0-4",3294,21418,0.866704435092263,1,0.884379932803956,0.115620067196044,1,0.115620067196044,4.71094983200989,54.5080789745237,54.5080789745237,2020
"Daejeon","Female","5-9",8164,26799,0.766496010067786,0.884379932803956,0.981410803758966,0.0185891962410342,0.884379932803956,0.0164399121225253,4.38079988371347,49.7971291425138,56.3073937969514,2020
"Daejeon","Female","10-14",8626,26191,0.752247465318666,0.86794002068143,0.999999,1e-06,0.86794002068143,8.6794002068143e-07,4.3396979335571,45.4163292588003,52.3265757732238,2020
"Daejeon","Female","15-19",8149,26245,0.763069139966273,0.88042602422479,0.84111161209492,0.15888838790508,0.86793915274141,0.137905452778784,3.99493213176009,41.0766313252432,47.3266255998494,2020
"Daejeon","Female","20-24",16976,30420,0.641826314456916,0.740536552566034,0.858303394891311,0.141696605108689,0.730033699962626,0.103443296899639,3.39156025756403,37.0816991934831,50.7945033159175,2020
"Daejeon","Female","25-29",22005,26991,0.550881704628949,0.635605037108535,0.899136100247889,0.100863899752111,0.626590403062987,0.0632003516001797,2.97495113631448,33.6901389359191,53.7674033487111,2020
"Daejeon","Female","30-34",18916,18565,0.495317627597983,0.571495434363683,0.999999,1e-06,0.563390051462807,5.63390051462807e-07,2.81694884883891,30.7151877996046,54.5185129198759,2020
"Daejeon","Female","35-39",20737,21185,0.505343256524021,0.58306296363907,0.981168941980456,0.0188310580195441,0.563389488072755,0.0106092201374993,2.79042439002003,27.8982389507657,49.5185649384409,2020
"Daejeon","Female","40-44",19573,19249,0.495827108340632,0.572083271141735,0.999999,1e-06,0.552780267935256,5.52780267935256e-07,2.76389995772561,25.1078145607457,45.4209674569759,2020
"Daejeon","Female","45-49",19633,19564,0.499119830599281,0.575882400493483,0.999999,1e-06,0.552779715154988,5.52779715154988e-07,2.76389719382565,22.3439146030201,40.4210103779863,2020
"Daejeon","Female","50-54",17911,18285,0.50516631672008,0.582858811223579,0.999999,1e-06,0.552779162375273,5.52779162375273e-07,2.76389442992846,19.5800174091944,35.4210482990346,2020
"Daejeon","Female","55-59",15163,16499,0.521097845998358,0.601240543949548,0.924519072813566,0.075480927186434,0.55277860959611,0.0417242419811422,2.6595824430277,16.816122979266,30.4210812201158,2020
"Daejeon","Female","60-64",15915,14795,0.481764897427548,0.55585835023016,0.935837667558142,0.0641623324418581,0.511054367614968,0.0327904402307751,2.4732957374979,14.1565405362383,27.7006546334888,2020
"Daejeon","Female","65-69",10967,9004,0.450853737919984,0.52019318197211,0.999999,1e-06,0.478263927384193,4.78263927384193e-07,2.39131844126115,11.6832447987404,24.4284465747615,2020
"Daejeon","Female","70-74",7243,6574,0.475790692625027,0.548965337386762,0.999999,1e-06,0.478263449120266,4.78263449120266e-07,2.39131604994271,9.29192635747921,19.42846850323,2020
"Daejeon","Female","75-79",5070,5692,0.528897974354209,0.610240299852517,0.999999,1e-06,0.478262970856816,4.78262970856816e-07,2.39131365862666,6.9006103075365,14.4284854317154,2020
"Daejeon","Female","80-84",2378,4688,0.663458816869516,0.765496044564361,0.923799955961687,0.0762000440383134,0.478262492593846,0.0364436229975246,2.30020340547542,4.50929664890985,9.42849736021276,2020
"Daejeon","Female","85+",1608,2546,0.612903225806452,0.707165212257402,0.999999,1e-06,0.441818869596321,4.41818869596321e-07,2.20909324343443,2.20909324343443,4.9999975,2020
"Daejeon","Male","0-4",2890,22422,0.885824905183312,1,0.863788488584299,0.136211511415701,1,0.136211511415701,4.65947122146075,50.4253524111077,50.4253524111077,2020
"Daejeon","Male","5-9",8869,28898,0.765165355998623,0.863788488584299,0.999999,1e-06,0.863788488584299,8.63788488584299e-07,4.31894028345027,45.7658811896469,52.982740328775,2020
"Daejeon","Male","10-14",8573,28308,0.767549686830617,0.86648013883938,0.999999,1e-06,0.86378762479581,8.6378762479581e-07,4.31893596450999,41.4469409061967,47.9827908115658,2020
"Daejeon","Male","15-19",8402,31654,0.790243658877571,0.892099165708192,0.81062048133738,0.189379518662619,0.863786761008185,0.163583521026873,3.90997500247374,37.1280049416867,42.9828362944021,2020
"Daejeon","Male","20-24",15656,27904,0.64058769513315,0.72315385510705,0.80907631758342,0.19092368241658,0.700203239981312,0.133685381017252,3.16680274736343,33.2180299392129,47.4405544597301,2020
"Daejeon","Male","25-29",23922,25738,0.51828433346758,0.585086658136267,0.972712980643067,0.0272870193569329,0.56651785896406,0.0154585837836005,2.7939428353613,30.0512271918495,53.0455072445579,2020
"Daejeon","Male","30-34",20771,21118,0.504141898827855,0.569121387170219,0.959557725954756,0.0404422740452441,0.55105927518046,0.0222860902220217,2.69958115034724,27.2572843564882,49.4634344872646,2020
"Daejeon","Male","35-39",22211,20813,0.483753253997769,0.546104824065272,0.999999,1e-06,0.528773184958438,5.28773184958438e-07,2.64386460285923,24.557703206141,46.4427923062536,2020
"Daejeon","Male","40-44",18475,19750,0.516677567037279,0.58327279354418,0.999999,1e-06,0.528772656185253,5.28772656185253e-07,2.64386195899462,21.9138386032817,41.4428362490899,2020
"Daejeon","Male","45-49",20445,23963,0.539609980183751,0.609160994488052,0.999999,1e-06,0.528772127412596,5.28772127412596e-07,2.64385931513266,19.2699766442871,36.4428751919651,2020
"Daejeon","Male","50-54",15004,20250,0.574402904634935,0.64843842307196,0.87786592709156,0.12213407290844,0.528771598640469,0.0645810289802672,2.48240542075168,16.6261173291544,31.4429091348742,2020
"Daejeon","Male","55-59",15227,15488,0.504248738401432,0.569241997431855,0.999999,1e-06,0.464190569660202,4.64190569660202e-07,2.32095168782459,14.1437119084028,30.4696235400824,2020
"Daejeon","Male","60-64",12413,14776,0.543455073743058,0.613501687029894,0.999999,1e-06,0.464190105469632,4.64190105469632e-07,2.3209493668729,11.8227602205782,25.4696515097339,2020
"Daejeon","Male","65-69",7783,9965,0.561471715122831,0.633840516153291,0.999999,1e-06,0.464189641279527,4.64189641279527e-07,2.32094704592353,9.50181085370527,20.4696744794084,2020
"Daejeon","Male","70-74",6251,8712,0.582236182583706,0.657281342144268,0.970454603622217,0.0295453963777826,0.464189177089885,0.0137146532313974,2.28665925237093,7.18086380778174,15.4696924491009,2020
"Daejeon","Male","75-79",3605,4683,0.565033783783784,0.637861704358895,0.669164813655838,0.330835186344162,0.450474523858488,0.149032823044021,1.87979056168239,4.89420455541081,10.8645534790515,2020
"Daejeon","Male","80-84",2482,1509,0.378100726634929,0.426834608535515,0.999999,1e-06,0.301441700814467,3.01441700814467e-07,1.50720775046808,3.01441399372842,9.9999900000025,2020
"Daejeon","Male","85+",986,1440,0.593569661995054,0.670075608082187,0.999999,1e-06,0.301441399372767,3.01441399372767e-07,1.50720624326033,1.50720624326033,4.9999975,2020
"Daejeon","Total","0-4",6184,43840,0.876379337917799,1,0.873828260409213,0.126171739590787,1,0.126171739590787,4.68457065102303,55.2863869860013,55.2863869860013,2020
"Daejeon","Total","5-9",17033,55697,0.765805032311288,0.873828260409213,0.992574871795305,0.00742512820469499,0.873828260409213,0.006488286862424,4.35292058489,50.6018163349783,57.9081938953101,2020
"Daejeon","Total","10-14",17199,54499,0.760118831766576,0.867339973546789,0.999999,1e-06,0.867339973546789,8.67339973546789e-07,4.33669769938401,46.2488957500883,53.3226844843366,2020
"Daejeon","Total","15-19",16551,57899,0.777689724647414,0.887389388361365,0.824535934300644,0.175464065699356,0.867339106206815,0.152186845915093,3.95622841624634,41.9121980507042,48.3227353070719,2020
"Daejeon","Total","20-24",32632,58324,0.641233123708167,0.731684438421016,0.833508597231171,0.166491402768829,0.715152260291722,0.119066703009268,3.27809454393544,37.9559696344579,53.0739700367794,2020
"Daejeon","Total","25-29",45927,52729,0.534473321440156,0.609865269884178,0.935453242483843,0.0645467575161567,0.596085557282454,0.0384753899247937,2.88423931160029,34.6778750905225,58.1760028688137,2020
"Daejeon","Total","30-34",39687,39683,0.499974801562303,0.570500444191438,0.988866260321771,0.0111337396782291,0.557610167357661,0.00620828644529393,2.77253012067507,31.7936357789222,57.017675860507,2020
"Daejeon","Total","35-39",42948,41998,0.494408212276034,0.564148640759497,0.999999,1e-06,0.551401880912367,5.51401880912367e-07,2.75700802605713,29.0211056582471,52.6314955803703,2020
"Daejeon","Total","40-44",38048,38999,0.506171557620673,0.577571304708407,0.999999,1e-06,0.551401329510486,5.51401329510486e-07,2.7570052690491,26.26409763219,47.631545711916,2020
"Daejeon","Total","45-49",40078,43527,0.52062675677292,0.594065531040341,0.999999,1e-06,0.551400778109156,5.51400778109156e-07,2.75700251204384,23.5070923631409,42.6315908435069,2020
"Daejeon","Total","50-54",32915,38535,0.539328201539538,0.615404971574221,0.950814719652173,0.0491852803478268,0.551400226708378,0.0271207747345068,2.68919919670562,20.750089851097,37.6316309751378,2020
"Daejeon","Total","55-59",30390,31987,0.512801192747327,0.585136105519897,0.995969230952034,0.00403076904796629,0.524279451973871,0.00211324938750101,2.6161141364006,18.0608906543914,34.4489767554184,2020
"Daejeon","Total","60-64",28328,29571,0.510734209571841,0.58277755701692,0.984666851730428,0.0153331482695721,0.52216620258637,0.00800645180561624,2.59081488341781,15.4447765179908,29.5782768809824,2020
"Daejeon","Total","65-69",18750,18969,0.502903046210133,0.573841742327,0.999999,1e-06,0.514159750780754,5.14159750780754e-07,2.57079746850439,12.853961634573,24.999937500075,2020
"Daejeon","Total","70-74",13494,15286,0.531132731063238,0.606053461193144,0.999999,1e-06,0.514159236621003,5.14159236621003e-07,2.57079489770693,10.2831641660686,19.999960000035,2020
"Daejeon","Total","75-79",8675,10375,0.544619422572178,0.621442563748874,0.999999,1e-06,0.514158722461767,5.14158722461767e-07,2.57079232691203,7.71236926836167,14.9999775000125,2020
"Daejeon","Total","80-84",4860,6197,0.560459437460432,0.639516945700745,0.999999,1e-06,0.514158208303044,5.14158208303044e-07,2.5707897561197,5.14157694144964,9.9999900000025,2020
"Daejeon","Total","85+",2594,3986,0.605775075987842,0.691224735429193,0.999999,1e-06,0.514157694144836,5.14157694144836e-07,2.57078718532994,2.57078718532994,4.9999975,2020
"Gangwon","Female","0-4",1731,19110,0.91694256513603,1,0.930457841109073,0.0695421588909269,1,0.0695421588909269,4.82614460277268,41.3344987610044,41.3344987610044,2020
"Gangwon","Female","5-9",3892,22616,0.853176399577486,0.930457841109073,0.958697845481948,0.0413021545180523,0.930457841109073,0.0384299135260203,4.55621442173032,36.5083541582318,39.2369783403782,2020
"Gangwon","Female","10-14",5507,24741,0.817938376090981,0.892027927583053,0.931257979885408,0.0687420201145917,0.892027927583053,0.0613198017406918,4.30684013356353,31.9521397365014,35.8196629819379,2020
"Gangwon","Female","15-19",7462,23853,0.761711639789238,0.830708125842361,0.79610878502063,0.20389121497937,0.830708125842361,0.169374089071234,3.73010540653372,27.6452996029379,33.2791972811206,2020
"Gangwon","Female","20-24",17611,27133,0.606405328088682,0.661334036771127,0.723332075841293,0.276667924158707,0.661334036771127,0.182969915128966,2.84924539603322,23.9151941964042,36.1620495342518,2020
"Gangwon","Female","25-29",24941,19488,0.438632424767607,0.478364121642161,0.846877003609082,0.153122996390918,0.478364121642161,0.0732485476717574,2.20869923903141,21.065948800371,44.0374765733984,2020
"Gangwon","Female","30-34",30739,18167,0.371467713572977,0.405115573970403,0.868905360834336,0.131094639165664,0.405115573970403,0.0531084799900409,1.89280666987691,18.8572495613396,46.5478267757665,2020
"Gangwon","Female","35-39",49880,23773,0.322770287700433,0.352007093980362,0.999999,1e-06,0.352007093980362,3.52007093980362e-07,1.76003458988408,16.9644428914626,48.1934687725613,2020
"Gangwon","Female","40-44",59325,29327,0.330810359608356,0.360775442417465,0.988003771814427,0.0119962281855734,0.352006741973268,0.0042227531995716,1.74947682686741,15.2044083015786,43.1935144660757,2020
"Gangwon","Female","45-49",76530,37158,0.326841883048343,0.356447497886474,0.851476392358804,0.148523607641196,0.347783988773697,0.0516541326925148,1.6097846121372,13.4549314747112,38.6876104393244,2020
"Gangwon","Female","50-54",93770,36159,0.278298147449761,0.303506629565697,0.999999,1e-06,0.296129856081182,2.96129856081182e-07,1.48064854008127,11.845146862574,39.99984000035,2020
"Gangwon","Female","55-59",88995,38269,0.30070561981393,0.327943789771958,0.999999,1e-06,0.296129559951326,2.96129559951326e-07,1.48064705943273,10.3644983224927,34.9998775002275,2020
"Gangwon","Female","60-64",77282,42318,0.353829431438127,0.385879601287389,0.999999,1e-06,0.296129263821766,2.96129263821766e-07,1.48064557878567,8.88385126305995,29.9999100001375,2020
"Gangwon","Female","65-69",44572,28545,0.390401684970663,0.425764600548069,0.999999,1e-06,0.296128967692502,2.96128967692502e-07,1.48064409814009,7.40320568427428,24.999937500075,2020
"Gangwon","Female","70-74",26656,21767,0.449517791132313,0.490235493719965,0.999999,1e-06,0.296128671563535,2.96128671563535e-07,1.48064261749599,5.92256158613419,19.999960000035,2020
"Gangwon","Female","75-79",26426,23169,0.467164028631919,0.509480142371419,0.999999,1e-06,0.296128375434863,2.96128375434863e-07,1.48064113685338,4.4419189686382,14.9999775000125,2020
"Gangwon","Female","80-84",17710,18659,0.513046825593225,0.559519041977415,0.999999,1e-06,0.296128079306487,2.96128079306488e-07,1.48063965621224,2.96127783178482,9.9999900000025,2020
"Gangwon","Female","85+",12492,13326,0.516151522193818,0.562904964628015,0.999999,1e-06,0.296127783178408,2.96127783178408e-07,1.48063817557258,1.48063817557258,4.9999975,2020
"Gangwon","Male","0-4",1681,20081,0.922755261464939,1,0.932686718920481,0.0673132810795186,1,0.0673132810795186,4.8317167973012,45.9252467029372,45.9252467029372,2020
"Gangwon","Male","5-9",4114,25407,0.860641577182345,0.932686718920481,0.933364899300611,0.0666351006993892,0.932686718920481,0.0621496734362492,4.50805941101178,41.093529905636,44.0593063801733,2020
"Gangwon","Male","10-14",6010,24543,0.803292639020718,0.870537045484232,0.987682153062665,0.0123178469373346,0.870537045484232,0.0107231420795543,4.32587737222228,36.5854704946243,42.0263223540059,2020
"Gangwon","Male","15-19",6922,26582,0.793397803247373,0.859813903404678,0.819777386775792,0.180222613224208,0.859813903404678,0.154957908558098,3.91167474562815,32.259593122402,37.5192736412623,2020
"Gangwon","Male","20-24",13870,25805,0.650409577819786,0.70485599484658,0.798865245457743,0.201134754542257,0.70485599484658,0.141771037511105,3.16985238045514,28.3479183767738,40.218028340589,2020
"Gangwon","Male","25-29",24536,26537,0.51958960703307,0.563084957335475,0.727293075354501,0.272706924645499,0.563084957335475,0.153557167029099,2.43153186910463,25.1780659963187,44.7145065204043,2020
"Gangwon","Male","30-34",33804,20534,0.377893923221318,0.409527790306376,0.989345063886098,0.0106549361139021,0.409527790306376,0.00436349244258193,2.03673022042542,22.7465341272141,55.5433224939312,2020
"Gangwon","Male","35-39",46372,27689,0.373867487611563,0.405164297863794,0.926833582766675,0.0731664172333251,0.405164297863794,0.0296444200655495,1.9517104391551,20.7098039067886,51.1145824446525,2020
"Gangwon","Male","40-44",56624,30025,0.346512943023001,0.375519877798244,0.999999,1e-06,0.375519877798244,3.75519877798244e-07,1.87759845019153,18.7580934676335,49.9523316252028,2020
"Gangwon","Male","45-49",71437,40195,0.360067005876451,0.390208564408313,0.999999,1e-06,0.375519502278367,3.75519502278366e-07,1.87759657259308,16.880495017442,44.9523790775819,2020
"Gangwon","Male","50-54",85758,48286,0.360225000746024,0.390379785181762,0.998734503326744,0.00126549667325593,0.375519126758864,0.000475218205657314,1.87640758828018,15.0028984448489,39.9524215300034,2020
"Gangwon","Male","55-59",80534,45255,0.359769137205956,0.389885760862308,0.999999,1e-06,0.375043908553207,3.75043908553207e-07,1.87521860515626,13.1264908565688,34.9998775002275,2020
"Gangwon","Male","60-64",65997,46568,0.413698751832275,0.448329875871419,0.999999,1e-06,0.375043533509298,3.75043533509298e-07,1.87521672993766,11.2512722514125,29.9999100001375,2020
"Gangwon","Male","65-69",32489,30188,0.481643984236642,0.521962869625905,0.999999,1e-06,0.375043158465765,3.75043158465765e-07,1.87521485472093,9.37605552147484,24.999937500075,2020
"Gangwon","Male","70-74",20324,19721,0.492470970158572,0.533696193047699,0.999999,1e-06,0.375042783422606,3.75042783422606e-07,1.87521297950607,7.50084066675392,19.999960000035,2020
"Gangwon","Male","75-79",16105,18694,0.537199344808759,0.582168823351836,0.999999,1e-06,0.375042408379823,3.75042408379823e-07,1.87521110429309,5.62562768724784,14.9999775000125,2020
"Gangwon","Male","80-84",8706,13298,0.604344664606435,0.654934943038954,0.999999,1e-06,0.375042033337415,3.75042033337415e-07,1.87520922908199,3.75041658295475,9.9999900000025,2020
"Gangwon","Male","85+",3450,5478,0.613575268817204,0.664938250087147,0.999999,1e-06,0.375041658295381,3.75041658295381e-07,1.87520735387276,1.87520735387276,4.9999975,2020
"Gangwon","Total","0-4",3412,39191,0.919911743304462,1,0.9317303722677,0.0682696277322995,1,0.0682696277322995,4.82932593066925,43.9790639780833,43.9790639780833,2020
"Gangwon","Total","5-9",8006,48023,0.857109711042496,0.9317303722677,0.945711806706212,0.0542881932937882,0.9317303722677,0.0505819585473622,4.5321969649701,39.1497380474141,42.0183126070358,2020
"Gangwon","Total","10-14",11517,49284,0.810578773375438,0.881148413720338,0.95991874348331,0.0400812565166903,0.881148413720338,0.0353175355995996,4.31744822960269,34.617541082444,39.2868449212586,2020
"Gangwon","Total","15-19",14384,50435,0.778089757632793,0.845830878120739,0.80593056685165,0.19406943314835,0.845830878120739,0.164149919056263,3.81877959296304,30.3000928528413,35.822873858852,2020
"Gangwon","Total","20-24",31481,52938,0.62708631943046,0.681680959064476,0.768517929874235,0.231482070125765,0.681680959064476,0.157796919569562,3.01391249639848,26.4813132598782,38.847077812208,2020
"Gangwon","Total","25-29",49477,46025,0.481927080061151,0.523884039494915,0.777814498747013,0.222185501252987,0.523884039494915,0.116399437913617,2.32842160269053,23.4674007634798,44.7950290413602,2020
"Gangwon","Total","30-34",64543,38701,0.374849870210375,0.407484601581297,0.929410633390984,0.0705893666090165,0.407484601581297,0.0287640799285512,1.96551280808511,21.1389791607892,51.8767557810937,2020
"Gangwon","Total","35-39",96252,51462,0.348389455298753,0.378720521652746,0.971820291414262,0.0281797085857376,0.378720521652746,0.0106722339356129,1.8669220234247,19.1734663527041,50.6269537996796,2020
"Gangwon","Total","40-44",115949,59352,0.33857194197409,0.368048287717133,0.999999,1e-06,0.368048287717133,3.68048287717133e-07,1.84024051846495,17.3065443292794,47.0224829372947,2020
"Gangwon","Total","45-49",147967,77353,0.343302858157287,0.37319108127057,0.931830696136427,0.068169303863573,0.368047919668845,0.0250895704722614,1.77751567216357,15.4663038108145,42.0225274598222,2020
"Gangwon","Total","50-54",179528,84445,0.31990014130233,0.347750905052261,0.999999,1e-06,0.342958349196584,3.42958349196584e-07,1.71479088858705,13.6887881386509,39.9138500949703,2020
"Gangwon","Total","55-59",169529,83524,0.330065243249438,0.35880098895552,0.999999,1e-06,0.342958006238235,3.42958006238235e-07,1.71478917379616,11.9739972500639,34.9138875088578,2020
"Gangwon","Total","60-64",143279,88886,0.382857019791958,0.41618886004942,0.999999,1e-06,0.342957663280229,3.42957663280229e-07,1.71478745900698,10.2592080762677,29.9139199227777,2020
"Gangwon","Total","65-69",77061,58733,0.432515427780314,0.470170569001167,0.999999,1e-06,0.342957320322565,3.42957320322565e-07,1.71478574421953,8.54442061726073,24.913947336725,2020
"Gangwon","Total","70-74",46980,41488,0.468960528100556,0.509788609085453,0.999999,1e-06,0.342956977365245,3.42956977365245e-07,1.71478402943378,6.8296348730412,19.9139697506948,2020
"Gangwon","Total","75-79",42531,41863,0.496042372680522,0.539228220849386,0.999999,1e-06,0.342956634408268,3.42956634408268e-07,1.71478231464975,5.11485084360742,14.913987164682,2020
"Gangwon","Total","80-84",26416,31957,0.547462011546434,0.595124494856287,0.988533606668739,0.0114663933312609,0.342956291451633,0.00393247173321497,1.70495027792513,3.40006852895767,9.91399957868153,2020
"Gangwon","Total","85+",15942,18804,0.54118459678812,0.588300563317197,0.999999,1e-06,0.339023819718418,3.39023819718418e-07,1.69511825103254,1.69511825103254,4.9999975,2020
"Gwangju","Female","0-4",2759,22412,0.890389734217949,1,0.999999,1e-06,1,1e-06,4.9999975,51.8831334145313,51.8831334145313,2020
"Gwangju","Female","5-9",3698,31620,0.895294184268645,1.00550820597118,0.930555995940877,0.0694440040591228,0.999999,0.0694439346151187,4.8263851634622,46.8831359145313,46.8831827977141,2020
"Gwangju","Female","10-14",6036,30134,0.833121371302184,0.935681690034235,0.977165762641987,0.0228342373580128,0.930555065384881,0.0212485152376995,4.59965403883016,42.0567507510691,45.1953380466252,2020
"Gwangju","Female","15-19",7076,30987,0.814097680161837,0.914316112232447,0.845306538373003,0.154693461626997,0.909306550147182,0.14066377792237,4.19487330592998,37.457096712239,41.1930351828832,2020
"Gwangju","Female","20-24",15837,34949,0.688162091915095,0.772877387809872,0.836312011033154,0.163687988966846,0.768642772224812,0.125817589619381,3.52866988707561,33.262223406309,43.2739688815814,2020
"Gwangju","Female","25-29",21174,28708,0.575518223006295,0.646366642481325,0.843003631730973,0.156996368269027,0.642825182605431,0.100921219100927,2.96182286527484,29.7335535192334,46.2544939492266,2020
"Gwangju","Female","30-34",21463,20226,0.485163952121663,0.544889427041512,0.999999,1e-06,0.541903963504504,5.41903963504504e-07,2.70951846276261,26.7717306539585,49.4030906894004,2020
"Gwangju","Female","35-39",22223,25263,0.532009434359601,0.597501761211204,0.883487959465331,0.116512040534669,0.541903421600541,0.063138273423398,2.55167142444421,24.0622121911959,44.403137592538,2020
"Gwangju","Female","40-44",24805,21999,0.470023929578669,0.527885611789428,0.999999,1e-06,0.478765148177143,4.78765148177143e-07,2.39382454397284,21.5105407667517,44.9292118456225,2020
"Gwangju","Female","45-49",23653,24970,0.513542973489912,0.576762010785052,0.919421265367034,0.0805787346329657,0.478764669411995,0.0385782512481887,2.2973777189395,19.1167162227789,39.9292542748768,2020
"Gwangju","Female","50-54",22033,19709,0.472162330506444,0.530287257771627,0.955600887981044,0.0443991120189562,0.440186418163806,0.0195438860892779,2.15207237559583,16.8193385038394,38.2095807817051,2020
"Gwangju","Female","55-59",20945,17220,0.451198742303157,0.5067429744116,0.996033579290903,0.00396642070909714,0.420642532074528,0.00166844525034747,2.09904154724677,14.6672661282435,34.868718709702,2020
"Gwangju","Female","60-64",20406,16656,0.449409098267768,0.504733018583704,0.999915651968251,8.43480317485046e-05,0.41897408682418,3.53396395772467e-05,2.09478208502196,12.5682245809968,29.9976179344737,2020
"Gwangju","Female","65-69",12741,10398,0.449371191494879,0.504690445347028,0.999999,1e-06,0.418938747184603,4.18938747184603e-07,2.09469268857615,10.4734424959748,24.999937500075,2020
"Gwangju","Female","70-74",10069,9032,0.472854824354746,0.531065000171038,0.999999,1e-06,0.418938328245856,4.18938328245856e-07,2.09469059388346,8.37874980739865,19.999960000035,2020
"Gwangju","Female","75-79",6418,6541,0.504745736553746,0.566881801481097,0.999999,1e-06,0.418937909307528,4.18937909307528e-07,2.09468849919287,6.28405921351519,14.9999775000125,2020
"Gwangju","Female","80-84",3175,4469,0.584641548927263,0.65661308352883,0.999999,1e-06,0.418937490369618,4.18937490369618e-07,2.09468640450437,4.18937071432233,9.9999900000025,2020
"Gwangju","Female","85+",2100,3140,0.599236641221374,0.673004885605176,0.999999,1e-06,0.418937071432128,4.18937071432128e-07,2.09468430981796,2.09468430981796,4.9999975,2020
"Gwangju","Male","0-4",2095,24252,0.920484305613542,1,0.920301515506504,0.079698484493496,1,0.079698484493496,4.80075378876626,54.64138786945,54.64138786945,2020
"Gwangju","Male","5-9",5848,32405,0.847123101456095,0.920301515506504,0.971072445568664,0.0289275544313362,0.920301515506504,0.0266220721830556,4.53495239707488,49.8406340806837,54.1568532061507,2020
"Gwangju","Male","10-14",7372,34188,0.822617901828681,0.893679443323448,0.977007310340644,0.0229926896593564,0.893679443323448,0.0205480940952824,4.41702698137904,45.3056816836089,50.6956739601444,2020
"Gwangju","Male","15-19",7791,31899,0.803703703703704,0.873131349228166,0.820934840025551,0.179065159974449,0.873131349228166,0.156347404728248,3.97478823432021,40.8886547022298,46.8299010662883,2020
"Gwangju","Male","20-24",15465,29992,0.659788371427943,0.716783944499918,0.910548164432032,0.0894518355679684,0.716783944499918,0.0641176395411665,3.42362562364667,36.9138664679096,51.4992931289267,2020
"Gwangju","Male","25-29",24086,36245,0.600769090517313,0.652666304958752,0.863991759690838,0.136008240309162,0.652666304958752,0.0887679956465226,3.04141153567745,33.4902408442629,51.3129612940253,2020
"Gwangju","Male","30-34",20742,22386,0.519059543683918,0.563898309312229,0.979007422302139,0.0209925776978607,0.563898309312229,0.0118376790719292,2.78989734888132,30.4488293085855,53.9970218136016,2020
"Gwangju","Male","35-39",25215,26052,0.508163145883317,0.5520606302403,0.999999,1e-06,0.5520606302403,5.520606302403e-07,2.76030177104992,27.6589319597042,50.1012578050799,2020
"Gwangju","Male","40-44",22455,24344,0.520182055172119,0.565117788537845,0.999999,1e-06,0.55206007817967,5.52060078179669e-07,2.76029901074815,24.8986301886542,45.1013054063853,2020
"Gwangju","Male","45-49",20660,24094,0.538365285784511,0.584871770763834,0.959750088034201,0.0402499119657985,0.552059526119591,0.022220347326194,2.70474676228247,22.1383311779061,40.1013480077334,2020
"Gwangju","Male","50-54",19684,21044,0.516696130426242,0.561330733479309,0.999999,1e-06,0.529839178793397,5.29839178793397e-07,2.64919456936904,19.4335844156236,36.6782699231109,2020
"Gwangju","Male","55-59",16540,18695,0.530580388817937,0.576414378368224,0.921247376299655,0.0787526237003446,0.529838648954219,0.0417261837429906,2.54487778541362,16.7843898462546,31.678304101415,2020
"Gwangju","Male","60-64",15741,15051,0.488795791114575,0.531020233733124,0.999999,1e-06,0.488112465211228,4.88112465211228e-07,2.44056110577498,14.239512060841,29.1726048313044,2020
"Gwangju","Male","65-69",10272,10685,0.509853509567209,0.553897015362331,0.997135665048255,0.00286433495174487,0.488111977098763,0.00139811619636928,2.43706459500289,11.798950955066,24.1726315039359,2020
"Gwangju","Male","70-74",7058,7299,0.508393118339486,0.552310468781562,0.999999,1e-06,0.486713860902393,4.86713860902393e-07,2.43356808772731,9.3618863600631,19.2348875018798,2020
"Gwangju","Male","75-79",4092,6219,0.603142275240035,0.655244496361092,0.938793089977005,0.0612069100229953,0.486713374188532,0.0297902217009459,2.3590913166903,6.92831827233578,14.234904236784,2020
"Gwangju","Male","80-84",2263,2954,0.566225800268353,0.615139005429256,0.999999,1e-06,0.456923152487587,4.56923152487587e-07,2.28461462013005,4.56922695564548,9.9999900000025,2020
"Gwangju","Male","85+",952,1421,0.59882005899705,0.65054890707551,0.999999,1e-06,0.456922695564434,4.56922695564434e-07,2.28461233551543,2.28461233551543,4.9999975,2020
"Gwangju","Total","0-4",4854,46664,0.905780503901549,1,0.960771162663245,0.0392288373367548,1,0.0392288373367548,4.90192790665811,54.3658287000591,54.3658287000591,2020
"Gwangju","Total","5-9",9546,64025,0.870247787851191,0.960771162663245,0.950884884967855,0.0491151150321452,0.960771162663245,0.0471883861737731,4.68588484788179,49.463900793401,51.4835402181387,2020
"Gwangju","Total","10-14",13408,64322,0.82750546764441,0.913582776489472,0.977385618999634,0.0226143810003662,0.913582776489472,0.0206601089829053,4.5162636099901,44.7780159455192,49.013638498728,2020
"Gwangju","Total","15-19",14867,62886,0.808791943719213,0.892922667506567,0.834282249052538,0.165717750947462,0.892922667506567,0.147973136229197,4.09468049695984,40.2617523355291,45.0898535793225,2020
"Gwangju","Total","20-24",31302,64941,0.674760761821639,0.74494953127737,0.873406803924537,0.126593196075463,0.74494953127737,0.0943055420793204,3.48898380118855,36.1670718385693,48.5496940665945,2020
"Gwangju","Total","25-29",45260,64953,0.589340640396324,0.65064398919805,0.852476901685784,0.147523098314216,0.65064398919805,0.0959850171860177,3.0132574030252,32.6780880373807,50.2242218170002,2020
"Gwangju","Total","30-34",42205,42612,0.502399283162574,0.554658972012032,0.999999,1e-06,0.554658972012032,5.54658972012032e-07,2.77329347341273,29.6648306343555,53.4830087156907,2020
"Gwangju","Total","35-39",47438,51315,0.519629783398985,0.573681792841354,0.952796911459276,0.047203088540724,0.55465841735306,0.0261815903841743,2.70783811080487,26.8915371609428,48.4830596987504,2020
"Gwangju","Total","40-44",47260,46343,0.495101652724806,0.546602240379662,0.999999,1e-06,0.528476826968886,5.28476826968886e-07,2.64238281365236,24.1836990501379,45.7611342939011,2020
"Gwangju","Total","45-49",44313,49064,0.525439883483085,0.58009626087094,0.940460490344077,0.0595395096559231,0.528476298492059,0.0314652196769945,2.56371844326781,21.5413162364856,40.7611775550787,2020
"Gwangju","Total","50-54",41717,40753,0.494155450466836,0.54555761394545,0.99018472152733,0.00981527847267016,0.497011078815064,0.00487830214257207,2.47285963871889,18.9775977932178,38.1834502330666,2020
"Gwangju","Total","55-59",37485,35915,0.489305177111717,0.54020281404169,0.954992338231128,0.0450076617688719,0.492132776672492,0.0221497455578513,2.40528951946783,16.5047381544989,33.5371650433325,2020
"Gwangju","Total","60-64",36147,31707,0.467282695198514,0.515889548500709,0.999999,1e-06,0.469983031114641,4.69983031114641e-07,2.34991398061563,14.099448635031,29.9999100001375,2020
"Gwangju","Total","65-69",23013,21083,0.478115928882438,0.527849657641125,0.999999,1e-06,0.46998256113161,4.6998256113161e-07,2.34991163070165,11.7495346544154,24.999937500075,2020
"Gwangju","Total","70-74",17127,16331,0.488104489210353,0.538877230308996,0.999999,1e-06,0.469982091149049,4.69982091149049e-07,2.34990928079002,9.39962302371378,19.999960000035,2020
"Gwangju","Total","75-79",10510,12760,0.548345509239364,0.605384535080438,0.999999,1e-06,0.469981621166958,4.69981621166957e-07,2.34990693088073,7.04971374292376,14.9999775000125,2020
"Gwangju","Total","80-84",5438,7423,0.577171293056527,0.637208783552335,0.999999,1e-06,0.469981151185336,4.69981151185336e-07,2.3499045809738,4.69980681204303,9.9999900000025,2020
"Gwangju","Total","85+",3052,4561,0.599106791015368,0.66142601704804,0.999999,1e-06,0.469980681204185,4.69980681204185e-07,2.34990223106922,2.34990223106922,4.9999975,2020
"Gyeongbuk","Female","0-4",2550,35670,0.933281004709576,1,0.915894165752598,0.0841058342474025,1,0.0841058342474025,4.78973541438149,42.6131415941,42.6131415941,2020
"Gyeongbuk","Female","5-9",7510,44207,0.854786627221223,0.915894165752598,0.942108402045615,0.0578915979543846,0.915894165752598,0.0530225768125159,4.4469143867317,37.8234061797185,41.2966995467634,2020
"Gyeongbuk","Female","10-14",9820,40617,0.805301663461348,0.862871588940082,0.932140643042265,0.0678593569577349,0.862871588940082,0.0585539111625729,4.16797316679398,33.3764917929868,38.6807170624139,2020
"Gyeongbuk","Female","15-19",12288,36993,0.750654410421866,0.804317677777509,0.757391289308062,0.242608710691938,0.804317677777509,0.195134474792335,3.53375220190671,29.2085186261929,36.3146545614935,2020
"Gyeongbuk","Female","20-24",31699,41770,0.568539111734201,0.609183202985174,0.816279837683494,0.183720162316506,0.609183202985174,0.111919236932925,2.76611792259356,25.6747664242862,42.1462152903632,2020
"Gyeongbuk","Female","25-29",40649,35201,0.464087013843111,0.497263966052249,0.873265314358318,0.126734685641682,0.497263966052249,0.0630205924185676,2.32876834921483,22.9086485016926,46.0693918434571,2020
"Gyeongbuk","Female","30-34",46553,31723,0.405271092033318,0.434243373633681,0.978368121629432,0.0216318783705678,0.434243373633681,0.00939349984166882,2.14773311856423,20.5798801524778,47.3925024583991,2020
"Gyeongbuk","Female","35-39",68918,45280,0.396504317063346,0.424849873792013,0.862694496122078,0.137305503877922,0.424849873792013,0.058334225993484,1.97841380397635,18.4321470339135,43.385082992721,2020
"Gyeongbuk","Female","40-44",95853,49834,0.342062092019192,0.366515647798529,0.999999,1e-06,0.366515647798529,3.66515647798529e-07,1.83257732270352,16.4537332299372,44.8923076784479,2020
"Gyeongbuk","Female","45-49",124057,64506,0.342092563228205,0.366548297353014,0.912901444633867,0.0870985553661325,0.366515281282881,0.0319229515193506,1.75276902761603,14.6211559072337,39.8923500707979,2020
"Gyeongbuk","Female","50-54",153985,69927,0.312296795169531,0.33462247018165,0.958933746269208,0.041066253730792,0.33459232976353,0.0137404535104459,1.63861051504154,12.8683868796176,38.4598980159295,2020
"Gyeongbuk","Female","55-59",169539,72477,0.299471935739786,0.320880778917146,0.999999,1e-06,0.320851876253084,3.20851876253084e-07,1.60425857913573,11.2297763645761,34.9998775002275,2020
"Gyeongbuk","Female","60-64",162308,76876,0.321409458826677,0.344386585824379,0.999999,1e-06,0.320851555401208,3.20851555401208e-07,1.60425697487715,9.62551778544036,29.9999100001375,2020
"Gyeongbuk","Female","65-69",120737,66499,0.355161400585358,0.38055140819659,0.999999,1e-06,0.320851234549652,3.20851234549652e-07,1.60425537062018,8.02126081056321,24.999937500075,2020
"Gyeongbuk","Female","70-74",82383,50244,0.378836888416386,0.405919424594176,0.999999,1e-06,0.320850913698418,3.20850913698418e-07,1.6042537663648,6.41700543994304,19.999960000035,2020
"Gyeongbuk","Female","75-79",67700,52489,0.43672049854812,0.467941055635244,0.999999,1e-06,0.320850592847504,3.20850592847504e-07,1.60425216211104,4.81275167357823,14.9999775000125,2020
"Gyeongbuk","Female","80-84",42971,40960,0.488019921125687,0.522907804469407,0.999999,1e-06,0.320850271996911,3.20850271996911e-07,1.60425055785888,3.20849951146719,9.9999900000025,2020
"Gyeongbuk","Female","85+",28597,31990,0.528001056332217,0.565747136894234,0.999999,1e-06,0.320849951146639,3.20849951146639e-07,1.60424895360832,1.60424895360832,4.9999975,2020
"Gyeongbuk","Male","0-4",2576,36807,0.934591067211741,1,0.90848098658272,0.0915190134172805,1,0.0915190134172805,4.7712024664568,45.3443154468417,45.3443154468417,2020
"Gyeongbuk","Male","5-9",8839,49720,0.849058214791919,0.90848098658272,0.965069956364399,0.0349300436356014,0.90848098658272,0.0317332805034486,4.46307173165498,40.5731129803849,44.6603875916016,2020
"Gyeongbuk","Male","10-14",10063,45657,0.819400574300072,0.876747706079271,0.934050025753428,0.0659499742465723,0.876747706079271,0.0578214886366693,4.23918480880468,36.1100412487299,41.1863538374231,2020
"Gyeongbuk","Male","15-19",13102,42737,0.765361127527355,0.818926217442602,0.811284996488837,0.188715003511163,0.818926217442602,0.154543664000064,3.70827192721285,31.8708564399252,38.917860682802,2020
"Gyeongbuk","Male","20-24",26658,43666,0.620925999658723,0.664382553442537,0.814098582032358,0.185901417967642,0.664382553442537,0.12350965875793,3.01313862031786,28.1625845127124,42.389109055899,2020
"Gyeongbuk","Male","25-29",46211,47238,0.505494975869191,0.540872894684607,0.87349819738583,0.12650180261417,0.540872894684607,0.0684213961627469,2.53331098301617,25.1494458923945,46.4978854358372,2020
"Gyeongbuk","Male","30-34",53489,42292,0.441548950209332,0.47245149852186,0.919783806375623,0.0802161936243772,0.47245149852186,0.0378982608835567,2.26751184040041,22.6161349093783,47.8697495513011,2020
"Gyeongbuk","Male","35-39",72122,49322,0.406129574124699,0.434553237638304,0.949797813832621,0.0502021861673793,0.434553237638304,0.0218155225355555,2.11822738185263,20.3486230689779,46.8265365587149,2020
"Gyeongbuk","Male","40-44",93024,58417,0.385740981636413,0.412737715102748,0.930730046621089,0.0692699533789112,0.412737715102748,0.0285903222828857,1.99221276980653,18.2303956871253,44.1694447103943,2020
"Gyeongbuk","Male","45-49",124782,69892,0.359020721822123,0.384147392819862,0.967553822450754,0.0324461775492462,0.384147392819862,0.0124641145125133,1.88957667781803,16.2381829173188,42.2707096828673,2020
"Gyeongbuk","Male","50-54",151304,80534,0.347371871738024,0.371683278307349,0.962786878951116,0.0372131210488837,0.371683278307349,0.0138314948274973,1.823837654468,14.3486062395007,38.6043900194932,2020
"Gyeongbuk","Male","55-59",169819,85335,0.33444508022606,0.357851783479852,0.999999,1e-06,0.357851783479852,3.57851783479852e-07,1.7892580227698,12.5247685850327,34.9998775002275,2020
"Gyeongbuk","Male","60-64",155763,86917,0.35815477171584,0.38322083773426,0.999999,1e-06,0.357851425628068,3.57851425628068e-07,1.78925623351178,10.7355105622629,29.9999100001375,2020
"Gyeongbuk","Male","65-69",112631,65050,0.366105548708078,0.391728063269765,0.999999,1e-06,0.357851067776643,3.57851067776643e-07,1.78925444425554,8.94625432875117,24.999937500075,2020
"Gyeongbuk","Male","70-74",76454,49303,0.39204974673378,0.419488009770328,0.999999,1e-06,0.357850709925575,3.57850709925575e-07,1.7892526550011,7.15699988449562,19.999960000035,2020
"Gyeongbuk","Male","75-79",53579,37441,0.411349154032081,0.440138118652578,0.999999,1e-06,0.357850352074865,3.57850352074865e-07,1.78925086574844,5.36774722949452,14.9999775000125,2020
"Gyeongbuk","Male","80-84",32439,24633,0.431612699747687,0.461819842806074,0.999999,1e-06,0.357849994224513,3.57849994224513e-07,1.78924907649758,3.57849636374608,9.9999900000025,2020
"Gyeongbuk","Male","85+",15292,13029,0.460047314713463,0.49224450227838,0.999999,1e-06,0.357849636374519,3.57849636374519e-07,1.7892472872485,1.7892472872485,4.9999975,2020
"Gyeongbuk","Total","0-4",5126,72477,0.933945852608791,1,0.91198511229074,0.0880148877092601,1,0.0880148877092601,4.77996278072685,44.0255196867921,44.0255196867921,2020
"Gyeongbuk","Total","5-9",16349,93927,0.851744713264899,0.91198511229074,0.954161415747234,0.0458385842527659,0.91198511229074,0.0418041064070072,4.45541529543618,39.2455569060653,43.0331113711797,2020
"Gyeongbuk","Total","10-14",19883,86274,0.812701941464058,0.870181005883733,0.933265291692685,0.0667347083073153,0.870181005883733,0.0580712756022171,4.20572684041312,34.7901416106291,39.9803504965006,2020
"Gyeongbuk","Total","15-19",25390,79730,0.758466514459665,0.812109730281515,0.783369665950492,0.216630334049508,0.812109730281515,0.175927602155741,3.62072964601823,30.584414770216,37.6604461562281,2020
"Gyeongbuk","Total","20-24",58357,85436,0.594159660066902,0.636182128125775,0.81954944357449,0.18045055642551,0.636182128125775,0.114799419008261,2.89391209310822,26.9636851241977,42.383594150364,2020
"Gyeongbuk","Total","25-29",86860,82439,0.486943218802237,0.521382709117514,0.873272788119572,0.126727211880428,0.521382709117514,0.0660733770491268,2.44173010296475,24.0697730310895,46.1652690244173,2020
"Gyeongbuk","Total","30-34",100042,74015,0.425234262339349,0.455309332068387,0.944102979582018,0.0558970204179818,0.455309332068387,0.0254504350311243,2.21292057276412,21.6280429281248,47.5018661046821,2020
"Gyeongbuk","Total","35-39",141040,94602,0.401464934094941,0.429858897037262,0.907487641591018,0.0925123584089819,0.429858897037262,0.0397672603480009,2.04987633431631,19.4151223553606,45.1662684875815,2020
"Gyeongbuk","Total","40-44",188877,108251,0.364324466223311,0.390091636689262,0.962580449845217,0.0374195501547826,0.390091636689262,0.0145970535640551,1.91396554953617,17.3652460210443,44.5158121523049,2020
"Gyeongbuk","Total","45-49",248839,134398,0.350691608586854,0.375494583125207,0.941395011143208,0.0586049888567924,0.375494583125207,0.0220058558598387,1.82245827597644,15.4512804715082,41.1491434654225,2020
"Gyeongbuk","Total","50-54",305289,150461,0.33013933077345,0.353488727265368,0.96147465936803,0.03852534063197,0.353488727265368,0.0136182736274598,1.73339795225819,13.6288221955317,38.5551819458741,2020
"Gyeongbuk","Total","55-59",339358,157812,0.317420600599393,0.339870453637908,0.999999,1e-06,0.339870453637908,3.39870453637908e-07,1.69935141851341,11.8954242432735,34.9998775002275,2020
"Gyeongbuk","Total","60-64",318071,163793,0.339915411817442,0.36395623029746,0.999999,1e-06,0.339870113767454,3.39870113767454e-07,1.69934971916199,10.1960728247601,29.9999100001375,2020
"Gyeongbuk","Total","65-69",233368,131549,0.360490193660476,0.385986181804351,0.999999,1e-06,0.339869773897341,3.39869773897341e-07,1.69934801981227,8.49672310559814,24.999937500075,2020
"Gyeongbuk","Total","70-74",158837,99547,0.385267663632423,0.412516060279357,0.999999,1e-06,0.339869434027567,3.39869434027567e-07,1.69934632046425,6.79737508578587,19.999960000035,2020
"Gyeongbuk","Total","75-79",121279,89930,0.425786779919416,0.455900926943533,0.999999,1e-06,0.339869094158133,3.39869094158133e-07,1.69934462111793,5.09802876532162,14.9999775000125,2020
"Gyeongbuk","Total","80-84",75410,65593,0.465188683928711,0.498089565502432,0.999999,1e-06,0.339868754289039,3.39868754289039e-07,1.69934292177331,3.39868414420369,9.9999900000025,2020
"Gyeongbuk","Total","85+",43889,45019,0.506354883700004,0.542167281203298,0.999999,1e-06,0.339868414420284,3.39868414420284e-07,1.69934122243039,1.69934122243039,4.9999975,2020
"Gyeonggi","Female","0-4",13650,207845,0.938373326711664,1,0.934980239508139,0.0650197604918609,1,0.0650197604918609,4.83745059877035,65.4253071142374,65.4253071142374,2020
"Gyeonggi","Female","5-9",33673,240896,0.877360517756921,0.934980239508139,0.962041403787609,0.037958596212391,0.934980239508139,0.035490537378054,4.58617485409556,60.587856515467,64.8012160634969,2020
"Gyeonggi","Female","10-14",41982,227232,0.844057144130692,0.899489702130085,0.981286477492653,0.0187135225073466,0.899489702130085,0.0168326207859378,4.45536695868558,56.0016816613715,62.2593916625767,2020
"Gyeonggi","Female","15-19",43272,208693,0.828261861766515,0.882657081344147,0.90987852007038,0.0901214799296203,0.882657081344147,0.0795463624410938,4.214419500618,51.5463147026859,58.3990269745403,2020
"Gyeonggi","Female","20-24",74507,227897,0.753617677014854,0.803110718903053,0.933679056393253,0.0663209436067467,0.803110718903053,0.0532630606983432,3.88239594276941,47.3318952020679,58.9357034939307,2020
"Gyeonggi","Female","25-29",87433,207587,0.703637041556505,0.74984765820471,0.958317745277963,0.0416822547220369,0.74984765820471,0.0312553410920116,3.67109993829352,43.4494992592985,57.9444354915044,2020
"Gyeonggi","Female","30-34",75372,156049,0.674307863158486,0.718592317112699,0.999999,1e-06,0.718592317112699,7.18592317112699e-07,3.5929597890827,39.778399321005,55.356004195584,2020
"Gyeonggi","Female","35-39",65880,145706,0.688637244430161,0.733862765306158,0.999999,1e-06,0.718591598520382,7.18591598520382e-07,3.59295619612291,36.1854395319222,50.356057051641,2020
"Gyeonggi","Female","40-44",55968,131147,0.700889827111669,0.746920023364041,0.998287966581089,0.00171203341891146,0.718590879928783,0.00123025160096307,3.58987877064151,32.5924833357993,45.3561049077459,2020
"Gyeonggi","Female","45-49",55197,128603,0.699689880304679,0.745641271322788,0.937193513098308,0.0628064869016917,0.71736062832782,0.0450549009068605,3.47416588937195,29.0026045651578,40.4296018207236,2020
"Gyeonggi","Female","50-54",63481,120920,0.655744817002077,0.698810162582093,0.971016621510979,0.0289833784890208,0.67230572742096,0.0194856913581781,3.31281440870935,25.5284386757859,37.9714728501806,2020
"Gyeonggi","Female","55-59",69393,121635,0.636739116778692,0.678556283148002,0.990738484672696,0.0092615153273039,0.652820036062781,0.00604610276996654,3.24898492338899,22.2156242670765,34.0302427006699,2020
"Gyeonggi","Female","60-64",62638,107040,0.630841947689152,0.672271823731188,0.978934215769389,0.0210657842306113,0.646773933292815,0.0136248001247302,3.19980766615225,18.9666393436875,29.3249903364623,2020
"Gyeonggi","Female","65-69",47002,75896,0.617552767335514,0.658109890548147,0.999999,1e-06,0.633149133168085,6.33149133168085e-07,3.16574408296759,15.7668316775353,24.9022400119904,2020
"Gyeonggi","Female","70-74",30950,54581,0.638142895558336,0.680052253610592,0.994416273634657,0.00558372636534277,0.633148500018951,0.00353532797273304,3.15690418016292,12.6010875945677,19.9022624142528,2020
"Gyeonggi","Female","75-79",28342,49218,0.63457968024755,0.676255027912296,0.999999,1e-06,0.629613172046218,6.29613172046218e-07,3.14806428619816,9.44418341440477,14.9999775000125,2020
"Gyeonggi","Female","80-84",17453,38399,0.687513428346344,0.732665143792602,0.999999,1e-06,0.629612542433046,6.29612542433046e-07,3.14806113813388,6.29611912820661,9.9999900000025,2020
"Gyeonggi","Female","85+",11028,26996,0.709972648853356,0.756599349793231,0.999999,1e-06,0.629611912820504,6.29611912820504e-07,3.14805799007274,3.14805799007274,4.9999975,2020
"Gyeonggi","Male","0-4",15147,213037,0.933619359814886,1,0.924056221054525,0.0759437789454751,1,0.0759437789454751,4.81014055263631,67.8995918566755,67.8995918566755,2020
"Gyeonggi","Male","5-9",40966,257439,0.862716777533889,0.924056221054525,0.984844988184082,0.0151550118159177,0.924056221054525,0.0140040829486536,4.58527089790099,63.0894513040392,68.2744727718429,2020
"Gyeonggi","Male","10-14",44577,251896,0.849642294576572,0.910052138105871,0.984356274421069,0.0156437255789309,0.910052138105871,0.0142366059110476,4.51466917575174,58.5041804061382,64.2866248607528,2020
"Gyeonggi","Male","15-19",43090,220217,0.836350723679963,0.895815532194824,0.918283118709788,0.0817168812902118,0.895815532194824,0.0732032515022923,4.29606953221839,53.9895112303864,60.2685589723004,2020
"Gyeonggi","Male","20-24",61307,202955,0.768006750876025,0.822612280692531,0.956300707174792,0.0436992928252079,0.822612280692531,0.035947574935595,4.02319246612367,49.693441698168,60.4093117310779,2020
"Gyeonggi","Male","25-29",85934,237668,0.734445398977757,0.786664705756936,0.932923896433009,0.0670761035669912,0.786664705756936,0.0527664032758489,3.80140752059506,45.6702492320444,58.0555462801652,2020
"Gyeonggi","Male","30-34",76147,165729,0.685181663331624,0.733898302481087,0.999999,1e-06,0.733898302481087,7.33898302481087e-07,3.66948967765968,41.8688417114493,57.049923088667,2020
"Gyeonggi","Male","35-39",61924,159965,0.720923524825476,0.772181421953822,0.999999,1e-06,0.733897568582785,7.33897568582785e-07,3.66948600817,38.1993520337896,52.0499776386447,2020
"Gyeonggi","Male","40-44",51779,138297,0.72758791220354,0.779319649442362,0.999999,1e-06,0.733896834685216,7.33896834685216e-07,3.669482338684,34.5298660256196,47.0500271886719,2020
"Gyeonggi","Male","45-49",49025,135581,0.734434417082868,0.786652943045749,0.982974058333637,0.0170259416663631,0.733896100788382,0.0124952722011943,3.63824232343892,30.8603836869356,42.0500717387436,2020
"Gyeonggi","Male","50-54",48791,126672,0.721929979539846,0.773259435925779,0.981333518214794,0.0186664817852064,0.721400828587187,0.0134660154266555,3.5733391043693,27.2221413634967,37.7351124156724,2020
"Gyeonggi","Male","55-59",54022,131273,0.708454086726571,0.758825402749832,0.999999,1e-06,0.707934813160532,7.07934813160532e-07,3.53967229596563,23.6488022591274,33.4053387677727,2020
"Gyeonggi","Male","60-64",46093,114379,0.712766090034399,0.763443990895521,0.957065474169516,0.0429345258304841,0.707934105225719,0.0303948151270942,3.46368348831086,20.1091299631618,28.4053696731424,2020
"Gyeonggi","Male","65-69",35529,76255,0.682163815930724,0.73066588514829,0.980779519111551,0.0192204808884489,0.677539290098624,0.0130226309765138,3.35513987305184,16.6454464748509,24.5674999488635,2020
"Gyeonggi","Male","70-74",23907,48331,0.669052299343836,0.716622135466956,0.999999,1e-06,0.66451665912211,6.6451665912211e-07,3.32258163431891,13.2903066017991,19.999960000035,2020
"Gyeonggi","Male","75-79",18857,38992,0.674030666044357,0.721954465659325,0.999999,1e-06,0.664515994605451,6.64515994605451e-07,3.32257831173727,9.9677249674802,14.9999775000125,2020
"Gyeonggi","Male","80-84",11310,27753,0.710467706013363,0.760982191022936,0.999999,1e-06,0.664515330089457,6.64515330089457e-07,3.32257498915896,6.64514665574293,9.9999900000025,2020
"Gyeonggi","Male","85+",5158,13385,0.721835733160761,0.773158488598484,0.999999,1e-06,0.664514665574127,6.64514665574127e-07,3.32257166658397,3.32257166658397,4.9999975,2020
"Gyeonggi","Total","0-4",28797,420882,0.935960985502992,1,0.92924178221262,0.0707582177873805,1,0.0707582177873805,4.82310445553155,66.881537448148,66.881537448148,2020
"Gyeonggi","Total","5-9",74639,498335,0.86973405425028,0.92924178221262,0.973842845665525,0.026157154334475,0.92924178221262,0.0243063207113781,4.58544310928465,62.0584329926164,66.7839459875006,2020
"Gyeonggi","Total","10-14",86559,479128,0.846984286363307,0.904935461501241,0.982775395985959,0.0172246040140415,0.904935461501241,0.0155871549826228,4.48570942004965,57.4729898833318,63.5105953169158,2020
"Gyeonggi","Total","15-19",86362,428910,0.832395317424584,0.889348306518619,0.913421708905626,0.0865782910943742,0.889348306518619,0.0769982565660577,4.25424589117795,52.9872804632821,59.5798969592717,2020
"Gyeonggi","Total","20-24",135814,430852,0.760327953327004,0.812350049952561,0.946634845659776,0.0533651543402238,0.812350049952561,0.0433511857940069,3.95337228527779,48.7330345721042,59.9901908973232,2020
"Gyeonggi","Total","25-29",173367,445255,0.719752934748522,0.768998864158554,0.944580883305152,0.0554191166948481,0.768998864158554,0.0426172377910086,3.73845122631525,44.7796622868264,58.2311162914717,2020
"Gyeonggi","Total","30-34",151519,321778,0.679864862866234,0.726381626367545,0.999999,1e-06,0.726381626367545,7.26381626367545e-07,3.63190631588366,41.0412110605111,56.5008937047982,2020
"Gyeonggi","Total","35-39",127804,305671,0.705164080973528,0.753411832219233,0.999999,1e-06,0.726380899985919,7.26380899985919e-07,3.63190268397735,37.4093047446275,51.5009477057459,2020
"Gyeonggi","Total","40-44",107747,269444,0.714343661434128,0.763219485105177,0.999999,1e-06,0.726380173605019,7.26380173605019e-07,3.63189905207466,33.7774020606501,46.5009967067426,2020
"Gyeonggi","Total","45-49",104222,264184,0.717100155806366,0.766164580483011,0.959441253695137,0.0405587463048628,0.726379447224845,0.029461039721059,3.55824463682158,30.1455030085755,41.5010407077833,2020
"Gyeonggi","Total","50-54",112272,247592,0.688015472511838,0.735089905635429,0.976795387000815,0.023204612999185,0.696918407503786,0.0161717219381337,3.4441627326736,26.5872583717539,38.1497433350682,2020
"Gyeonggi","Total","55-59",123415,252908,0.672050339734749,0.718032428855552,0.997933905738931,0.0020660942610693,0.680746685565653,0.00140648682028914,3.40021721077754,23.1430956390803,33.9966335933755,2020
"Gyeonggi","Total","60-64",108731,221419,0.670661820384674,0.716548906175032,0.966699395380827,0.0333006046191731,0.679340198745364,0.0226224393603298,3.34014489532599,19.7428784283027,29.0618433367623,2020
"Gyeonggi","Total","65-69",82531,152151,0.648328376270869,0.692687394360196,0.999999,1e-06,0.656717759385034,6.56717759385034e-07,3.28358715513077,16.4027335329768,24.9768386777551,2020
"Gyeonggi","Total","70-74",54857,102912,0.652295444605721,0.696925891900476,0.99867906427901,0.00132093572099001,0.656717102667274,0.000867481079498269,3.28141681063763,13.119146377846,19.9768611546162,2020
"Gyeonggi","Total","75-79",47199,88210,0.651433804252302,0.696005297594982,0.999999,1e-06,0.655849621587776,6.55849621587776e-07,3.27924646831483,9.83772956720835,14.9999775000125,2020
"Gyeonggi","Total","80-84",28763,66152,0.696960438286888,0.744646891357696,0.999999,1e-06,0.655848965738155,6.55848965738154e-07,3.27924318906836,6.55848309889353,9.9999900000025,2020
"Gyeonggi","Total","85+",16186,40381,0.713861438647975,0.762704268345481,0.999999,1e-06,0.655848309889189,6.55848309889189e-07,3.27923990982517,3.27923990982517,4.9999975,2020
"Gyeongnam","Female","0-4",3036,47425,0.939834723846139,1,0.953928523381701,0.0460714766182989,1,0.0460714766182989,4.88482130845425,52.3169517098468,52.3169517098468,2020
"Gyeongnam","Female","5-9",7319,63420,0.896535150341396,0.953928523381701,0.98943867990416,0.0105613200958404,0.953928523381701,0.0100747444839865,4.74445575569854,47.4321304013926,49.7229396530093,2020
"Gyeongnam","Female","10-14",7595,59657,0.887066555641468,0.943853778897714,0.954814074808048,0.045185925191952,0.943853778897714,0.0426489062454133,4.61264662887504,42.687674645694,45.2269997748455,2020
"Gyeongnam","Female","15-19",9433,52214,0.84698363261797,0.901204872652301,0.726868308444355,0.273131691555645,0.901204872652301,0.246147611305713,3.89065533499722,38.075028016819,42.2490259121235,2020
"Gyeongnam","Female","20-24",35577,56986,0.615645560321079,0.655057261346588,0.887755369914812,0.112244630085188,0.655057261346588,0.0735266599844644,3.09146965677178,34.1843726818218,52.1853198170029,2020
"Gyeongnam","Female","25-29",42659,51416,0.546542652139251,0.581530601362124,0.938413738013834,0.0615862619861658,0.581530601362124,0.0358142959684603,2.81811726688947,31.09290302505,53.467354860124,2020
"Gyeongnam","Female","30-34",43482,45782,0.512883133177989,0.545716305393664,0.999999,1e-06,0.545716305393664,5.45716305393664e-07,2.72858016267755,28.2747857581605,51.8122428791346,2020
"Gyeongnam","Female","35-39",55248,58561,0.514555087910446,0.547495293432768,0.999999,1e-06,0.545715759677358,5.45715759677358e-07,2.72857743409739,25.546205595483,46.8122921914268,2020
"Gyeongnam","Female","40-44",61056,67655,0.525634949615806,0.559284453190578,0.996628335470881,0.00337166452911897,0.545715213961598,0.00183996862991489,2.72397614823321,22.8176281613856,41.8123365037633,2020
"Gyeongnam","Female","45-49",76770,84465,0.523862684900921,0.557398733638068,0.88023303750249,0.11976696249751,0.543875245331684,0.0651382861109638,2.55653051138101,20.0936520131524,36.945332933655,2020
"Gyeongnam","Female","50-54",103129,88248,0.461121242364547,0.490640780410278,0.953388568194074,0.0466114318059263,0.47873695922072,0.0223146151276931,2.33789825828437,17.5371215017714,36.6320610180547,2020
"Gyeongnam","Female","55-59",111569,87529,0.439627721021808,0.467771311132978,0.95891228283921,0.0410877171607901,0.456422344093027,0.0187533521799591,2.23522834001524,15.199223243487,33.3007869579433,2020
"Gyeongnam","Female","60-64",117305,85492,0.421564421564422,0.448551655805214,0.999999,1e-06,0.437668991913068,4.37668991913068e-07,2.18834386539286,12.9639949034718,29.6205469041927,2020
"Gyeongnam","Female","65-69",89089,66367,0.426918227665706,0.454248195808944,0.983138371122985,0.0168616288770151,0.437668554244076,0.00737980473280337,2.16989325938837,10.7756510380789,24.6205740247667,2020
"Gyeongnam","Female","70-74",68646,49652,0.419719690949974,0.44658883131316,0.999999,1e-06,0.430288749511272,4.30288749511272e-07,2.15144267183449,8.60575777869052,19.999960000035,2020
"Gyeongnam","Female","75-79",50113,46232,0.479858840624838,0.510577901038902,0.999999,1e-06,0.430288319222523,4.30288319222523e-07,2.15144052039182,6.45431510685604,14.9999775000125,2020
"Gyeongnam","Female","80-84",32606,38685,0.542635115231937,0.577372916177517,0.999999,1e-06,0.430287888934203,4.30287888934203e-07,2.1514383689513,4.30287458646422,9.9999900000025,2020
"Gyeongnam","Female","85+",19749,26929,0.576909893311624,0.613841858226629,0.999999,1e-06,0.430287458646315,4.30287458646315e-07,2.15143621751293,2.15143621751293,4.9999975,2020
"Gyeongnam","Male","0-4",3083,52239,0.944271718303749,1,0.960827317152608,0.0391726828473918,1,0.0391726828473918,4.90206829288152,53.4466732334921,53.4466732334921,2020
"Gyeongnam","Male","5-9",7260,71042,0.907282061760875,0.960827317152608,0.961119884536929,0.0388801154630714,0.960827317152608,0.0373570770309665,4.71074389318562,48.5446049406105,50.5237560110921,2020
"Gyeongnam","Male","10-14",9894,67407,0.872006830442038,0.923470240121642,0.966125332756912,0.0338746672430883,0.923470240121642,0.0312822470930155,4.53914558287567,43.8338610474249,47.4664576539586,2020
"Gyeongnam","Male","15-19",10609,56736,0.842467889227114,0.892187993028626,0.784276663684935,0.215723336315065,0.892187993028626,0.192465770476377,3.97977553895219,39.2947154645492,44.0430893170387,2020
"Gyeongnam","Male","20-24",28469,55443,0.660727905424731,0.699722222552249,0.896444864758754,0.103555135241246,0.699722222552249,0.0724598293877037,3.31746153929199,35.3149399255971,50.4699419103558,2020
"Gyeongnam","Male","25-29",44384,64482,0.592306137820807,0.627262393164546,0.88028813141281,0.11971186858719,0.627262393164546,0.0750907531802002,2.94858508287223,31.9974783863051,51.0113131840687,2020
"Gyeongnam","Male","30-34",46887,51080,0.521400063286617,0.552171639984345,0.999999,1e-06,0.552171639984345,5.52171639984345e-07,2.76085681949263,29.0488933034328,52.6084485328808,2020
"Gyeongnam","Male","35-39",57123,67072,0.540053947421394,0.571926424304568,0.997929176870856,0.00207082312914386,0.552171087812705,0.00114344865988708,2.75799681741381,26.2880364839402,47.6084986413795,2020
"Gyeongnam","Male","40-44",60825,71098,0.538935591216088,0.57074206583695,0.975721152669059,0.0242788473309407,0.551027639152818,0.0133783159261199,2.72169240594879,23.5300396665264,42.7021042042516,2020
"Gyeongnam","Male","45-49",78741,87327,0.525850856275742,0.556885106355149,0.945077280066459,0.0549227199335415,0.537649323226698,0.0295291632020381,2.6144237081284,20.8083472605776,38.7024522521417,2020
"Gyeongnam","Male","50-54",96446,95284,0.496969696969697,0.526299461623645,0.93487756713917,0.0651224328608297,0.50812016002466,0.03309002100644,2.4578757476072,18.1939235524492,35.8063406725807,2020
"Gyeongnam","Male","55-59",108178,93875,0.464605821244921,0.492025560269368,0.999999,1e-06,0.47503013901822,4.7503013901822e-07,2.37514950751575,15.736047804842,33.126419804362,2020
"Gyeongnam","Male","60-64",98824,90373,0.477666136355228,0.505856658730908,0.981072168130197,0.018927831869803,0.475029663988081,0.0089912816131354,2.35267011590757,13.3608982973263,28.1264504308125,2020
"Gyeongnam","Male","65-69",77551,68393,0.468624952036398,0.496281888944229,0.938706633679004,0.0612933663209959,0.466038382374946,0.0285650612905519,2.25877925864835,11.0082281814187,23.6208617095451,2020
"Gyeongnam","Male","70-74",58821,46198,0.439901351184071,0.465863101326695,0.999999,1e-06,0.437473321084394,4.37473321084394e-07,2.18736551173867,8.74944892277035,19.999960000035,2020
"Gyeongnam","Male","75-79",39051,31420,0.44585716110173,0.4721704065252,0.999999,1e-06,0.437472883611073,4.37472883611073e-07,2.18736332437316,6.56208341103168,14.9999775000125,2020
"Gyeongnam","Male","80-84",24363,21714,0.471254638973892,0.499066772666277,0.999999,1e-06,0.437472446138189,4.37472446138189e-07,2.18736113700983,4.37472008665852,9.9999900000025,2020
"Gyeongnam","Male","85+",10173,10255,0.502007049148228,0.531634104270339,0.999999,1e-06,0.437472008665743,4.37472008665743e-07,2.18735894964869,2.18735894964869,4.9999975,2020
"Gyeongnam","Total","0-4",6119,99664,0.942155166709207,1,0.957571863802538,0.0424281361974621,1,0.0424281361974621,4.89392965950634,53.1733638398578,53.1733638398578,2020
"Gyeongnam","Total","5-9",14579,134462,0.902181278976926,0.957571863802538,0.974319966932998,0.0256800330670015,0.957571863802538,0.0245904771264794,4.72638312619649,48.2794341803514,50.4186014704242,2020
"Gyeongnam","Total","10-14",17489,127064,0.879013233900369,0.932981386676058,0.960879757829686,0.0391202421703137,0.932981386676058,0.0364984577871625,4.57366078891239,43.553051054155,46.6815862311271,2020
"Gyeongnam","Total","15-19",20042,108950,0.844626023319276,0.896482928888896,0.75427671186299,0.24572328813701,0.896482928888896,0.220286733045277,3.93169781183129,38.9793902652426,43.4803486035744,2020
"Gyeongnam","Total","20-24",64046,112429,0.637081739623176,0.676196195843619,0.896418866349095,0.103581133650905,0.676196195843619,0.0700411685359116,3.20587805787832,35.0476924534113,51.830656056392,2020
"Gyeongnam","Total","25-29",87043,115898,0.571092090804717,0.606155027307707,0.905877618445455,0.0941223815545451,0.606155027307707,0.0570527547614617,2.88814324963488,31.841814395533,52.5308097120984,2020
"Gyeongnam","Total","30-34",90369,96862,0.517339543131212,0.549102272546246,0.999999,1e-06,0.549102272546246,5.49102272546246e-07,2.74550998997555,28.9536711458981,52.7291045648688,2020
"Gyeongnam","Total","35-39",112371,125633,0.527860876287793,0.560269576540693,0.999999,1e-06,0.549101723443973,5.49101723443973e-07,2.74550724446556,26.2081611559225,47.7291547940236,2020
"Gyeongnam","Total","40-44",121881,138753,0.532367227606529,0.565052601118773,0.985919910492429,0.014080089507571,0.54910117434225,0.00773139368345122,2.72617738750262,23.462653911457,42.7292000232237,2020
"Gyeongnam","Total","45-49",155511,171792,0.524871449390931,0.557096609918535,0.912722507291712,0.087277492708288,0.541369780658798,0.0472493970839357,2.58872541058415,20.7364765239544,38.3037200538234,2020
"Gyeongnam","Total","50-54",199575,183532,0.479061985293926,0.508474614608558,0.94394625987488,0.0560537401251203,0.494120383574863,0.0276972955714301,2.40135867894574,18.1477511133702,36.7273881358119,2020
"Gyeongnam","Total","55-59",219747,181404,0.452208769266436,0.479972710701069,0.992112717716391,0.00788728228360913,0.466423088003432,0.00367881055867574,2.32291841362047,15.7463924344245,33.7598906216851,2020
"Gyeongnam","Total","60-64",216129,175865,0.448642071052108,0.476187030443341,0.996592828270901,0.00340717172909921,0.462744277444757,0.00157664921991222,2.309779764174,13.423474020804,29.0084063166108,2020
"Gyeongnam","Total","65-69",166640,134760,0.447113470471135,0.474564579455451,0.959958764039432,0.0400412359605683,0.461167628224844,0.0184657218191266,2.25967383657641,11.11369425663,24.0990337925702,2020
"Gyeongnam","Total","70-74",127467,95850,0.429210494498851,0.455562427150947,0.999999,1e-06,0.442701906405718,4.42701906405718e-07,2.21350842527382,8.8540204200536,19.999960000035,2020
"Gyeongnam","Total","75-79",89164,77652,0.465494916554767,0.494074578161753,0.999999,1e-06,0.442701463703811,4.42701463703811e-07,2.2135062117654,6.64051199477977,14.9999775000125,2020
"Gyeongnam","Total","80-84",56969,60399,0.514612160043623,0.546207438251471,0.999999,1e-06,0.442701021002348,4.42701021002348e-07,2.21350399825919,4.42700578301437,9.9999900000025,2020
"Gyeongnam","Total","85+",29922,37184,0.554108425476112,0.588128627911177,0.999999,1e-06,0.442700578301327,4.42700578301327e-07,2.21350178475519,2.21350178475519,4.9999975,2020
"Incheon","Female","0-4",4770,42558,0.899213995943205,1,0.88915922432428,0.11084077567572,1,0.11084077567572,4.7228980608107,57.6611731280318,57.6611731280318,2020
"Incheon","Female","5-9",12408,49491,0.799544419134396,0.88915922432428,0.990189310004125,0.0098106899958752,0.88915922432428,0.00872326550681837,4.42398795785435,52.9382750672211,59.5374524820926,2020
"Incheon","Female","10-14",12373,47027,0.791700336700337,0.880435958817462,0.96104922535463,0.0389507746453701,0.880435958817462,0.0342936626215793,4.31644563753336,48.5142871093667,55.1025734734047,2020
"Incheon","Female","15-19",14243,45317,0.760862995298858,0.846142296195882,0.873965936309868,0.126034063690132,0.846142296195882,0.106642752049667,3.96410460085524,44.1978414718334,52.2345256472105,2020
"Incheon","Female","20-24",27355,54294,0.664968340089897,0.739499544146216,0.871245875424256,0.128754124575744,0.739499544146216,0.0952136164307077,3.45946367965431,40.2337368709781,54.4067094962577,2020
"Incheon","Female","25-29",41036,56518,0.579350923591037,0.644285927715508,0.951024609643151,0.0489753903568494,0.644285927715508,0.0315541548112919,3.14254425154931,36.7742731913238,57.0775669766948,2020
"Incheon","Female","30-34",33344,40915,0.550976985954564,0.612731772904216,0.999999,1e-06,0.612731772904216,6.12731772904216e-07,3.06365733269165,33.6317289397745,54.8881752620195,2020
"Incheon","Female","35-39",30677,39435,0.562457211319032,0.625498728730372,0.999999,1e-06,0.612731160172443,6.12731160172443e-07,3.06365426903432,30.5680716070829,49.8882276502471,2020
"Incheon","Female","40-44",26942,34854,0.564017088484692,0.627233440570597,0.999999,1e-06,0.612730547441283,6.12730547441283e-07,3.06365120538005,27.5044173380486,44.8882750385221,2020
"Incheon","Female","45-49",21529,35354,0.621521368422903,0.691182934459306,0.952060494929303,0.0479395050706971,0.612729934710736,0.0293739698120332,2.9902147490236,24.4407661326685,39.8883174268396,2020
"Incheon","Female","50-54",20606,29865,0.591725941629847,0.658047966668015,0.978834949540562,0.0211650504594384,0.583355964898702,0.0123467584328954,2.88591292841127,21.4505513836449,36.770947199228,2020
"Incheon","Female","55-59",20872,28729,0.579202032217092,0.644120348248756,0.991452624617564,0.00854737538243555,0.571009206465807,0.0048806300344899,2.84284445724281,18.5646384552336,32.5119774690451,2020
"Incheon","Female","60-64",20900,28190,0.574251375025463,0.638614809840809,0.926658122679718,0.0733418773202821,0.566128576431317,0.0415209326001316,2.72684055065626,15.7217939979908,27.7707126128409,2020
"Incheon","Female","65-69",12907,14680,0.532134701127343,0.591777600802549,0.999999,1e-06,0.524607643831186,5.24607643831186e-07,2.62303690763682,12.9949534473346,24.7708046196831,2020
"Incheon","Female","70-74",10295,12926,0.556651307006589,0.619042085107567,0.999999,1e-06,0.524607119223542,5.24607119223542e-07,2.62303428459991,10.3719165396978,19.7708268905099,2020
"Incheon","Female","75-79",7040,9176,0.565860878145042,0.629283886480768,0.999999,1e-06,0.524606594616422,5.24606594616422e-07,2.62303166156563,7.74888225509784,14.7708441613541,2020
"Incheon","Female","80-84",3935,7997,0.670214549111633,0.745333760523411,0.969447847444021,0.0305521525559789,0.524606070009828,0.0160278446827328,2.58296073834231,5.12585059353222,9.77085643221054,2020
"Incheon","Female","85+",3276,6077,0.649738051961937,0.722562209766779,0.999999,1e-06,0.508578225327095,5.08578225327095e-07,2.54288985518991,2.54288985518991,4.9999975,2020
"Incheon","Male","0-4",5495,43898,0.888749417933715,1,0.914050891283247,0.0859491087167532,1,0.0859491087167532,4.78512722820812,59.4819041216074,59.4819041216074,2020
"Incheon","Male","5-9",12425,53793,0.812362197589779,0.914050891283247,0.983093445102632,0.0169065548973684,0.914050891283247,0.0154534515724687,4.53162082748506,54.6967768933993,59.8399688846754,2020
"Incheon","Male","10-14",12622,50058,0.798627951499681,0.898597439710778,0.982896280852162,0.0171037191478379,0.898597439710778,0.0153693582357794,4.45456380296444,50.1651560659143,55.8260616478725,2020
"Incheon","Male","15-19",13015,47511,0.784968443313617,0.883228081474999,0.835413889405215,0.164586110594785,0.883228081474999,0.145367074698064,4.05272272062984,45.7105922629498,51.7540069453099,2020
"Incheon","Male","20-24",25038,47699,0.655773540288986,0.737861006776935,0.966694284470592,0.0333057155294079,0.737861006776935,0.0245749887919551,3.62786756190479,41.65786954232,56.457610796221,2020
"Incheon","Male","25-29",37124,64289,0.633932533304409,0.71328601798498,0.844277598194926,0.155722401805074,0.71328601798498,0.111074611894598,3.28874356018841,38.0300019804152,53.3166233762008,2020
"Incheon","Male","30-34",36474,42001,0.535215036635871,0.602211406090382,0.999999,1e-06,0.602211406090382,6.02211406090382e-07,3.0110555249234,34.7412584202268,57.6894726152242,2020
"Incheon","Male","35-39",31625,45075,0.58767926988266,0.661242930824052,0.999999,1e-06,0.602210803878976,6.02210803878976e-07,3.01105251386787,31.7302028953034,52.6895278047521,2020
"Incheon","Male","40-44",25626,37868,0.596402809714304,0.671058453237473,0.999999,1e-06,0.602210201668172,6.02210201668172e-07,3.01104950281536,28.7191503814355,47.68957799433,2020
"Incheon","Male","45-49",19653,34744,0.638711693659577,0.718663417124413,0.999999,1e-06,0.60220959945797,6.0220959945797e-07,3.01104649176585,25.7081008786202,42.6896231839532,2020
"Incheon","Male","50-54",18516,32942,0.640172567919468,0.720307158577755,0.997844343830509,0.00215565616949143,0.602208997248371,0.0012981555402417,3.00779959739125,22.6970543868543,37.6896633736166,2020
"Incheon","Male","55-59",17710,31320,0.638792575973893,0.718754424007438,0.999999,1e-06,0.600910841708129,6.00910841708129e-07,3.00455270626354,19.6892547894631,32.7656840630384,2020
"Incheon","Male","60-64",14732,28460,0.658918318207075,0.741399437131579,0.999999,1e-06,0.600910240797287,6.00910240797287e-07,3.00454970171083,16.6847020831995,27.7657143287528,2020
"Incheon","Male","65-69",8833,18354,0.675102070842682,0.759609016017418,0.900701138778061,0.0992988612219385,0.600909639887047,0.0596696429380689,2.85537409209006,13.6801523814887,22.7657395944924,2020
"Incheon","Male","70-74",8271,12832,0.608065203999431,0.684180705752971,0.999999,1e-06,0.541239996948978,5.41239996948978e-07,2.7061986316449,10.8247782893986,19.999960000035,2020
"Incheon","Male","75-79",4487,7473,0.624832775919732,0.703047184404833,0.999999,1e-06,0.541239455708981,5.41239455708981e-07,2.70619592544626,8.11857965775372,14.9999775000125,2020
"Incheon","Male","80-84",2546,5507,0.683844529988824,0.769445825999772,0.999999,1e-06,0.541238914469525,5.41238914469525e-07,2.70619321925034,5.41238373230746,9.9999900000025,2020
"Incheon","Male","85+",883,2529,0.741207502930832,0.833989297741642,0.999999,1e-06,0.541238373230611,5.41238373230611e-07,2.70619051305712,2.70619051305712,4.9999975,2020
"Incheon","Total","0-4",10265,86456,0.893869997208466,1,0.90188658679257,0.0981134132074304,1,0.0981134132074304,4.75471646698142,59.2371596709856,59.2371596709856,2020
"Incheon","Total","5-9",24833,103284,0.806169360818627,0.90188658679257,0.986464193554064,0.0135358064459355,0.90188658679257,0.0122077622750097,4.47891352827532,54.4824432040042,60.4094173279184,2020
"Incheon","Total","10-14",24995,97085,0.795257208387942,0.88967882451756,0.972028503604622,0.0279714963953778,0.88967882451756,0.0248856480330369,4.38618000250521,50.0035296757289,56.2040236293631,2020
"Incheon","Total","15-19",27258,92828,0.773012674250121,0.864793176484523,0.854625479160446,0.145374520839554,0.864793176484523,0.125718893656753,4.00966864828073,45.6173496732237,52.7494329437971,2020
"Incheon","Total","20-24",52393,101993,0.660636327128107,0.73907428282777,0.919070013986175,0.0809299860138246,0.73907428282777,0.0598132713724289,3.54583823570778,41.607681024943,56.2970218172765,2020
"Incheon","Total","25-29",78160,120807,0.607171038413405,0.679261011455341,0.894111270305326,0.105888729694674,0.679261011455341,0.0719260856341256,3.21648984319139,38.0618427892352,56.034193259063,2020
"Incheon","Total","30-34",69818,82916,0.542878468448414,0.607334925821216,0.999999,1e-06,0.607334925821216,6.07334925821215e-07,3.03667311076876,34.8453529460438,57.3741957930827,2020
"Incheon","Total","35-39",62302,84510,0.575634144347874,0.643979713096496,0.999999,1e-06,0.60733431848629,6.0733431848629e-07,3.03667007409565,31.808679835275,52.3742506673334,2020
"Incheon","Total","40-44",52568,72722,0.580429403783223,0.649344318072975,0.999999,1e-06,0.607333711151971,6.07333711151971e-07,3.03666703742558,28.7720097611794,47.3743005416339,2020
"Incheon","Total","45-49",41182,70098,0.629924514737599,0.704716028846295,0.978186750646311,0.0218132493536887,0.60733310381826,0.0132479084343374,3.00354574800546,25.7353427237538,42.3743454159793,2020
"Incheon","Total","50-54",39122,62807,0.616183814223626,0.68934388238553,0.988057131034655,0.0119428689653452,0.594085195383923,0.00709508164272171,2.95268827281281,22.7317969757483,38.2635304706728,2020
"Incheon","Total","55-59",38582,60049,0.608824811671787,0.681111138726137,0.999999,1e-06,0.586990113741201,5.86990113741201e-07,2.93494910123072,19.7791087029355,33.695812314236,2020
"Incheon","Total","60-64",35632,56650,0.613879196376325,0.686765635152152,0.982434920659782,0.0175650793402181,0.586989526751087,0.0103105176092599,2.90917133973229,16.8441596017048,28.6958435100795,2020
"Incheon","Total","65-69",21740,33034,0.603096359586665,0.67470254228257,0.963577134380481,0.036422865619519,0.576679009141827,0.0210043020555701,2.83088429057021,13.9349882619725,24.1642023397203,2020
"Incheon","Total","70-74",18566,25758,0.581129861925819,0.650127942251864,0.999999,1e-06,0.555674707086257,5.55674707086257e-07,2.77837214624452,11.1041039714023,19.9831013177259,2020
"Incheon","Total","75-79",11527,16649,0.59089295854628,0.661050220268747,0.999999,1e-06,0.55567415141155,5.5567415141155e-07,2.77836936787237,8.3257318251578,14.9831188008447,2020
"Incheon","Total","80-84",6481,13504,0.675706780085064,0.755934064455994,0.997751170447183,0.0022488295528168,0.555673595737398,0.00124961520381424,2.77524394067746,5.54736245728543,9.98313128397595,2020
"Incheon","Total","85+",4159,8606,0.67418723070897,0.754234097591865,0.999999,1e-06,0.554423980533584,5.54423980533584e-07,2.77211851660797,2.77211851660797,4.9999975,2020
"Jeju","Female","0-4",738,11614,0.940252590673575,1,0.97430256316284,0.02569743683716,1,0.02569743683716,4.9357564079071,64.8147415268136,64.8147415268136,2020
"Jeju","Female","5-9",1068,11660,0.916090509113765,0.97430256316284,0.990448679896428,0.00955132010357174,0.97430256316284,0.0093058756584987,4.84824812666795,59.8789851189065,61.4583060569231,2020
"Jeju","Female","10-14",1362,13337,0.907340635417375,0.964996687504341,0.933767992469862,0.0662320075301384,0.964996687504341,0.0639136678733461,4.66519926783834,55.0307369922386,57.0268662108656,2020
"Jeju","Female","15-19",2174,12058,0.847245643620011,0.901083019630995,0.845054733689162,0.154945266310838,0.901083019630995,0.139618548444899,4.15636872704273,50.3655377244002,55.8944477114057,2020
"Jeju","Female","20-24",5231,13186,0.715968941738611,0.761464471186096,0.947495594199337,0.0525044058006633,0.761464471186096,0.0399802395979423,3.70737175693563,46.2091689973575,60.6846028224793,2020
"Jeju","Female","25-29",6335,13362,0.678377417880896,0.721484231588154,0.958657746434053,0.0413422535659473,0.721484231588154,0.0298277840461501,3.5328516978254,42.5017972404219,58.9088373378106,2020
"Jeju","Female","30-34",5059,9409,0.650331766657451,0.691656447542004,0.999999,1e-06,0.691656447542004,6.91656447542004e-07,3.4582805085689,38.9689455425965,56.3414765828954,2020
"Jeju","Female","35-39",5893,12403,0.677907739396589,0.720984707854888,0.999331528242671,0.000668471757328981,0.691655755885556,0.000462352338603523,3.45712289858127,35.5106650340276,51.3415304244259,2020
"Jeju","Female","40-44",7385,15511,0.677454577218728,0.720502749940221,0.962073909619518,0.0379260903804822,0.691193403546953,0.0262142634933149,3.39043135900148,32.0535421354463,46.3742014477557,2020
"Jeju","Female","45-49",9836,18409,0.651761373694459,0.693176897526602,0.999999,1e-06,0.664979140053638,6.64979140053638e-07,3.32489403782034,28.6631107764448,43.1037743140827,2020
"Jeju","Female","50-54",8409,16044,0.656115814010551,0.697808036392141,0.999999,1e-06,0.664978475074498,6.64978475074498e-07,3.3248907129263,25.3382167386245,38.1038149178976,2020
"Jeju","Female","55-59",7936,15835,0.666147827184384,0.708477523797272,0.999999,1e-06,0.664977810096023,6.64977810096023e-07,3.32488738803559,22.0133260256982,33.1038505217482,2020
"Jeju","Female","60-64",7146,14849,0.675107979086156,0.718007039579146,0.965609745110056,0.0343902548899444,0.664977145118213,0.0228687335166029,3.26771389179956,18.6884386376626,28.1038811256293,2020
"Jeju","Female","65-69",5026,9412,0.651890843607148,0.693314594475244,0.999999,1e-06,0.64210841160161,6.4210841160161e-07,3.21054045273702,15.420724745863,24.0157650440977,2020
"Jeju","Female","70-74",3424,8338,0.708893045400442,0.753938944100763,0.999999,1e-06,0.642107769493198,6.42107769493198e-07,3.21053724219657,12.210184293126,19.0157865598842,2020
"Jeju","Female","75-79",2524,11025,0.813713189165252,0.865419778936559,0.921264983066788,0.0787350169332124,0.642107127385429,0.0505563155476281,3.08414484805807,8.99964705092944,14.0158030756873,2020
"Jeju","Female","80-84",2295,6872,0.749645467437548,0.797280937987652,0.999999,1e-06,0.5915508118378,5.915508118378e-07,2.95775258031197,5.91550220287137,9.9999900000025,2020
"Jeju","Female","85+",1385,6997,0.834764972560248,0.887809276826605,0.999999,1e-06,0.591550220286989,5.91550220286989e-07,2.95774962255939,2.95774962255939,4.9999975,2020
"Jeju","Male","0-4",658,11107,0.944071398215045,1,0.999999,1e-06,1,1e-06,4.9999975,59.9992158583694,59.9992158583694,2020
"Jeju","Male","5-9",560,13855,0.961151578217135,1.01809204265099,0.966716620795895,0.0332833792041047,0.999999,0.0332833459207255,4.91678663519819,54.9992183583694,54.9992733576428,2020
"Jeju","Male","10-14",1081,14179,0.92916120576671,0.98420649913076,0.930697734114443,0.0693022658855572,0.966715654079274,0.0669955852947322,4.66608930715954,50.0824317231712,51.8067867338624,2020
"Jeju","Male","15-19",2118,13544,0.864768228834121,0.915998758641706,0.837478779445593,0.162521220554407,0.899720068784542,0.146223603736159,4.13304133458231,45.4163424160117,50.4783031875303,2020
"Jeju","Male","20-24",5240,13761,0.724225040787327,0.767129522360935,0.882220581649652,0.117779418350348,0.753496465048383,0.0887463753824421,3.54561638678581,41.2833010814294,54.7889777807763,2020
"Jeju","Male","25-29",7788,13781,0.638926236728638,0.676777453417883,0.922819585640816,0.0771804143591835,0.664750089665941,0.0513056873657218,3.1954862299154,37.7376846946436,56.7697323871111,2020
"Jeju","Male","30-34",7531,10820,0.589613645032968,0.624543489134138,0.999999,1e-06,0.61344440230022,6.1344440230022e-07,3.06722047789009,34.5421984647282,56.3086048796044,2020
"Jeju","Male","35-39",7233,15305,0.679075339426746,0.71930506602644,0.99755714532732,0.00244285467267957,0.613443788855817,0.00149855402603269,3.063472559214,31.4749779868381,51.3086586882631,2020
"Jeju","Male","40-44",7182,15082,0.677416457060726,0.717547908284815,0.999999,1e-06,0.611945234829785,6.11945234829785e-07,3.05972464428584,28.4115054276241,46.4281831290456,2020
"Jeju","Male","45-49",7500,19403,0.72122068170836,0.763947179283231,0.999999,1e-06,0.61194462288455,6.1194462288455e-07,3.05972158456119,25.3517807833382,41.4282270572727,2020
"Jeju","Male","50-54",6869,21833,0.760678698348547,0.80574276456925,0.985345846554523,0.0146541534454769,0.611944010939927,0.00896752143635431,3.03730125110875,22.292059198777,36.4282659855387,2020
"Jeju","Male","55-59",5882,17602,0.749531595980242,0.793935286459669,0.98497298790417,0.0150270120958303,0.602976489503573,0.00906093500127151,2.99223011001468,19.2547579476683,31.9328502567665,2020
"Jeju","Male","60-64",5003,14112,0.73826837562124,0.782004811306733,0.999999,1e-06,0.593915554502301,5.93915554502301e-07,2.96957628772262,16.2625278376536,27.3818857148497,2020
"Jeju","Male","65-69",3111,10319,0.768354430379747,0.813873221699624,0.886378068194453,0.113621931805547,0.593914960586747,0.0674817651500817,2.80087039005853,13.292951549931,22.3819105967603,2020
"Jeju","Male","70-74",2897,6186,0.681052515688649,0.721399374005308,0.999999,1e-06,0.526433195436665,5.26433195436665e-07,2.63216466110034,10.4920811598725,19.9305082787751,2020
"Jeju","Male","75-79",1944,6915,0.78056214019641,0.82680413967865,0.999999,1e-06,0.52643266900347,5.2643266900347e-07,2.63216202893568,7.85991649877213,14.9305257093008,2020
"Jeju","Male","80-84",1115,4605,0.80506993006993,0.85276381806723,0.990738748891439,0.00926125110856058,0.5264321425708,0.00487542026396575,2.61997216219409,5.22775446983646,9.93053813983892,2020
"Jeju","Male","85+",475,1872,0.797613975287601,0.844866158211815,0.999999,1e-06,0.521556722306835,5.21556722306835e-07,2.60778230764237,2.60778230764237,4.9999975,2020
"Jeju","Total","0-4",1396,22721,0.942115520172492,1,0.997777181439999,0.00222281856000117,1,0.00222281856000117,4.9944429536,64.2660417821404,64.2660417821404,2020
"Jeju","Total","5-9",1628,25515,0.940021368308588,0.997777181439999,0.977057812834114,0.0229421871658856,0.997777181439999,0.0228911908464462,4.93165793008388,59.2715988285404,59.4036423472816,2020
"Jeju","Total","10-14",2443,27516,0.91845522213692,0.974885990593553,0.932463573648552,0.0675364263514482,0.974885990593553,0.0658403159047801,4.70982916320581,54.3399408984566,55.7397905219379,2020
"Jeju","Total","15-19",4292,25602,0.856426038669967,0.909045674688773,0.840891550607243,0.159108449392757,0.909045674688773,0.144636847726923,4.18363625412656,49.6301117352507,54.5958394799496,2020
"Jeju","Total","20-24",10471,26947,0.720161419637608,0.76440882696185,0.913346609928972,0.0866533900710276,0.76440882696185,0.0662386162564618,3.65644759416809,45.4464754811242,59.45310137476,2020
"Jeju","Total","25-29",14123,27143,0.657756991227645,0.698170210705388,0.937094950370665,0.0629050496293349,0.698170210705388,0.0439184317541456,3.38105497414157,41.7900278869561,59.8565038240948,2020
"Jeju","Total","30-34",12590,20229,0.616380755050428,0.654251778951242,0.999999,1e-06,0.654251778951242,6.54251778951242e-07,3.27125725912676,38.4089729128145,58.7067152868635,2020
"Jeju","Total","35-39",13126,27708,0.678552186903071,0.720243083118761,0.998354727838065,0.00164527216193477,0.654251124699463,0.00107642116238254,3.26856457059136,35.1377156536878,53.706771493635,2020
"Jeju","Total","40-44",14567,30593,0.677435783879539,0.719058087224279,0.999999,1e-06,0.653174703537081,6.53174703537081e-07,3.26587188474865,31.8691510830964,48.7911594103662,2020
"Jeju","Total","45-49",17336,37812,0.685645898310002,0.727772638948212,0.999999,1e-06,0.653174050362377,6.53174050362377e-07,3.26586861887676,28.6032791983478,43.7912057015719,2020
"Jeju","Total","50-54",15278,37877,0.712576427429216,0.756357805567995,0.992997342525038,0.00700265747496198,0.653173397188327,0.00457394957226715,3.25443211201097,25.337410579471,38.7912469928189,2020
"Jeju","Total","55-59",13818,33437,0.707586498783198,0.751061290927088,0.995603785338762,0.00439621466123841,0.64859944761606,0.00285138240088085,3.2358687820781,22.08297846746,34.0471743363743,2020
"Jeju","Total","60-64",12149,28961,0.704475796643153,0.747759464268426,0.999999,1e-06,0.645748065215179,6.45748065215179e-07,3.22873871170573,18.8471096853819,29.1864748818127,2020
"Jeju","Total","65-69",8137,19731,0.708016362853452,0.751517566257502,0.984104111063777,0.0158958889362234,0.645747419467113,0.0102647292607021,3.20307527418381,15.6183709736762,24.1865015683142,2020
"Jeju","Total","70-74",6321,14524,0.696761813384505,0.739571526490652,0.999999,1e-06,0.635482690206411,6.35482690206411e-07,3.17741186232533,12.4152956994924,19.5367960305257,2020
"Jeju","Total","75-79",4468,17940,0.800606926097822,0.849796982381989,0.962945815743559,0.0370541842564412,0.635482054723721,0.0235472691473946,3.11854210075012,9.23788383716706,14.5368130673387,2020
"Jeju","Total","80-84",3410,11477,0.77094108954121,0.818308448416239,0.999999,1e-06,0.611934785576326,6.11934785576326e-07,3.05967239804467,6.11934173641694,9.9999900000025,2020
"Jeju","Total","85+",1860,8869,0.826638083698388,0.877427519235686,0.999999,1e-06,0.611934173641541,6.11934173641541e-07,3.05966933837227,3.05966933837227,4.9999975,2020
"Jeonbuk","Female","0-4",1831,23394,0.927413280475719,1,0.935081897578122,0.0649181024218785,1,0.0649181024218785,4.8377047439453,44.8930500173912,44.8930500173912,2020
"Jeonbuk","Female","5-9",4699,30687,0.867207370146386,0.935081897578122,0.999999,1e-06,0.935081897578122,9.35081897578122e-07,4.67540715018586,40.0553452734459,42.8361894045751,2020
"Jeonbuk","Female","10-14",5345,35504,0.869152243628975,0.937178992286094,0.887288599478312,0.112711400521688,0.935080962496224,0.105394284884117,4.41191910027083,35.37993812326,37.8362297408048,2020
"Jeonbuk","Female","15-19",8755,29508,0.771188876982986,0.831548235526025,0.821690161963763,0.178309838036237,0.829686677612107,0.147941297105838,3.77858014529594,30.9680190229892,37.3249563463128,2020
"Jeonbuk","Female","20-24",21839,37778,0.633678313232803,0.683275004330061,0.834368548914525,0.165631451085475,0.681745380506269,0.112918476644073,3.12643071092116,27.1894388776933,39.8821021090047,2020
"Jeonbuk","Female","25-29",29388,32970,0.528721254690657,0.570103173872439,0.824352175343087,0.175647824656913,0.568826903862196,0.0999132082697215,2.59435149863668,24.0630081667721,42.3028657811193,2020
"Jeonbuk","Female","30-34",34457,26621,0.43585251645437,0.469965791551743,0.940221956245995,0.0597780437540046,0.468913695592475,0.028030743411979,2.27449161943243,21.4686566681354,45.7838123943249,2020
"Jeonbuk","Female","35-39",53526,37165,0.409798105655467,0.441872155901478,0.899356228301167,0.100643771698833,0.440882952180496,0.0443721231851611,2.09348445293957,19.194165048703,43.535738802722,2020
"Jeonbuk","Female","40-44",73230,42742,0.368554478667264,0.397400475522858,0.983399089484914,0.0166009105150863,0.396510828995334,0.00658244079041422,1.96609804300064,17.1006805957634,43.1279030615445,2020
"Jeonbuk","Female","45-49",94844,53916,0.362436138746975,0.390803265790051,0.89031237812366,0.10968762187634,0.38992838820492,0.0427703176042721,1.84271614701392,15.1345825527628,38.8137489102462,2020
"Jeonbuk","Female","50-54",115388,54972,0.322681380605776,0.347936984944033,0.954340428096153,0.0456595719038465,0.347158070600648,0.0158510888865909,1.69616263078676,13.2918664057489,38.2876491471204,2020
"Jeonbuk","Female","55-59",118934,52923,0.307947886905974,0.332050331161973,0.999999,1e-06,0.331306981714057,3.31306981714057e-07,1.65653408030283,11.5957037749621,34.9998775002275,2020
"Jeonbuk","Female","60-64",110272,54899,0.332376748945033,0.358391189712681,0.999999,1e-06,0.331306650407075,3.31306650407075e-07,1.65653242376875,9.93916969465928,29.9999100001375,2020
"Jeonbuk","Female","65-69",76561,43112,0.360248343402438,0.388444236228371,0.999999,1e-06,0.331306319100425,3.31306319100425e-07,1.65653076723633,8.28263727089053,24.999937500075,2020
"Jeonbuk","Female","70-74",55120,39626,0.418234015156313,0.450968326593057,0.999999,1e-06,0.331305987794106,3.31305987794106e-07,1.65652911070556,6.6261065036542,19.999960000035,2020
"Jeonbuk","Female","75-79",41777,36360,0.465336524309866,0.501757451727638,0.999999,1e-06,0.331305656488118,3.31305656488118e-07,1.65652745417645,4.96957739294864,14.9999775000125,2020
"Jeonbuk","Female","80-84",26258,29797,0.531567210775132,0.573171877054061,0.999999,1e-06,0.331305325182462,3.31305325182462e-07,1.656525797649,3.31304993877219,9.9999900000025,2020
"Jeonbuk","Female","85+",18630,21962,0.541042569964525,0.583388853011676,0.999999,1e-06,0.331304993877136,3.31304993877136e-07,1.6565241411232,1.6565241411232,4.9999975,2020
"Jeonbuk","Male","0-4",1565,25320,0.941789101729589,1,0.914419985389266,0.0855800146107341,1,0.0855800146107341,4.78604996347316,47.0797340470309,47.0797340470309,2020
"Jeonbuk","Male","5-9",6050,37535,0.861190776643341,0.914419985389266,0.993951778216909,0.00604822178309117,0.914419985389266,0.00553061487452527,4.55827338976002,42.2936840835577,46.2519244541155,2020
"Jeonbuk","Male","10-14",5601,33290,0.855982103828649,0.908889370514741,0.95075051968214,0.04924948031786,0.908889370514741,0.0447623291642779,4.43254102966301,37.7354106937977,41.5181560242327,2020
"Jeonbuk","Male","15-19",8182,35766,0.8138254300537,0.864127041350463,0.839346178799095,0.160653821200905,0.864127041350463,0.138825311195984,3.97357192876235,33.3028696641347,38.5393212693457,2020
"Jeonbuk","Male","20-24",17518,37758,0.683081264925103,0.725301730154479,0.817176716797877,0.182823283202123,0.725301730154479,0.132602043619022,3.29500354172484,29.3292977353723,40.4373745656523,2020
"Jeonbuk","Male","25-29",30874,39008,0.558198105377637,0.592699686535457,0.892191333590847,0.107808666409153,0.592699686535457,0.0638981627865109,2.80375302571101,26.0342941936475,43.9249332926551,2020
"Jeonbuk","Male","30-34",32570,32313,0.498019512044757,0.528801523748946,0.883394611567931,0.116605388432069,0.528801523748946,0.0616611070802156,2.48985485104419,23.2305411679365,43.9305488441925,2020
"Jeonbuk","Male","35-39",53597,42103,0.439947753396029,0.46714041666873,0.897122482752815,0.102877517247185,0.46714041666873,0.0480582462726944,2.21555646766191,20.7406863168923,44.3992546498079,2020
"Jeonbuk","Male","40-44",70660,46073,0.394687020808169,0.419082170396036,0.92693340558605,0.0730665944139496,0.419082170396036,0.0306209069704449,2.01885858455407,18.5251298492304,44.204051515062,2020
"Jeonbuk","Male","45-49",97542,56273,0.365848584338329,0.388461263425591,0.964830620327935,0.0351693796720649,0.388461263425591,0.0136619416613046,1.90815146297469,16.5062712646763,42.4914214589071,2020
"Jeonbuk","Male","50-54",110237,60140,0.352981916573246,0.374799321764286,0.971980849867573,0.0280191501324274,0.374799321764286,0.0105015584660455,1.84774271265632,14.5981198017016,38.949162802601,2020
"Jeonbuk","Male","55-59",112443,58727,0.343091663258749,0.364297763298241,0.999999,1e-06,0.364297763298241,3.64297763298241e-07,1.8214879057468,12.7503770890453,34.9998775002275,2020
"Jeonbuk","Male","60-64",96684,58199,0.375761058347269,0.398986416021576,0.999999,1e-06,0.364297399000478,3.64297399000478e-07,1.82148608425889,10.9288891832985,29.9999100001375,2020
"Jeonbuk","Male","65-69",72176,44337,0.380532644425944,0.404052928332998,0.999999,1e-06,0.364297034703079,3.64297034703078e-07,1.82148426277281,9.10740309903962,24.999937500075,2020
"Jeonbuk","Male","70-74",57500,36698,0.389583642964819,0.4136633586536,0.999999,1e-06,0.364296670406044,3.64296670406044e-07,1.82148244128854,7.28591883626681,19.999960000035,2020
"Jeonbuk","Male","75-79",31922,25337,0.442498122565885,0.46984842121579,0.999999,1e-06,0.364296306109373,3.64296306109373e-07,1.8214806198061,5.46443639497827,14.9999775000125,2020
"Jeonbuk","Male","80-84",17692,17542,0.49787137424079,0.528644229718153,0.999999,1e-06,0.364295941813067,3.64295941813067e-07,1.82147879832548,3.64295577517217,9.9999900000025,2020
"Jeonbuk","Male","85+",7077,10252,0.591609440821744,0.628176138092124,0.999999,1e-06,0.364295577517125,3.64295577517125e-07,1.82147697684668,1.82147697684668,4.9999975,2020
"Jeonbuk","Total","0-4",3396,48714,0.934830166954519,1,0.924110896045664,0.0758891039543361,1,0.0758891039543361,4.81027724011416,46.0388595128064,46.0388595128064,2020
"Jeonbuk","Total","5-9",10749,68222,0.863886743234858,0.924110896045664,0.998659691886409,0.00134030811359098,0.924110896045664,0.00123859333182784,4.61745799689875,41.2285822726922,44.6143232907568,2020
"Jeonbuk","Total","10-14",10946,68794,0.862728868823677,0.922872302713836,0.920313866138601,0.0796861338613986,0.922872302713836,0.0735401258510319,4.4305111989416,36.6111242757935,39.6708452167579,2020
"Jeonbuk","Total","15-19",16937,65274,0.7939813406965,0.849332176862804,0.828037713225608,0.171962286774392,0.849332176862804,0.1460531033644,3.88152812590302,32.1806130768519,37.8893134553292,2020
"Jeonbuk","Total","20-24",39357,75536,0.657446493694133,0.703279073498404,0.827897404328179,0.172102595671821,0.703279073498404,0.121036154030749,3.21380498241515,28.2990849509489,40.2387700947469,2020
"Jeonbuk","Total","25-29",60262,71978,0.544298245614035,0.582242919467655,0.859593028170897,0.140406971829103,0.582242919467655,0.0817509651913899,2.7068371843598,25.0852799685337,43.0838729502613,2020
"Jeonbuk","Total","30-34",67027,58934,0.467874977175475,0.500491954276266,0.90895659158382,0.0910434084161803,0.500491954276266,0.0455664934021863,2.38854353787586,22.3784427841739,44.7128921713321,2020
"Jeonbuk","Total","35-39",107123,79268,0.425278044540777,0.454925460874079,0.897444588104271,0.102555411895729,0.454925460874079,0.0466550680217954,2.15798963431591,19.9898992462981,43.9410430181026,2020
"Jeonbuk","Total","40-44",143890,88815,0.381663479512688,0.408270392852284,0.954167444032725,0.0458325559672748,0.408270392852284,0.0187120756301836,1.99457177518596,17.8319096119821,43.6767150500524,2020
"Jeonbuk","Total","45-49",192386,110189,0.364170866727258,0.3895583172221,0.927675537311601,0.0723244626883988,0.3895583172221,0.0281745959788852,1.87735509616329,15.8373378367962,40.6546007019708,2020
"Jeonbuk","Total","50-54",225625,115112,0.33783240446444,0.361383721243215,0.963449860182102,0.0365501398178982,0.361383721243215,0.0132086255393519,1.7738970423677,13.9599827406329,38.6292517344401,2020
"Jeonbuk","Total","55-59",231377,111650,0.325484582846248,0.348175095703863,0.999999,1e-06,0.348175095703863,3.48175095703863e-07,1.74087460808158,12.1860856982652,34.9998775002275,2020
"Jeonbuk","Total","60-64",206956,113098,0.353371618539371,0.378006220841784,0.999999,1e-06,0.348174747528768,3.48174747528768e-07,1.74087286720697,10.4452110901836,29.9999100001375,2020
"Jeonbuk","Total","65-69",148737,87449,0.370254799183694,0.396066378976522,0.999999,1e-06,0.34817439935402,3.4817439935402e-07,1.7408711263341,8.70433822297665,24.999937500075,2020
"Jeonbuk","Total","70-74",112620,76324,0.40395037683123,0.432110977063584,0.999999,1e-06,0.348174051179621,3.48174051179621e-07,1.74086938546298,6.96346709664255,19.999960000035,2020
"Jeonbuk","Total","75-79",73699,61697,0.455678158882094,0.487444858959353,0.999999,1e-06,0.34817370300557,3.48173703005569e-07,1.74086764459359,5.22259771117958,14.9999775000125,2020
"Jeonbuk","Total","80-84",43950,47339,0.518561929695801,0.554712447272821,0.999999,1e-06,0.348173354831866,3.48173354831866e-07,1.74086590372595,3.48173006658599,9.9999900000025,2020
"Jeonbuk","Total","85+",25707,32214,0.556171336820842,0.594943719705507,0.999999,1e-06,0.348173006658512,3.48173006658512e-07,1.74086416286004,1.74086416286004,4.9999975,2020
"Jeonnam","Female","0-4",1903,23304,0.924505097790296,1,0.960286076083269,0.039713923916731,1,0.039713923916731,4.90071519020817,36.4119213448976,36.4119213448976,2020
"Jeonnam","Female","5-9",3742,29606,0.887789372676023,0.960286076083269,0.970508371736863,0.0294916282631374,0.960286076083269,0.0283203999821147,4.73062938046106,31.5112061546895,32.8143945221143,2020
"Jeonnam","Female","10-14",4969,30936,0.861607018521097,0.931965676101154,0.862003889443398,0.137996110556602,0.931965676101154,0.128607638474214,4.33830928432024,26.7805767742284,28.7355827161618,2020
"Jeonnam","Female","15-19",9007,26000,0.742708601136916,0.803358037626941,0.695180357940847,0.304819642059153,0.803358037626941,0.244879309474788,3.40459191444774,22.4422674899082,27.9355734787952,2020
"Jeonnam","Female","20-24",26976,28796,0.516316431184107,0.558478728152153,0.829535476037803,0.170464523962197,0.558478728152153,0.0952008105374702,2.55439161441709,19.0376755754604,34.0884524616554,2020
"Jeonnam","Female","25-29",35571,26649,0.428302796528447,0.463277917614683,0.798042946573852,0.201957053426148,0.463277917614683,0.0935622431588633,2.08248398017626,16.4832839610433,35.5796884209637,2020
"Jeonnam","Female","30-34",42607,22126,0.341804025767383,0.36971567445582,0.934284059435591,0.0657159405644085,0.36971567445582,0.0242962132882689,1.78783783905843,14.4007999808671,38.9510128345612,2020
"Jeonnam","Female","35-39",69892,32791,0.319342052725378,0.345419461167551,0.824223098890132,0.175776901109868,0.345419461167551,0.0607167624670726,1.57530539967007,12.6129621418087,36.5149146466028,2020
"Jeonnam","Female","40-44",106789,38149,0.263209096303247,0.284702698700478,0.846720414403518,0.153279585596482,0.284702698700478,0.0436391116750095,1.31441571431487,11.0376567421386,38.7690625783311,2020
"Jeonnam","Female","45-49",155410,44568,0.222864515096661,0.241063587025469,0.890232910710818,0.109767089289182,0.241063587025469,0.0264608482813951,1.13916581442386,9.72324102782371,40.3347562682556,2020
"Jeonnam","Female","50-54",196354,48599,0.198401325968655,0.214602738744074,0.999999,1e-06,0.214602738744074,2.14602738744074e-07,1.07301315721352,8.58407521339986,39.99984000035,2020
"Jeonnam","Female","55-59",195158,53194,0.214187926813555,0.231678470270738,0.999999,1e-06,0.214602524141335,2.14602524141335e-07,1.07301208420036,7.51106205618633,34.9998775002275,2020
"Jeonnam","Female","60-64",176296,57064,0.244532053479602,0.264500492278593,0.999999,1e-06,0.214602309538811,2.14602309538811e-07,1.07301101118828,6.43804997198597,29.9999100001375,2020
"Jeonnam","Female","65-69",123060,45236,0.268788325331559,0.290737526460376,0.999999,1e-06,0.214602094936501,2.14602094936501e-07,1.07300993817727,5.36503896079769,24.999937500075,2020
"Jeonnam","Female","70-74",96869,44877,0.316601526674474,0.342455144304989,0.999999,1e-06,0.214601880334406,2.14601880334406e-07,1.07300886516733,4.29202902262042,19.999960000035,2020
"Jeonnam","Female","75-79",67529,45660,0.403396089726033,0.436337334093895,0.999999,1e-06,0.214601665732526,2.14601665732526e-07,1.07300779215847,3.21902015745309,14.9999775000125,2020
"Jeonnam","Female","80-84",41575,38425,0.4803125,0.519534723116203,0.999999,1e-06,0.21460145113086,2.1460145113086e-07,1.07300671915067,2.14601236529463,9.9999900000025,2020
"Jeonnam","Female","85+",27585,26914,0.49384392374172,0.534171120226465,0.999999,1e-06,0.214601236529409,2.14601236529409e-07,1.07300564614395,1.07300564614395,4.9999975,2020
"Jeonnam","Male","0-4",1852,26755,0.935260600552312,1,0.960370905207319,0.0396290947926806,1,0.0396290947926806,4.9009272630183,40.2058546393791,40.2058546393791,2020
"Jeonnam","Male","5-9",3738,32980,0.898197069557165,0.960370905207319,0.964209889466866,0.0357901105331344,0.960370905207319,0.0343717808501763,4.71592507391116,35.3049273763608,36.7617627574207,2020
"Jeonnam","Male","10-14",4971,32140,0.866050497157177,0.925999124357143,0.876430287480912,0.123569712519088,0.925999124357143,0.114425445589739,4.34393200781137,30.5890023024496,33.0335110453646,2020
"Jeonnam","Male","15-19",8910,28066,0.759032886196452,0.811573678767404,0.765454420672353,0.234545579327647,0.811573678767404,0.19035101865357,3.58199084720309,26.2450702946383,32.3384936959742,2020
"Jeonnam","Male","20-24",23020,31921,0.581005078174769,0.621222660113834,0.820824652531467,0.179175347468533,0.621222660113834,0.111307785981223,2.82784383561611,22.6630794474352,36.4814114206368,2020
"Jeonnam","Male","25-29",34980,31891,0.476903291411823,0.509914874132611,0.81149048615092,0.18850951384908,0.509914874132611,0.0961238050271535,2.30926485809517,19.8352356118191,38.8991116322302,2020
"Jeonnam","Male","30-34",40475,25553,0.387002483794754,0.413791069105458,0.890977208806897,0.109022791193103,0.413791069105458,0.0451126573246551,1.95617370221565,17.5259707537239,42.3546375508102,2020
"Jeonnam","Male","35-39",72272,38035,0.344810392812786,0.368678411780803,0.840391105430239,0.159608894569761,0.368678411780803,0.0588443537560692,1.69628117451384,15.5697970515082,42.2313771405885,2020
"Jeonnam","Male","40-44",108648,44329,0.289775587179772,0.309834058024733,0.969260000939633,0.0307399990603672,0.309834058024733,0.00952429865255005,1.52535954349229,13.8735158769944,44.7772461344031,2020
"Jeonnam","Male","45-49",142619,55702,0.280867885902149,0.300309759372183,0.926734571841883,0.0732654281581168,0.300309759372183,0.022002323100464,1.44654298910976,12.3481563335021,41.1180654245694,2020
"Jeonnam","Male","50-54",178512,62815,0.260289979985663,0.278307436271719,0.977899666601184,0.0221003333988159,0.278307436271719,0.0061506871289747,1.37616046353616,10.9016133443924,39.1711177050577,2020
"Jeonnam","Male","55-59",180267,61552,0.254537484647608,0.272156749142745,0.999999,1e-06,0.272156749142745,2.72156749142745e-07,1.36078306532185,9.5254528808562,34.9998775002275,2020
"Jeonnam","Male","60-64",160848,60549,0.273486090597434,0.292416990981902,0.999999,1e-06,0.272156476985995,2.72156476985995e-07,1.36078170453878,8.16466981553435,29.9999100001375,2020
"Jeonnam","Male","65-69",117700,46771,0.284372320956278,0.304056773896328,0.999999,1e-06,0.272156204829518,2.72156204829518e-07,1.36078034375708,6.80388811099557,24.999937500075,2020
"Jeonnam","Male","70-74",81466,40072,0.32970758116803,0.352530172845219,0.999999,1e-06,0.272155932673314,2.72155932673314e-07,1.36077898297674,5.44310776723849,19.999960000035,2020
"Jeonnam","Male","75-79",54347,32441,0.37379591648615,0.399670333878501,0.999999,1e-06,0.272155660517381,2.72155660517381e-07,1.36077762219775,4.08232878426175,14.9999775000125,2020
"Jeonnam","Male","80-84",28515,21364,0.428316525992903,0.457964898489216,0.999999,1e-06,0.27215538836172,2.7215538836172e-07,1.36077626142013,2.721551162064,9.9999900000025,2020
"Jeonnam","Male","85+",10896,11321,0.509564747715713,0.544837179514237,0.999999,1e-06,0.272155116206332,2.72155116206332e-07,1.36077490064387,1.36077490064387,4.9999975,2020
"Jeonnam","Total","0-4",3755,50059,0.930222618649422,1,0.960247036946721,0.0397529630532789,1,0.0397529630532789,4.9006175923668,38.4232523856514,38.4232523856514,2020
"Jeonnam","Total","5-9",7480,62586,0.893243513258927,0.960247036946721,0.967110806095073,0.032889193904927,0.960247036946721,0.0315817509947723,4.72228080724667,33.5226347932846,34.9104277372996,2020
"Jeonnam","Total","10-14",9940,63076,0.863865454147036,0.928665285951949,0.869457164540898,0.130542835459102,0.928665285951949,0.121230599620605,4.34024993070823,28.8003539860379,31.0126311618459,2020
"Jeonnam","Total","15-19",17917,54066,0.751094008307517,0.807434686331343,0.730158908954627,0.269841091045373,0.807434686331343,0.217879056707529,3.4924757898879,24.4601040553297,30.2936007944698,2020
"Jeonnam","Total","20-24",49996,60717,0.548417981628174,0.589555629623815,0.826884910925112,0.173115089074888,0.589555629623815,0.102060975336928,2.69262570977675,20.9676282654418,35.565139593054,2020
"Jeonnam","Total","25-29",70551,58540,0.453478553888342,0.487494654286887,0.80406683971532,0.19593316028468,0.487494654286887,0.095516368236317,2.19868235084364,18.275002555665,37.4875958022513,2020
"Jeonnam","Total","30-34",83082,47679,0.364627067703673,0.39197828605057,0.911978493127577,0.0880215068724226,0.39197828605057,0.0345025193994406,1.87363513175425,16.0763202048214,41.0132927688433,2020
"Jeonnam","Total","35-39",142164,70826,0.332532043757923,0.357475766651129,0.832553688529106,0.167446311470894,0.357475766651129,0.0598579985659615,1.63773383684074,14.2026850730672,39.7304835684931,2020
"Jeonnam","Total","40-44",215437,82478,0.276850779584781,0.297617768085167,0.909318544524933,0.0906814554750669,0.297617768085167,0.0269884123852039,1.42061780946283,12.5649512362264,42.2184176605705,2020
"Jeonnam","Total","45-49",298029,100270,0.251745547942626,0.270629355699964,0.91010512436525,0.0898948756347497,0.270629355699964,0.0243281922737607,1.29232629781542,11.1443334267636,41.1793221690218,2020
"Jeonnam","Total","50-54",374866,111414,0.229114913218722,0.246301163426203,0.999999,1e-06,0.246301163426203,2.46301163426203e-07,1.23150520137811,9.85200712894817,39.99984000035,2020
"Jeonnam","Total","55-59",375425,114746,0.234093816239639,0.251653541363589,0.999999,1e-06,0.246300917125039,2.46300917125039e-07,1.2315039698729,8.62050192757007,34.9998775002275,2020
"Jeonnam","Total","60-64",337144,117613,0.258628234419701,0.278028322720426,0.999999,1e-06,0.246300670824122,2.46300670824122e-07,1.23150273836893,7.38899795769716,29.9999100001375,2020
"Jeonnam","Total","65-69",240760,92007,0.276490757797498,0.297230740528467,0.999999,1e-06,0.246300424523451,2.46300424523451e-07,1.2315015068662,6.15749521932823,24.999937500075,2020
"Jeonnam","Total","70-74",178335,84949,0.322651585360295,0.346854160382328,0.999999,1e-06,0.246300178223027,2.46300178223027e-07,1.23150027536469,4.92599371246203,19.999960000035,2020
"Jeonnam","Total","75-79",121876,78101,0.390549913240023,0.419845642763511,0.999999,1e-06,0.246299931922849,2.46299931922849e-07,1.23149904386441,3.69449343709734,14.9999775000125,2020
"Jeonnam","Total","80-84",70090,59789,0.460343858514463,0.494874935617918,0.999999,1e-06,0.246299685622917,2.46299685622917e-07,1.23149781236537,2.46299439323293,9.9999900000025,2020
"Jeonnam","Total","85+",38481,38235,0.498396683872986,0.535782159970053,0.999999,1e-06,0.246299439323231,2.46299439323231e-07,1.23149658086756,1.23149658086756,4.9999975,2020
"Sejong","Female","0-4",821,7105,0.896416855917234,1,0.999999,1e-06,1,1e-06,4.9999975,39.230719956965,39.230719956965,2020
"Sejong","Female","5-9",324,2927,0.900338357428484,1.00437464053176,0.877218472502834,0.122781527497166,0.999999,0.122781404715638,4.6930414882109,34.230722456965,34.2307566877217,2020
"Sejong","Female","10-14",519,1950,0.789793438639125,0.881055987987854,0.875944567549506,0.124055432450494,0.877217595284362,0.108823608136184,4.11402895608135,29.5376809687541,33.6720115140635,2020
"Sejong","Female","15-19",674,1513,0.691815272062186,0.771756206384924,0.813767955076361,0.186232044923639,0.768393987148178,0.143099583533634,3.4842209769068,25.4236520126728,33.0867399249574,2020
"Sejong","Female","20-24",916,1180,0.562977099236641,0.62803046988735,0.939668813736522,0.0603311862634781,0.625294403614544,0.0377247531339795,3.03216013523777,21.939431035766,35.0865622800141,2020
"Sejong","Female","25-29",901,1012,0.529012023000523,0.590140646629436,0.984756347444713,0.0152436525552866,0.587569650480565,0.00895670760395691,2.91545648339293,18.9072709005282,32.1787738441974,2020
"Sejong","Female","30-34",1132,1231,0.520947947524333,0.581144747653465,0.73349712376084,0.26650287623916,0.578612942876608,0.154202013505821,2.50755968061849,15.9918144171353,27.6381899402925,2020
"Sejong","Female","35-39",2052,1269,0.382113821138211,0.426268000892535,0.891526492744187,0.108473507255813,0.424410929370787,0.0460373420265482,2.00696129178756,13.4842547365168,31.7716953154528,2020
"Sejong","Female","40-44",2758,1425,0.340664594788429,0.380029215804798,0.776285120923437,0.223714879076563,0.378373587344239,0.0846478013384816,1.68024843337499,11.4772934447292,30.3332310410117,2020
"Sejong","Female","45-49",4275,1537,0.26445285615967,0.295011025745467,0.953281515391955,0.0467184846080446,0.293725786005757,0.0137224236124958,1.43432287099755,9.79704501135424,33.3543920150144,2020
"Sejong","Female","50-54",4456,1502,0.252098019469621,0.281228557679974,0.82820234896606,0.17179765103394,0.280003362393261,0.0481039199407673,1.27975701211439,8.36272214035669,29.8665061336348,2020
"Sejong","Female","55-59",5726,1511,0.208788171894431,0.232914152066891,0.999999,1e-06,0.231899442452494,2.31899442452494e-07,1.15949663251386,7.0829651282423,30.5432607053089,2020
"Sejong","Female","60-64",4124,2027,0.329539912209397,0.367619049144501,0.837939677082351,0.162060322917649,0.231899210553051,0.0375816609465755,1.06554190039882,5.92346849572844,25.5432887485977,2020
"Sejong","Female","65-69",3206,1223,0.276134567622488,0.308042587329464,0.999999,1e-06,0.194317549606476,1.94317549606476e-07,0.971587262238506,4.85792659532962,24.999937500075,2020
"Sejong","Female","70-74",1887,1067,0.361205145565335,0.402943277093715,0.999999,1e-06,0.194317355288926,1.94317355288926e-07,0.971586290651244,3.88633933309112,19.999960000035,2020
"Sejong","Female","75-79",1884,1188,0.38671875,0.431405040464462,0.999999,1e-06,0.194317160971571,1.94317160971571e-07,0.971585319064953,2.91475304243987,14.9999775000125,2020
"Sejong","Female","80-84",1069,948,0.470004957858205,0.524315171848576,0.999999,1e-06,0.19431696665441,1.9431696665441e-07,0.971584347479634,1.94316772337492,9.9999900000025,2020
"Sejong","Female","85+",801,1083,0.57484076433121,0.641265010287005,0.999999,1e-06,0.194316772337443,1.94316772337443e-07,0.971583375895286,0.971583375895286,4.9999975,2020
"Sejong","Male","0-4",802,7477,0.903128397149414,1,0.999999,1e-06,1,1e-06,4.9999975,36.7034372602718,36.7034372602718,2020
"Sejong","Male","5-9",218,3006,0.932382133995037,1.03239155909388,0.808343488869171,0.191656511130829,0.999999,0.191656319474317,4.52085420131421,31.7034397602718,31.7034714637433,2020
"Sejong","Male","10-14",635,1943,0.753685027152832,0.834526994757027,0.999999,1e-06,0.808342680525682,8.08342680525682e-07,4.04171138177171,27.1825855589576,33.6275520442397,2020
"Sejong","Male","15-19",439,1759,0.800272975432211,0.88611207216842,0.789710461953447,0.210289538046553,0.808341872183002,0.16998583888505,3.61674476370239,23.1408741771859,28.6275831718228,2020
"Sejong","Male","20-24",1100,1889,0.631983941117431,0.699771973854649,0.893508043695124,0.106491956304876,0.638356033297952,0.0679797828049197,3.02183070947746,19.5241294134835,30.5850158768228,2020
"Sejong","Male","25-29",885,1148,0.56468273487457,0.625251887391542,0.938288632224947,0.0617113677750535,0.570376250493032,0.0351986985643316,2.76388450605433,16.502298704006,28.9323033519391,2020
"Sejong","Male","30-34",1371,1545,0.529835390946502,0.586666738216676,0.724014063560583,0.275985936439417,0.535177551928701,0.147701477830397,2.30663406506751,13.7384141979517,25.6707594487857,2020
"Sejong","Male","35-39",2354,1465,0.383608274417387,0.424754969092088,0.999999,1e-06,0.387476074098303,3.87476074098303e-07,1.93737940180133,11.4317801328842,29.5031897375525,2020
"Sejong","Male","40-44",2398,1621,0.403334162727047,0.44659670097863,0.666978493343719,0.333021506656281,0.387475686622229,0.129037736951612,1.61478409073212,9.49440073108285,24.5032167407692,2020
"Sejong","Male","45-49",4565,1680,0.269015212169736,0.297870394751002,0.999999,1e-06,0.258437949670617,2.58437949670617e-07,1.29218910225821,7.87961664035073,30.4893946511858,2020
"Sejong","Male","50-54",3502,2495,0.416041354010338,0.460666894456546,0.676809220735927,0.323190779264073,0.258437691232668,0.0835246788206938,1.0833767591116,6.58742753809252,25.4894226406084,2020
"Sejong","Male","55-59",5636,2209,0.281580624601657,0.311783601855974,0.999999,1e-06,0.174913012411974,1.74913012411974e-07,0.874564624777339,5.50405077898092,31.4673602785891,2020
"Sejong","Male","60-64",5610,2801,0.333016288194032,0.368736371533822,0.999999,1e-06,0.174912837498962,1.74912837498962e-07,0.874563750212714,4.62948615420358,26.4673892459784,2020
"Sejong","Male","65-69",3125,2305,0.424493554327808,0.470025696974713,0.91102388904114,0.0889761109588596,0.174912662586124,0.0155630484743725,0.835655691744689,3.75492240399086,21.4674132133916,2020
"Sejong","Male","70-74",2864,1806,0.386723768736617,0.428204638407175,0.999999,1e-06,0.159349614111751,1.59349614111752e-07,0.796747672184722,2.91926671224618,18.3198856710058,2020
"Sejong","Male","75-79",1650,1144,0.409448818897638,0.453367229056245,0.865592811746658,0.134407188253342,0.159349454762137,0.021417712164282,0.743202993399982,2.12251904006145,13.3199014909073,2020
"Sejong","Male","80-84",1133,622,0.354415954415954,0.392431414552586,0.999999,1e-06,0.137931742597855,1.37931742597855e-07,0.68965836815992,1.37931604666147,9.9999900000025,2020
"Sejong","Male","85+",712,536,0.429487179487179,0.475554949709022,0.999999,1e-06,0.137931604666113,1.37931604666113e-07,0.689657678501552,0.689657678501552,4.9999975,2020
"Sejong","Total","0-4",1623,14582,0.899845726627584,1,0.999999,1e-06,1,1e-06,4.9999975,40.0142212170446,40.0142212170446,2020
"Sejong","Total","5-9",542,5933,0.916293436293436,1.0182783661456,0.841814735185531,0.158185264814469,0.999999,0.158185106629204,4.60453223342699,35.0142237170446,35.0142587313033,2020
"Sejong","Total","10-14",1154,3893,0.771349316425599,0.857201733142013,0.967369962927935,0.0326300370720654,0.841813893370796,0.0274684185484687,4.14039842048281,30.4096914836176,36.1240076020258,2020
"Sejong","Total","15-19",1113,3272,0.74618015963512,0.829231208811351,0.808839279918645,0.191160720081355,0.814345474822327,0.155670867362029,3.68255020570656,26.2692930631348,32.2581679094689,2020
"Sejong","Total","20-24",2016,3069,0.60353982300885,0.67071477382104,0.906965441079203,0.0930345589207973,0.658674607460298,0.0612795015773981,3.14017428335799,22.5867428574282,34.2912002400057,2020
"Sejong","Total","25-29",1786,2160,0.547389761784085,0.608315120676937,0.960663144675268,0.0393368553247319,0.5973951058829,0.0234996448518185,2.92822641728495,19.4465685740702,32.5522729974994,2020
"Sejong","Total","30-34",2503,2776,0.525857169918545,0.584385916783022,0.728169524293868,0.271830475706132,0.573895461031081,0.156002276177669,2.47947161471123,16.5183421567853,28.7828416121428,2020
"Sejong","Total","35-39",4406,2734,0.382913165266106,0.425532015027929,0.96986175869821,0.0301382413017898,0.417893184853412,0.0125945656434856,2.05797951015835,14.038870542074,33.5943993606849,2020
"Sejong","Total","40-44",5156,3046,0.371372835893684,0.41270722847738,0.718458464774266,0.281541535225734,0.405298619209927,0.114108395477233,1.74122210735655,11.9808910319157,29.5606509967164,2020
"Sejong","Total","45-49",8840,3217,0.266815957535042,0.296513001773101,0.999999,1e-06,0.291190223732694,2.91190223732694e-07,1.45595039068791,10.2396689245591,35.1648787974384,2020
"Sejong","Total","50-54",7958,3997,0.334337097448766,0.371549352911621,0.737733382253903,0.262266617746097,0.29118993254247,0.0763693987296277,1.26502616588828,8.78371853387123,30.1649114623499,2020
"Sejong","Total","55-59",11362,3720,0.246651637713831,0.274104360797739,0.999999,1e-06,0.214820533812842,2.14820533812842e-07,1.07410213201288,7.51869236798295,34.9998775002275,2020
"Sejong","Total","60-64",9734,4828,0.331547864304354,0.368449673642302,0.999999,1e-06,0.214820318992308,2.14820318992308e-07,1.07410105791074,6.44459023597008,29.9999100001375,2020
"Sejong","Total","65-69",6331,3528,0.357845623288366,0.397674415401726,0.999999,1e-06,0.214820104171989,2.14820104171989e-07,1.07409998380969,5.37048917805933,24.999937500075,2020
"Sejong","Total","70-74",4751,2873,0.376836306400839,0.418778792019312,0.999999,1e-06,0.214819889351885,2.14819889351885e-07,1.0740989097097,4.29638919424965,19.999960000035,2020
"Sejong","Total","75-79",3534,2332,0.397545175588135,0.441792591579051,0.999999,1e-06,0.214819674531996,2.14819674531996e-07,1.07409783561079,3.22229028453994,14.9999775000125,2020
"Sejong","Total","80-84",2202,1570,0.416224814422057,0.462551304190745,0.999999,1e-06,0.214819459712321,2.14819459712321e-07,1.07409676151296,2.14819244892915,9.9999900000025,2020
"Sejong","Total","85+",1513,1619,0.516922094508301,0.57445635314134,0.999999,1e-06,0.214819244892861,2.14819244892861e-07,1.0740956874162,1.0740956874162,4.9999975,2020
"Seoul","Female","0-4",23782,119770,0.834331810075791,1,0.84973075201074,0.15026924798926,1,0.15026924798926,4.62432688002685,56.5664549078147,56.5664549078147,2020
"Seoul","Female","5-9",57985,141247,0.708957396402184,0.84973075201074,0.978588024441612,0.0214119755583883,0.84973075201074,0.0181944140932648,4.20316772482054,51.9421280277879,61.1277488838386,2020
"Seoul","Female","10-14",62723,142105,0.693777217958482,0.831536337917475,0.961167700101196,0.0388322998988044,0.831536337917475,0.032290468450765,4.07695551846046,47.7389603029673,57.4105521624301,2020
"Seoul","Female","15-19",72689,145489,0.66683625296776,0.79924586946671,0.966489586401269,0.0335104135987314,0.79924586946671,0.0267830596529072,3.92927169820128,43.6620047845069,54.6290027293353,2020
"Seoul","Female","20-24",109759,198978,0.644490294328182,0.772462809813803,0.92718402519138,0.0728159748086198,0.772462809813803,0.0562476324999976,3.72169496781902,39.7327330863056,51.4364349733327,2020
"Seoul","Female","25-29",151379,224775,0.597561105291981,0.716215177313806,0.88510005191842,0.114899948081579,0.716215177313806,0.0822930866885955,3.37534316984754,36.0110381184866,50.279635588773,2020
"Seoul","Female","30-34",162448,182380,0.528901365318362,0.63392209062521,0.910642001626018,0.0893579983739824,0.63392209062521,0.0566460091433191,3.02799543026775,32.635694948639,51.4821859519864,2020
"Seoul","Female","35-39",206396,191775,0.481639797976246,0.577276081481891,0.983323658720788,0.0166763412792124,0.577276081481891,0.00962685294711842,2.86231327504166,29.6076995183713,51.2886302899768,2020
"Seoul","Female","40-44",203429,183030,0.473607808331544,0.567649228534773,0.971211380528259,0.0287886194717409,0.567649228534773,0.0163418376337149,2.79739154858958,26.7453862433296,47.116044378965,2020
"Seoul","Female","45-49",211104,179810,0.459973293358642,0.551307390901058,0.977658281377607,0.0223417186223933,0.551307390901058,0.0123171546019572,2.7257440680004,23.94799469474,43.438551867769,2020
"Seoul","Female","50-54",165381,135146,0.449696699464607,0.538990236299101,0.999999,1e-06,0.538990236299101,5.38990236299101e-07,2.69494983401991,21.2222506267396,39.3740910270642,2020
"Seoul","Female","55-59",121122,105094,0.464573681790855,0.556821250467068,0.999999,1e-06,0.538989697308864,5.38989697308864e-07,2.69494713907008,18.5273007927197,34.3741279011921,2020
"Seoul","Female","60-64",104548,92879,0.470447304573336,0.56386116277959,0.999999,1e-06,0.538989158319167,5.38989158319167e-07,2.69494444412294,15.8323536536496,29.3741597753519,2020
"Seoul","Female","65-69",61500,54978,0.472003296759903,0.565726118865138,0.999999,1e-06,0.538988619330009,5.38988619330009e-07,2.6949417491785,13.1374092095267,24.3741866495385,2020
"Seoul","Female","70-74",45149,44222,0.494813753902273,0.593065909661677,0.999999,1e-06,0.538988080341389,5.38988080341389e-07,2.69493905423675,10.4424674603482,19.3742085237471,2020
"Seoul","Female","75-79",28023,34162,0.549360778322747,0.658444004757343,0.94993879178864,0.0500612082113602,0.538987541353309,0.0269823675310171,2.627481787939,7.74752840611146,14.3742253979725,2020
"Seoul","Female","80-84",19752,21558,0.521859114015977,0.625481502339663,0.999999,1e-06,0.512005173822292,5.12005173822292e-07,2.56002458909852,5.12004661817246,9.9999900000025,2020
"Seoul","Female","85+",11550,15823,0.57805136448325,0.692831506005673,0.999999,1e-06,0.512004661817118,5.12004661817118e-07,2.56002202907394,2.56002202907394,4.9999975,2020
"Seoul","Male","0-4",28420,130697,0.821389292156086,1,0.883116478737671,0.116883521262329,1,0.116883521262329,4.70779119684418,56.1702674257191,56.1702674257191,2020
"Seoul","Male","5-9",58005,153216,0.725382419361711,0.883116478737671,0.936867300716834,0.0631326992831658,0.883116478737671,0.0557535270841537,4.27619857597797,51.462476228875,58.2737130015234,2020
"Seoul","Male","10-14",72008,152727,0.679587069214853,0.827362951653517,0.999999,1e-06,0.827362951653517,8.27362951653517e-07,4.13681268986021,47.186277652897,57.0321375384205,2020
"Seoul","Male","15-19",73717,162718,0.688214519846892,0.837866437289899,0.902502350182447,0.0974976498175528,0.827362124290566,0.0806658626663882,3.93514596478686,43.0494649630368,52.0321920706126,2020
"Seoul","Male","20-24",101188,165880,0.621115221591505,0.756176428793128,0.918376431409834,0.0816235685901662,0.746696261624178,0.0609480135267017,3.58111127430413,39.1143189982499,52.3831723935116,2020
"Seoul","Male","25-29",175853,233505,0.570417580699534,0.694454610191265,0.92390306408336,0.07609693591664,0.685748248097476,0.0521833404904218,3.29828288926132,35.5332077239458,51.8166948621864,2020
"Seoul","Male","30-34",174570,194508,0.527010550615317,0.641608742222526,0.92535128265583,0.0746487173441696,0.633564907607054,0.0472948077071439,3.04958751876741,32.2349248346845,50.878646288088,2020
"Seoul","Male","35-39",221426,210768,0.487669888985039,0.593713472578808,0.934636120508465,0.0653638794915345,0.58627009989991,0.0383208881593477,2.83554827910118,29.1853373159171,49.7813845886046,2020
"Seoul","Male","40-44",213873,179127,0.455793893129771,0.554906056704666,0.999999,1e-06,0.547949211740563,5.47949211740562e-07,2.73974468882978,26.3497890368159,48.0880134002122,2020
"Seoul","Male","45-49",211848,180521,0.460079669902566,0.560123773582306,0.967672002174071,0.0323279978259294,0.547948663791351,0.0177140832117677,2.69545811092733,23.6100443479861,43.0880589882712,2020
"Seoul","Male","50-54",165242,132602,0.445206215334202,0.542016093447686,0.999999,1e-06,0.530234580579583,5.30234580579583e-07,2.65117157731146,20.9145862370588,39.4440253485498,2020
"Seoul","Male","55-59",114134,92839,0.448556091857392,0.54609439901507,0.999999,1e-06,0.530234050345002,5.30234050345002e-07,2.65116892613989,18.2634146597473,34.4440622926121,2020
"Seoul","Male","60-64",99535,83557,0.456366198413912,0.555602809498508,0.999999,1e-06,0.530233520110952,5.30233520110952e-07,2.65116627497096,15.6122457336074,29.4440942367064,2020
"Seoul","Male","65-69",54258,49329,0.476208404529526,0.57975969382254,0.9752960085615,0.0247039914384994,0.530232989877432,0.013098871242342,2.6184177712813,12.9610794586365,24.4441211808276,2020
"Seoul","Male","70-74",41286,35804,0.464444156181087,0.565437315309961,0.999999,1e-06,0.51713411863509,5.1713411863509e-07,2.58566930034015,10.3426616873552,19.999960000035,2020
"Seoul","Male","75-79",21713,24593,0.53109748196778,0.646584374838498,0.999999,1e-06,0.517133601500971,5.17133601500971e-07,2.58566671467085,7.756992387015,14.9999775000125,2020
"Seoul","Male","80-84",11282,13527,0.545245676972067,0.663809088064488,0.999999,1e-06,0.51713308436737,5.1713308436737e-07,2.58566412900414,5.17132567234415,9.9999900000025,2020
"Seoul","Male","85+",5255,7888,0.600167389484897,0.730673500636345,0.999999,1e-06,0.517132567234286,5.17132567234286e-07,2.58566154334001,2.58566154334001,4.9999975,2020
"Seoul","Total","0-4",52202,250467,0.827527761349857,1,0.866931385512246,0.133068614487754,1,0.133068614487754,4.66732846378061,56.9813551192508,56.9813551192508,2020
"Seoul","Total","5-9",115990,294463,0.717409788696879,0.866931385512246,0.956710308810535,0.0432896911894655,0.866931385512246,0.0375291919612805,4.24083394765803,52.3140266554702,60.3439067147849,2020
"Seoul","Total","10-14",134731,294832,0.686353340487891,0.829402193550965,0.987763322396314,0.0122366776036864,0.829402193550965,0.0101491272462735,4.12163814963914,48.0731927078122,57.9612558076243,2020
"Seoul","Total","15-19",146406,308207,0.677954655938128,0.819253066304692,0.934647381888981,0.0653526181110186,0.819253066304692,0.0535403327784915,3.96241449957723,43.951554558173,53.6483247556462,2020
"Seoul","Total","20-24",210947,364858,0.633648544212016,0.7657127335262,0.920724371400392,0.0792756285996077,0.7657127335262,0.0607023582770134,3.67680777193847,39.9891400585958,52.2247290761915,2020
"Seoul","Total","25-29",327232,458280,0.583415657558382,0.705010375249187,0.904884600672221,0.0951153993277787,0.705010375249187,0.0670573433720535,3.3574085178158,36.3123322866574,51.5060963093241,2020
"Seoul","Total","30-34",337018,376888,0.527923844315638,0.637953031877133,0.918273318796764,0.0817266812032356,0.637953031877133,0.05213778405886,3.05942069923852,32.9549237688416,51.6572884243123,2020
"Seoul","Total","35-39",427822,402543,0.484778380591668,0.585815247818273,0.958429923150737,0.0415700768492634,0.585815247818273,0.0243523848712759,2.86819527691318,29.895503069603,51.0323061424939,2020
"Seoul","Total","40-44",417302,362157,0.46462610605561,0.561462862946997,0.990100587194036,0.00989941280596385,0.561462862946997,0.00555815265553063,2.79341893309616,27.0273077926899,48.1373027074834,2020
"Seoul","Total","45-49",422952,360331,0.460026580431338,0.555904710291467,0.972686239753119,0.0273137602468815,0.555904710291467,0.0151838479770132,2.7415639315148,24.2338888595937,43.5936023044086,2020
"Seoul","Total","50-54",330623,267748,0.447461524706244,0.540720862314453,0.999999,1e-06,0.540720862314453,5.40720862314453e-07,2.70360295977011,21.4923249280789,39.7475415246326,2020
"Seoul","Total","55-59",235256,197933,0.456920651263075,0.552151447484673,0.999999,1e-06,0.540720321593591,5.40720321593591e-07,2.70360025616715,18.7887219683088,34.7475787722114,2020
"Seoul","Total","60-64",204083,176436,0.463671984841756,0.560309885054995,0.999999,1e-06,0.540719780873269,5.40719780873269e-07,2.70359755256689,16.0851217121416,29.7476110198224,2020
"Seoul","Total","65-69",115758,104307,0.473982686933406,0.572769530003741,0.999999,1e-06,0.540719240153489,5.40719240153489e-07,2.70359484896934,13.3815241595747,24.7476382674607,2020
"Seoul","Total","70-74",86435,80026,0.480749244567797,0.580946364607275,0.999999,1e-06,0.540718699434248,5.40718699434248e-07,2.70359214537449,10.6779293106054,19.7476605151212,2020
"Seoul","Total","75-79",49736,58755,0.541565659824317,0.654438056483953,0.979815004875725,0.0201849951242745,0.540718158715549,0.01091439339728,2.67630481008454,7.9743371652309,14.747677762799,2020
"Seoul","Total","80-84",31034,35085,0.530634159621289,0.641228227504685,0.999999,1e-06,0.529803765318269,5.29803765318269e-07,2.64901750208193,5.29803235514636,9.9999900000025,2020
"Seoul","Total","85+",16805,23711,0.585225589890414,0.70719753127774,0.999999,1e-06,0.529803235514504,5.29803235514504e-07,2.64901485306443,2.64901485306443,4.9999975,2020
"Ulsan","Female","0-4",1469,18868,0.927767123961253,1,0.94462173440434,0.0553782655956602,1,0.0553782655956602,4.86155433601085,52.7119954636781,52.7119954636781,2020
"Ulsan","Female","5-9",3404,24134,0.876388989759605,0.94462173440434,0.991283562608768,0.00871643739123218,0.94462173440434,0.00823373620633258,4.70252433150587,47.8504411276672,50.6556639392177,2020
"Ulsan","Female","10-14",3192,21128,0.86875,0.936387998198007,0.94291645920737,0.0570835407926297,0.936387998198007,0.0534523424928648,4.54830913475787,43.1479167961614,46.0791006283673,2020
"Ulsan","Female","15-19",4544,20583,0.819158673936403,0.882935655705142,0.708843322273602,0.291156677726398,0.882935655705142,0.257072612161288,3.77199674812249,38.5996076614035,43.717350649495,2020
"Ulsan","Female","20-24",14888,20615,0.580655155902318,0.625863043543854,0.951791029077108,0.0482089709228918,0.625863043543854,0.0301722132679182,3.05388468454948,34.827610913281,55.6473357430964,2020
"Ulsan","Female","25-29",17970,22201,0.552662368375196,0.595690830275936,0.942404122392792,0.057595877607208,0.595690830275936,0.0343093361523089,2.89268081099891,31.7737262287315,53.3392904739079,2020
"Ulsan","Female","30-34",14687,15964,0.520831294248149,0.561381494123627,0.983090818885875,0.0169091811141254,0.561381494123627,0.00949250135825475,2.7831762172225,28.8810454177326,51.4463795476886,2020
"Ulsan","Female","35-39",18830,19758,0.512024463563802,0.551888992765372,0.999999,1e-06,0.551888992765372,5.51888992765372e-07,2.75944358410438,26.0978692005101,47.2882582233439,2020
"Ulsan","Female","40-44",13789,17175,0.55467639839814,0.597861666007153,0.999999,1e-06,0.55188844087638,5.5188844087638e-07,2.7594408246608,23.3384256164057,42.2883030116469,2020
"Ulsan","Female","45-49",9100,16136,0.639404025994611,0.689185906118953,0.999999,1e-06,0.551887888987939,5.51887888987939e-07,2.75943806521997,20.5789847917449,37.2883427999897,2020
"Ulsan","Female","50-54",7211,13370,0.649628297944706,0.700206206026155,0.90896549747244,0.0910345025275596,0.55188733710005,0.0502407891841626,2.63383471253984,17.819546726525,32.2883775883673,2020
"Ulsan","Female","55-59",7501,10816,0.590489709013485,0.636463282393854,0.936896598259917,0.0631034017400829,0.501646547915887,0.031655603644662,2.42909373046778,15.1857120139851,30.2717362993423,2020
"Ulsan","Female","60-64",7592,9401,0.553227799682222,0.596300284192143,0.999999,1e-06,0.469990944271225,4.69990944271225e-07,2.34995354637876,12.7566182835173,27.1422639925498,2020
"Ulsan","Female","65-69",5432,7669,0.585375162201359,0.630950533903383,0.941798924987933,0.0582010750120674,0.469990474280281,0.0273539508485438,2.28156749428004,10.4066647371386,22.1422886348384,2020
"Ulsan","Female","70-74",4622,5679,0.551305698475876,0.594228534550768,0.999999,1e-06,0.442636523431737,4.42636523431737e-07,2.21318151056738,8.12509724285854,18.3561383047768,2020
"Ulsan","Female","75-79",3192,4732,0.597173144876325,0.643667068441267,0.868493027668725,0.131506972331275,0.442636080795214,0.0582097308299602,2.06765607690117,5.91191573229116,13.356154160931,2020
"Ulsan","Female","80-84",2918,3144,0.518640712636094,0.559020361081208,0.999999,1e-06,0.384426349965253,3.84426349965253e-07,1.92213078876039,3.84425965539,9.9999900000025,2020
"Ulsan","Female","85+",1574,2494,0.613077679449361,0.660809877409458,0.999999,1e-06,0.384425965538903,3.84425965538903e-07,1.9221288666296,1.9221288666296,4.9999975,2020
"Ulsan","Male","0-4",1304,20297,0.939632424424795,1,0.926485796068928,0.0735142039310721,1,0.0735142039310721,4.81621449017232,51.9062411215525,51.9062411215525,2020
"Ulsan","Male","5-9",3601,24218,0.870556094755383,0.926485796068928,0.979637970573833,0.0203620294261668,0.926485796068928,0.0188651310424811,4.58526615273844,47.0900266313802,50.8264960252848,2020
"Ulsan","Male","10-14",4353,25225,0.852829805936845,0.907620665026447,0.929058388518808,0.0709416114811922,0.907620665026447,0.0643880725906074,4.37713314365572,42.5047604786417,46.8309747854884,2020
"Ulsan","Male","15-19",5555,21194,0.792328685184493,0.843232592435839,0.823986653461728,0.176013346538272,0.843232592435839,0.148420190504775,3.84511248591726,38.127627334986,45.2160266064278,2020
"Ulsan","Male","20-24",12042,22648,0.652868261746901,0.694812401931064,0.888753566574331,0.111246433425669,0.694812401931064,0.0772954016147532,3.28082350561844,34.2825148490687,49.340677791284,2020
"Ulsan","Male","25-29",19636,27143,0.580238996130742,0.617517000316311,0.867318528875522,0.132681471124478,0.617517000316311,0.0819330640463429,2.8827523414657,31.0016913434503,50.2037860132924,2020
"Ulsan","Male","30-34",20163,20427,0.503252032520325,0.535583936269968,0.999999,1e-06,0.535583936269968,5.35583936269968e-07,2.67791834239,28.1189390019846,52.5014607380063,2020
"Ulsan","Male","35-39",19667,21133,0.51796568627451,0.551242882653382,0.999999,1e-06,0.535583400686032,5.35583400686032e-07,2.67791566447166,25.4410206595946,47.501510739517,2020
"Ulsan","Male","40-44",16582,19213,0.536750942869116,0.571235015860264,0.999999,1e-06,0.535582865102631,5.35582865102631e-07,2.67791298655599,22.763104995123,42.5015557410728,2020
"Ulsan","Male","45-49",7722,15464,0.666954196497887,0.709803300909043,0.98381373028597,0.0161862697140298,0.535582329519766,0.00866908003967532,2.65623894749964,20.085192008567,37.5015957426685,2020
"Ulsan","Male","50-54",6708,12801,0.656158695986468,0.698314233236621,0.999999,1e-06,0.526913249480091,5.26913249480091e-07,2.63456493011733,17.4289530610673,33.0774621406173,2020
"Ulsan","Male","55-59",5320,12900,0.70801317233809,0.753500149562747,0.960638003273757,0.039361996726243,0.526912722566841,0.0207403368606918,2.58271277068248,14.79438813095,28.07749271811,2020
"Ulsan","Male","60-64",5229,11119,0.680144360166381,0.723840879142435,0.902710504113508,0.0972894958864919,0.506172385706149,0.0492452562370142,2.40774878793821,12.2116753602675,24.1255266093414,2020
"Ulsan","Male","65-69",4945,7865,0.613973458235753,0.653418764908632,0.999999,1e-06,0.456927129469135,4.56927129469135e-07,2.28463450502785,9.8039265723293,21.4562146566339,2020
"Ulsan","Male","70-74",2922,5608,0.657444314185229,0.699682447194912,0.807522513498677,0.192477486501323,0.456926672542006,0.0879480974462983,2.06476311909428,7.51929206730145,16.4562336128675,2020
"Ulsan","Male","75-79",2983,3376,0.53090108507627,0.565009328409741,0.982623153110795,0.0173768468892053,0.368978575095707,0.00641168420483524,1.82886366496645,5.45452894820717,14.7827795876559,2020
"Ulsan","Male","80-84",2295,2503,0.521675698207587,0.555191247818992,0.999999,1e-06,0.362566890890872,3.62566890890872e-07,1.81283354803713,3.62566528324072,9.9999900000025,2020
"Ulsan","Male","85+",769,1210,0.611419909044972,0.65070116053015,0.999999,1e-06,0.362566528323981,3.62566528323981e-07,1.81283173520359,1.81283173520359,4.9999975,2020
"Ulsan","Total","0-4",2773,39165,0.933878582669655,1,0.935301177438422,0.0646988225615784,1,0.0646988225615784,4.83825294359605,54.2504307795693,54.2504307795693,2020
"Ulsan","Total","5-9",7005,48352,0.873457737955453,0.935301177438422,0.984607865034498,0.0153921349655018,0.935301177438422,0.014396281956525,4.6405151823008,49.4121778359733,52.8302316172659,2020
"Ulsan","Total","10-14",7545,46353,0.86001335856618,0.920904895481897,0.936408983293224,0.0635910167067764,0.920904895481897,0.0585612785939414,4.45812128092463,44.7716626536725,48.617031870858,2020
"Ulsan","Total","15-19",10099,41777,0.805324234713548,0.862343616887955,0.765335852901342,0.234664147098658,0.862343616887955,0.202361129362984,3.80581526103232,40.3135413727479,46.7488140263997,2020
"Ulsan","Total","20-24",26930,43263,0.616343510036613,0.659982487524971,0.920750447033129,0.0792495529668712,0.659982487524971,0.0523033171023176,3.16915414486906,36.5077261117156,55.316204296003,2020
"Ulsan","Total","25-29",37606,49344,0.56749856239218,0.607679170422653,0.900117524686624,0.0998824753133765,0.607679170422653,0.0606964997381938,2.88665460276778,33.3385719668465,54.8621272367437,2020
"Ulsan","Total","30-34",34850,36391,0.510815401243666,0.54698267068446,0.999999,1e-06,0.54698267068446,5.4698267068446e-07,2.73491198596562,30.4519173640787,55.6725450295767,2020
"Ulsan","Total","35-39",38497,40891,0.515077845518214,0.55154690885594,0.999999,1e-06,0.546982123701789,5.46982123701789e-07,2.73490925105364,27.7170053781131,50.6725982021749,2020
"Ulsan","Total","40-44",30371,36388,0.545065084857472,0.583657335088796,0.999999,1e-06,0.546981576719665,5.46981576719665e-07,2.73490651614438,24.9820961270595,45.6726463748213,2020
"Ulsan","Total","45-49",16822,31600,0.652595927470984,0.698801685338392,0.999999,1e-06,0.546981029738088,5.46981029738088e-07,2.73490378123787,22.2471896109151,40.6726895475108,2020
"Ulsan","Total","50-54",13919,26171,0.652806186081317,0.699026830891824,0.99431569636023,0.00568430363977002,0.546980482757059,0.00310920314901911,2.72712940591275,19.5122858296772,35.6727277202386,2020
"Ulsan","Total","55-59",12821,23716,0.649095437501711,0.695053350132688,0.948178663720972,0.0518213362790281,0.54387127960804,0.0281841364730735,2.64889605685751,16.7851564237645,30.8623695589539,2020
"Ulsan","Total","60-64",12821,20520,0.615458444557752,0.659034756743597,0.974092930794819,0.0259070692051806,0.515687143134966,0.0133599425054194,2.54503585941128,14.1362603669069,27.4124739293863,2020
"Ulsan","Total","65-69",10377,15534,0.599513720041681,0.641961097692022,0.999783615353323,0.00021638464667717,0.502327200629547,0.000108695893824556,2.51136426341317,11.5912245074957,23.075048480291,2020
"Ulsan","Total","70-74",7544,11287,0.599383994477192,0.641822187166717,0.947085444595419,0.0529145554045806,0.502218504735722,0.026574668894044,2.4446558514435,9.07986024408249,18.0795015684667,2020
"Ulsan","Total","75-79",6175,8108,0.56766785689281,0.607860451483995,0.915996171845827,0.0840038281541728,0.475643835841678,0.0399559030486359,2.2783294215868,6.63520439263899,13.9499429881134,2020
"Ulsan","Total","80-84",5213,5647,0.519981583793738,0.556797846575815,0.999999,1e-06,0.435687932793042,4.35687932793042e-07,2.17843857474538,4.35687497105218,9.9999900000025,2020
"Ulsan","Total","85+",2343,3704,0.612535141392426,0.655904474906564,0.999999,1e-06,0.435687497105109,4.35687497105109e-07,2.1784363963068,2.1784363963068,4.9999975,2020
