"org_region5","sex","agegr","none","native","retention","Sx","px","qx","lx","dx","Lx","Tx","ex","year"
"Metros","Female","0-4",39925,276016,0.873631469166712,1,0.92448748776276,0.0755125122372398,1,0.0755125122372398,4.8112187194069,61.0264064378509,61.0264064378509,2000
"Metros","Female","5-9",66935,281071,0.807661362160423,0.92448748776276,0.98412069866781,0.0158793013321902,0.92448748776276,0.0146802153960243,4.58573690032374,56.215187718444,60.8068670074524,2000
"Metros","Female","10-14",64405,249515,0.79483626401631,0.909807272366736,0.999999,1e-06,0.909807272366736,9.09807272366736e-07,4.5490340873155,51.6294508181202,56.7476787515816,2000
"Metros","Female","15-19",66744,301242,0.81862353459099,0.937035310062503,0.933148458349935,0.0668515416500646,0.909806362559463,0.0608219579401377,4.39697691794697,47.0804167308047,51.7477329993146,2000
"Metros","Female","20-24",81586,263967,0.763897289272557,0.874393055004279,0.858259289307942,0.141740710692058,0.848984404619326,0.120335652877217,3.94408289090359,42.6834398128578,50.2758820781832,2000
"Metros","Female","25-29",112852,214846,0.655621944595329,0.750455961963773,0.878575336192084,0.121424663807916,0.728648751742109,0.0884759297143434,3.42205393442469,38.7393569219542,53.1660238617484,2000
"Metros","Female","30-34",117831,160081,0.576013270387749,0.659332099079675,0.957233220101062,0.0427667798989381,0.640172822027766,0.0273781301769435,3.13241878469647,35.3173029875295,55.1683885542984,2000
"Metros","Female","35-39",108346,133163,0.551379037634208,0.63113458831803,0.999999,1e-06,0.612794691850822,6.12794691850822e-07,3.06397192726738,32.184884202833,52.5214800827094,2000
"Metros","Female","40-44",93367,134594,0.590425555248486,0.675829083642839,0.958387107170554,0.0416128928294457,0.61279407905613,0.0255001343382816,3.00022005943495,29.1209122755656,47.5215301042395,2000
"Metros","Female","45-49",73837,96238,0.565856239894164,0.647705880414187,0.999999,1e-06,0.587293944717849,5.87293944717849e-07,2.93646825535438,26.1206922161307,44.4763520057741,2000
"Metros","Female","50-54",44937,66763,0.597699194270367,0.684154835723197,0.999999,1e-06,0.587293357423904,5.87293357423904e-07,2.93646531888613,23.1842239607763,39.4763939821681,2000
"Metros","Female","55-59",30326,49019,0.617795702312685,0.707158251638934,0.99871582079749,0.00128417920251045,0.587292770130547,0.000754189161186398,2.93457837774977,20.2477586418902,34.476430958599,2000
"Metros","Female","60-64",24531,39519,0.617002341920375,0.706250133719296,0.999999,1e-06,0.58653858096936,5.8653858096936e-07,2.93269143850035,17.3131802641404,29.5175472268632,2000
"Metros","Female","65-69",19638,33595,0.631093494636785,0.722379535204628,0.999999,1e-06,0.586537994430779,5.86537994430779e-07,2.93268850580891,14.38048882564,24.5175742444374,2000
"Metros","Female","70-74",11927,26581,0.6902721512413,0.790118231317488,0.999999,1e-06,0.586537407892785,5.86537407892785e-07,2.9326855731204,11.4478003198311,19.5175962620337,2000
"Metros","Female","75-79",6731,17114,0.717718599287062,0.821534737034642,0.990092884347625,0.0099071156523749,0.586536821355377,0.00581088812354408,2.91815688646802,8.51511474671073,14.5176132796469,2000
"Metros","Female","80-84",3912,9606,0.710608078118065,0.813395697382396,0.951715584850735,0.0482844151492645,0.580725933231833,0.0280400120481099,2.83352963603889,5.5969578602427,9.63786450709155,2000
"Metros","Female","85+",2465,5150,0.676296782665791,0.774121361849359,0.999999,1e-06,0.552685921183723,5.52685921183723e-07,2.76342822420381,2.76342822420381,4.9999975,2000
"Metros","Male","0-4",40741,312117,0.884539956583101,1,0.928266666276333,0.071733333723667,1,0.071733333723667,4.82066666569083,67.1632014539782,67.1632014539782,2000
"Metros","Male","5-9",74242,340724,0.821088956685608,0.928266666276333,0.985721734064833,0.0142782659351671,0.928266666276333,0.0132540383198445,4.60819823558205,62.3425347882874,67.1601567234655,2000
"Metros","Male","10-14",69209,293836,0.809365230205622,0.915012627956489,0.999999,1e-06,0.915012627956489,9.15012627956488e-07,4.57506085225087,57.7343365527054,63.0967647754155,2000
"Metros","Male","15-19",71891,311245,0.812361667919485,0.918400194217982,0.94308749902841,0.0569125009715898,0.91501171294386,0.0520756050019335,4.44486955221447,53.1592757004545,58.0968253722409,2000
"Metros","Male","20-24",60871,199404,0.766128133704735,0.866131742272243,0.914464183179876,0.0855358168201245,0.862936107941927,0.0738119448563918,4.13015067756865,48.71440614824,56.4519269733911,2000
"Metros","Male","25-29",95530,223538,0.700596737999423,0.792046456223149,0.8840627909068,0.1159372090932,0.789124163085535,0.0914888530961444,3.71689868268731,44.5842554706714,56.4984036179345,2000
"Metros","Male","30-34",102241,166370,0.61937150749597,0.700218800616477,0.99834122542778,0.00165877457221997,0.697635309989391,0.0011572197128932,3.48528350066472,40.867356787984,58.5798284616722,2000
"Metros","Male","35-39",90133,146030,0.618344109788578,0.699057295475024,0.999999,1e-06,0.696478090276498,6.96478090276498e-07,3.48238871018726,37.3820732873193,53.6730068170255,2000
"Metros","Male","40-44",84245,143429,0.629975315582807,0.712206736274916,0.977095219346765,0.0229047806532346,0.696477393798407,0.015952661934889,3.44250531415481,33.8996845771321,48.6730579900834,2000
"Metros","Male","45-49",64739,103653,0.61554586916243,0.695893797200783,0.999999,1e-06,0.680524731863518,6.80524731863518e-07,3.40262195800576,30.4571792629773,44.7554333250677,2000
"Metros","Male","50-54",41591,76177,0.646839548943686,0.731272277899541,0.999999,1e-06,0.680524051338786,6.80524051338786e-07,3.4026185553838,27.0545573049715,39.7554755805433,2000
"Metros","Male","55-59",22655,47484,0.676998531487475,0.765367947992603,0.999999,1e-06,0.680523370814735,6.80523370814735e-07,3.40261515276525,23.6519387495877,34.7555128360561,2000
"Metros","Male","60-64",16731,37447,0.69118461368083,0.781405756220232,0.999999,1e-06,0.680522690291364,6.80522690291364e-07,3.4026117501501,20.2493235968224,29.7555450916012,2000
"Metros","Male","65-69",10808,28107,0.722266478221765,0.816544773185618,0.999999,1e-06,0.680522009768674,6.80522009768674e-07,3.40260834753834,16.8467118466723,24.7555723471736,2000
"Metros","Male","70-74",5767,15005,0.722366647409975,0.816658017576066,0.999999,1e-06,0.680521329246664,6.80521329246664e-07,3.40260494493,13.444103499134,19.7555946027682,2000
"Metros","Male","75-79",2447,8376,0.773907419384644,0.874926467283828,0.999999,1e-06,0.680520648725335,6.80520648725335e-07,3.40260154232505,10.041498554204,14.75561185838,2000
"Metros","Male","80-84",1104,3993,0.783402001177163,0.88566038803196,0.967416871006174,0.0325831289938258,0.680519968204686,0.0221734699068875,3.34716616625621,6.63889701187896,9.75562411400413,2000
"Metros","Male","85+",415,1299,0.757876312718786,0.856802801363993,0.999999,1e-06,0.658346498297798,6.58346498297798e-07,3.29173084562275,3.29173084562275,4.9999975,2000
"Metros","Total","0-4",80666,588133,0.879386781379757,1,0.926741672044956,0.0732583279550444,1,0.0732583279550444,4.81685418011239,63.9919586787217,63.9919586787217,2000
"Metros","Total","5-9",141177,621795,0.814964376150108,0.926741672044956,0.984862564450328,0.0151374355496721,0.926741672044956,0.0140284923317758,4.59863712939534,59.1751044986093,63.852858119602,2000
"Metros","Total","10-14",133614,543351,0.802627905430857,0.91271317971318,0.999999,1e-06,0.91271317971318,9.1271317971318e-07,4.56356361678295,54.576467369214,59.7958576497872,2000
"Metros","Total","15-19",138635,612487,0.815429450874825,0.927270534582538,0.937979000878266,0.0620209991217339,0.912712267,0.0566073267100027,4.42204301822499,50.012903752431,54.7959149457022,2000
"Metros","Total","20-24",142457,463371,0.764855701618281,0.869760289571585,0.886192367437932,0.113807632562068,0.856104940289997,0.0974312764790949,4.03694651025225,45.590860734206,53.2538227366876,2000
"Metros","Total","25-29",208382,438384,0.677809284965505,0.770774930118944,0.881255916934817,0.118744083065183,0.758673663810903,0.0900880085549289,3.56814829766719,41.5539142239538,54.7717895138521,2000
"Metros","Total","30-34",220072,326451,0.597323442929209,0.679249967792339,0.978509803102723,0.0214901968972774,0.668585655255974,0.0143680373741461,3.3070081828445,37.9857659262866,56.8151075747257,2000
"Metros","Total","35-39",198479,279193,0.5844868445293,0.664652752242013,0.999999,1e-06,0.654217617881828,6.54217617881827e-07,3.27108645386509,34.6787577434421,53.0079851039813,2000
"Metros","Total","40-44",177612,278023,0.610187979413346,0.693878953304213,0.967861602663488,0.0321383973365116,0.65421696366421,0.0210254847225265,3.21852110651473,31.407671289577,48.008035612017,2000
"Metros","Total","45-49",138576,199891,0.590577515680997,0.671578795799479,0.999999,1e-06,0.633191478941683,6.33191478941683e-07,3.16595581172972,28.1891501830623,44.5191559276471,2000
"Metros","Total","50-54",86528,142940,0.622919099830913,0.708356223928627,0.999999,1e-06,0.633190845750204,6.33190845750204e-07,3.16595264577391,25.0231943713325,39.519197946845,2000
"Metros","Total","55-59",52981,96503,0.645574108265768,0.734118503865685,0.999999,1e-06,0.633190212559358,6.33190212559358e-07,3.16594947982126,21.8572417255586,34.51923496608,2000
"Metros","Total","60-64",41262,76966,0.650996379876171,0.740284472839993,0.999999,1e-06,0.633189579369146,6.33189579369146e-07,3.16594631387178,18.6912922457374,29.519266985347,2000
"Metros","Total","65-69",30446,61702,0.66959673568607,0.761435980008107,0.999999,1e-06,0.633188946179566,6.33188946179566e-07,3.16594314792547,15.5253459318656,24.519294004641,2000
"Metros","Total","70-74",17694,41586,0.701518218623482,0.797735687501239,0.999999,1e-06,0.63318831299062,6.3318831299062e-07,3.16593998198232,12.3594027839401,19.519316023957,2000
"Metros","Total","75-79",9178,25490,0.735260182300681,0.836105565684145,0.993580102354844,0.00641989764515571,0.633187679802307,0.00406500009450444,3.15577589877528,9.1934628019578,14.5193330432901,2000
"Metros","Total","80-84",5016,13599,0.730539887187752,0.830737853531907,0.94626625006973,0.0537337499302705,0.629122679707803,0.0338051207468807,3.06110059667181,6.03768690318253,9.59699450985735,2000
"Metros","Total","85+",2880,6449,0.691285239575517,0.786099193452614,0.999999,1e-06,0.595317558960922,5.95317558960922e-07,2.97658630651071,2.97658630651071,4.9999975,2000
"NA","Female","25-29",215,0,0,NA,0.999999,1e-06,1,1e-06,4.9999975,9.9999900000025,9.9999900000025,2000
"NA","Female","70-74",55,0,0,NA,0.999999,1e-06,0.999999,9.99999e-07,4.9999925000025,4.9999925000025,4.9999975,2000
"NA","Male","0-4",56,0,0,NA,0.999999,1e-06,1,1e-06,4.9999975,19.999960000035,19.999960000035,2000
"NA","Male","30-34",55,0,0,NA,0.999999,1e-06,0.999999,9.99999e-07,4.9999925000025,14.999962500035,14.9999775000125,2000
"NA","Male","35-39",51,0,0,NA,0.999999,1e-06,0.999998000001,9.99998000001e-07,4.99998750001,9.9999700000325,9.9999900000025,2000
"NA","Male","75-79",47,0,0,NA,0.999999,1e-06,0.999997000003,9.99997000003e-07,4.9999825000225,4.9999825000225,4.9999975,2000
"NA","Total","0-4",56,0,0,NA,0.999999,1e-06,1,1e-06,4.9999975,29.9999100001375,29.9999100001375,2000
"NA","Total","25-29",215,0,0,NA,0.999999,1e-06,0.999999,9.99999e-07,4.9999925000025,24.9999125001375,24.999937500075,2000
"NA","Total","30-34",55,0,0,NA,0.999999,1e-06,0.999998000001,9.99998000001e-07,4.99998750001,19.999920000135,19.999960000035,2000
"NA","Total","35-39",51,0,0,NA,0.999999,1e-06,0.999997000003,9.99997000003e-07,4.9999825000225,14.999932500125,14.9999775000125,2000
"NA","Total","70-74",55,0,0,NA,0.999999,1e-06,0.999996000006,9.99996000006e-07,4.99997750004,9.9999500001025,9.9999900000025,2000
"NA","Total","75-79",47,0,0,NA,0.999999,1e-06,0.99999500001,9.9999500001e-07,4.9999725000625,4.9999725000625,4.9999975,2000
"Provinces","Female","0-4",40995,417800,0.910646367113853,1,0.93667810901531,0.0633218909846902,1,0.0633218909846902,4.84169527253827,46.1893677307676,46.1893677307676,2000
"Provinces","Female","5-9",68510,397489,0.852982517129865,0.93667810901531,0.94936364401986,0.0506363559801403,0.93667810901531,0.0474299661669039,4.56481562965929,41.3476724582294,44.1428833024575,2000
"Provinces","Female","10-14",87289,371621,0.809790590747641,0.889248142848406,0.875014585306859,0.124985414693141,0.889248142848406,0.111143047899013,4.1683830944945,36.7828568285701,41.3639962302858,2000
"Provinces","Female","15-19",185175,450245,0.708578577948444,0.778105094949393,0.750519044046312,0.249480955953688,0.778105094949393,0.19412240292041,3.40521946744594,32.6144737340756,41.9152553373228,2000
"Provinces","Female","20-24",371351,421798,0.531801716953561,0.583982692028983,0.816105359801567,0.183894640198433,0.583982692028983,0.107391287032782,2.65143524256296,29.2092542666296,50.017328707372,2000
"Provinces","Female","25-29",603818,463010,0.434006231557477,0.476591404996201,0.882347555667901,0.117652444332099,0.476591404996201,0.0560721437454724,2.24277666561732,26.5578190240667,55.7245026780926,2000
"Provinces","Female","30-34",759801,471532,0.382944337559377,0.420519261250728,0.964804265271851,0.0351957347281489,0.420519261250728,0.0148004843670578,2.065595095336,24.3150423584494,57.8214712118784,2000
"Provinces","Female","35-39",860384,504149,0.36946633023899,0.40571877688367,0.999999,1e-06,0.40571877688367,4.0571877688367e-07,2.02859287012141,22.2494472631134,54.8395798538376,2000
"Provinces","Female","40-44",829332,497223,0.374822755181655,0.411600780190443,0.999999,1e-06,0.405718371164894,4.05718371164893e-07,2.02859084152854,20.220854392992,49.8396321934698,2000
"Provinces","Female","45-49",627230,393229,0.385345222101035,0.423155723249986,0.999999,1e-06,0.405717965446522,4.05717965446522e-07,2.0285888129377,18.1922635514634,44.8396795331493,2000
"Provinces","Female","50-54",480157,348172,0.420330569133762,0.461573871387564,0.999999,1e-06,0.405717559728557,4.05717559728557e-07,2.02858678434889,16.1636747385257,39.8397218728712,2000
"Provinces","Female","55-59",361277,346085,0.48926150966549,0.537268392357535,0.999999,1e-06,0.405717154010997,4.05717154010997e-07,2.0285847557621,14.1350879541768,34.8397592126304,2000
"Provinces","Female","60-64",309557,382801,0.552894600770122,0.607145233030943,0.999999,1e-06,0.405716748293843,4.05716748293843e-07,2.02858272717735,12.1065031984147,29.839791552422,2000
"Provinces","Female","65-69",231775,339664,0.594401152178973,0.652724453360344,0.999999,1e-06,0.405716342577095,4.05716342577095e-07,2.02858069859462,10.0779204712374,24.8398188922409,2000
"Provinces","Female","70-74",167367,256730,0.6053567933751,0.664755074237743,0.999999,1e-06,0.405715936860752,4.05715936860752e-07,2.02857867001392,8.04933977264277,19.8398412320821,2000
"Provinces","Female","75-79",115196,179355,0.608909832253158,0.668656741236447,0.987189475506636,0.012810524493364,0.405715531144815,0.00519742874906882,2.0155840838514,6.02076110262885,14.8398585719407,2000
"Provinces","Female","80-84",61629,92872,0.601109377932829,0.660090897675185,0.999999,1e-06,0.400518102395747,4.00518102395747e-07,2.00258951068348,4.00517701877744,9.9999900000025,2000
"Provinces","Female","85+",36316,60854,0.626263249974272,0.687712895576702,0.999999,1e-06,0.400517701877644,4.00517701877644e-07,2.00258750809397,2.00258750809397,4.9999975,2000
"Provinces","Male","0-4",42492,472394,0.917472994021978,1,0.92814881893142,0.0718511810685795,1,0.0718511810685795,4.82037204732855,48.1432824171168,48.1432824171168,2000
"Provinces","Male","5-9",81215,465877,0.851551475802973,0.92814881893142,0.945602785508714,0.054397214491286,0.92814881893142,0.0504887103832462,4.51452231869899,43.3229103697883,46.6766853398209,2000
"Provinces","Male","10-14",101567,419903,0.805229447523347,0.877660108548174,0.890016801719044,0.109983198280956,0.877660108548174,0.0965278657417395,4.14698087838652,38.8083880510893,44.2180152351759,2000
"Provinces","Male","15-19",189617,479622,0.716667737534722,0.781132242806435,0.801413094316237,0.198586905683763,0.781132242806435,0.155122635028747,3.51785462646031,34.6614071727028,44.3732895318365,2000
"Provinces","Male","20-24",256725,346407,0.574346909134319,0.626009607777687,0.819713475782113,0.180286524217887,0.626009607777687,0.112861096313242,2.84789529810533,31.1435525462425,49.7493203927029,2000
"Provinces","Male","25-29",529153,470758,0.470799901191206,0.513148511464446,0.88075012764608,0.11924987235392,0.513148511464446,0.0611928944907394,2.41276032109538,28.2956572481371,55.1412634275909,2000
"Provinces","Male","30-34",733550,519647,0.414657073069916,0.451955616973706,0.954959185739169,0.0450408142608307,0.451955616973706,0.0203564489982519,2.2088869623729,25.8828969270418,57.2686696546744,2000
"Provinces","Male","35-39",852632,558965,0.395980580859835,0.431599167975454,0.999999,1e-06,0.431599167975454,4.31599167975454e-07,2.15799476087935,23.6740099646689,54.8518433798631,2000
"Provinces","Male","40-44",814891,537428,0.397412149056547,0.433159506215424,0.999999,1e-06,0.431598736376286,4.31598736376286e-07,2.15799260288459,21.5160152037895,49.8518957317588,2000
"Provinces","Male","45-49",625652,421949,0.402776438739558,0.439006315568903,0.999999,1e-06,0.43159830477755,4.3159830477755e-07,2.15799044489199,19.3580226009049,44.8519430837019,2000
"Provinces","Male","50-54",486645,351090,0.4190943436767,0.456792021571657,0.999999,1e-06,0.431597873179245,4.31597873179245e-07,2.15798828690154,17.2000321560129,39.8519854356874,2000
"Provinces","Male","55-59",363441,300135,0.452299359832182,0.492983840155787,0.999999,1e-06,0.431597441581372,4.31597441581372e-07,2.15798612891326,15.0420438691114,34.8520227877101,2000
"Provinces","Male","60-64",279940,315606,0.529943950593237,0.577612588104738,0.999999,1e-06,0.43159700998393,4.3159700998393e-07,2.15798397092713,12.8840577401981,29.8520551397653,2000
"Provinces","Male","65-69",175384,253980,0.591526071119144,0.644734041190725,0.999999,1e-06,0.43159657838692,4.3159657838692e-07,2.15798181294316,10.726073769271,24.8520824918478,2000
"Provinces","Male","70-74",87488,156873,0.641972327826454,0.699717955742984,0.999999,1e-06,0.431596146790342,4.31596146790342e-07,2.15797965496134,8.56809195632784,19.8521048439526,2000
"Provinces","Male","75-79",47637,98104,0.673139336219732,0.733688447077721,0.999999,1e-06,0.431595715194195,4.31595715194195e-07,2.15797749698169,6.41011230136649,14.8521221960748,2000
"Provinces","Male","80-84",20217,46489,0.69692381494918,0.759612347709589,0.98028493318956,0.0197150668104394,0.43159528359848,0.00850892985121459,2.13670409336436,4.25213480438481,9.85213454820937,2000
"Provinces","Male","85+",8446,18213,0.68318391537567,0.744636539524459,0.999999,1e-06,0.423086353747265,4.23086353747265e-07,2.11543071102044,2.11543071102044,4.9999975,2000
"Provinces","Total","0-4",83487,890194,0.914256311872163,1,0.932134360415134,0.0678656395848659,1,0.0678656395848659,4.83033590103784,47.2186221541131,47.2186221541131,2000
"Provinces","Total","5-9",149725,863366,0.852209722522459,0.932134360415134,0.947377705255429,0.0526222947445714,0.932134360415134,0.0490510490553077,4.5380441794374,42.3882862530753,45.4744380780012,2000
"Provinces","Total","10-14",188856,791524,0.807364491319692,0.883083311359826,0.882783436543122,0.117216563456878,0.883083311359826,0.103511991003719,4.15663657928984,37.8502420736379,42.8614623181517,2000
"Provinces","Total","15-19",374792,929867,0.712728000190088,0.779571320356108,0.771934551739576,0.228065448260424,0.779571320356108,0.177793282627987,3.45337339521057,33.693605494348,43.2206837457243,2000
"Provinces","Total","20-24",628076,768205,0.55017936933898,0.601778037728121,0.82120020801551,0.178799791984489,0.601778037728121,0.107597787966622,2.73989571872405,30.2402320991375,50.2514718106076,2000
"Provinces","Total","25-29",1132971,933768,0.451807412547012,0.494180249761499,0.882987377231972,0.117012622768028,0.494180249761499,0.0578253271447519,2.32633793094561,27.5003363804134,55.6483922489529,2000
"Provinces","Total","30-34",1493351,991179,0.39894024221885,0.436354922616747,0.959913702225745,0.0400862977742552,0.436354922616747,0.017491853363277,2.13804497967554,25.1739984494678,57.691565156418,2000
"Provinces","Total","35-39",1713016,1063114,0.382948204875132,0.41886306925347,0.999999,1e-06,0.41886306925347,4.1886306925347e-07,2.09431429910968,23.0359534697923,54.9963822564943,2000
"Provinces","Total","40-44",1644223,1034651,0.386226078568832,0.422448358904889,0.999999,1e-06,0.418862650390401,4.188626503904e-07,2.09431220479538,20.9416391706826,49.996434752929,2000
"Provinces","Total","45-49",1252882,815178,0.394175217353462,0.431143009060874,0.999999,1e-06,0.41886223152775,4.1886223152775e-07,2.09431011048317,18.8473269658872,44.9964822494113,2000
"Provinces","Total","50-54",966802,699262,0.419708966762381,0.459071445624394,0.999999,1e-06,0.418861812665519,4.18861812665519e-07,2.09430801617306,16.753016855404,39.996524745936,2000
"Provinces","Total","55-59",724718,646220,0.471370696559582,0.515578279787137,0.999999,1e-06,0.418861393803706,4.18861393803706e-07,2.09430592186505,14.658708839231,34.9965622424983,2000
"Provinces","Total","60-64",589497,698407,0.542281878152409,0.593139878949213,0.999999,1e-06,0.418860974942312,4.18860974942312e-07,2.09430382755912,12.5644029173659,29.996594739093,2000
"Provinces","Total","65-69",407159,593644,0.593167686347863,0.648798021567067,0.999999,1e-06,0.418860556081337,4.18860556081337e-07,2.0943017332553,10.4700990898068,24.9966222357152,2000
"Provinces","Total","70-74",254855,413603,0.618741940406129,0.676770761515557,0.999999,1e-06,0.418860137220781,4.18860137220781e-07,2.09429963895356,8.3757973565515,19.99664473236,2000
"Provinces","Total","75-79",162833,277459,0.630170432349441,0.689271076574809,0.999733778108598,0.000266221891402463,0.418859718360644,0.000111509626454273,2.09401981773708,6.28149771759794,14.9966622290222,2000
"Provinces","Total","80-84",81846,139361,0.630002667185035,0.689087577525115,0.999999,1e-06,0.41874820873419,4.1874820873419e-07,2.09373999680043,4.18747789986086,9.9999900000025,2000
"Provinces","Total","85+",44762,79067,0.638517633187702,0.698401121103754,0.999999,1e-06,0.418747789985981,4.18747789985981e-07,2.09373790306043,2.09373790306043,4.9999975,2000
"Rest Capital","Female","0-4",37786,355302,0.903873941712797,1,0.936026772069729,0.0639732279302706,1,0.0639732279302706,4.84006693017432,66.1839766894352,66.1839766894352,2000
"Rest Capital","Female","5-9",59761,328424,0.846050208019372,0.936026772069729,0.970942809945739,0.0290571900542612,0.936026772069729,0.0271983078119068,4.61213809081888,61.3439097592608,65.5364906108594,2000
"Rest Capital","Female","10-14",53817,247622,0.821466366329506,0.908828464257823,0.965478665671906,0.0345213343280945,0.908828464257823,0.0313739712615329,4.46570739313528,56.7317716684419,62.4229696797303,2000
"Rest Capital","Female","15-19",56444,216375,0.79310825125816,0.87745449299629,0.945208978575688,0.054791021424312,0.87745449299629,0.0480766279246186,4.2670808951699,52.2660642753067,59.5655554703823,2000
"Rest Capital","Female","20-24",57002,170690,0.749653040071676,0.829377865071671,0.962393848057974,0.0376061519420259,0.829377865071671,0.0311897100112383,4.06891505033026,47.9989833801368,57.8734801126974,2000
"Rest Capital","Female","25-29",62101,160852,0.721461473942939,0.798188155060433,0.955767326839959,0.0442326731600406,0.798188155060433,0.035305995783004,3.90267578584465,43.9300683298065,55.0372340798273,2000
"Rest Capital","Female","30-34",64109,142394,0.68954930436846,0.762882159277429,0.985294147983788,0.0147058520162122,0.762882159277429,0.0112188321401423,3.78636371603679,40.0273925439618,52.4686441505909,2000
"Rest Capital","Female","35-39",71613,151765,0.679408894340535,0.751663327137287,0.921826346973077,0.0781736530269231,0.751663327137287,0.0587602681286929,3.6114159653647,36.241028827925,48.2144432480818,2000
"Rest Capital","Female","40-44",78694,131885,0.626297019170952,0.692903059008594,0.951026738149611,0.0489732618503891,0.692903059008594,0.0339337229457635,3.37968098767856,32.6296128625604,47.0911658396296,2000
"Rest Capital","Female","45-49",58621,86346,0.595625211254975,0.65896933606283,0.999999,1e-06,0.65896933606283,6.5896933606283e-07,3.29484503289081,29.2499318748818,44.3873944873406,2000
"Rest Capital","Female","50-54",43233,64497,0.598691172375383,0.662361358975448,0.999999,1e-06,0.658968677093494,6.58968677093494e-07,3.29484173804578,25.955086841991,39.387436374777,2000
"Rest Capital","Female","55-59",37245,58058,0.609193834401855,0.673980968239291,0.999999,1e-06,0.658968018124817,6.58968018124817e-07,3.29483844320404,22.6602451039452,34.3874732622503,2000
"Rest Capital","Female","60-64",29930,60052,0.66737792002845,0.738352871157898,0.999999,1e-06,0.658967359156799,6.58967359156799e-07,3.2948351483656,19.3654066607412,29.3875051497554,2000
"Rest Capital","Female","65-69",21708,50233,0.698252734879971,0.772511190616709,0.999999,1e-06,0.65896670018944,6.5896670018944e-07,3.29483185353045,16.0705715123756,24.3875320372875,2000
"Rest Capital","Female","70-74",14578,35347,0.708002003004507,0.783297283316828,0.984839666845725,0.0151603331542755,0.65896604122274,0.00999014472229074,3.26985484430797,12.7757396588451,19.3875539248414,2000
"Rest Capital","Female","75-79",10440,24046,0.697268456765064,0.771422235542906,0.971802055830601,0.0281979441693986,0.648975896500449,0.018299786096805,3.19913001726023,9.50588481453714,14.6475159798644,2000
"Rest Capital","Female","80-84",6709,14101,0.67760691975012,0.749669714414034,0.999999,1e-06,0.630676110403644,6.30676110403644e-07,3.15337897532794,6.30675479727691,9.9999900000025,2000
"Rest Capital","Female","85+",3678,9420,0.719193770041228,0.795679283195609,0.999999,1e-06,0.630675479727533,6.30675479727533e-07,3.15337582194897,3.15337582194897,4.9999975,2000
"Rest Capital","Male","0-4",39961,390346,0.907133744047854,1,0.929504701754818,0.070495298245182,1,0.070495298245182,4.82376175438704,70.4745748760243,70.4745748760243,2000
"Rest Capital","Male","5-9",69050,371278,0.843185080212932,0.929504701754818,0.962479339874031,0.0375206601259693,0.929504701754818,0.034875630000033,4.56033443377401,65.6508131216373,70.6298881519315,2000
"Rest Capital","Male","10-14",60464,260382,0.811548219394975,0.894629071754785,0.977900218020641,0.0220997819793588,0.894629071754785,0.0197711074381769,4.42371759017848,61.0904786878633,68.2858188008985,2000
"Rest Capital","Male","15-19",57397,220707,0.793613180680609,0.874857964316608,0.967421744241588,0.0325782557584121,0.874857964316608,0.0285013465137902,4.30303645529856,56.6667610976848,64.7725269803651,2000
"Rest Capital","Male","20-24",38821,128337,0.767758647507149,0.846356617802818,0.97463570982915,0.0253642901708501,0.846356617802818,0.0214672348419699,4.17811500190916,52.3637246423862,61.8695754731911,2000
"Rest Capital","Male","25-29",54746,162746,0.748284994390598,0.824889382960848,0.999999,1e-06,0.824889382960848,8.24889382960848e-07,4.12444485258078,48.1856096404771,58.4146318716338,2000
"Rest Capital","Male","30-34",52271,156536,0.749668354030277,0.826414361663002,0.999999,1e-06,0.824888558071465,8.24888558071465e-07,4.12444072813593,44.0611647878963,53.4146877863216,2000
"Rest Capital","Male","35-39",57440,176372,0.754332540673704,0.831556036387409,0.968983357512911,0.0310166424870886,0.824887733182907,0.0255852479121191,4.06047554613424,39.9367240597604,48.4147387010603,2000
"Rest Capital","Male","40-44",60868,165353,0.73093567794325,0.8057639600988,0.955222795763493,0.044777204236507,0.799302485270788,0.0357905306297177,3.90703609977964,35.8762485136261,44.8844450939896,2000
"Rest Capital","Male","45-49",46121,106702,0.698206421808236,0.769684102691039,0.965437341980397,0.0345626580196029,0.76351195464107,0.0263890025821379,3.75158726675001,31.9692124138465,41.8712663495562,2000
"Rest Capital","Male","50-54",35359,73129,0.674074552024187,0.743081774266604,0.986331043068033,0.0136689569319667,0.737122952058932,0.0100757018852577,3.66042550558152,28.2176251470965,38.2807577328572,2000
"Rest Capital","Male","55-59",30990,61479,0.664860656003634,0.732924621497224,0.999999,1e-06,0.727047250173675,7.27047250173675e-07,3.63523443325025,24.557199641515,33.7766213071418,2000
"Rest Capital","Male","60-64",25455,58590,0.697126539353918,0.76849366912884,0.999999,1e-06,0.727046523126424,7.27046523126424e-07,3.63523079801581,20.9219652082647,28.7766525837943,2000
"Rest Capital","Male","65-69",13932,39789,0.740660077064835,0.81648387784565,0.999999,1e-06,0.727045796079901,7.27045796079901e-07,3.63522716278502,17.2867344102489,23.7766788604732,2000
"Rest Capital","Male","70-74",7140,23138,0.764185216989233,0.84241736348518,0.930098346535686,0.069901653464314,0.727045069034105,0.0508216524685603,3.50817121399913,13.6515072474639,18.7767001371733,2000
"Rest Capital","Male","75-79",5367,13189,0.7107674067687,0.783530996870518,0.999999,1e-06,0.676223416565545,6.76223416565545e-07,3.38111539226918,10.1433360334648,14.9999775000125,2000
"Rest Capital","Male","80-84",1873,7000,0.788910176941283,0.86967349866291,0.999999,1e-06,0.676222740342128,6.76222740342128e-07,3.38111201115379,6.76222064119557,9.9999900000025,2000
"Rest Capital","Male","85+",576,3679,0.864629847238543,0.95314483990018,0.999999,1e-06,0.676222064119388,6.76222064119388e-07,3.38110863004178,3.38110863004178,4.9999975,2000
"Rest Capital","Total","0-4",77747,745648,0.905577517473388,1,0.932584420977299,0.0674155790227015,1,0.0674155790227015,4.83146105244325,68.9753966087072,68.9753966087072,2000
"Rest Capital","Total","5-9",128811,699702,0.844527484782979,0.932584420977299,0.966638328011212,0.0333616719887878,0.932584420977299,0.0311125755544982,4.58514066600025,64.143935556264,68.7808354004505,2000
"Rest Capital","Total","10-14",114281,508004,0.816352635850133,0.9014718454228,0.97183876552953,0.0281612344704705,0.9014718454228,0.0253865600074792,4.4438928270953,59.5587948902637,66.0683915894567,2000
"Rest Capital","Total","15-19",113841,437082,0.793363137861371,0.876085285415321,0.954566619884047,0.0454333801159529,0.876085285415321,0.0398035157862674,4.28091763761094,55.1149020631684,62.9104300468195,2000
"Rest Capital","Total","20-24",95823,299027,0.75731796884893,0.836281769629054,0.970143287673529,0.0298567123264714,0.836281769629054,0.024968624219687,4.11898728759605,50.8339844255575,60.7857139443632,2000
"Rest Capital","Total","25-29",116847,323598,0.73470694411334,0.811313145409367,0.979677128528386,0.0203228714716142,0.811313145409367,0.0164882127773856,4.01534519510337,46.7149971379614,57.5794899938301,2000
"Rest Capital","Total","30-34",116380,298930,0.719775589318822,0.794824932631981,0.997152005001043,0.00284799499895694,0.794824932631981,0.00226365743318217,3.96846551957695,42.6996519428581,53.7220841845796,2000
"Rest Capital","Total","35-39",129053,328137,0.717725672040071,0.792561275198799,0.9481198085136,0.0518801914864002,0.792561275198799,0.0411182307220192,3.86001079918895,38.7311864232811,48.8683810769913,2000
"Rest Capital","Total","40-44",139562,297238,0.680489926739927,0.75144304447678,0.952650272784074,0.0473497272159261,0.75144304447678,0.0355806231742806,3.6682636644482,34.8711756240922,46.4056136794406,2000
"Rest Capital","Total","45-49",104742,193048,0.648268914335606,0.715862421302499,0.981868765685932,0.018131234314068,0.715862421302499,0.0129794692972717,3.54686343326932,31.202911959644,43.5878613419473,2000
"Rest Capital","Total","50-54",78592,137626,0.63651499875126,0.702882952005228,0.999999,1e-06,0.702882952005228,7.02882952005228e-07,3.51441300281876,27.6560485263747,39.3465917013292,2000
"Rest Capital","Total","55-59",68235,119537,0.63660716187717,0.702984724768057,0.999999,1e-06,0.702882249122275,7.02882249122275e-07,3.51440948840575,24.1416355235559,34.3466285479577,2000
"Rest Capital","Total","60-64",55385,118642,0.681744786728496,0.752828745826865,0.999999,1e-06,0.702881546240026,7.02881546240026e-07,3.51440597399627,20.6272260351501,29.3466603946181,2000
"Rest Capital","Total","65-69",35640,90022,0.716382040712387,0.791077546526479,0.999999,1e-06,0.70288084335848,7.0288084335848e-07,3.51440245959029,17.1128200611539,24.3466872413054,2000
"Rest Capital","Total","70-74",21718,58485,0.729212124234754,0.805245393314641,0.962670328461991,0.037329671538009,0.702880140477637,0.0262382847746198,3.44880499045163,13.5984176015636,19.3467090880145,2000
"Rest Capital","Total","75-79",15807,37235,0.701990875155537,0.775185847274711,0.999999,1e-06,0.676641855703017,6.76641855703017e-07,3.38320758691044,10.149612611112,14.9999775000125,2000
"Rest Capital","Total","80-84",8582,21101,0.710878280497254,0.784999921906901,0.999999,1e-06,0.676641179061161,6.76641179061161e-07,3.38320420370286,6.76640502420151,9.9999900000025,2000
"Rest Capital","Total","85+",4254,13099,0.754855068287904,0.833562068097707,0.999999,1e-06,0.676640502419982,6.76640502419982e-07,3.38320082049865,3.38320082049865,4.9999975,2000
"Seoul","Female","0-4",64193,248398,0.794642200191304,1,0.802732486664556,0.197267513335444,1,0.197267513335444,4.50683121666139,52.4276578834954,52.4276578834954,2000
"Seoul","Female","5-9",137306,241872,0.63788510936816,0.802732486664556,0.953436180092514,0.0465638199074861,0.802732486664556,0.0373782909429369,3.92021670596544,47.920826666834,59.6971313145061,2000
"Seoul","Female","10-14",141888,220240,0.608182742013874,0.765354195721619,0.999999,1e-06,0.765354195721619,7.65354195721619e-07,3.82676906522261,44.0006099608686,57.4905190392042,2000
"Seoul","Female","15-19",137598,276563,0.667766882927171,0.840336547400089,0.999999,1e-06,0.765353430367423,7.65353430367423e-07,3.82676523845354,40.173840895646,52.4905740297783,2000
"Seoul","Female","20-24",127631,276240,0.683980776039874,0.860740564590215,0.902216354410946,0.0977836455890542,0.765352665013993,0.0748389737463664,3.63966589070405,36.3470756571924,47.4906240204023,2000
"Seoul","Female","25-29",156375,252020,0.617098642245865,0.776574214278203,0.834286831232022,0.165713168767978,0.690513691267627,0.114427211857632,3.16650042669405,32.7074097664884,47.3667795151824,2000
"Seoul","Female","30-34",145314,154202,0.514837270796886,0.647885640446659,0.904134675954293,0.0958653240457066,0.576086479409995,0.0552267170269894,2.7423656044825,29.5409093397943,51.2786020773287,2000
"Seoul","Female","35-39",120553,104983,0.465482229001135,0.58577587358068,0.999999,1e-06,0.520859762383005,5.20859762383005e-07,2.60429750976562,26.7985437353118,51.450593174456,2000
"Seoul","Female","40-44",97116,100488,0.508532215947046,0.639951182840051,0.999999,1e-06,0.520859241523243,5.20859241523243e-07,2.60429490546811,24.1942462255462,46.4506421250982,2000
"Seoul","Female","45-49",49081,61911,0.55779695833934,0.701947314407735,0.999999,1e-06,0.520858720664001,5.20858720664001e-07,2.60429230117321,21.5899513200781,41.4506860757842,2000
"Seoul","Female","50-54",38715,50692,0.566980214077198,0.713503780620638,0.999999,1e-06,0.520858199805281,5.20858199805281e-07,2.6042896968809,18.9856590189049,36.4507250265093,2000
"Seoul","Female","55-59",26808,36581,0.577087507296219,0.726223081479047,0.931920485896375,0.0680795141036252,0.520857678947081,0.0354597376998593,2.51563905048576,16.381369322024,31.4507589772682,2000
"Seoul","Female","60-64",21863,25439,0.53779967020422,0.676782166961116,0.967020438211251,0.0329795617887494,0.485397941247222,0.0160082113954945,2.38696917774737,13.8657302715382,28.5656965002993,2000
"Seoul","Female","65-69",14867,16110,0.520063272750751,0.654462187668298,0.999999,1e-06,0.469389729851727,4.69389729851727e-07,2.34694747578431,11.4787610937909,24.4546490129148,2000
"Seoul","Female","70-74",9639,12404,0.562718323277231,0.708140497876605,0.976793431338351,0.0232065686616493,0.469389260461997,0.0108929141019521,2.31971401705511,9.13181361800656,19.4546709675857,2000
"Seoul","Female","75-79",6085,7427,0.54965956187093,0.691706986790537,0.999999,1e-06,0.458496346360045,4.58496346360045e-07,2.29248058555936,6.81209960095145,14.8574784838135,2000
"Seoul","Female","80-84",2433,3935,0.617933417085427,0.777624718315569,0.980999105840275,0.0190008941597252,0.458495887863699,0.00871183183796736,2.27069985972358,4.51961901539209,9.8574908413043,2000
"Seoul","Female","85+",1361,2095,0.60619212962963,0.762849153346869,0.999999,1e-06,0.449784056025731,4.49784056025731e-07,2.24891915566852,2.24891915566852,4.9999975,2000
"Seoul","Male","0-4",69229,270363,0.796140662913143,1,0.808754610582167,0.191245389417833,1,0.191245389417833,4.52188652645542,55.6760421188155,55.6760421188155,2000
"Seoul","Male","5-9",156722,283363,0.643882431802947,0.808754610582167,0.970230530774297,0.0297694692257033,0.808754610582167,0.0240761954908715,3.98358256418366,51.15415559236,63.2505273206884,2000
"Seoul","Male","10-14",150124,249902,0.624714393564418,0.784678415091296,0.999999,1e-06,0.784678415091296,7.84678415091295e-07,3.92339011376044,47.1705730281764,60.1145286030178,2000
"Seoul","Male","15-19",145944,292151,0.666866775471074,0.837624312556721,0.999999,1e-06,0.78467763041288,7.8467763041288e-07,3.92338619037033,43.2471829144159,55.114586217604,2000
"Seoul","Male","20-24",97400,211600,0.684789644012945,0.860136500888228,0.967056102888354,0.0329438971116461,0.78467684573525,0.0258503132717931,3.85875844549677,39.3237967240456,50.1146388322429,2000
"Seoul","Male","25-29",140818,276087,0.662230004437462,0.831800252500995,0.886170849028071,0.113829150971929,0.758826532463457,0.0863765799252884,3.57819121250406,35.4650382785488,46.7366871891195,2000
"Seoul","Male","30-34",123709,175719,0.586848925284209,0.73711713598057,0.858298451272914,0.141701548727086,0.672449952538169,0.0952871997161142,3.12403176340056,31.8868470660448,47.418914888294,2000
"Seoul","Male","35-39",106548,108133,0.50369152370261,0.632666496218849,0.997275401089921,0.00272459891007926,0.577162752822054,0.00157253700727731,2.88188242159208,28.7628153026442,49.8348432257757,2000
"Seoul","Male","40-44",97426,98334,0.502319166326114,0.630942733772808,0.999999,1e-06,0.575590215814777,5.75590215814777e-07,2.87794964009835,25.8809328810521,44.9641640353743,2000
"Seoul","Male","45-49",49188,60565,0.55183001831385,0.693131307091714,0.999999,1e-06,0.575589640224561,5.75589640224561e-07,2.87794676214871,23.0029832409538,39.9642064995808,2000
"Seoul","Male","50-54",36674,52291,0.587770471533749,0.738274652852236,0.999999,1e-06,0.575589064634921,5.75589064634921e-07,2.87794388420194,20.1250364788051,34.9642439638248,2000
"Seoul","Male","55-59",21183,37859,0.641221503336608,0.80541232624688,0.964549998464363,0.0354500015356369,0.575588489045856,0.0204046128205705,2.82693091317785,17.2470925946031,29.9642764281012,2000
"Seoul","Male","60-64",16915,27422,0.618490200058642,0.776860458044608,0.970914191725183,0.0290858082748171,0.555183876225286,0.0161479717811584,2.73554945167353,14.4201616814253,25.9736680025156,2000
"Seoul","Male","65-69",9411,14146,0.600500912679883,0.754264843705636,0.999999,1e-06,0.539035904444127,5.39035904444127e-07,2.69517817463087,11.6846122297518,21.6768718621839,2000
"Seoul","Male","70-74",4385,6767,0.606796987087518,0.76217308743809,0.918999062833227,0.0810009371667727,0.539035365408223,0.0436623697640998,2.58602090263086,8.98943405512089,16.676891039075,2000
"Seoul","Male","75-79",3480,4387,0.557645862463455,0.700436353072312,0.999999,1e-06,0.495372995644123,4.95372995644123e-07,2.47686373978813,6.40341315249002,12.9264477652113,2000
"Seoul","Male","80-84",891,2627,0.746731097214326,0.937938648281043,0.723528000065273,0.276471999934727,0.495372500271127,0.136956625862625,2.13447093669907,3.9265494127019,7.92645819166954,2000
"Seoul","Male","85+",622,731,0.540280857354028,0.678624874374708,0.999999,1e-06,0.358415874408502,3.58415874408502e-07,1.79207847600283,1.79207847600283,4.9999975,2000
"Seoul","Total","0-4",133422,518761,0.79542245044719,1,0.805995231387802,0.194004768612198,1,0.194004768612198,4.51498807846951,54.2040175632598,54.2040175632598,2000
"Seoul","Total","5-9",294028,525235,0.641106701999236,0.805995231387802,0.962179279805836,0.0378207201941639,0.805995231387802,0.0304833201241485,3.95376785662864,49.6890294847903,61.6492846976691,2000
"Seoul","Total","10-14",292012,470142,0.61685958480832,0.775511911263654,0.999999,1e-06,0.775511911263654,7.75511911263654e-07,3.87755761753849,45.7352616281617,58.9742864859917,2000
"Seoul","Total","15-19",283542,568714,0.667304190290241,0.838930545542284,0.999999,1e-06,0.775511135751743,7.75511135751743e-07,3.87755373998087,41.8577040106232,53.9743429603347,2000
"Seoul","Total","20-24",225031,487840,0.684331386744586,0.86033702765097,0.935068914773808,0.064931085226192,0.775510360240607,0.0503547292945777,3.75166497796659,37.9801502706423,48.9743944347291,2000
"Seoul","Total","25-29",297193,528107,0.639897007148916,0.804474410785316,0.86082260382725,0.13917739617275,0.725155630946029,0.100925272535076,3.37346497339246,34.2284852926757,47.2015714033988,2000
"Seoul","Total","30-34",269023,329921,0.550837807875194,0.692509757004608,0.878871750320242,0.121128249679758,0.624230358410953,0.0756119307112868,2.93212196527655,30.8550203192833,49.4289005709817,2000
"Seoul","Total","35-39",227101,213116,0.484115788349837,0.608627262252485,0.999999,1e-06,0.548618427699666,5.48618427699666e-07,2.74309076695226,27.9228983540067,50.8967561864195,2000
"Seoul","Total","40-44",194542,198822,0.50544025381072,0.635436243378043,0.999999,1e-06,0.548617879081238,5.48617879081238e-07,2.74308802386149,25.1798075870545,45.8968045832241,2000
"Seoul","Total","45-49",98269,122476,0.554830233980385,0.697529009482265,0.999999,1e-06,0.548617330463359,5.48617330463359e-07,2.74308528077347,22.436719563193,40.8968479800721,2000
"Seoul","Total","50-54",75389,102983,0.577349584015428,0.725840191826167,0.999999,1e-06,0.548616781846029,5.48616781846029e-07,2.74308253768819,19.6936342824195,35.8968863769584,2000
"Seoul","Total","55-59",47991,74440,0.608015943674396,0.764393742385026,0.948724389898758,0.0512756101012417,0.548616233229247,0.0281306320702748,2.67275458597055,16.9505517447313,30.8969197738782,2000
"Seoul","Total","60-64",38778,52861,0.576839555211209,0.725198986886663,0.961809637338938,0.038190362661062,0.520485601158972,0.019877533868122,2.55273417112456,14.2777971587608,27.431685193535,2000
"Seoul","Total","65-69",24278,30256,0.554809843400447,0.697503374576026,0.999999,1e-06,0.50060806729085,5.0060806729085e-07,2.50303908493408,11.7250629876362,23.4216421063467,2000
"Seoul","Total","70-74",14024,19171,0.57752673595421,0.726062906106713,0.956835951943402,0.0431640480565982,0.500607566682783,0.0216082490657923,2.44901721074943,9.22202390270212,18.4216630280097,2000
"Seoul","Total","75-79",9565,11814,0.552598344169512,0.69472309193541,0.999999,1e-06,0.47899931761699,4.7899931761699e-07,2.39499539058666,6.77300669195269,14.139908853416,2000
"Seoul","Total","80-84",3324,6562,0.663766943151932,0.834483541140634,0.885323027552537,0.114676972447463,0.478998838617673,0.0549301366185254,2.25766885154205,4.37801130136603,9.13992049333646,2000
"Seoul","Total","85+",1983,2826,0.587648159700562,0.738787495085389,0.999999,1e-06,0.424068701999147,4.24068701999147e-07,2.12034244982398,2.12034244982398,4.9999975,2000
"Metros","Female","0-4",24338,189749,0.886317244858399,1,0.935147343627656,0.0648526563723438,1,0.0648526563723438,4.83786835906914,64.2717057647584,64.2717057647584,2010
"Metros","Female","5-9",40626,196727,0.828837217140714,0.935147343627656,0.966895079138983,0.0331049208610167,0.935147343627656,0.0309579788041835,4.59834177112782,59.4338374056892,63.5555859840562,2010
"Metros","Female","10-14",65972,266211,0.801398626660606,0.904189364823473,0.991716046846002,0.00828395315399766,0.904189364823473,0.00749026234054055,4.50222116826601,54.8354956345614,60.6460303205038,2010
"Metros","Female","15-19",68088,263660,0.794759877979671,0.896699102482932,0.904840406611141,0.0951595933888586,0.896699102482932,0.0853295219844303,4.27017170745358,50.3332744662954,56.1317328487607,2010
"Metros","Female","20-24",80362,205757,0.719130851149347,0.811369580498502,0.890861783370566,0.109138216629434,0.811369580498502,0.0885514290429785,3.83546932988506,46.0631027588418,56.7720356616535,2010
"Metros","Female","25-29",130619,232864,0.6406461925317,0.722818151455523,0.917569117401893,0.0824308825981072,0.722818151455523,0.0595825381824111,3.46513441182159,42.2276334289568,58.4208259628288,2010
"Metros","Female","30-34",148222,211398,0.587837161448195,0.663235613273112,0.997721089740064,0.00227891025993598,0.663235613273112,0.00151145444384303,3.31239943025595,38.7624990171352,58.4445380214727,2010
"Metros","Female","35-39",141735,201032,0.586497533309799,0.661724158829269,0.999999,1e-06,0.661724158829269,6.61724158829269e-07,3.30861913983595,35.4500995868792,53.5723218109461,2010
"Metros","Female","40-44",115082,178470,0.60796724260097,0.685947662789864,0.999999,1e-06,0.66172349710511,6.6172349710511e-07,3.30861583121681,32.1414804470433,48.572372883319,2010
"Metros","Female","45-49",99749,155959,0.609910522940229,0.688140196389466,0.968799705388569,0.0312002946114306,0.661722835381613,0.0206459474150175,3.25699930837052,28.8328646158265,43.5724189557379,2010
"Metros","Female","50-54",99780,144110,0.590881134937882,0.666670019528147,0.999999,1e-06,0.641076887966596,6.41076887966596e-07,3.20538283714076,25.5758653074559,39.8951604519373,2010
"Metros","Female","55-59",69641,101443,0.592942648055926,0.668995950937022,0.999999,1e-06,0.641076246889708,6.41076246889708e-07,3.20537963175792,22.3704824703152,34.8951978471351,2010
"Metros","Female","60-64",45900,73680,0.616156547917712,0.69518736264254,0.999999,1e-06,0.641075605813461,6.41075605813461e-07,3.20537642637829,19.1651028385573,29.8952302423653,2010
"Metros","Female","65-69",31922,55098,0.633164789703516,0.714377152624028,0.999999,1e-06,0.641074964737855,6.41074964737855e-07,3.20537322100186,15.959726412179,24.895257637623,2010
"Metros","Female","70-74",22070,42731,0.659418836129072,0.743998652801146,0.995615304362792,0.00438469563720778,0.64107432366289,0.0028109157900906,3.19834432883922,12.7543531911771,19.895280032903,2010
"Metros","Female","75-79",16633,31793,0.656527485235204,0.74073644515412,0.999999,1e-06,0.6382634078728,6.382634078728e-07,3.19131544370548,9.55600886233788,14.9718889481477,2010
"Metros","Female","80-84",9509,21854,0.696808341038804,0.786183891920244,0.99625385475784,0.00374614524216021,0.638262769609392,0.00239102503762022,3.18533628545291,6.3646934186324,9.97190142004916,2010
"Metros","Female","85+",4791,10876,0.694197995787324,0.783238732874064,0.999999,1e-06,0.635871744571772,6.35871744571772e-07,3.1793571331795,3.1793571331795,4.9999975,2010
"Metros","Male","0-4",26811,202976,0.883322381161684,1,0.940814386710541,0.0591856132894586,1,0.0591856132894586,4.85203596677635,65.4516610931613,65.4516610931613,2010
"Metros","Male","5-9",44570,219224,0.831042404300325,0.940814386710541,0.978724742319083,0.0212752576809165,0.940814386710541,0.0200160685071802,4.65403176228476,60.5996251263849,64.4118818572334,2010
"Metros","Male","10-14",68100,296777,0.813361763005067,0.920798318203361,0.993537087157336,0.00646291284266431,0.920798318203361,0.0059510392762202,4.58911399282626,55.9455933641002,60.7577058494848,2010
"Metros","Male","15-19",71004,299011,0.80810507682121,0.914847278927141,0.907662772639578,0.0923372273604222,0.914847278927141,0.084474461194359,4.36305024164981,51.3564793712739,56.1366695340676,2010
"Metros","Male","20-24",67455,185647,0.733486894611659,0.830372817732782,0.898399209969634,0.101600790030366,0.830372817732782,0.0843665343013921,3.94094775291043,46.9934291296241,56.593168906869,2010
"Metros","Male","25-29",126347,244133,0.658964046642194,0.74600628343139,0.911505823843941,0.0884941761560588,0.74600628343139,0.0660172114595042,3.56498838850819,43.0524813767137,57.7106149544559,2010
"Metros","Male","30-34",144354,217118,0.60064956621813,0.679989071971886,0.999999,1e-06,0.679989071971886,6.79989071971886e-07,3.39994365988675,39.4874929882055,58.0707758636422,2010
"Metros","Male","35-39",135013,204761,0.602638812857959,0.682241077221897,0.999999,1e-06,0.679988391982814,6.79988391982814e-07,3.39994025994309,36.0875493283187,53.0708314344737,2010
"Metros","Male","40-44",106521,179544,0.627633579780819,0.710537390613152,0.999999,1e-06,0.679987711994422,6.79987711994422e-07,3.39993686000283,32.6876090683756,48.0708820053557,2010
"Metros","Male","45-49",83931,153661,0.64674315633523,0.732171141735001,0.999999,1e-06,0.67998703200671,6.7998703200671e-07,3.39993346006597,29.2876722083728,43.0709275762833,2010
"Metros","Male","50-54",78208,154193,0.663478212228002,0.751116722928996,0.958680961804603,0.0413190381953965,0.679986352019678,0.0280963820514494,3.32969080496977,25.8877387483068,38.0709681472514,2010
"Metros","Male","55-59",60274,105343,0.63606393063514,0.720081302365092,0.999999,1e-06,0.651889969968228,6.51889969968228e-07,3.25944822011622,22.5580479433371,34.6040727462588,2010
"Metros","Male","60-64",36454,73170,0.667463329197986,0.755628232039342,0.999999,1e-06,0.651889318078258,6.51889318078258e-07,3.259444960668,19.2985997232209,29.6041048503637,2010
"Metros","Male","65-69",22349,46269,0.674298289078667,0.763366018408678,0.999999,1e-06,0.65188866618894,6.5188866618894e-07,3.25944170122304,16.0391547625529,24.6041319544956,2010
"Metros","Male","70-74",16841,35807,0.680120802309679,0.769957624548391,0.999999,1e-06,0.651888014300274,6.51888014300274e-07,3.25943844178134,12.7797130613298,19.6041540586497,2010
"Metros","Male","75-79",8938,20961,0.701060236128299,0.793662937880406,0.96833446769305,0.03166553230695,0.65188736241226,0.0206423603349578,3.2078309112239,9.52027461954848,14.6041711628209,2010
"Metros","Male","80-84",3924,8295,0.67886079057206,0.768531178480125,0.999999,1e-06,0.631245002077302,6.31245002077302e-07,3.156223432274,6.31244370832458,9.9999900000025,2010
"Metros","Male","85+",1461,3441,0.701958384332925,0.7946797220396,0.999999,1e-06,0.6312443708323,6.312443708323e-07,3.15622027605057,3.15622027605057,4.9999975,2010
"Metros","Total","0-4",51149,392725,0.884766848249729,1,0.93809797040339,0.0619020295966103,1,0.0619020295966103,4.84524492600847,65.4901125309456,65.4901125309456,2010
"Metros","Total","5-9",85196,415951,0.829997984623274,0.93809797040339,0.973087599641255,0.0269124003587454,0.93809797040339,0.0252464681552225,4.62737368162889,60.6448676049371,64.6466248923439,2010
"Metros","Total","10-14",134072,562988,0.807660746564141,0.912851502248167,0.992739013702132,0.00726098629786753,0.912851502248167,0.00662820224981174,4.54768700561631,56.0174939233082,61.3653959985261,2010
"Metros","Total","15-19",139092,562671,0.801796332950013,0.906223299998355,0.905303910916739,0.0946960890832611,0.906223299998355,0.0858158023459711,4.31657699412685,51.4698069176919,56.7959430283742,2010
"Metros","Total","20-24",147817,391404,0.725869355978347,0.820407497652384,0.89532975585373,0.10467024414627,0.820407497652384,0.0858722530787058,3.88735685556516,47.153229923565,57.475376637214,2010
"Metros","Total","25-29",256966,476997,0.649892433269797,0.734535244573678,0.914397193494546,0.0856028065054538,0.734535244573678,0.0628782784126768,3.5154805268367,43.2658730679999,58.9023785960213,2010
"Metros","Total","30-34",292576,428516,0.594259817055244,0.671656966161002,0.999999,1e-06,0.671656966161002,6.71656966161002e-07,3.35828315166259,39.7503925411632,59.1825806086178,2010
"Metros","Total","35-39",276748,405793,0.594532782646024,0.671965483135072,0.999999,1e-06,0.671656294504036,6.71656294504035e-07,3.35827979337944,36.3921093895006,54.1826372912551,2010
"Metros","Total","40-44",221603,358014,0.617673394672689,0.698119957697995,0.999999,1e-06,0.671655622847741,6.71655622847741e-07,3.35827643509965,33.0338295961212,49.1826889739441,2010
"Metros","Total","45-49",183680,309620,0.627650516926819,0.709396512955312,0.997854809829168,0.0021451901708317,0.671654951192118,0.00144082759948778,3.35467268696187,29.6755531610215,44.1827356566798,2010
"Metros","Total","50-54",177988,298303,0.62630408720719,0.707874722528498,0.980599077449426,0.0194009225505739,0.67021412359263,0.0130027723041214,3.31856368720285,26.3208804740596,39.2723452811896,2010
"Metros","Total","55-59",129915,206786,0.614153210118176,0.694141299861214,0.999999,1e-06,0.657211351288509,6.57211351288509e-07,3.28605511341417,23.0023167868568,34.9998775002275,2010
"Metros","Total","60-64",82354,146850,0.640695624858205,0.724140632219265,0.999999,1e-06,0.657210694077158,6.57210694077158e-07,3.28605182735905,19.7162616734426,29.9999100001375,2010
"Metros","Total","65-69",54271,101367,0.651299811100117,0.736125921070096,0.999999,1e-06,0.657210036866464,6.57210036866463e-07,3.28604854130723,16.4302098460836,24.999937500075,2010
"Metros","Total","70-74",38911,78538,0.668698754352953,0.755790924666529,0.999999,1e-06,0.657209379656427,6.57209379656427e-07,3.28604525525868,13.1441613047763,19.999960000035,2010
"Metros","Total","75-79",25571,52754,0.673526970954357,0.761247974295994,0.999999,1e-06,0.657208722447047,6.57208722447047e-07,3.28604196921343,9.85811604951766,14.9999775000125,2010
"Metros","Total","80-84",13433,30149,0.6917764214584,0.781874256282197,0.999999,1e-06,0.657208065238325,6.57208065238325e-07,3.28603868317146,6.57207408030424,9.9999900000025,2010
"Metros","Total","85+",6252,14317,0.696047450046186,0.786701549027438,0.999999,1e-06,0.657207408030259,6.57207408030259e-07,3.28603539713278,3.28603539713278,4.9999975,2010
"Provinces","Female","0-4",21890,291969,0.930255305726457,1,0.94024818135377,0.0597518186462301,1,0.0597518186462301,4.85062045338442,47.4036074548969,47.4036074548969,2010
"Provinces","Female","5-9",42885,299294,0.874670859403996,0.94024818135377,0.94574546592884,0.0542545340711603,0.94024818135377,0.0510127269906046,4.57370908929234,42.5529870015125,45.2571861827424,2010
"Provinces","Female","10-14",82127,393189,0.827215999461411,0.889235454363165,0.936818293600268,0.0631817063997323,0.889235454363165,0.0561834133978061,4.30571873832131,37.9792779122201,42.7100355995358,2010
"Provinces","Female","15-19",93044,320395,0.774951081054279,0.833052040965359,0.749394177893387,0.250605822106613,0.833052040965359,0.208767691583716,3.64334097586751,33.6735591738988,40.42191546026,2010
"Provinces","Female","20-24",167775,232398,0.580743828294263,0.624284349381643,0.836017986706542,0.163982013293458,0.624284349381643,0.102371404479198,2.86549323571022,30.0302181980313,48.1034295153745,2010
"Provinces","Female","25-29",330670,312047,0.485512286122819,0.521912944902445,0.924488805400196,0.0755111945998038,0.521912944902445,0.0394102699466852,2.51103904964551,27.1647249623211,52.0483832172407,2010
"Provinces","Female","30-34",449330,365930,0.448850673404803,0.48250267495576,0.945530528924482,0.054469471075518,0.48250267495576,0.0262816654973628,2.34680921103539,24.6536859126756,51.0954388282636,2010
"Provinces","Female","35-39",595874,439352,0.424402014632554,0.456221009458397,0.916091444393541,0.0839085556064586,0.456221009458397,0.0382808459409746,2.18540293243955,22.3068767016402,48.8948913775843,2010
"Provinces","Female","40-44",746563,474890,0.388791054588265,0.417940163517422,0.963415103558001,0.0365848964419986,0.417940163517422,0.0152902976012368,2.05147507358402,20.1214737692006,48.1443888997327,2010
"Provinces","Female","45-49",818953,490465,0.374567174118578,0.402649865916185,0.999999,1e-06,0.402649865916185,4.02649865916185e-07,2.01324832295626,18.0699986956166,44.8776970395863,2010
"Provinces","Female","50-54",755802,486888,0.391801656084784,0.421176480986386,0.999999,1e-06,0.402649463266319,4.02649463266319e-07,2.01324630970794,16.0567503726604,39.8777394173257,2010
"Provinces","Female","55-59",564321,399870,0.414720734792173,0.445813888122152,0.999999,1e-06,0.402649060616856,4.02649060616856e-07,2.01324429646163,14.0435040629524,34.8777767951025,2010
"Provinces","Female","60-64",439992,348634,0.442077740272322,0.475221949878688,0.999999,1e-06,0.402648657967796,4.02648657967796e-07,2.01324228321733,12.0302597664908,29.8778091729117,2010
"Provinces","Female","65-69",340065,339413,0.499520219933537,0.536971105521888,0.999999,1e-06,0.402648255319138,4.02648255319138e-07,2.01324026997505,10.0170174832735,24.8778365507483,2010
"Provinces","Female","70-74",278276,353938,0.559838915303995,0.601812117445334,0.999999,1e-06,0.402647852670882,4.02647852670882e-07,2.01323825673478,8.00377721329841,19.8778589286072,2010
"Provinces","Female","75-79",192339,281213,0.593837635571173,0.638359848006921,0.999999,1e-06,0.40264745002303,4.0264745002303e-07,2.01323624349652,5.99053895656363,14.8778763064835,2010
"Provinces","Female","80-84",111062,169178,0.603689694547531,0.648950552425064,0.983718819155899,0.016281180844101,0.40264704737558,0.00655556939466512,1.99684631339123,3.97730271306711,9.8778886843722,2010
"Provinces","Female","85+",71290,104241,0.593860913456882,0.638384871122152,0.999999,1e-06,0.396091477980914,3.96091477980914e-07,1.98045639967588,1.98045639967588,4.9999975,2010
"Provinces","Male","0-4",23813,311496,0.928981924135648,1,0.942856205836774,0.057143794163226,1,0.057143794163226,4.85714051459193,50.5577673956944,50.5577673956944,2010
"Provinces","Male","5-9",46433,327714,0.875896372281483,0.942856205836774,0.945797187072833,0.0542028129271674,0.942856205836774,0.0511054585421895,4.5865173828284,45.7006268811024,48.4704100139466,2010
"Provinces","Male","10-14",87629,423090,0.828420325071125,0.891750747294584,0.955195204284762,0.0448047957152377,0.891750747294584,0.0399547100614444,4.35886696131931,41.114109498274,46.1049341679915,2010
"Provinces","Male","15-19",94720,359144,0.791303121639963,0.85179603723314,0.831601937032262,0.168398062967738,0.85179603723314,0.143440802713656,3.90037817938156,36.7552425369547,43.1502859021809,2010
"Provinces","Male","20-24",119189,229367,0.658049208735469,0.708355234519484,0.833765175461202,0.166234824538798,0.708355234519484,0.117753308121486,3.24739290229371,32.8548643575732,46.3819038195721,2010
"Provinces","Male","25-29",287361,349321,0.548658513983433,0.590601926397998,0.866572359881455,0.133427640118545,0.590601926397998,0.0788026212887517,2.75600307876811,29.6074714552795,50.1310106383354,2010
"Provinces","Male","30-34",431302,390934,0.475452303231676,0.511799305109247,0.957324922837527,0.0426750771624727,0.511799305109247,0.021841074837237,2.50439383845314,26.8514683765113,52.4648394565126,2010
"Provinces","Male","35-39",576253,481407,0.455162339504188,0.48995823027201,0.938005114005233,0.0619948859947672,0.48995823027201,0.0303749046279111,2.37385388979027,24.3470745380582,49.6921431946178,2010
"Provinces","Male","40-44",706520,526380,0.426944602157515,0.459583325644099,0.953923624633636,0.0460763753663642,0.459583325644099,0.0211759338244995,2.24497679365924,21.9732206482679,47.8111790010502,2010
"Provinces","Male","45-49",781165,536751,0.407272542407862,0.438407391819599,0.999999,1e-06,0.438407391819599,4.38407391819599e-07,2.19203586307952,19.7282438546087,44.99979750051,2010
"Provinces","Male","50-54",720976,512269,0.415382993646842,0.447137864424355,0.999999,1e-06,0.438406953412207,4.38406953412207e-07,2.19203367104365,17.5362079915292,39.99984000035,2010
"Provinces","Male","55-59",536503,389379,0.420549270857409,0.452699089111665,0.999999,1e-06,0.438406515005254,4.38406515005254e-07,2.19203147900998,15.3441743204855,34.9998775002275,2010
"Provinces","Male","60-64",403755,319905,0.442065334549374,0.475859995834348,0.999999,1e-06,0.438406076598739,4.38406076598739e-07,2.1920292869785,13.1521428414755,29.9999100001375,2010
"Provinces","Male","65-69",299691,268258,0.472327620965967,0.508435749603454,0.999999,1e-06,0.438405638192662,4.38405638192662e-07,2.19202709494922,10.960113554497,24.999937500075,2010
"Provinces","Male","70-74",219462,252687,0.535184867488865,0.576098257225851,0.999999,1e-06,0.438405199787024,4.38405199787024e-07,2.19202490292212,8.76808645954783,19.999960000035,2010
"Provinces","Male","75-79",114563,166928,0.593013630986426,0.638347868327129,0.999999,1e-06,0.438404761381824,4.38404761381824e-07,2.19202271089722,6.57606155662571,14.9999775000125,2010
"Provinces","Male","80-84",47120,78693,0.625475904715729,0.673291792300146,0.999999,1e-06,0.438404322977063,4.38404322977063e-07,2.19202051887451,4.38403884572849,9.9999900000025,2010
"Provinces","Male","85+",19121,37538,0.66252492984345,0.713173112017096,0.999999,1e-06,0.43840388457274,4.3840388457274e-07,2.19201832685399,2.19201832685399,4.9999975,2010
"Provinces","Total","0-4",45703,603465,0.929597577206517,1,0.941602025684225,0.0583979743157753,1,0.0583979743157753,4.85400506421056,48.9968106540926,48.9968106540926,2010
"Provinces","Total","5-9",89318,627008,0.875310961768804,0.941602025684225,0.945766497532059,0.0542335024679412,0.941602025684225,0.0510663757837639,4.58034418896171,44.142805589882,46.8805337985602,2010
"Provinces","Total","10-14",169756,816279,0.827839782563499,0.890535649900461,0.94644906203268,0.0535509379673202,0.890535649900461,0.0476890193455068,4.33345570113854,39.5624614009203,44.4254661846972,2010
"Provinces","Total","15-19",187764,679539,0.783508185720561,0.842846630554954,0.787141516536547,0.212858483463453,0.842846630554954,0.179407055572209,3.76571551384425,35.2290056997818,41.7976467160888,2010
"Provinces","Total","20-24",286964,461765,0.616731821526881,0.663439574982745,0.838186793323064,0.161813206676936,0.663439574982745,0.107353285064341,3.04881466225287,31.4632901859375,47.4245000937061,2010
"Provinces","Total","25-29",618031,661368,0.516936467825909,0.556086289918404,0.894129512477159,0.105870487522841,0.556086289918404,0.0588731266184293,2.63324863304595,28.4144755236847,51.0972416310677,2010
"Provinces","Total","30-34",880632,756864,0.462208151958844,0.497213163299975,0.951837473600556,0.0481625263994442,0.497213163299975,0.0239470421035862,2.42619821124091,25.7812268906387,51.8514568671719,2010
"Provinces","Total","35-39",1172127,920759,0.439947039638088,0.473266121196388,0.927286161501535,0.0727138384984654,0.473266121196388,0.0344129963034693,2.28029811522327,23.3550286793978,49.3486172649707,2010
"Provinces","Total","40-44",1453083,1001270,0.407956801649966,0.438853124892919,0.958368015296761,0.0416319847032388,0.438853124892919,0.0182703265825106,2.14858980800832,21.0747305641745,48.0222866575618,2010
"Provinces","Total","45-49",1600118,1027216,0.390972750324093,0.420582798310408,0.999999,1e-06,0.420582798310408,4.20582798310408e-07,2.10291294009505,18.9261407561662,44.99979750051,2010
"Provinces","Total","50-54",1476778,999157,0.403547346759911,0.43410972301863,0.999999,1e-06,0.42058237772761,4.2058237772761e-07,2.10291083718211,16.8232278160712,39.99984000035,2010
"Provinces","Total","55-59",1100824,789249,0.417575934897753,0.449200756474202,0.999999,1e-06,0.420581957145232,4.20581957145232e-07,2.10290873427127,14.7203169788891,34.9998775002275,2010
"Provinces","Total","60-64",843747,668539,0.442071803878367,0.47555180297136,0.999999,1e-06,0.420581536563275,4.20581536563275e-07,2.10290663136253,12.6174082446178,29.9999100001375,2010
"Provinces","Total","65-69",639756,607671,0.487139528004444,0.524032699685299,0.999999,1e-06,0.420581115981739,4.20581115981739e-07,2.1029045284559,10.5145016132553,24.999937500075,2010
"Provinces","Total","70-74",497738,606625,0.549298554913557,0.590899297053058,0.999999,1e-06,0.420580695400623,4.20580695400623e-07,2.10290242555137,8.41159708479936,19.999960000035,2010
"Provinces","Total","75-79",306902,448141,0.593530434690475,0.638481047330244,0.999999,1e-06,0.420580274819927,4.20580274819927e-07,2.10290032264895,6.30869465924798,14.9999775000125,2010
"Provinces","Total","80-84",158182,247871,0.610440016451054,0.656671264446982,0.999999,1e-06,0.420579854239652,4.20579854239652e-07,2.10289821974863,4.20579433659903,9.9999900000025,2010
"Provinces","Total","85+",90411,141779,0.610616305611783,0.656860904744087,0.999999,1e-06,0.420579433659798,4.20579433659798e-07,2.10289611685041,2.10289611685041,4.9999975,2010
"Rest Capital","Female","0-4",23235,297849,0.927635758866839,1,0.935147730427733,0.0648522695722673,1,0.0648522695722673,4.83786932606933,69.0852687203722,69.0852687203722,2010
"Rest Capital","Female","5-9",43094,282086,0.867476474567932,0.935147730427733,0.973999073347278,0.0260009266527222,0.935147730427733,0.0243147075483112,4.61495188326789,64.2473993943029,68.7029410475245,2010
"Rest Capital","Female","10-14",60412,329145,0.844921282379729,0.910833022879422,0.970435909957415,0.0295640900425853,0.910833022879422,0.0269279495021674,4.48684524064169,59.632447511035,65.4702300126522,2010
"Rest Capital","Female","15-19",66382,302288,0.819941953508558,0.883905073377254,0.925828610754339,0.0741713892456615,0.883905073377254,0.0655604672536793,4.25562419875207,55.1456022703933,62.3886024996905,2010
"Rest Capital","Female","20-24",68944,217280,0.759125719716027,0.818344606123575,0.995832454927123,0.00416754507287709,0.818344606123575,0.00341048803116585,4.08319681053996,50.8899780716412,62.1864892746132,2010
"Rest Capital","Female","25-29",69257,214539,0.75596202906313,0.814934118092409,0.978489047405426,0.0215109525945744,0.814934118092409,0.0175300091819871,4.03084556750708,46.8067812611013,57.4362764080441,2010
"Rest Capital","Female","30-34",61199,173911,0.739700565692655,0.797404108910422,0.999999,1e-06,0.797404108910422,7.97404108910422e-07,3.98701855104184,42.7759356935942,53.6439870519899,2010
"Rest Capital","Female","35-39",60388,178373,0.747077621554609,0.805356643934477,0.976543462586482,0.0234565374135181,0.797403311506313,0.018704320610011,3.94025575600654,38.7889171425524,48.6440381960281,2010
"Rest Capital","Female","40-44",62849,169541,0.729553767373811,0.786465765684803,0.967938766767506,0.0320612332324935,0.778698990896302,0.0249660499650337,3.83107982956893,34.8486613865458,44.7524162660519,2010
"Rest Capital","Female","45-49",70363,169100,0.706163373882395,0.761250703341811,0.948414017637064,0.0515859823629364,0.753732940931268,0.0388820541972446,3.67145956916323,31.0175815569769,41.1519516695839,2010
"Rest Capital","Female","50-54",71178,144340,0.669735242531946,0.721980837985447,0.98961116706416,0.0103888329358395,0.714850886734024,0.00742646643631648,3.55568826757933,27.3461219878137,38.2543023940997,2010
"Rest Capital","Female","55-59",50117,98500,0.662777474986038,0.714480299676739,0.961055084031655,0.0389449159683449,0.707424420297707,0.0275505846024493,3.46824563998241,23.7904337202343,33.6296472635516,2010
"Rest Capital","Female","60-64",40841,71658,0.636965661916995,0.68665492444479,0.999999,1e-06,0.679873835695258,6.79873835695258e-07,3.3993674787917,20.3221880802519,29.8911165767541,2010
"Rest Capital","Female","65-69",31323,70223,0.69153880999744,0.745485287072368,0.999999,1e-06,0.679873155821422,6.79873155821422e-07,3.39936407942422,16.9228206014602,24.8911439678981,2010
"Rest Capital","Female","70-74",25533,66157,0.721529065328825,0.777815062034926,0.999999,1e-06,0.679872475948266,6.79872475948266e-07,3.39936068006014,13.523456522036,19.8911663590645,2010
"Rest Capital","Female","75-79",17026,47691,0.736916111686265,0.794402441521283,0.999999,1e-06,0.67987179607579,6.7987179607579e-07,3.39935728069946,10.1240958419759,14.8911837502482,2010
"Rest Capital","Female","80-84",9027,27557,0.753252788104089,0.812013531069815,0.985493147356962,0.0145068526430376,0.679871116203994,0.00986279009902886,3.3746986057724,6.72473856127641,9.89119614144435,2010
"Rest Capital","Female","85+",5968,17193,0.742325460904106,0.800233770430433,0.999999,1e-06,0.670008326104965,6.70008326104965e-07,3.35003995550401,3.35003995550401,4.9999975,2010
"Rest Capital","Male","0-4",25738,328860,0.927416398287638,1,0.950191723499043,0.0498082765009571,1,0.0498082765009571,4.87547930874761,71.1468090253029,71.1468090253029,2010
"Rest Capital","Male","5-9",41282,306278,0.881223385890206,0.950191723499043,0.967906769981325,0.032093230018675,0.950191723499043,0.030494721544096,4.67472181363497,66.2713297165553,69.7452188622669,2010
"Rest Capital","Male","10-14",62158,360519,0.852942081068996,0.919697001954947,0.967907303604998,0.0320926963950017,0.919697001954947,0.0295155566591334,4.5246961181269,61.5966079029204,66.9748925700399,2010
"Rest Capital","Male","15-19",67849,321124,0.825568869818728,0.890181445295813,0.918084972609798,0.0819150273902024,0.890181445295813,0.0729192374736565,4.26860913279493,57.0719117847935,64.1126728560693,2010
"Rest Capital","Male","20-24",55681,174351,0.757942373235028,0.817262207822157,0.999999,1e-06,0.817262207822157,8.17262207822157e-07,4.08630899595526,52.8033026519985,64.609989482701,2010
"Rest Capital","Male","25-29",59829,217029,0.783900049845047,0.845251444003387,0.984139212276006,0.0158607877239937,0.817261390559949,0.0129624094306873,4.05390092922303,48.7169936560433,59.6100515927526,2010
"Rest Capital","Male","30-34",56056,189230,0.771466777557627,0.83184509027665,0.999999,1e-06,0.804298981129262,8.04298981129262e-07,4.02149289489886,44.6630927268202,55.5304604067903,2010
"Rest Capital","Male","35-39",51300,186325,0.784113624408206,0.845481733831725,0.998881729203058,0.00111827079694171,0.804298176830281,0.000899423163182764,4.01924232624345,40.6415998319214,50.5305134373037,2010
"Rest Capital","Male","40-44",48152,173989,0.783236773040546,0.844536256299433,0.978580959078477,0.0214190409215232,0.803398753667098,0.0172080307810963,3.97397369138275,36.6223575056779,45.5842846886629,2010
"Rest Capital","Male","45-49",55304,181504,0.766460592547549,0.826447099666046,0.992860373825347,0.00713962617465258,0.786190722886002,0.00561310786338593,3.91692084477154,32.6483838142952,41.527307387255,2010
"Rest Capital","Male","50-54",50697,161414,0.760988350439157,0.820546576321304,0.951586106655743,0.0484138933442568,0.780577615022616,0.0377908014006193,3.80841107161153,28.7314629695236,36.8079514664166,2010
"Rest Capital","Male","55-59",41561,109102,0.724145941604774,0.78082072189129,0.99632813300269,0.00367186699731037,0.742786813621996,0.00272741438697594,3.70711553214254,24.9230518979121,33.5534388075384,2010
"Rest Capital","Male","60-64",30725,79593,0.721486974020559,0.777953652051761,0.961779283221213,0.0382207167787872,0.74005939923502,0.0282856006976411,3.629582994431,21.2159363657696,28.6678831289758,2010
"Rest Capital","Male","65-69",26342,59718,0.693911224726935,0.748219705849667,0.999999,1e-06,0.711773798537379,7.11773798537379e-07,3.5588672132524,17.5863533713386,24.7077841407996,2010
"Rest Capital","Male","70-74",17718,52477,0.747588859605385,0.806098383623275,0.999999,1e-06,0.71177308676358,7.1177308676358e-07,3.55886365438519,14.0274861580862,19.707806348606,2010
"Rest Capital","Male","75-79",10215,33987,0.76890185964436,0.82907943084039,0.976626665815501,0.023373334184499,0.711772374990494,0.0166364935839474,3.5172706409926,10.468622503701,14.7078235564295,2010
"Rest Capital","Male","80-84",4017,12111,0.75093005952381,0.809701080237864,0.999999,1e-06,0.695135881406546,6.95135881406546e-07,3.47567766919303,6.95135186270839,9.9999900000025,2010
"Rest Capital","Male","85+",2177,6729,0.755558050752302,0.814691277992656,0.999999,1e-06,0.695135186270665,6.95135186270665e-07,3.47567419351536,3.47567419351536,4.9999975,2010
"Rest Capital","Total","0-4",48973,626709,0.927520638406825,1,0.942920893443362,0.0570791065566378,1,0.0570791065566378,4.8573022336084,70.752817491213,70.752817491213,2010
"Rest Capital","Total","5-9",84376,588364,0.874578589053721,0.942920893443362,0.970862106740084,0.0291378932599158,0.942920893443362,0.0274747283456971,4.64591764635257,65.8955152576046,69.8844576632161,2010
"Rest Capital","Total","10-14",122570,689664,0.849095211478466,0.915446165097665,0.969067772864915,0.0309322271350851,0.915446165097665,0.0283167887087436,4.50643885371647,61.249597611252,66.9068263612394,2010
"Rest Capital","Total","15-19",134231,623412,0.8228308055377,0.887129376388921,0.921937343833697,0.0780626561663033,0.887129376388921,0.0692516754840754,4.26251769323442,56.7431587575355,63.9626645986065,2010
"Rest Capital","Total","20-24",124625,391631,0.758598447281969,0.817877700904846,0.999999,1e-06,0.817877700904846,8.17877700904846e-07,4.08938645982998,52.4806410643011,64.1668564948525,2010
"Rest Capital","Total","25-29",129086,431568,0.769758175273877,0.829909484921077,0.982022848455524,0.0179771515444758,0.817876883027145,0.0147030966709025,4.05262667345847,48.3912546044711,59.1669181617706,2010
"Rest Capital","Total","30-34",117255,363141,0.755920115904379,0.814990076342453,0.999999,1e-06,0.803173786356243,8.03173786356243e-07,4.01586692384675,44.3386279310127,55.2042766885653,2010
"Rest Capital","Total","35-39",111688,364698,0.765551464568648,0.82537404869353,0.987249151889399,0.012750848110601,0.803172983182456,0.0102411367150978,3.99026207412454,40.3227610071659,50.2043293928947,2010
"Rest Capital","Total","40-44",111001,343530,0.755790034123085,0.814849829564207,0.974005854572528,0.025994145427472,0.792931846467358,0.0206115857311464,3.91313026800893,36.3324989330414,45.8204561904136,2010
"Rest Capital","Total","45-49",125667,350604,0.736143918063455,0.793668504592964,0.97127513204391,0.0287248679560905,0.772320260736212,0.0221847975094611,3.80613930990741,32.4193686650325,41.9765870626374,2010
"Rest Capital","Total","50-54",121875,305754,0.714998281220404,0.770870481597623,0.97017223178548,0.0298277682145202,0.750135463226751,0.0223748667266192,3.69474014931721,28.613229355125,38.1440829794176,2010
"Rest Capital","Total","55-59",91678,207602,0.693671478214381,0.747877135549114,0.978579456183559,0.0214205438164414,0.727760596500132,0.0155890277452106,3.59983041313763,24.9184892058078,34.2399538057476,2010
"Rest Capital","Total","60-64",71566,151251,0.678812657921074,0.731857200597769,0.999999,1e-06,0.712171568754921,7.12171568754921e-07,3.56085606334568,21.3186587926702,29.9347232155607,2010
"Rest Capital","Total","65-69",57665,129941,0.692627101478631,0.746751147951097,0.999999,1e-06,0.712170856583352,7.12170856583352e-07,3.56085250248962,17.7578027293245,24.9347506503113,2010
"Rest Capital","Total","70-74",43251,118634,0.732828859993205,0.790094397524096,0.999999,1e-06,0.712170144412496,7.12170144412496e-07,3.56084894163712,14.1969502268349,19.9347730850844,2010
"Rest Capital","Total","75-79",27241,81678,0.749896712235698,0.808495985085328,0.999999,1e-06,0.712169432242351,7.12169432242351e-07,3.56084538078818,10.6361012851978,14.934790519875,2010
"Rest Capital","Total","80-84",13044,39668,0.752542115647291,0.811348108587547,0.991307391059518,0.00869260894048152,0.712168720072919,0.00619060418323713,3.5453670899065,7.07525590440962,9.93480295467791,2010
"Rest Capital","Total","85+",8145,23922,0.746000561324726,0.804295376764996,0.999999,1e-06,0.705978115889682,7.05978115889682e-07,3.52988881450312,3.52988881450312,4.9999975,2010
"Seoul","Female","0-4",34755,173249,0.832911867079479,1,0.855852732615066,0.144147267384934,1,0.144147267384934,4.63963183153767,57.6843189947102,57.6843189947102,2010
"Seoul","Female","5-9",68054,168944,0.712849897467489,0.855852732615066,0.908703114349409,0.091296885650591,0.855852732615066,0.0781366890633036,4.08392194041707,53.0446871631725,61.9787553883177,2010
"Seoul","Female","10-14",110615,203426,0.647768921892364,0.777716043551763,0.977997935401729,0.0220020645982709,0.777716043551763,0.0171113586293376,3.84580182118547,48.9607652227554,62.9545521513942,2010
"Seoul","Female","15-19",132999,229907,0.633516668228136,0.760604684922425,0.968311607412669,0.0316883925873307,0.760604684922425,0.0241023398595848,3.74276757496316,45.11496340157,59.3146009956161,2010
"Seoul","Female","20-24",129603,205671,0.613441543334705,0.73650234506284,0.999999,1e-06,0.73650234506284,7.3650234506284e-07,3.68250988405834,41.3721958266068,56.1738820031548,2010
"Seoul","Female","25-29",153811,252294,0.621253124192019,0.745880985428122,0.892899066896528,0.107100933103472,0.736501608560495,0.0788800095090375,3.48530801902988,37.6896859425485,51.1739356770905,2010
"Seoul","Female","30-34",174211,217025,0.554716334897607,0.665996435904633,0.930202267303543,0.0697977326964574,0.657621599051458,0.0459004965860105,3.17335675379226,34.2043779235186,52.0122483398574,2010
"Seoul","Female","35-39",187872,200292,0.515998392432065,0.619511394694568,0.938856730638883,0.0611432693611166,0.611721102465447,0.037402628141924,2.96509894197243,31.0310211697263,50.7274001904799,2010
"Seoul","Female","40-44",153524,144262,0.484448563733688,0.581632442616477,0.999999,1e-06,0.574318474323523,5.74318474323523e-07,2.87159093582143,28.0659222277539,48.8682211743442,2010
"Seoul","Female","45-49",109181,109568,0.500884575472345,0.601365636953458,0.999999,1e-06,0.574317900005049,5.74317900005049e-07,2.8715880642305,25.1943312919325,43.8682675426118,2010
"Seoul","Female","50-54",97450,100868,0.508617472947488,0.610649809482129,0.999999,1e-06,0.574317325687149,5.74317325687149e-07,2.87158519264243,22.322743227702,38.8683089109207,2010
"Seoul","Female","55-59",53663,56492,0.512840996777268,0.615720602679721,0.999999,1e-06,0.574316751369823,5.74316751369823e-07,2.87158232105724,19.4511580350595,33.868345279266,2010
"Seoul","Female","60-64",41587,48204,0.536846677283915,0.644541995981295,0.999999,1e-06,0.574316177053072,5.74316177053072e-07,2.87157944947492,16.5795757140023,28.8683766476426,2010
"Seoul","Female","65-69",28984,34072,0.54034509007866,0.648742215636002,0.999999,1e-06,0.574315602736895,5.74315602736895e-07,2.87157657789547,13.7079962645274,23.8684030160456,2010
"Seoul","Female","70-74",18989,25214,0.570413772820849,0.684842893187423,0.935339738834426,0.0646602611655737,0.574315028421292,0.0371353597290346,2.77873674278387,10.8364196866319,18.86842438447,2010
"Seoul","Female","75-79",14183,16222,0.533530669297813,0.640560772856538,0.999999,1e-06,0.537179668692257,5.37179668692257e-07,2.68589700051212,8.05768294384803,14.9999775000125,2010
"Seoul","Female","80-84",8232,10448,0.5593147751606,0.671517356478279,0.999999,1e-06,0.537179131512589,5.37179131512589e-07,2.68589431461511,5.37178594333591,9.9999900000025,2010
"Seoul","Female","85+",4251,5545,0.566047366271948,0.679600553965854,0.999999,1e-06,0.537178594333457,5.37178594333457e-07,2.6858916287208,2.6858916287208,4.9999975,2010
"Seoul","Male","0-4",39637,187294,0.825334573064059,1,0.866217709494533,0.133782290505467,1,0.133782290505467,4.66554427373633,60.2457258422539,60.2457258422539,2010
"Seoul","Male","5-9",70371,176475,0.714919423446197,0.866217709494533,0.946419243631674,0.0535807563683263,0.866217709494533,0.0464126000543562,4.21505704733677,55.5801815685176,64.1642175625231,2010
"Seoul","Male","10-14",108816,227673,0.676613499995542,0.819805109440176,0.932777207252244,0.0672227927477558,0.819805109440176,0.0551095889654482,3.96125157478726,51.3651245211808,62.6552871282502,2010
"Seoul","Male","15-19",142810,244345,0.631129650915008,0.764695520474728,0.955674679824627,0.0443253201753729,0.764695520474728,0.0338953737817158,3.73873916791935,47.4038729463936,61.9905199875696,2010
"Seoul","Male","20-24",108790,165347,0.603154627066029,0.730800146693012,0.999999,1e-06,0.730800146693012,7.30800146693012e-07,3.6539989064647,43.6651337784742,59.7497605550107,2010
"Seoul","Male","25-29",161524,248509,0.606070730892392,0.734333385117202,0.954761837569153,0.0452381624308467,0.730799415892866,0.0330600226805293,3.571347022763,40.0111348720095,54.7498178048286,2010
"Seoul","Male","30-34",168264,231084,0.5786532047237,0.701113492162877,0.91421078009979,0.0857892199002104,0.697739393212336,0.0598585182373325,3.33905067046835,36.4397878492465,52.225498809062,2010
"Seoul","Male","35-39",190662,214150,0.529010997697697,0.640965512608711,0.95374290205138,0.0462570979486197,0.637880874975004,0.02950651811327,3.11563807959184,33.1007371787782,51.891722228034,2010
"Seoul","Male","40-44",147258,149957,0.504540484161297,0.611316308110283,0.989335985431973,0.0106640145680268,0.608374356861734,0.00648771300438746,3.0256525017977,29.9850990991863,49.2872501297767,2010
"Seoul","Male","45-49",107032,106673,0.499160057088042,0.604797222094923,0.999999,1e-06,0.601886643857346,6.01886643857346e-07,3.00943171457012,26.9594465973886,44.7915681009501,2010
"Seoul","Male","50-54",88941,94142,0.514203940289377,0.623024839951139,0.999999,1e-06,0.601886041970703,6.01886041970702e-07,3.00942870513841,23.9500148828185,39.7916103925605,2010
"Seoul","Male","55-59",47755,57285,0.545363670982483,0.660778899589553,0.993591910995186,0.00640808900481415,0.60188544008466,0.00385693547076424,2.99978486174639,20.9405861776801,34.7916476842082,2010
"Seoul","Male","60-64",37750,44650,0.541868932038835,0.65654456958848,0.999999,1e-06,0.598028504613896,5.98028504613896e-07,2.99014102799822,17.9408013159337,29.9999100001375,2010
"Seoul","Male","65-69",25365,31543,0.554280593238209,0.671582908711117,0.999999,1e-06,0.598027906585392,5.98027906585392e-07,2.99013803785719,14.9506602879355,24.999937500075,2010
"Seoul","Male","70-74",16754,21160,0.558105185419634,0.676216898739217,0.999999,1e-06,0.598027308557485,5.98027308557485e-07,2.99013504771915,11.9605222500783,19.999960000035,2010
"Seoul","Male","75-79",8491,11125,0.567139070146819,0.687162623081827,0.999999,1e-06,0.598026710530176,5.98026710530176e-07,2.99013205758411,8.97038720235913,14.9999775000125,2010
"Seoul","Male","80-84",3100,4987,0.616668727587486,0.747174234199471,0.999999,1e-06,0.598026112503466,5.98026112503466e-07,2.99012906745205,5.98025514477503,9.9999900000025,2010
"Seoul","Male","85+",700,3124,0.816945606694561,0.989835677986499,0.999999,1e-06,0.598025514477353,5.98025514477353e-07,2.99012607732298,2.99012607732298,4.9999975,2010
"Seoul","Total","0-4",74392,360543,0.82895835009829,1,0.861208191695324,0.138791808304676,1,0.138791808304676,4.65302047923831,59.2216249675041,59.2216249675041,2010
"Seoul","Total","5-9",138425,345419,0.713905721678888,0.861208191695324,0.928258262014799,0.0717417379852012,0.861208191695324,0.0617845724393149,4.15157952737833,54.5686044882658,63.362848861023,2010
"Seoul","Total","10-14",219431,431099,0.662688884448065,0.799423619256009,0.954119782338854,0.0458802176611462,0.799423619256009,0.036677729654927,3.90542377214273,50.4170249608874,63.0667192543154,2010
"Seoul","Total","15-19",275809,474252,0.632284574187966,0.762745889601082,0.96287986339238,0.0371201366076199,0.762745889601082,0.0283132316188928,3.74294636895818,46.5116011887447,60.9791567845359,2010
"Seoul","Total","20-24",238393,371018,0.608814084419218,0.73443265798219,0.999999,1e-06,0.73443265798219,7.3443265798219e-07,3.6721614538293,42.7686548197865,58.2335961710783,2010
"Seoul","Total","25-29",315335,500803,0.613625391784233,0.740236697913079,0.923702934638229,0.0762970653617706,0.734431923549531,0.0560350004748295,3.53207211656058,39.0964933659572,53.2336519047302,2010
"Seoul","Total","30-34",342475,448109,0.566807575159629,0.683758810189223,0.922078873740653,0.0779211262593473,0.678396923074702,0.0528614522968566,3.25983098463137,35.5644212493966,52.4242077753063,2010
"Seoul","Total","35-39",378534,414442,0.522641290530861,0.630479553609528,0.946126707127219,0.053873292872781,0.625535470777845,0.0336996556195278,3.04342821484041,32.3045902647653,51.6430990309709,2010
"Seoul","Total","40-44",300782,294219,0.494484883218684,0.596513543967622,0.999999,1e-06,0.591835815158318,5.91835815158317e-07,2.95917759620205,29.2611620499249,49.4413506254221,2010
"Seoul","Total","45-49",216213,216241,0.500032373385377,0.60320566567197,0.999999,1e-06,0.591835223322502,5.91835223322502e-07,2.95917463702445,26.3019844537228,44.4413975668196,2010
"Seoul","Total","50-54",186391,195010,0.511299131360432,0.61679713015715,0.999999,1e-06,0.591834631487279,5.91834631487279e-07,2.95917167784982,23.3428098166984,39.4414395082591,2010
"Seoul","Total","55-59",101418,113777,0.528715815887916,0.637807455374839,0.999999,1e-06,0.591834039652647,5.91834039652647e-07,2.95916871867814,20.3836381388485,34.4414764497356,2010
"Seoul","Total","60-64",79337,92854,0.53925001887439,0.650515214438035,0.999999,1e-06,0.591833447818608,5.91833447818608e-07,2.95916575950942,17.4244694201704,29.441508391244,2010
"Seoul","Total","65-69",54349,65615,0.546955753392684,0.659810898011741,0.999999,1e-06,0.59183285598516,5.9183285598516e-07,2.95916280034366,14.465303660661,24.4415353327793,2010
"Seoul","Total","70-74",35743,46374,0.564730810916132,0.681253540481462,0.968090231791697,0.0319097682083026,0.591832264152304,0.0188852303672949,2.91194824484328,11.5061408603173,19.4415572743366,2010
"Seoul","Total","75-79",22674,27347,0.546710381639711,0.659514897913613,0.999999,1e-06,0.572947033785009,5.72947033785009e-07,2.86473373655746,8.59419261547404,14.9999775000125,2010
"Seoul","Total","80-84",11332,15435,0.576642881159637,0.69562346659668,0.999999,1e-06,0.572946460837975,5.72946460837975e-07,2.86473087182372,5.72945887891658,9.9999900000025,2010
"Seoul","Total","85+",4951,8669,0.636490455212922,0.76781958362257,0.999999,1e-06,0.572945887891514,5.72945887891514e-07,2.86472800709285,2.86472800709285,4.9999975,2010
"Metros","Female","0-4",18412,195758,0.914030910024747,1,0.953387737217899,0.0466122627821012,1,0.0466122627821012,4.88346934304475,61.5016144870672,61.5016144870672,2015
"Metros","Female","5-9",27785,188316,0.87142586105571,0.953387737217899,0.969048601315846,0.0309513986841539,0.953387737217899,0.0295086839552145,4.69316697620146,56.6181451440224,59.3862737413018,2015
"Metros","Female","10-14",37574,203988,0.844454011806493,0.923879053262684,0.962400387044278,0.037599612955722,0.923879053262684,0.0347374948205758,4.53255152926198,51.924978167821,56.203220523777,2015
"Metros","Female","15-19",56722,246123,0.812702867803662,0.889141558442109,0.88007243877463,0.11992756122537,0.889141558442109,0.106632578688087,4.17912634549033,47.392426638559,53.3013288925519,2015
"Metros","Female","20-24",92160,231478,0.715237394867105,0.782508979754022,0.892103559593616,0.107896440406384,0.782508979754022,0.0844299335014903,3.70147006501638,43.2133002930687,55.2240311755305,2015
"Metros","Female","25-29",113563,200204,0.638065825915409,0.698079046252531,0.91047903996116,0.08952096003884,0.698079046252531,0.0624927064035244,3.33416346525385,39.5118302280523,56.6007967724601,2015
"Metros","Female","30-34",160334,222275,0.580945560611486,0.635586339849007,0.999999,1e-06,0.635586339849007,6.35586339849007e-07,3.17793011027919,36.1776667627984,56.920145218025,2015
"Metros","Female","35-39",155725,217912,0.583218471404063,0.638073029049174,0.999999,1e-06,0.635585704262667,6.35585704262667e-07,3.17792693234908,32.9997366525193,51.9201996382246,2015
"Metros","Female","40-44",150971,216670,0.589352112522814,0.64478356919774,0.999999,1e-06,0.635585068676963,6.35585068676963e-07,3.17792375442214,29.8218097201702,46.9202490584737,2015
"Metros","Female","45-49",125425,182999,0.593335797473608,0.649141939256238,0.972354121754517,0.0276458782454829,0.635584433091894,0.0175712898519828,3.13399394082951,26.643885965748,41.9202934787671,2015
"Metros","Female","50-54",117320,159988,0.576932508257966,0.631195840239523,0.976671775913089,0.023328224086911,0.618013143239911,0.0144171490941569,3.05402284346416,23.5098920249185,38.0410874462455,2015
"Metros","Female","55-59",111295,143661,0.5634736974223,0.616471162235689,0.979607394254688,0.0203926057453123,0.603595994145754,0.0123088951380642,2.98720773288361,20.4558691814544,33.8900015570924,2015
"Metros","Female","60-64",80329,98970,0.551983000462914,0.603899708870862,0.999999,1e-06,0.59128709900769,5.9128709900769e-07,2.9564340168207,17.4686614485707,29.5434510204721,2015
"Metros","Female","65-69",49524,69037,0.582290972579516,0.637058294411237,0.999999,1e-06,0.591286507720591,5.91286507720591e-07,2.95643106038669,14.51222743175,24.5434780639502,2015
"Metros","Female","70-74",33783,54023,0.615254082864497,0.673121746886918,0.992942803095226,0.00705719690477402,0.591285916434083,0.00417282113929508,2.94599752932218,11.5557963713634,19.5435001074503,2015
"Metros","Female","75-79",25744,40421,0.610912113655256,0.668371394178251,0.999999,1e-06,0.587113095294788,5.87113095294788e-07,2.9355640086912,8.60979884204118,14.6646343115856,2015
"Metros","Female","80-84",13235,28346,0.681705586686227,0.745823340556142,0.955286515259782,0.0447134847402184,0.587112508181693,0.0262518461753735,2.86993292547003,5.67423483334997,9.66464647623207,2015
"Metros","Female","85+",8063,15055,0.651224154338611,0.712474979999286,0.999999,1e-06,0.56086066200632,5.6086066200632e-07,2.80430190787994,2.80430190787994,4.9999975,2015
"Metros","Male","0-4",19621,211675,0.915169306862203,1,0.940079457093733,0.0599205429062675,1,0.0599205429062675,4.85019864273433,62.9727760368936,62.9727760368936,2015
"Metros","Male","5-9",32566,200601,0.860331865143867,0.940079457093733,0.967490262757732,0.0325097372422684,0.940079457093733,0.0305617361369715,4.62399294512623,58.1225773941593,61.8273029535673,2015
"Metros","Male","10-14",44703,221962,0.832362702266889,0.909517720956761,0.989494428263049,0.0105055717369508,0.909517720956761,0.00955500366353922,4.52370109562496,53.4985844490331,58.8208269243568,2015
"Metros","Male","15-19",57223,267204,0.823618256187062,0.899962717293222,0.892204165496529,0.107795834503471,0.899962717293222,0.0970122321326339,4.25728300613452,48.9748833534081,54.4187913702778,2015
"Metros","Male","20-24",81004,224482,0.734835638949084,0.802950485160588,0.902071319472284,0.0979286805277161,0.802950485160588,0.0786318815408658,3.81817272195077,44.7176003472736,55.691603870605,2015
"Metros","Male","25-29",114375,224890,0.662874154422059,0.724318603619722,0.889247024224456,0.110752975775544,0.724318603619722,0.080220440760471,3.42104191619743,40.8994276253228,56.4660736600321,2015
"Metros","Male","30-34",163934,235378,0.589458869255119,0.644098162859251,0.990121188617389,0.00987881138261137,0.644098162859251,0.00636292426277304,3.20458350363932,37.4783857091254,58.187381784716,2015
"Metros","Male","35-39",159037,222929,0.58363571626794,0.637735238596478,0.999999,1e-06,0.637735238596478,6.37735238596478e-07,3.18867459864429,34.2738022054861,53.7429957311369,2015
"Metros","Male","40-44",147887,212977,0.590186330584375,0.644893055480542,0.999999,1e-06,0.637734600861239,6.37734600861239e-07,3.18867140996969,31.0851276068418,48.7430469741839,2015
"Metros","Male","45-49",119435,186033,0.609009781711996,0.665461327369117,0.999115074114175,0.000884925885824561,0.637733963126638,0.000564347292240249,3.18725894740259,27.8964561968721,43.7430932172771,2015
"Metros","Male","50-54",98746,153460,0.608470853191439,0.664872443414513,0.999999,1e-06,0.637169615834398,6.37169615834398e-07,3.18584648624795,24.7091972494695,38.779622623894,2015
"Metros","Male","55-59",88448,145374,0.62172934967625,0.679359922819028,0.962453708438596,0.0375462915614043,0.637168978664782,0.0239233322468301,3.12603656270684,21.5233507632215,33.7796589035529,2015
"Metros","Male","60-64",66725,99417,0.598385718241023,0.653852477081732,0.999999,1e-06,0.613245646417952,6.13245646417952e-07,3.06622669897565,18.3973142005147,29.9999100001375,2015
"Metros","Male","65-69",39459,63460,0.616601404988389,0.673756648485624,0.999999,1e-06,0.613245033172306,6.13245033172306e-07,3.06622363274895,15.3310875015391,24.999937500075,2015
"Metros","Male","70-74",26280,45225,0.632473253618628,0.691099722069088,0.999999,1e-06,0.613244419927273,6.13244419927273e-07,3.06622056652531,12.2648638687901,19.999960000035,2015
"Metros","Male","75-79",17777,30702,0.633305142432806,0.692008721975379,0.999999,1e-06,0.613243806682853,6.13243806682853e-07,3.06621750030475,9.19864330226481,14.9999775000125,2015
"Metros","Male","80-84",6881,16196,0.701824327252243,0.766879223319403,0.999999,1e-06,0.613243193439046,6.13243193439046e-07,3.06621443408725,6.13242580196006,9.9999900000025,2015
"Metros","Male","85+",2583,6399,0.712424849699399,0.778462350471582,0.999999,1e-06,0.613242580195853,6.13242580195853e-07,3.06621136787281,3.06621136787281,4.9999975,2015
"Metros","Total","0-4",38033,407433,0.914621991352875,1,0.946476426014289,0.0535235739857107,1,0.0535235739857107,4.86619106503572,62.4804007492995,62.4804007492995,2015
"Metros","Total","5-9",60351,388917,0.865668153529742,0.946476426014289,0.968165155299776,0.031834844700224,0.946476426014289,0.030130930034588,4.65705480498498,57.6142096842638,60.8723134572757,2015
"Metros","Total","10-14",82277,425950,0.838109742300193,0.916345495979701,0.976421462263474,0.023578537736526,0.916345495979701,0.021606086856653,4.52771226275687,52.9571548792788,57.791690046624,2015
"Metros","Total","15-19",113945,513327,0.818348340114017,0.894739409123048,0.885629931780074,0.114370068219926,0.894739409123048,0.10233140726046,4.21786852746409,48.429442616522,54.1268688097562,2015
"Metros","Total","20-24",173164,455960,0.724753784627514,0.792408001862589,0.898173050645433,0.101826949354567,0.792408001862589,0.0806884894738154,3.7603187856284,44.2115740890579,55.7939520867239,2015
"Metros","Total","25-29",227938,425094,0.650954317705717,0.711719512388773,0.899130902899355,0.100869097100645,0.711719512388773,0.0717905046035669,3.37912130043495,40.4512553034295,56.8359509600366,2015
"Metros","Total","30-34",324268,457653,0.585293143424975,0.639929007785206,0.996815698307557,0.00318430169244277,0.639929007785206,0.00203772702253366,3.1945507213697,37.0721340029945,57.9316354657857,2015
"Metros","Total","35-39",314762,440841,0.583429393477792,0.637891280762673,0.999999,1e-06,0.637891280762673,6.37891280762673e-07,3.18945480908516,33.8775832816248,53.1087103763517,2015
"Metros","Total","40-44",298858,429647,0.58976534134975,0.644818675830647,0.999999,1e-06,0.637890642871392,6.37890642871392e-07,3.18945161963035,30.6881284725397,48.1087609851127,2015
"Metros","Total","45-49",244860,369032,0.601135053071224,0.657249725847995,0.984727356190694,0.0152726438093065,0.637890004980749,0.00974226683558772,3.16509435781478,27.4986768529093,43.1088065939193,2015
"Metros","Total","50-54",216066,313448,0.591954131524379,0.647211784891354,0.998966051910899,0.00103394808910062,0.628147738145161,0.000649472153528068,3.13911501034199,24.3335824950945,38.7386294933552,2015
"Metros","Total","55-59",199743,289035,0.591342081681254,0.646542601503122,0.971181815597705,0.0288181844022946,0.627498265991633,0.018083360741467,3.0922829281045,21.1944674847526,33.776137136027,2015
"Metros","Total","60-64",147054,198387,0.574300676526527,0.627910417589066,0.999999,1e-06,0.609414905250166,6.09414905250166e-07,3.04707300271357,18.102184556648,29.704203820248,2015
"Metros","Total","65-69",88983,132497,0.598234603575944,0.654078525589634,0.999999,1e-06,0.609414295835261,6.09414295835261e-07,3.04706995564056,15.0551115539345,24.704231024479,2015
"Metros","Total","70-74",60063,99248,0.622982719335137,0.681136825076383,0.995824338620298,0.00417566137970204,0.609413686420965,0.00254470519464988,3.0407066691182,12.0080415982939,19.7042532287322,2015
"Metros","Total","75-79",43521,71123,0.620381354453787,0.678292628341619,0.999999,1e-06,0.606868981226315,6.06868981226315e-07,3.03434338895912,8.96733492917572,14.776393598261,2015
"Metros","Total","80-84",20116,44542,0.688886139379504,0.753192188568011,0.970187773351512,0.0298122266484879,0.606868374357334,0.0180920975221403,2.98911162798132,5.9329915402166,9.77640587466691,2015
"Metros","Total","85+",10646,21454,0.668348909657321,0.730737852332551,0.999999,1e-06,0.588776276835194,5.88776276835194e-07,2.94387991223528,2.94387991223528,4.9999975,2015
"Provinces","Female","0-4",17852,298127,0.943502574538181,1,0.949118152674633,0.0508818473253666,1,0.0508818473253666,4.87279538168658,49.5966026630395,49.5966026630395,2015
"Provinces","Female","5-9",32679,280025,0.895495420589439,0.949118152674633,0.96392730835757,0.0360726916424303,0.949118152674633,0.0342372464536652,4.659997647239,44.7238072813529,47.1214328324881,2015
"Provinces","Female","10-14",47745,301249,0.863192490415308,0.914880906220968,0.914138473824345,0.0858615261756551,0.914880906220968,0.0785530708770987,4.37802185391209,40.0638096341139,43.7912840476719,2015
"Provinces","Female","15-19",84782,317176,0.789077465804885,0.83632783534387,0.802423709930644,0.197576290069356,0.83632783534387,0.165238550988977,3.7685427992469,35.6857877802018,42.6696162343192,2015
"Provinces","Female","20-24",147239,254148,0.633174467533826,0.671089284354892,0.875025515503624,0.124974484496376,0.671089284354892,0.0838690373632944,3.14577382836623,31.9172449809549,47.5603555667507,2015
"Provinces","Female","25-29",203055,252270,0.554043814857519,0.587220246991598,0.907200109897512,0.0927998901024879,0.587220246991598,0.0544939743867761,2.79986629899105,28.7714711525887,48.996047564757,2015
"Provinces","Female","30-34",323557,326977,0.502628609726778,0.532726272604822,0.92777614859714,0.0722238514028601,0.532726272604822,0.0384755431510102,2.56744250514658,25.9716048535977,48.7522508071673,2015
"Provinces","Female","35-39",439086,383676,0.466326835707045,0.494250729453812,0.944963580513783,0.0550364194862172,0.494250729453812,0.0272017904775888,2.40324917107509,23.4041623484511,47.3528129625921,2015
"Provinces","Female","40-44",582733,459093,0.440661876359392,0.467048938976223,0.907470937700371,0.0925290622996292,0.467048938976223,0.0432156003715066,2.22720569395235,21.000913177376,44.9651234052908,2015
"Provinces","Female","45-49",748041,498461,0.399887846148662,0.423833338604716,0.987788991020108,0.0122110089798925,0.423833338604716,0.00517543270367999,2.10622811126438,18.7737074834236,44.2950230041548,2015
"Provinces","Female","50-54",788293,514681,0.395004812068391,0.418657905901036,0.999999,1e-06,0.418657905901036,4.18657905901036e-07,2.09328848286042,16.6674793721593,39.8116914483855,2015
"Provinces","Female","55-59",751595,510003,0.404251592028523,0.428458387860142,0.999999,1e-06,0.41865748724313,4.1865748724313e-07,2.09328638957193,14.5741908892988,34.8117287601142,2015
"Provinces","Female","60-64",561443,396281,0.413773696806178,0.438550681230212,0.999999,1e-06,0.418657068585643,4.18657068585643e-07,2.09328429628554,12.4809044997269,29.8117610718753,2015
"Provinces","Female","65-69",425777,332460,0.438464490653978,0.46471997267055,0.999999,1e-06,0.418656649928574,4.18656649928574e-07,2.09328220300125,10.3876202034414,24.8117883836637,2015
"Provinces","Female","70-74",327876,317192,0.491718702524385,0.521163074478168,0.999999,1e-06,0.418656231271924,4.18656231271924e-07,2.09328010971904,8.29433800044012,19.8118106954744,2015
"Provinces","Female","75-79",247673,302613,0.549919496407323,0.582848962204998,0.999999,1e-06,0.418655812615693,4.18655812615693e-07,2.09327801643893,6.20105789072107,14.8118280073024,2015
"Provinces","Female","80-84",148782,217543,0.593852453422507,0.629412647562919,0.974912367523153,0.0250876324768471,0.41865539395988,0.0105030726581151,2.06701928815411,4.10777987428214,9.81184031914273,2015
"Provinces","Female","85+",95449,131246,0.57895410132557,0.613622174384582,0.999999,1e-06,0.408152321301765,4.08152321301765e-07,2.04076058612802,2.04076058612802,4.9999975,2015
"Provinces","Male","0-4",18368,313444,0.944643352259713,1,0.950814648324918,0.0491853516750815,1,0.0491853516750815,4.8770366208123,51.8929729279967,51.8929729279967,2015
"Provinces","Male","5-9",35265,311084,0.898180736771291,0.950814648324918,0.959109578656553,0.0408904213434474,0.950814648324918,0.0388792115895277,4.65687521265077,47.0159363071844,49.4480563483261,2015
"Provinces","Male","10-14",52184,324470,0.861453748002145,0.911935436735391,0.93684379407791,0.06315620592209,0.911935436735391,0.0575943822301115,4.41569122810168,42.3590610945336,46.449627230381,2015
"Provinces","Male","15-19",84364,352863,0.807047597700965,0.854341054505279,0.878754956355986,0.121245043644014,0.854341054505279,0.103584618440366,4.01274372642548,37.9433698664319,44.4124388806338,2015
"Provinces","Male","20-24",111805,272665,0.709197076494915,0.750756436064913,0.846938677615956,0.153061322384044,0.750756436064913,0.114911772892427,3.4665027480935,33.9306261400065,45.1952517621476,2015
"Provinces","Male","25-29",192500,289529,0.600646434135706,0.635844663172486,0.892384765776635,0.107615234223365,0.635844663172486,0.068426572356984,3.00815688496997,30.464123391913,47.9112669435883,2015
"Provinces","Male","30-34",311272,359584,0.536007727440762,0.567418090815502,0.918330652274147,0.081669347725853,0.567418090815502,0.0463406653647509,2.72123879066563,27.455966506943,48.3875416581851,2015
"Provinces","Male","35-39",426110,413073,0.492232325964658,0.521077425450751,0.94251323579814,0.0574867642018597,0.521077425450751,0.0299550550877995,2.53049948953426,24.7347277162773,47.468430809262,2015
"Provinces","Male","40-44",575833,498353,0.463935482309395,0.491122370362952,0.941422918894336,0.0585770811056642,0.491122370362952,0.0287685149215567,2.38369056451087,22.2042282267431,45.2111929056166,2015
"Provinces","Male","45-49",705568,547126,0.436759495934362,0.462353855441395,0.949856813373332,0.0501431866266684,0.462353855441395,0.0231838956609575,2.25380953805458,19.8205376622322,42.8687625916089,2015
"Provinces","Male","50-54",778787,552152,0.414858983018756,0.439169959780437,0.999999,1e-06,0.439169959780437,4.39169959780437e-07,2.19584870097729,17.5667281241776,39.99984000035,2015
"Provinces","Male","55-59",710095,526003,0.42553503039403,0.450471629717283,0.999999,1e-06,0.439169520610478,4.39169520610478e-07,2.19584650512859,15.3708794232004,34.9998775002275,2015
"Provinces","Male","60-64",520138,396363,0.432474159875439,0.457817396206625,0.999999,1e-06,0.439169081440957,4.39169081440957e-07,2.19584430928208,13.1750329180718,29.9999100001375,2015
"Provinces","Male","65-69",381821,308551,0.446934406378011,0.473125021532077,0.999999,1e-06,0.439168642271876,4.39168642271876e-07,2.19584211343777,10.9791886087897,24.999937500075,2015
"Provinces","Male","70-74",286746,248360,0.464132340134478,0.491330764170638,0.999999,1e-06,0.439168203103233,4.39168203103233e-07,2.19583991759566,8.78334649535191,19.999960000035,2015
"Provinces","Male","75-79",177581,204579,0.535322901402554,0.566693133574687,0.999999,1e-06,0.43916776393503,4.3916776393503e-07,2.19583772175574,6.58750657775625,14.9999775000125,2015
"Provinces","Male","80-84",89068,113531,0.560372953469662,0.593211133206172,0.999999,1e-06,0.439167324767266,4.39167324767266e-07,2.19583552591802,4.39166885600051,9.9999900000025,2015
"Provinces","Male","85+",32304,49795,0.606523830984543,0.642066478881852,0.999999,1e-06,0.439166885599941,4.39166885599941e-07,2.19583333008249,2.19583333008249,4.9999975,2015
"Provinces","Total","0-4",36220,611571,0.944086904572617,1,0.95002548783733,0.0499745121626698,1,0.0499745121626698,4.87506371959333,50.7934654519277,50.7934654519277,2015
"Provinces","Total","5-9",67944,591109,0.896906622077435,0.95002548783733,0.961404408878028,0.0385955911219721,0.95002548783733,0.0366667952840217,4.6584604509766,45.9184017323343,48.3338629544188,2015
"Provinces","Total","10-14",99929,625719,0.862289980817145,0.913358692553309,0.925953183970992,0.0740468160290084,0.913358692553309,0.0676313030759905,4.39771520507657,41.2599412813577,45.1738639132179,2015
"Provinces","Total","15-19",169146,670039,0.798440153243921,0.845727389477318,0.839596439240865,0.160403560759135,0.845727389477318,0.135657684703689,3.88949273562737,36.8622260762812,43.5864163026138,2015
"Provinces","Total","20-24",259044,526813,0.670367509610527,0.710069704773629,0.86222697297697,0.13777302702303,0.710069704773629,0.0978284526240124,3.30577739230811,32.9727333406538,46.4359106141073,2015
"Provinces","Total","25-29",395555,541799,0.578008948593594,0.612241252149616,0.898904494313195,0.101095505686805,0.612241252149616,0.0618948389883883,2.90646916327711,29.6669559483457,48.456316597719,2015
"Provinces","Total","30-34",634829,686561,0.519574841644026,0.550346413161228,0.922692022779905,0.0773079772200952,0.550346413161228,0.0425461679718293,2.64536664587657,26.7604867850686,48.6248045687343,2015
"Provinces","Total","35-39",865196,796749,0.479407561622075,0.507800245189399,0.94382457900351,0.0561754209964898,0.507800245189399,0.0285258925556352,2.46768649455791,24.115120139192,47.4893826216992,2015
"Provinces","Total","40-44",1158566,957446,0.452476640019055,0.479274352633764,0.924620876703301,0.0753791232966987,0.479274352633764,0.0361272805201259,2.3060535618685,21.6474336446341,45.1671021528163,2015
"Provinces","Total","45-49",1453609,1045587,0.418369347582182,0.443147072113638,0.9681332979131,0.0318667020869002,0.443147072113638,0.0141216357277274,2.18043127124887,19.3413800827656,43.6455102603179,2015
"Provinces","Total","50-54",1567080,1066833,0.40503729622049,0.42902543638591,0.999999,1e-06,0.42902543638591,4.2902543638591e-07,2.14512610936596,17.1609488115167,39.99984000035,2015
"Provinces","Total","55-59",1461690,1036006,0.414784665547769,0.439350089000058,0.999999,1e-06,0.429025007360474,4.29025007360474e-07,2.14512396423985,15.0158227021508,34.9998775002275,2015
"Provinces","Total","60-64",1081581,792644,0.422918272886126,0.44796540534325,0.999999,1e-06,0.429024578335467,4.29024578335466e-07,2.14512181911589,12.8706987379109,29.9999100001375,2015
"Provinces","Total","65-69",807598,641011,0.442501047556656,0.468707960478463,0.999999,1e-06,0.429024149310888,4.29024149310888e-07,2.14511967399407,10.725576918795,24.999937500075,2015
"Provinces","Total","70-74",614622,565552,0.479210692660574,0.507591716757802,0.999999,1e-06,0.429023720286739,4.29023720286739e-07,2.14511752887439,8.58045724480098,19.999960000035,2015
"Provinces","Total","75-79",425254,507192,0.543937128798879,0.576151545121915,0.999999,1e-06,0.429023291263019,4.29023291263019e-07,2.14511538375687,6.43533971592659,14.9999775000125,2015
"Provinces","Total","80-84",237850,331074,0.581930099626664,0.616394631477385,0.999999,1e-06,0.429022862239727,4.29022862239727e-07,2.14511323864148,4.29022433216972,9.9999900000025,2015
"Provinces","Total","85+",127753,181041,0.586284059923444,0.621006452990524,0.999999,1e-06,0.429022433216865,4.29022433216865e-07,2.14511109352824,2.14511109352824,4.9999975,2015
"Rest Capital","Female","0-4",22235,314642,0.933996681281299,1,0.943762415317128,0.0562375846828719,1,0.0562375846828719,4.85940603829282,70.079581190469,70.079581190469,2015
"Rest Capital","Female","5-9",39819,296124,0.88147096382422,0.943762415317128,0.978242725275107,0.021757274724893,0.943762415317128,0.0205336981450833,4.66747783122293,65.2201751521762,69.1065612421751,2015
"Rest Capital","Female","10-14",44004,275543,0.86229255790228,0.923228717172045,0.983008396041108,0.0169916039588923,0.923228717172045,0.0156871367256636,4.57692574404606,60.5526973209533,65.5879699089443,2015
"Rest Capital","Female","15-19",55172,306946,0.847640824261705,0.907541580446381,0.913710995870485,0.086289004129515,0.907541580446381,0.0783108591828444,4.3419307542748,55.9757715769072,61.6784649683766,2015
"Rest Capital","Female","20-24",78941,271128,0.774498741676641,0.829230721263537,0.964272086925571,0.0357279130744292,0.829230721263537,0.0296266831279499,4.07208689849781,51.6338408226324,62.2671585827833,2015
"Rest Capital","Female","25-29",75214,221872,0.746827517957763,0.799604038135587,0.989204108536266,0.0107958914637343,0.799604038135587,0.00863243840967544,3.97643909465375,47.5617539241346,59.4816329780337,2015
"Rest Capital","Female","30-34",73911,209018,0.738764849131761,0.790971599725911,0.999999,1e-06,0.790971599725911,7.90971599725911e-07,3.95485602120056,43.5853148294809,55.1035142659788,2015
"Rest Capital","Female","35-39",58245,184073,0.75963403461567,0.81331556079361,0.995412125224579,0.00458787477542089,0.790970808754312,0.00362887502157816,3.94578185621761,39.6304588082803,50.1035668695457,2015
"Rest Capital","Female","40-44",59050,183106,0.756148928789706,0.809584170847788,0.981811931718166,0.0181880682818339,0.787341933732734,0.0143202288518821,3.90090909653396,35.6846769520627,45.322972679588,2015
"Rest Capital","Female","45-49",60895,175495,0.742396040441643,0.794859398668517,0.960004861614943,0.0399951383850566,0.773021704880851,0.0309171100613621,3.78781574925085,31.7837678555287,41.1162683464725,2015
"Rest Capital","Female","50-54",68209,169208,0.712703808067662,0.763068887022106,0.976512489731004,0.0234875102689955,0.742104594819489,0.0174301892914915,3.66694750086872,27.9959521062779,37.7250758204612,2015
"Rest Capital","Female","55-59",67409,154305,0.69596417005692,0.745146298702224,0.957336451555823,0.0426635484441772,0.724674405527998,0.030917181606499,3.54607907362374,24.3290046054092,33.5723249225051,2015
"Rest Capital","Female","60-64",49310,98445,0.666271868972285,0.713355713489542,0.999999,1e-06,0.693757223921499,6.93757223921499e-07,3.46878438521443,20.7829255317854,29.9570581972594,2015
"Rest Capital","Female","65-69",37099,75436,0.670333673968099,0.717704556560635,0.999999,1e-06,0.693756530164275,6.93756530164275e-07,3.46878091643005,17.314141146571,24.957085654345,2015
"Rest Capital","Female","70-74",29567,64959,0.687207752364429,0.735771085847635,0.999999,1e-06,0.693755836407745,6.93755836407745e-07,3.46877744764913,13.8453602301409,19.9571081114531,2015
"Rest Capital","Female","75-79",24163,59725,0.711961186343696,0.762273785991398,0.999999,1e-06,0.693755142651908,6.93755142651908e-07,3.46877397887168,10.3765827824918,14.9571255685787,2015
"Rest Capital","Female","80-84",13581,37107,0.732066761363636,0.783800174064167,0.994285401524028,0.00571459847597167,0.693754448896766,0.00396452811636402,3.45886092419292,6.90780880362012,9.95713802571671,2015
"Rest Capital","Female","85+",8711,23301,0.727883293764838,0.779321070783994,0.999999,1e-06,0.689789920780401,6.89789920780401e-07,3.4489478794272,3.4489478794272,4.9999975,2015
"Rest Capital","Male","0-4",24973,339795,0.931537305904027,1,0.945325690841157,0.054674309158843,1,0.054674309158843,4.86331422710289,71.9485214626679,71.9485214626679,2015
"Rest Capital","Male","5-9",41758,307992,0.880606147248034,0.945325690841157,0.989315615813625,0.0106843841863752,0.945325690841157,0.0101002228621975,4.70137789705029,67.085207235565,70.9651793932228,2015
"Rest Capital","Male","10-14",45046,304683,0.871197412853953,0.93522546797896,0.970147247820994,0.0298527521790056,0.93522546797896,0.0279190541270704,4.60632970457712,62.3838293385147,66.7045877967025,2015
"Rest Capital","Male","15-19",58772,320867,0.845189772389033,0.907306413851889,0.915824306065297,0.0841756939347031,0.907306413851889,0.0763731469973897,4.34559920176597,57.7774996339376,63.6802504113779,2015
"Rest Capital","Male","20-24",71260,244113,0.774045336791672,0.830933266854499,0.978546999618918,0.0214530003810816,0.830933266854499,0.0178260116904829,4.11010130504629,53.4319004321716,64.3034796698394,2015
"Rest Capital","Male","25-29",76683,239457,0.757439741886506,0.813107255164016,0.999999,1e-06,0.813107255164016,8.13107255164016e-07,4.06553424305194,49.3217991271253,60.6584172184964,2015
"Rest Capital","Male","30-34",68503,220050,0.762598205528967,0.818644836546713,0.999999,1e-06,0.813106442056761,8.13106442056761e-07,4.0655301775177,45.2562648840733,55.6584753769717,2015
"Rest Capital","Male","35-39",58183,192811,0.768189677840905,0.824647250273462,0.999999,1e-06,0.813105628950319,8.13105628950319e-07,4.06552611198752,41.1907347065556,50.6585285355003,2015
"Rest Capital","Male","40-44",50731,196090,0.794462383670757,0.852850850562294,0.993708052195509,0.00629194780449138,0.81310481584469,0.00511601306087537,4.05273404657126,37.1252085945681,45.658576694077,2015
"Rest Capital","Male","45-49",48676,182524,0.789463667820069,0.84748475752554,0.975800767088679,0.0241992329113206,0.807988802783815,0.0195527092283047,3.99106224084831,33.0724745479969,40.9318476123062,2015
"Rest Capital","Male","50-54",54928,184263,0.770359252647466,0.826976276489386,0.994470616806281,0.00552938319371943,0.78843609355551,0.00435956528502764,3.93128155456498,29.0814123071486,36.8849327736935,2015
"Rest Capital","Male","55-59",50188,164382,0.766099641142751,0.82240360776456,0.981279873211996,0.0187201267880044,0.784076528270483,0.0146780120207217,3.88368761130061,25.1501307525836,32.0761173760166,2015
"Rest Capital","Male","60-64",34169,103475,0.751758158728314,0.807008107956296,0.962859789348029,0.0371402106519715,0.769398516249761,0.0285756229688304,3.77555352382673,21.266443141283,27.6403485217789,2015
"Rest Capital","Male","65-69",29308,76818,0.723837702353806,0.77703565682895,0.956691001160485,0.0433089988395147,0.74082289328093,0.0320842978253897,3.62390372184118,17.4908896174562,23.6100824854281,2015
"Rest Capital","Male","70-74",24917,56111,0.692489016142568,0.743383020469083,0.999999,1e-06,0.708738595455541,7.08738595455541e-07,3.54369120543122,13.8669858956151,19.5657270318432,2015
"Rest Capital","Male","75-79",16556,40903,0.711864111801458,0.764182075467839,0.999999,1e-06,0.708737886716945,7.08737886716945e-07,3.54368766174001,10.3232946901838,14.5657440975873,2015
"Rest Capital","Male","80-84",6368,23043,0.783482370541634,0.841063868914289,0.94210113581284,0.0578988641871603,0.708737177979059,0.0410350776122008,3.44109819586479,6.77960702844383,9.56575616334346,2015
"Rest Capital","Male","85+",3323,9366,0.73811963117661,0.792367226195293,0.999999,1e-06,0.667702100366858,6.67702100366858e-07,3.33850883257904,3.33850883257904,4.9999975,2015
"Rest Capital","Total","0-4",47208,654437,0.932718112435776,1,0.94458318851994,0.0554168114800604,1,0.0554168114800604,4.86145797129985,71.5276441032342,71.5276441032342,2015
"Rest Capital","Total","5-9",81577,604116,0.881029848634885,0.94458318851994,0.984014078050725,0.0159859219492747,0.94458318851994,0.0151000331262768,4.68516585978401,66.6661861319344,70.5773582911137,2015
"Rest Capital","Total","10-14",89050,580226,0.866945774239626,0.929483155393663,0.976285224977445,0.0237147750225548,0.929483155393663,0.0220424839174151,4.59230956717478,61.9810202721504,66.683317403315,2015
"Rest Capital","Total","15-19",113944,627813,0.846386350246779,0.907440671476248,0.914811373345108,0.0851886266548921,0.907440671476248,0.0773036245738547,4.3439442959466,57.3887107049756,63.2423832310868,2015
"Rest Capital","Total","20-24",150201,515241,0.774283859449809,0.830137046902393,0.971605556388798,0.0283944436112016,0.830137046902393,0.0235712795678394,4.09175703559237,53.044766409029,63.8988063560859,2015
"Rest Capital","Total","25-29",151897,461329,0.752298500063598,0.806565767334554,0.998006509714827,0.00199349028517337,0.806565767334554,0.00160788102153484,4.02880913411893,48.9530093734366,60.6931404183083,2015
"Rest Capital","Total","30-34",142414,429068,0.750798800312171,0.804957886313019,0.999999,1e-06,0.804957886313019,8.04957886313019e-07,4.02478741917038,44.9242002393177,55.8093796000755,2015
"Rest Capital","Total","35-39",116428,376884,0.763987091333679,0.81909751847591,0.999999,1e-06,0.804957081355132,8.04957081355132e-07,4.02478339438296,40.8994128201473,50.8094329095084,2015
"Rest Capital","Total","40-44",109781,379196,0.775488417655636,0.831428496258599,0.987337301111161,0.0126626988888389,0.804956276398051,0.0101929189467095,3.99929908462348,36.8746294257644,45.8094812189896,2015
"Rest Capital","Total","45-49",109571,358019,0.765668641331081,0.820900367562876,0.968615914298918,0.0313840857010816,0.794763357451342,0.0249429213223323,3.91145948395088,32.8753303411409,41.3649296144779,2015
"Rest Capital","Total","50-54",123137,353471,0.741638831072915,0.795137160075234,0.984923729614459,0.0150762703855407,0.769820436129009,0.0116060210433958,3.82008712803656,28.96387085719,37.6241906526058,2015
"Rest Capital","Total","55-59",117597,318687,0.730457683527244,0.783149457256348,0.96857181874782,0.0314281812521795,0.758214415085613,0.0238293000653259,3.73149882526475,25.1437837291534,33.1618381672608,2015
"Rest Capital","Total","60-64",83479,201920,0.707500727052302,0.75853649416615,0.984170834547592,0.0158291654524078,0.734385115020288,0.0116247034914416,3.64286381637283,21.4122849038887,29.1567523169327,2015
"Rest Capital","Total","65-69",66407,152254,0.696301580986093,0.746529494498305,0.990440593731321,0.00955940626867924,0.722760411528846,0.00690916040872204,3.59652915662242,17.7694210875159,24.5854930680672,2015
"Rest Capital","Total","70-74",54484,121070,0.689645351287923,0.739393115768843,0.999999,1e-06,0.715851251120124,7.15851251120124e-07,3.57925446597249,14.1728919308934,19.7986549701722,2015
"Rest Capital","Total","75-79",40719,100628,0.71192172455022,0.763276401581878,0.999999,1e-06,0.715850535268873,7.15850535268873e-07,3.57925088671803,10.5936374649209,14.7986722688445,2015
"Rest Capital","Total","80-84",19949,60150,0.750945704690446,0.805115387680598,0.973158266723295,0.0268417332767051,0.715849819418337,0.0192146499190046,3.53121247229418,7.01438657820292,9.79868456752904,2015
"Rest Capital","Total","85+",12034,32667,0.730789020379857,0.783504695187505,0.999999,1e-06,0.696635169499333,6.96635169499333e-07,3.48317410590874,3.48317410590874,4.9999975,2015
"Seoul","Female","0-4",34846,172538,0.831973537013463,1,0.859455236632409,0.140544763367591,1,0.140544763367591,4.64863809158102,57.5256259039044,57.5256259039044,2015
"Seoul","Female","5-9",60179,151008,0.715044013125808,0.859455236632409,0.936858967671369,0.0631410323286307,0.859455236632409,0.0542668908812178,4.161608955959,52.8769878123234,61.5238415667936,2015
"Seoul","Female","10-14",77600,157477,0.669895395976637,0.805188345751191,0.977758639086917,0.0222413609130827,0.805188345751191,0.0179084846008603,3.9811705172538,48.7153788563644,60.5018429705611,2015
"Seoul","Female","15-19",102914,195384,0.654996010700709,0.787279861150331,0.922853706584079,0.0771462934159209,0.787279861150331,0.0607357231687489,3.78455999782978,44.7342083391106,56.8212278080471,2015
"Seoul","Female","20-24",135946,207756,0.604465496272934,0.726544137981582,0.976743383205987,0.0232566167940135,0.726544137981582,0.0168969586009745,3.59047829340547,40.9496483412808,56.3622307311479,2015
"Seoul","Female","25-29",138348,199422,0.590407673860911,0.709647179380607,0.928618500539515,0.0713814994604847,0.709647179380607,0.0506556797520913,3.42159669752281,37.3591700478754,52.6447101226882,2015
"Seoul","Female","30-34",185441,225066,0.548263488807743,0.658991499628516,0.924322306720868,0.0756776932791319,0.658991499628516,0.049870956582442,3.17028010668647,33.9375733503526,51.499258138358,2015
"Seoul","Female","35-39",193914,199239,0.506772172665603,0.609120543046074,0.950049426264335,0.0499505737356654,0.609120543046074,0.0304259205993314,2.96953791373204,30.7672932436661,50.5110090193409,2015
"Seoul","Female","40-44",213302,198048,0.481458611887687,0.578694622446743,0.999999,1e-06,0.578694622446743,5.78694622446742e-07,2.89347166549716,27.797755329934,48.0352749994533,2015
"Seoul","Female","45-49",162437,153133,0.485258421269449,0.583261846297879,0.990487816717421,0.00951218328257941,0.57869404375212,0.0055046438087072,2.87970860923883,24.9042836644369,43.0353205347738,2015
"Seoul","Female","50-54",119527,110617,0.480642554226919,0.577713752714158,0.999999,1e-06,0.573189399943413,5.73189399943413e-07,2.86594556674356,22.0245750551981,38.4246028579251,2015
"Seoul","Female","55-59",103376,96712,0.483347327176043,0.580964785143426,0.999999,1e-06,0.573188826754013,5.73188826754013e-07,2.865942700798,19.1586294884545,33.4246387825639,2015
"Seoul","Female","60-64",57126,59935,0.511998018127301,0.615401807087785,0.999999,1e-06,0.573188253565186,5.73188253565186e-07,2.8659398348553,16.2926867876565,28.4246697072336,2015
"Seoul","Female","65-69",42437,48090,0.531222729130536,0.63850916585336,0.984704988814935,0.0152950111850648,0.573187680376933,0.00876691198250655,2.8440211219284,13.4267469528012,23.4246956319293,2015
"Seoul","Female","70-74",29350,32193,0.523097671546723,0.628743161019866,0.92855606168099,0.0714439383190099,0.564420768394426,0.0403244425631395,2.72129273556428,10.5827258308728,18.7497101869175,2015
"Seoul","Female","75-79",22247,21012,0.485725513765922,0.583823273405464,0.999999,1e-06,0.524096325831287,5.24096325831287e-07,2.62048031891562,7.86143309530852,14.9999775000125,2015
"Seoul","Female","80-84",12378,13942,0.529711246200608,0.636692421855283,0.999999,1e-06,0.524095801734961,5.24095801734961e-07,2.6204776984353,5.2409527763929,9.9999900000025,2015
"Seoul","Female","85+",6196,8761,0.585745804639968,0.704043792958392,0.999999,1e-06,0.524095277639159,5.24095277639159e-07,2.6204750779576,2.6204750779576,4.9999975,2015
"Seoul","Male","0-4",35527,180583,0.835606866873352,1,0.855704744718735,0.144295255281265,1,0.144295255281265,4.63926186179684,57.3474700867437,57.3474700867437,2015
"Seoul","Male","5-9",64412,161621,0.715032760703083,0.855704744718735,0.952497941665025,0.0475020583349754,0.855704744718735,0.0406477367011446,4.17690438184081,52.7082082249469,61.596255659739,2015
"Seoul","Male","10-14",79922,170670,0.681067232792747,0.81505700801759,0.958050691874772,0.0419493081252276,0.81505700801759,0.034191077568956,3.98980734616556,48.5313038431061,59.543447103345,2015
"Seoul","Male","15-19",109076,204809,0.652496933590328,0.780865930448634,0.902536643388111,0.0974633566118892,0.780865930448634,0.0761058146453899,3.7140651156297,44.5414964969405,57.0411574639322,2015
"Seoul","Male","20-24",126512,181230,0.588902392263649,0.704760115803244,0.982823130825915,0.017176869174085,0.704760115803244,0.0121055723082653,3.49353664824556,40.8274313813108,57.930961849023,2015
"Seoul","Male","25-29",156658,215263,0.578786892915431,0.692654543494979,0.964260467541005,0.0357395324589952,0.692654543494979,0.0247551495401093,3.40138484362462,37.3338947330652,53.8997326786984,2015
"Seoul","Male","30-34",189050,238763,0.558101319969239,0.66789939395487,0.918020024417567,0.0819799755824331,0.66789939395487,0.0547543760079421,3.20261102975449,33.9325098894406,50.8048220983016,2015
"Seoul","Male","35-39",202810,213081,0.512348187385637,0.613145017946928,0.946458248657823,0.053541751342177,0.613145017946928,0.032828858087609,2.98365294451562,30.7298988596861,50.1184841435767,2015
"Seoul","Male","40-44",209396,197132,0.48491616813602,0.580316159859319,0.99490243380258,0.00509756619741986,0.580316159859319,0.00295820004031536,2.8941852991958,27.7462459151705,47.8122923923001,2015
"Seoul","Male","45-49",160331,149454,0.482444275868748,0.577357959819003,0.970142585616173,0.0298574143838274,0.577357959819003,0.0172384158541171,2.84369375945972,24.8520606159747,43.044458283325,2015
"Seoul","Male","50-54",117002,102943,0.468039737207029,0.560119543964886,0.999999,1e-06,0.560119543964886,5.60119543964886e-07,2.80059631952557,22.008366856515,39.2922673269453,2015
"Seoul","Male","55-59",99400,93445,0.484560138971713,0.579890087290481,0.999999,1e-06,0.560118983845342,5.60118983845342e-07,2.80059351892925,19.2077705369894,34.2923041192494,2015
"Seoul","Male","60-64",51201,53610,0.511492114377308,0.612120525398736,0.993708203931794,0.00629179606820607,0.560118423726358,0.00352415089613128,2.79178174139146,16.4071770180602,29.2923359115853,2015
"Seoul","Male","65-69",39789,41128,0.50827391030315,0.608269187883764,0.999999,1e-06,0.556594272830227,5.56594272830227e-07,2.78296997266545,13.6153952766687,24.4619751608937,2015
"Seoul","Male","70-74",24424,26936,0.524454828660436,0.627633459527236,0.999999,1e-06,0.556593716235954,5.56593716235954e-07,2.78296718969548,10.8324253040032,19.4619971228908,2015
"Seoul","Male","75-79",15396,19550,0.55943455617238,0.669494924408239,0.999999,1e-06,0.556593159642238,5.56593159642238e-07,2.78296440672829,8.04945811430776,14.4620140849049,2015
"Seoul","Male","80-84",6376,9410,0.596097808184467,0.713371122014504,0.928270449014275,0.0717295509857251,0.556592603049078,0.0399241374986863,2.68315267149868,5.26649370757947,9.46202604693094,2015
"Seoul","Male","85+",2688,3330,0.553339980059821,0.662201331746221,0.999999,1e-06,0.516668465550392,5.16668465550392e-07,2.5833410360808,2.5833410360808,4.9999975,2015
"Seoul","Total","0-4",70373,353121,0.833827633921614,1,0.857537177691031,0.142462822308969,1,0.142462822308969,4.64384294422758,58.0659784665285,58.0659784665285,2015
"Seoul","Total","5-9",124591,312629,0.715038195873931,0.857537177691031,0.944928206550605,0.0550717934493953,0.857537177691031,0.0472261103249778,4.16962061264271,53.4221355223009,62.2971655481377,2015
"Seoul","Total","10-14",157522,328147,0.675659760042333,0.810311067366053,0.967520482761254,0.032479517238746,0.810311067366053,0.0263185122812624,3.98575905612711,49.2525149096582,60.7822315320898,2015
"Seoul","Total","15-19",211990,400193,0.653714657218511,0.78399255508479,0.913416094964143,0.0865839050358572,0.78399255508479,0.0678811369382806,3.75025993307825,45.2667558535311,57.7387572878615,2015
"Seoul","Total","20-24",262458,388986,0.597113489417356,0.71611141814651,0.978570560331641,0.0214294396683592,0.71611141814651,0.0153458664309938,3.54219242465506,41.5164959204528,57.9749112615866,2015
"Seoul","Total","25-29",295006,414685,0.584317681920723,0.700765551715516,0.94688893724963,0.0531110627503697,0.700765551715516,0.0372184031904602,3.41078175060143,37.9743034957978,54.1897406384124,2015
"Seoul","Total","30-34",374491,463829,0.553283948850081,0.663547148525056,0.921115708138308,0.0788842918616923,0.663547148525056,0.0523434469282442,3.18687712530467,34.5635217451963,52.0890215895355,2015
"Seoul","Total","35-39",396724,412320,0.509638536346602,0.611203701596812,0.948078222343334,0.0519217776566659,0.611203701596812,0.0317347826972409,2.97668155124096,31.3766446198917,51.3358223091876,2015
"Seoul","Total","40-44",422698,395180,0.483177197577145,0.579468918899571,0.999999,1e-06,0.579468918899571,5.79468918899571e-07,2.89734314582556,28.3999630686507,49.0103302219955,2015
"Seoul","Total","45-49",322768,302587,0.483864365040657,0.580293031024855,0.980613514201598,0.0193864857984024,0.579468339430652,0.0112338547329962,2.86925706032077,25.5026199228252,44.0103767323723,2015
"Seoul","Total","50-54",236529,213560,0.474483935399443,0.56904318841998,0.999999,1e-06,0.568234484697656,5.68234484697656e-07,2.84117100290207,22.6333628625044,39.8310265779576,2015
"Seoul","Total","55-59",202776,190157,0.48394255509209,0.580386803464448,0.999999,1e-06,0.568233916463171,5.68233916463171e-07,2.84116816173106,19.7921918596023,34.8310639090216,2015
"Seoul","Total","60-64",108327,113545,0.511759032234802,0.613746788203605,0.999999,1e-06,0.568233348229255,5.68233348229255e-07,2.8411653205629,16.9510236978713,29.8310962401178,2015
"Seoul","Total","65-69",82226,89218,0.520391498098504,0.624099606355125,0.999999,1e-06,0.568232779995906,5.68232779995906e-07,2.84116247939758,14.1098583773084,24.8311235712414,2015
"Seoul","Total","70-74",53774,59129,0.523715047430095,0.628085501276788,0.990352467731738,0.00964753226826198,0.568232211763126,0.00548203859885064,2.8274559623185,11.2686958979108,19.8311459023873,2015
"Seoul","Total","75-79",37643,40562,0.518662489610639,0.622026026135993,0.999999,1e-06,0.562750173164276,5.62750173164276e-07,2.81374945894594,8.44123993559227,14.9999775000125,2015
"Seoul","Total","80-84",18754,23352,0.554600294494846,0.665125826888802,0.999999,1e-06,0.562749610414102,5.62749610414102e-07,2.81374664519649,5.62749047664633,9.9999900000025,2015
"Seoul","Total","85+",8884,12091,0.576448152562575,0.69132771463984,0.999999,1e-06,0.562749047664492,5.62749047664492e-07,2.81374383144984,2.81374383144984,4.9999975,2015
"Metros","Female","0-4",14322,150559,0.91313735360654,1,0.961080544975344,0.0389194550246557,1,0.0389194550246557,4.90270136243836,61.9877124747223,61.9877124747223,2020
"Metros","Female","5-9",27332,195966,0.877598545441518,0.961080544975344,0.973724128898236,0.0262758711017642,0.961080544975344,0.0252532285181855,4.74226965358126,57.085011112284,59.3966982379697,2020
"Metros","Female","10-14",30971,181945,0.854538879182401,0.935827316457159,0.956829383049459,0.0431706169505415,0.935827316457159,0.0404002426106252,4.57813597575923,52.3427414587027,55.9320512857661,2020
"Metros","Female","15-19",40395,181127,0.817647908559872,0.895427073846534,0.884286754043231,0.115713245956769,0.895427073846534,0.103612773232354,4.21810343615178,47.7646054829435,53.3428202899411,2020
"Metros","Female","20-24",88064,229897,0.723035215010646,0.79181430061418,0.878137383675945,0.121862616324055,0.79181430061418,0.0964925623156457,3.71784009728179,43.5465020467917,54.9958519478801,2020
"Metros","Female","25-29",129768,225687,0.634924252015023,0.695321738298534,0.909569179851825,0.0904308201481753,0.695321738298534,0.0628785150611913,3.31941240383969,39.8286619495099,57.2809100531955,2020
"Metros","Female","30-34",132955,181737,0.577507531173338,0.632443223237343,0.98298845810798,0.0170115418920197,0.632443223237343,0.010758834386426,3.13531903022065,36.5092495456702,57.7273155980502,2020
"Metros","Female","35-39",164551,216075,0.567683237613826,0.621684388850917,0.999999,1e-06,0.621684388850917,6.21684388850917e-07,3.10842039004361,33.3739305154495,53.6830763550873,2020
"Metros","Female","40-44",160379,212800,0.570235731378239,0.624479689858298,0.999999,1e-06,0.621683767166528,6.21683767166528e-07,3.10841728162322,30.2655101254059,48.6831275382148,2020
"Metros","Female","45-49",149262,216278,0.59166712261312,0.6479497528781,0.991124701772414,0.00887529822758637,0.621683145482761,0.00551762331922347,3.09462166911575,27.1570928437827,43.6831737213885,2020
"Metros","Female","50-54",128556,182278,0.586415900448471,0.642199005584816,0.991289735105624,0.00871026489437576,0.616165522163537,0.00536696491682577,3.06741019852562,24.062471174667,39.0519597561652,2020
"Metros","Female","55-59",107760,149613,0.581308062617291,0.636605282131268,0.999999,1e-06,0.610798557246712,6.10798557246712e-07,3.05399125923716,20.9950609761413,34.3731345253671,2020
"Metros","Female","60-64",103945,145861,0.583897104152823,0.639440607534731,0.977208271780988,0.0227917282190119,0.610797946448154,0.0139211407921769,3.01918688026033,17.9410697169042,29.3731663985335,2020
"Metros","Female","65-69",74754,99331,0.570589080047103,0.6248666509956,0.999999,1e-06,0.596876805655977,5.96876805655977e-07,2.98438253608787,14.9218828366438,24.999937500075,2020
"Metros","Female","70-74",47851,69075,0.590758257359355,0.646954431363571,0.999999,1e-06,0.596876208779172,5.96876208779172e-07,2.98437955170534,11.937500300556,19.999960000035,2020
"Metros","Female","75-79",31247,52206,0.625573676200975,0.685081684294483,0.999999,1e-06,0.596875611902963,5.96875611902963e-07,2.98437656732579,8.95312074885064,14.9999775000125,2020
"Metros","Female","80-84",19079,35373,0.649618012194226,0.711413249746586,0.999999,1e-06,0.596875015027351,5.96875015027351e-07,2.98437358294922,5.96874418152485,9.9999900000025,2020
"Metros","Female","85+",11542,23275,0.66849527529655,0.732086221920779,0.999999,1e-06,0.596874418152336,5.96874418152336e-07,2.98437059857563,2.98437059857563,4.9999975,2020
"Metros","Male","0-4",12951,162464,0.926169369780235,1,0.945547341068744,0.0544526589312561,1,0.0544526589312561,4.86386835267186,60.9482280552877,60.9482280552877,2020
"Metros","Male","5-9",28748,202600,0.875736984975016,0.945547341068744,0.963588928605133,0.0364110713948665,0.945547341068744,0.0344283917428803,4.64166572598652,56.0843597026158,59.3141742001243,2020
"Metros","Male","10-14",37546,202903,0.843850463091965,0.911118949325864,0.985007104165522,0.0149928958344784,0.911118949325864,0.0136603115000621,4.52144396787916,51.4426939766293,56.4610076595286,2020
"Metros","Male","15-19",41687,205272,0.831198700998951,0.897458637825802,0.864289243630471,0.135710756369529,0.897458637825802,0.121794790549707,4.18280621275474,46.9212500087501,52.2823537833702,2020
"Metros","Male","20-24",82878,211429,0.718396096593013,0.775663847276095,0.884996926620745,0.115003073379255,0.775663847276095,0.0892037263459283,3.65530992051565,42.7384437959954,55.0991823920637,2020
"Metros","Male","25-29",147764,257934,0.635778337581156,0.686460120930166,0.904991898410486,0.0950081015895136,0.686460120930166,0.065219272906483,3.26925242238462,39.0831338754797,56.934310798013,2020
"Metros","Male","30-34",149543,202633,0.575374244695834,0.621240848023683,0.985441587899007,0.0145584121009931,0.621240848023683,0.00904428027949919,3.08359353941967,35.8138814530951,57.648948176907,2020
"Metros","Male","35-39",171827,225000,0.566997709329254,0.612196567744184,0.999999,1e-06,0.612196567744184,6.12196567744184e-07,3.0609813082295,32.7302879136754,53.4636906480539,2020
"Metros","Male","40-44",164525,217367,0.569184481476438,0.614557660886039,0.999999,1e-06,0.612195955547616,6.12195955547616e-07,3.06097824724819,29.6693066054459,48.4637416117955,2020
"Metros","Male","45-49",147719,213093,0.590592884937308,0.637672659243142,0.999999,1e-06,0.612195343351661,6.12195343351661e-07,3.06097518626995,26.6083283581977,43.4637875755831,2020
"Metros","Male","50-54",114263,180365,0.612178747437446,0.66097926298589,0.983401475976863,0.016598524023137,0.612194731156317,0.010161528951936,3.03556983340175,23.5473531719278,38.4638285394116,2020
"Metros","Male","55-59",99383,150334,0.602017483791652,0.650007982810424,0.999999,1e-06,0.602033202204381,6.02033202204381e-07,3.0101645059389,20.511783338526,34.0708506830203,2020
"Metros","Male","60-64",87004,138906,0.61487317958479,0.663888484814273,0.979497923336953,0.0205020766630469,0.602032600171179,0.012342918522363,2.97930570454999,17.5016188325871,29.0708822539025,2020
"Metros","Male","65-69",63160,95640,0.602267002518892,0.650277392202896,0.999999,1e-06,0.589689681648816,5.89689681648816e-07,2.94844693401988,14.5223131280371,24.6270429684841,2020
"Metros","Male","70-74",35336,65345,0.649030104985052,0.700768267837508,0.999999,1e-06,0.589689091959135,5.89689091959135e-07,2.94844398557294,11.5738661940173,19.6270650955492,2020
"Metros","Male","75-79",20767,42512,0.671818454779627,0.725373216498229,0.970167353944206,0.0298326460557937,0.589688502270043,0.0175919683713933,2.90446259042173,8.62542220844431,14.6270822226315,2020
"Metros","Male","80-84",12262,22951,0.651776332604436,0.703733414072084,0.999999,1e-06,0.572096533898649,5.72096533898649e-07,2.86048123925191,5.72095961802258,9.9999900000025,2020
"Metros","Male","85+",5025,10434,0.674946633029303,0.728750760986035,0.999999,1e-06,0.572095961802115,5.72095961802115e-07,2.86047837877067,2.86047837877067,4.9999975,2020
"Metros","Total","0-4",27273,313023,0.919855067353128,1,0.953031967588514,0.0469680324114861,1,0.0469680324114861,4.88257991897128,61.6824080047922,61.6824080047922,2020
"Metros","Total","5-9",56080,398566,0.876651284735816,0.953031967588514,0.968309897528137,0.0316901024718629,0.953031967588514,0.0302016807118411,4.68965563616297,56.7998280858209,59.5990795875854,2020
"Metros","Total","10-14",68517,384848,0.848870115690448,0.922830286876673,0.971634142362155,0.0283658576378447,0.922830286876673,0.0261768725414351,4.54870925302978,52.110172449658,56.4677744008872,2020
"Metros","Total","15-19",82082,386399,0.824791186835752,0.896653414335238,0.873924551796588,0.126075448203412,0.896653414335238,0.113045981095435,4.2006521189376,47.5614631966282,53.0433079674262,2020
"Metros","Total","20-24",170942,441326,0.72080526828121,0.783607433239803,0.881485626498275,0.118514373501725,0.783607433239803,0.0928687440217097,3.68586530614474,43.3608110776906,55.3348644210999,2020
"Metros","Total","25-29",277532,483621,0.63537948349412,0.690738689218093,0.90714438840325,0.0928556115967497,0.690738689218093,0.0641389634408832,3.29334603748826,39.6749457715459,57.438429887947,2020
"Metros","Total","30-34",282498,384370,0.576380932958247,0.62659972577721,0.984302738553512,0.0156972614464875,0.62659972577721,0.00983589971782225,3.10840887959149,36.3815997340576,58.061946466592,2020
"Metros","Total","35-39",336378,441075,0.567333330760831,0.616763826059387,0.999999,1e-06,0.616763826059387,6.16763826059387e-07,3.08381758838737,33.2731908544661,53.9480258870796,2020
"Metros","Total","40-44",324904,430167,0.569704041076932,0.619341091109329,0.999999,1e-06,0.616763209295561,6.16763209295561e-07,3.08381450456978,30.1893732660787,48.948077335157,2020
"Metros","Total","45-49",296981,429371,0.591133500011014,0.642637651289995,0.999999,1e-06,0.616762592532352,6.16762592532352e-07,3.08381142075528,27.105558761509,43.9481237832807,2020
"Metros","Total","50-54",242819,362643,0.598952535419234,0.651137941918081,0.987568135570581,0.0124318644294193,0.61676197576976,0.00766750126799047,3.06464112567882,24.0217473407537,38.948165231446,2020
"Metros","Total","55-59",207143,299947,0.591506438699245,0.643043083299304,0.999999,1e-06,0.609094474501769,6.09094474501769e-07,3.04547084977266,20.9571062150748,34.4069879015361,2020
"Metros","Total","60-64",190949,284767,0.598607152166419,0.650762466188183,0.978439307670518,0.0215606923294819,0.609093865407294,0.0131324854318215,3.01263811345692,17.9116353653022,29.4070198085559,2020
"Metros","Total","65-69",137914,194971,0.585700767532331,0.636731576875125,0.999999,1e-06,0.595961379975473,5.95961379975473e-07,2.97980540997391,14.8989972518453,24.999937500075,2020
"Metros","Total","70-74",83187,134420,0.617719099109863,0.671539594696524,0.999999,1e-06,0.595960784014093,5.95960784014093e-07,2.9798024301685,11.9191918418714,19.999960000035,2020
"Metros","Total","75-79",52014,94718,0.645516996974075,0.701759461772106,0.999999,1e-06,0.595960188053309,5.95960188053309e-07,2.97979945036607,8.93938941170285,14.9999775000125,2020
"Metros","Total","80-84",31341,58324,0.650465622037584,0.707139249566012,0.999999,1e-06,0.595959592093121,5.95959592093121e-07,2.97979647056662,5.95958996133678,9.9999900000025,2020
"Metros","Total","85+",16567,33709,0.670478956161986,0.72889630112196,0.999999,1e-06,0.595958996133529,5.95958996133529e-07,2.97979349077015,2.97979349077015,4.9999975,2020
"Provinces","Female","0-4",12610,218701,0.945484650535426,1,0.959179306005568,0.0408206939944324,1,0.0408206939944324,4.89794826501392,50.9783394117026,50.9783394117026,2020
"Provinces","Female","5-9",28778,280295,0.906889310939487,0.959179306005568,0.972544735211025,0.0274552647889748,0.959179306005568,0.0263345218264879,4.73006022546162,46.0803911466887,48.0414776029595,2020
"Provinces","Female","10-14",37072,277072,0.881990424773352,0.93284478417908,0.94200384093855,0.0579961590614503,0.93284478417908,0.0541014144828942,4.52897038468816,41.3503309212271,44.3271288241335,2020
"Provinces","Female","15-19",51269,251808,0.830838367807521,0.878743369696185,0.795572268835584,0.204427731164416,0.878743369696185,0.179639513342765,3.94461806512401,36.8213605365389,41.9022911652459,2020
"Provinces","Female","20-24",149490,291473,0.660991965312282,0.69910385635342,0.860143312731817,0.139856687268183,0.69910385635342,0.0977743494060007,3.2510834082521,32.8767424714149,47.0269791428451,2020
"Provinces","Female","25-29",195900,258148,0.568547818732821,0.60132950694742,0.919557436764229,0.0804425632357708,0.60132950694742,0.0483724868881527,2.88571631751672,29.6256590631628,49.2669305611728,2020
"Provinces","Female","30-34",216898,237636,0.522812374871847,0.552957020059267,0.948072182270742,0.0519278177292584,0.552957020059267,0.0287138513497515,2.69300047192196,26.7399427456461,48.3580853043154,2020
"Provinces","Female","35-39",328111,322469,0.495663869162901,0.524243168709515,0.926884908160693,0.0731150918393065,0.524243168709515,0.0383300874263253,2.52539062498176,24.0469422737241,45.8698247473943,2020
"Provinces","Female","40-44",442762,376293,0.459423359847629,0.48591308128319,0.966624747427357,0.0333752525726431,0.48591308128319,0.0162174718161777,2.38902172687551,21.5215516487424,44.2909493029261,2020
"Provinces","Female","45-49",590571,471779,0.444089989174942,0.469695609467012,0.916947094245661,0.0830529057543391,0.469695609467012,0.0390095851862906,2.25095408436934,19.1325299218669,40.7338913463073,2020
"Provinces","Female","50-54",739249,507812,0.40720702515755,0.430686024280722,0.978588361516228,0.0214116384837724,0.430686024280722,0.00922169345191202,2.13037588777383,16.8815758374975,39.1969436800069,2020
"Provinces","Female","55-59",784620,519793,0.398488055546825,0.42146433082881,0.999999,1e-06,0.42146433082881,4.2146433082881e-07,2.10732060048322,14.7511999497237,34.9998775002275,2020
"Provinces","Female","60-64",729540,524007,0.418019428070906,0.44212185553111,0.999999,1e-06,0.421463909364479,4.21463909364479e-07,2.10731849316262,12.6438793492405,29.9999100001375,2020
"Provinces","Female","65-69",526991,397408,0.429909595315443,0.454697593527283,0.999999,1e-06,0.42146348790057,4.2146348790057e-07,2.10731638584413,10.5365608560779,24.999937500075,2020
"Provinces","Female","70-74",387771,314618,0.447925579700138,0.473752354886437,0.999999,1e-06,0.421463066437082,4.21463066437082e-07,2.10731427852774,8.42924447023373,19.999960000035,2020
"Provinces","Female","75-79",297918,307215,0.507681782351979,0.536954018306357,0.999999,1e-06,0.421462644974015,4.21462644974015e-07,2.10731217121346,6.32193019170598,14.9999775000125,2020
"Provinces","Female","80-84",190513,245318,0.562874141582402,0.595328693346473,0.999999,1e-06,0.42146222351137,4.2146222351137e-07,2.10731006390129,4.21461802049252,9.9999900000025,2020
"Provinces","Female","85+",127080,179286,0.585202013278236,0.618943959531058,0.999999,1e-06,0.421461802049147,4.21461802049147e-07,2.10730795659123,2.10730795659123,4.9999975,2020
"Provinces","Male","0-4",11792,237428,0.952684375250782,1,0.956107777423013,0.0438922225769866,1,0.0438922225769866,4.89026944355753,53.2963244971072,53.2963244971072,2020
"Provinces","Male","5-9",30401,310681,0.910868940606658,0.956107777423013,0.971745858974101,0.0282541410258992,0.956107777423013,0.0270140039792688,4.7130038771669,48.4060550535496,50.6282410797012,2020
"Provinces","Male","10-14",38536,296948,0.885133121102646,0.929093773443745,0.954121261792237,0.0458787382077629,0.929093773443745,0.0426256500022881,4.538904742213,43.6930511763827,47.0276009002102,2020
"Provinces","Male","15-19",50818,276037,0.844524330360557,0.886468123441456,0.849274767907877,0.150725232092123,0.886468123441456,0.133613113647982,4.09830783308733,39.1541464341697,44.1687020647342,2020
"Provinces","Male","20-24",116177,294681,0.717233204659517,0.752855009793474,0.864410717818506,0.135589282181494,0.752855009793474,0.102079070364639,3.50907737305577,35.0558386010824,46.5638644162029,2020
"Provinces","Male","25-29",194651,317567,0.619984069283001,0.650775939428835,0.901658593089656,0.0983414069103437,0.650775939428835,0.0639982214668322,3.09388414347709,31.5467612280266,48.4756109079789,2020
"Provinces","Male","30-34",220467,279474,0.55901396364771,0.586777717962003,0.944892903478983,0.0551070965210172,0.586777717962003,0.0323356163401143,2.85304954895973,28.4528770845495,48.4900435268267,2020
"Provinces","Male","35-39",326728,365798,0.52820832719638,0.554442101621888,0.928962934058737,0.0710370659412627,0.554442101621888,0.0393859401335264,2.67374565777563,25.5998275355898,46.1722287335388,2020
"Provinces","Male","40-44",429120,413425,0.490685957426606,0.515056161488362,0.953144431529297,0.0468555684707035,0.515056161488362,0.0241332492408757,2.51494768433962,22.9260818778142,44.511809763744,2020
"Provinces","Male","45-49",573187,503614,0.467694587950791,0.490922912247486,0.949672143278816,0.0503278567211844,0.490922912247486,0.0247070979887381,2.39284681626559,20.4111341934746,41.5770657352917,2020
"Provinces","Male","50-54",703142,561858,0.44415652173913,0.466215814258748,0.964782783268744,0.0352172167312563,0.466215814258748,0.0164188233742895,2.29003201285802,18.018287377209,38.6479540722076,2020
"Provinces","Male","55-59",748019,560884,0.428514565250443,0.449796990884459,0.999999,1e-06,0.449796990884459,4.49796990884459e-07,2.24898382992982,15.728255364351,34.9674535025761,2020
"Provinces","Male","60-64",667661,537620,0.446053658856316,0.468207173796567,0.99881994168122,0.00118005831878043,0.449796541087468,0.00053078615006893,2.24765574006217,13.4792715344212,29.9674859700621,2020
"Provinces","Male","65-69",484913,389635,0.445527289525561,0.467654662026215,0.999999,1e-06,0.449265754937399,4.49265754937399e-07,2.24632765152261,11.231615794359,24.999937500075,2020
"Provinces","Male","70-74",341329,288964,0.458459795682326,0.4812294686387,0.999999,1e-06,0.449265305671644,4.49265305671644e-07,2.24632540519496,8.98528814283638,19.999960000035,2020
"Provinces","Male","75-79",236073,217066,0.479027406601506,0.502818581941588,0.999999,1e-06,0.449264856406338,4.49264856406338e-07,2.24632315886955,6.73896273764142,14.9999775000125,2020
"Provinces","Male","80-84",133392,146738,0.523821083068575,0.549836962457462,0.999999,1e-06,0.449264407141482,4.49264407141482e-07,2.24632091254639,4.49263957877187,9.9999900000025,2020
"Provinces","Male","85+",56840,75428,0.570266428765839,0.59858904331849,0.999999,1e-06,0.449263957877075,4.49263957877075e-07,2.24631866622548,2.24631866622548,4.9999975,2020
"Provinces","Total","0-4",24402,456129,0.949218676838747,1,0.957605567882159,0.0423944321178412,1,0.0423944321178412,4.8940139197054,52.1576099197999,52.1576099197999,2020
"Provinces","Total","5-9",59179,590976,0.90897709007852,0.957605567882159,0.972096437515369,0.0279035624846314,0.957605567882159,0.0267206067990308,4.72122632241322,47.2635960000945,49.3560162819674,2020
"Provinces","Total","10-14",75608,574020,0.883613391048415,0.930884961083128,0.94831026681786,0.05168973318214,0.930884961083128,0.0481171952616537,4.53413181726151,42.5423696776813,45.7009957795228,2020
"Provinces","Total","15-19",102087,527845,0.837939650628957,0.882767765821474,0.821203230371559,0.178796769628441,0.882767765821474,0.157836024860996,4.01924876695488,38.0082378604198,43.055760905645,2020
"Provinces","Total","20-24",265667,586154,0.688118747952915,0.724931740960479,0.865859559652196,0.134140440347804,0.724931740960479,0.0972426629545387,3.38155204741605,33.9889890934649,46.885778581625,2020
"Provinces","Total","25-29",390551,575715,0.595814196090931,0.62768907800594,0.90930071382986,0.0906992861701396,0.62768907800594,0.0569309513119318,2.99611801174987,30.6074370460489,48.7620991323976,2020
"Provinces","Total","30-34",437365,517110,0.541774273815448,0.570758126694008,0.945863091598342,0.0541369084016576,0.570758126694008,0.0308990804243352,2.7765429324092,27.611319034299,48.3765674861811,2020
"Provinces","Total","35-39",654839,688267,0.512444289579527,0.539859046269673,0.92746791720386,0.0725320827961398,0.539859046269673,0.039157101042277,2.60140247874267,24.8347761018898,46.0023338934367,2020
"Provinces","Total","40-44",871882,789718,0.475275637939336,0.500701945227396,0.959384370683423,0.0406156293165775,0.500701945227396,0.0203363246054452,2.45266891462337,22.2333736231471,44.4044083213013,2020
"Provinces","Total","45-49",1163758,975393,0.455972018805592,0.480365620621951,0.933859286980092,0.0661407130199075,0.480365620621951,0.0317717246581862,2.32239879146429,19.7807047085238,41.1784354652875,2020
"Provinces","Total","50-54",1442391,1069670,0.425813704364663,0.448593895963764,0.971145599091795,0.0288544009082053,0.448593895963764,0.0129439081191122,2.21060970952104,17.4583059170595,38.9178410008273,2020
"Provinces","Total","55-59",1532639,1080677,0.413527105026717,0.435649987844652,0.999999,1e-06,0.435649987844652,4.35649987844652e-07,2.17824885009829,15.2476962075384,34.9998775002275,2020
"Provinces","Total","60-64",1397201,1061627,0.43176139201278,0.454859773145959,0.999999,1e-06,0.435649552194664,4.35649552194664e-07,2.17824667184944,13.0694473574401,29.9999100001375,2020
"Provinces","Total","65-69",1011904,787043,0.43750204981025,0.460907544789674,0.999999,1e-06,0.435649116545112,4.35649116545112e-07,2.17824449360277,10.8912006855907,24.999937500075,2020
"Provinces","Total","70-74",729100,603582,0.452907745433644,0.477137414680879,0.999999,1e-06,0.435648680895996,4.35648680895996e-07,2.17824231535828,8.71295619198792,19.999960000035,2020
"Provinces","Total","75-79",533991,524281,0.495412332557225,0.521915913208886,0.999999,1e-06,0.435648245247315,4.35648245247315e-07,2.17824013711596,6.53471387662965,14.9999775000125,2020
"Provinces","Total","80-84",323905,392056,0.547594072861511,0.576889273486699,0.999999,1e-06,0.435647809599069,4.35647809599069e-07,2.17823795887582,4.35647373951369,9.9999900000025,2020
"Provinces","Total","85+",183920,254714,0.580698258684917,0.611764467824063,0.999999,1e-06,0.43564737395126,4.3564737395126e-07,2.17823578063786,2.17823578063786,4.9999975,2020
"Rest Capital","Female","0-4",13687,255136,0.949085457717532,1,0.947967533577159,0.052032466422841,1,0.052032466422841,4.8699188339429,69.8877747051059,69.8877747051059,2020
"Rest Capital","Female","5-9",33747,302721,0.899702200506437,0.947967533577159,0.975709034992897,0.0242909650071031,0.947967533577159,0.0230270461859927,4.68227005242081,65.017855871163,68.5865850550998,2020
"Rest Capital","Female","10-14",40141,288473,0.877847565837122,0.924940487391166,0.983020301652819,0.0169796983471814,0.924940487391166,0.0157052104649969,4.58543941079334,60.3355858187422,65.2318572289135,2020
"Rest Capital","Female","15-19",42697,268828,0.8629419789744,0.90923527692617,0.917102671688908,0.0828973283110924,0.90923527692617,0.0753731752633757,4.35774344647241,55.7501464079489,61.3154238762294,2020
"Rest Capital","Female","20-24",80111,303942,0.791406394429935,0.833862101662794,0.946822204583757,0.0531777954162426,0.833862101662794,0.0443429482475821,4.05845313769501,51.3924029614765,61.6317768357568,2020
"Rest Capital","Female","25-29",98410,294164,0.749321147095834,0.789519153415212,0.9803517164177,0.0196482835823002,0.789519153415212,0.0155126962199597,3.90881402652616,47.3339498237815,59.9528834975436,2020
"Rest Capital","Female","30-34",81128,224552,0.734598272703481,0.774006457195252,0.999999,1e-06,0.774006457195252,7.74006457195252e-07,3.87003035096012,43.4251357972553,56.1043585535628,2020
"Rest Capital","Female","35-39",69937,211761,0.75173057671691,0.792057839053563,0.999999,1e-06,0.774005683188795,7.74005683188795e-07,3.87002648092977,39.5551054462952,51.104412157975,2020
"Rest Capital","Female","40-44",58704,190207,0.764156666439008,0.805150537525608,0.999999,1e-06,0.774004909183111,7.74004909183111e-07,3.87002261090328,35.6850789653654,46.1044607624358,2020
"Rest Capital","Female","45-49",55875,184808,0.767848165429216,0.80904007029654,0.951831298404238,0.0481687015957625,0.774004135178202,0.037282774221285,3.7768137403378,31.8150563544621,41.1045043669401,2020
"Rest Capital","Female","50-54",63213,171659,0.730861916277802,0.770069660571412,0.98660591365075,0.0133940863492504,0.736721360956917,0.00986770952399425,3.6589375309746,28.0382426141243,38.0581371737421,2020
"Rest Capital","Female","55-59",67118,173511,0.721072688661799,0.75975528104278,0.988128950313102,0.011871049686898,0.726853651432923,0.00862851581126347,3.61269696763646,24.3793050831497,33.5408717216846,2020
"Rest Capital","Female","60-64",62893,155875,0.71251279894683,0.750736188351638,0.967269100008875,0.0327308999911246,0.71822513562166,0.0235081550851444,3.53235529039544,20.7666081155133,28.9137863401825,2020
"Rest Capital","Female","65-69",46772,103713,0.689191613782105,0.726163917250983,0.999999,1e-06,0.694716980536515,6.94716980536515e-07,3.47358316589012,17.2342528251178,24.8075882812137,2020
"Rest Capital","Female","70-74",30878,77874,0.71606958952479,0.754483786156492,0.989007590941872,0.0109924090581279,0.694716285819535,0.00763660559307164,3.45448991511499,13.7606696592277,19.8076105888243,2020
"Rest Capital","Female","75-79",27364,66412,0.708198259682648,0.746190191751335,0.999999,1e-06,0.687079680226463,6.87079680226463e-07,3.43539668343311,10.3061797441127,14.9999775000125,2020
"Rest Capital","Female","80-84",17018,50766,0.748937802431252,0.789115243881602,0.999999,1e-06,0.687078993146783,6.87078993146783e-07,3.43539324803643,6.87078306067961,9.9999900000025,2020
"Rest Capital","Female","85+",11076,36301,0.766215674272326,0.807320002684488,0.999999,1e-06,0.68707830606779,6.8707830606779e-07,3.43538981264318,3.43538981264318,4.9999975,2020
"Rest Capital","Male","0-4",14717,262860,0.946980477489129,1,0.942802243614802,0.0571977563851978,1,0.0571977563851978,4.85700560903701,72.0378673943714,72.0378673943714,2020
"Rest Capital","Male","5-9",39082,325541,0.892815318836168,0.942802243614802,0.987930104184498,0.0120698958155019,0.942802243614802,0.0113795248550521,4.68556240593638,67.1808617853344,71.2565781852151,2020
"Rest Capital","Male","10-14",42366,316787,0.882039130955331,0.93142271875975,0.98261275369404,0.0173872463059599,0.93142271875975,0.0161948762260426,4.61662640323364,62.495299379398,67.0966019194964,2020
"Rest Capital","Male","15-19",43166,280667,0.866702899333916,0.915227842533708,0.922818529392643,0.0771814706073566,0.915227842533708,0.0706386308275497,4.39954263559966,57.8786729761643,63.2396331124866,2020
"Rest Capital","Male","20-24",67464,269535,0.799809494983665,0.844589211706158,0.981363771163532,0.018636228836468,0.844589211706158,0.0157399578221681,4.18359616397537,53.4791303405647,63.3196938811606,2020
"Rest Capital","Male","25-29",91419,333596,0.784904062209569,0.82884925388399,0.942699943835575,0.0573000561644248,0.82884925388399,0.0474931087993942,4.02551349742146,49.2955341765893,59.4746679756184,2020
"Rest Capital","Male","30-34",83314,237037,0.739929015361276,0.781356145084596,0.999999,1e-06,0.781356145084596,7.81356145084596e-07,3.90677877203262,45.2700206791678,57.9377547152542,2020
"Rest Capital","Male","35-39",67896,230693,0.7726105114388,0.815867412058312,0.999999,1e-06,0.78135536372845,7.8135536372845e-07,3.90677486525384,41.3632419071352,52.9378101530643,2020
"Rest Capital","Male","40-44",54834,198736,0.783752021138147,0.827632712361955,0.999999,1e-06,0.781354582373087,7.81354582373087e-07,3.90677095847898,37.4564670418814,47.9378605909249,2020
"Rest Capital","Male","45-49",50338,188665,0.789383396861127,0.833579377427228,0.99601585952676,0.00398414047324003,0.781353801018504,0.00311302330255776,3.89898644683613,33.5496960834024,42.9379060288309,2020
"Rest Capital","Male","50-54",48507,178414,0.786238382520789,0.830258280091962,0.987997365996907,0.012002634003093,0.778240777715947,0.00934093922120695,3.86785154052672,29.6507096365663,38.0996607805465,2020
"Rest Capital","Male","55-59",52301,182024,0.776801450976208,0.82029299382798,0.997885733321598,0.00211426667840198,0.76889983849474,0.00162565930755809,3.8404350442048,25.7828580960396,33.5321413859498,2020
"Rest Capital","Male","60-64",45792,157872,0.775159085552675,0.818558675684603,0.962834561079488,0.0371654389205125,0.767274179187182,0.0285160816418676,3.76508069183124,21.9424230518347,28.5978906198559,2020
"Rest Capital","Male","65-69",35250,103721,0.746349957904887,0.788136583220592,0.982458185332866,0.0175418146671339,0.738758097545314,0.0129591576309843,3.66139259364911,18.1773423600035,24.6052698716965,2020
"Rest Capital","Male","70-74",24898,68443,0.733257625266496,0.774311237345348,0.999999,1e-06,0.72579893991433,7.2579893991433e-07,3.6289928850743,14.5159497663544,19.999960000035,2020
"Rest Capital","Male","75-79",18523,51286,0.734661719835551,0.775793944330795,0.999999,1e-06,0.72579821411539,7.2579821411539e-07,3.62898925608141,10.8869568812801,14.9999775000125,2020
"Rest Capital","Male","80-84",11539,35577,0.755093811019611,0.797369986994562,0.999999,1e-06,0.725797488317176,7.25797488317176e-07,3.62898562709216,7.25796762519869,9.9999900000025,2020
"Rest Capital","Male","85+",4929,17026,0.775495331359599,0.8189137472145,0.999999,1e-06,0.725796762519687,7.25796762519687e-07,3.62898199810653,3.62898199810653,4.9999975,2020
"Rest Capital","Total","0-4",28404,517996,0.948016105417277,1,0.945258703905329,0.0547412960946712,1,0.0547412960946712,4.86314675976332,71.0719102718261,71.0719102718261,2020
"Rest Capital","Total","5-9",72829,628262,0.896120475088113,0.945258703905329,0.982051445250408,0.0179485547495919,0.945258703905329,0.0169660275995731,4.68387845052771,66.2087635120628,70.0430085843397,2020
"Rest Capital","Total","10-14",82507,605260,0.880036407678763,0.928292676305756,0.982753508176658,0.0172464918233421,0.928292676305756,0.0160097920515756,4.60143890139984,61.5248850615351,66.2774646745897,2020
"Rest Capital","Total","15-19",85863,549495,0.864858866969488,0.91228288425418,0.91961104026491,0.0803889597350902,0.91228288425418,0.0733374720493212,4.3780707411476,56.9234461601353,62.3967051696601,2020
"Rest Capital","Total","20-24",147575,573477,0.795333762336142,0.838945412204859,0.965404193533216,0.0345958064667843,0.838945412204859,0.0290239931168359,4.1221670782322,52.5453754189877,62.6326512482993,2020
"Rest Capital","Total","25-29",189829,627760,0.767818549417862,0.809921419088023,0.960286915981847,0.0397130840181533,0.809921419088023,0.0321644773643446,3.96919590202925,48.4232083407555,59.7875388889953,2020
"Rest Capital","Total","30-34",164442,461589,0.737326106854133,0.777756941723678,0.999999,1e-06,0.777756941723678,7.77756941723678e-07,3.88878276422604,44.4540124387262,57.156690032501,2020
"Rest Capital","Total","35-39",137833,442454,0.762474430755816,0.804284258884195,0.999999,1e-06,0.777756163966737,7.77756163966737e-07,3.88877887544327,40.5652296745002,52.1567446892457,2020
"Rest Capital","Total","40-44",113538,388943,0.774045187778244,0.816489491428568,0.999999,1e-06,0.777755386210573,7.77755386210573e-07,3.8887749866644,36.6764507990569,47.15679434604,2020
"Rest Capital","Total","45-49",106213,373473,0.778578069820674,0.82127093133927,0.97366398039196,0.02633601960804,0.777754608455186,0.0204829606185193,3.83756564072963,32.7876758123925,42.156839002879,2020
"Rest Capital","Total","50-54",111720,350073,0.758073422507487,0.799641923988006,0.987460063159204,0.0125399368407957,0.757271647836667,0.00949613863519708,3.76261789259534,28.9501101716629,38.2294916947782,2020
"Rest Capital","Total","55-59",119419,355535,0.748567229668557,0.789614464765944,0.992183411173432,0.00781658882656822,0.74777550920147,0.00584505369000557,3.72426491178234,25.1874922790675,33.6832270770202,2020
"Rest Capital","Total","60-64",108685,313747,0.742715987425195,0.783442373163358,0.964882907829639,0.035117092170361,0.741930455511465,0.026054440190194,3.64451617708184,21.4632273672852,28.9288938172636,2020
"Rest Capital","Total","65-69",82022,207434,0.716633961638384,0.755930155134814,0.999999,1e-06,0.71587601532127,7.1587601532127e-07,3.57937828691631,17.8187111902034,24.8907783035679,2020
"Rest Capital","Total","70-74",55776,146317,0.724008253625806,0.76370881200075,0.99376131737062,0.00623868262937977,0.715875299445255,0.00446611879545115,3.56821120023765,14.239332903287,19.8908006943686,2020
"Rest Capital","Total","75-79",45887,117698,0.719491395910383,0.758944275101416,0.999999,1e-06,0.711409180649804,7.11409180649804e-07,3.55704412472607,10.6711217030494,14.9999775000125,2020
"Rest Capital","Total","80-84",28557,86343,0.751462140992167,0.792668116815806,0.999999,1e-06,0.711408469240623,7.11408469240623e-07,3.55704056768194,7.11407757832332,9.9999900000025,2020
"Rest Capital","Total","85+",16005,53327,0.769154214504125,0.811330324568247,0.999999,1e-06,0.711407757832154,7.11407757832154e-07,3.55703701064138,3.55703701064138,4.9999975,2020
"Seoul","Female","0-4",23782,119770,0.834331810075791,1,0.84973075201074,0.15026924798926,1,0.15026924798926,4.62432688002685,56.5664549078147,56.5664549078147,2020
"Seoul","Female","5-9",57985,141247,0.708957396402184,0.84973075201074,0.978588024441612,0.0214119755583883,0.84973075201074,0.0181944140932648,4.20316772482054,51.9421280277879,61.1277488838386,2020
"Seoul","Female","10-14",62723,142105,0.693777217958482,0.831536337917475,0.961167700101196,0.0388322998988044,0.831536337917475,0.032290468450765,4.07695551846046,47.7389603029673,57.4105521624301,2020
"Seoul","Female","15-19",72689,145489,0.66683625296776,0.79924586946671,0.966489586401269,0.0335104135987314,0.79924586946671,0.0267830596529072,3.92927169820128,43.6620047845069,54.6290027293353,2020
"Seoul","Female","20-24",109759,198978,0.644490294328182,0.772462809813803,0.92718402519138,0.0728159748086198,0.772462809813803,0.0562476324999976,3.72169496781902,39.7327330863056,51.4364349733327,2020
"Seoul","Female","25-29",151379,224775,0.597561105291981,0.716215177313806,0.88510005191842,0.114899948081579,0.716215177313806,0.0822930866885955,3.37534316984754,36.0110381184866,50.279635588773,2020
"Seoul","Female","30-34",162448,182380,0.528901365318362,0.63392209062521,0.910642001626018,0.0893579983739824,0.63392209062521,0.0566460091433191,3.02799543026775,32.635694948639,51.4821859519864,2020
"Seoul","Female","35-39",206396,191775,0.481639797976246,0.577276081481891,0.983323658720788,0.0166763412792124,0.577276081481891,0.00962685294711842,2.86231327504166,29.6076995183713,51.2886302899768,2020
"Seoul","Female","40-44",203429,183030,0.473607808331544,0.567649228534773,0.971211380528259,0.0287886194717409,0.567649228534773,0.0163418376337149,2.79739154858958,26.7453862433296,47.116044378965,2020
"Seoul","Female","45-49",211104,179810,0.459973293358642,0.551307390901058,0.977658281377607,0.0223417186223933,0.551307390901058,0.0123171546019572,2.7257440680004,23.94799469474,43.438551867769,2020
"Seoul","Female","50-54",165381,135146,0.449696699464607,0.538990236299101,0.999999,1e-06,0.538990236299101,5.38990236299101e-07,2.69494983401991,21.2222506267396,39.3740910270642,2020
"Seoul","Female","55-59",121122,105094,0.464573681790855,0.556821250467068,0.999999,1e-06,0.538989697308864,5.38989697308864e-07,2.69494713907008,18.5273007927197,34.3741279011921,2020
"Seoul","Female","60-64",104548,92879,0.470447304573336,0.56386116277959,0.999999,1e-06,0.538989158319167,5.38989158319167e-07,2.69494444412294,15.8323536536496,29.3741597753519,2020
"Seoul","Female","65-69",61500,54978,0.472003296759903,0.565726118865138,0.999999,1e-06,0.538988619330009,5.38988619330009e-07,2.6949417491785,13.1374092095267,24.3741866495385,2020
"Seoul","Female","70-74",45149,44222,0.494813753902273,0.593065909661677,0.999999,1e-06,0.538988080341389,5.38988080341389e-07,2.69493905423675,10.4424674603482,19.3742085237471,2020
"Seoul","Female","75-79",28023,34162,0.549360778322747,0.658444004757343,0.94993879178864,0.0500612082113602,0.538987541353309,0.0269823675310171,2.627481787939,7.74752840611146,14.3742253979725,2020
"Seoul","Female","80-84",19752,21558,0.521859114015977,0.625481502339663,0.999999,1e-06,0.512005173822292,5.12005173822292e-07,2.56002458909852,5.12004661817246,9.9999900000025,2020
"Seoul","Female","85+",11550,15823,0.57805136448325,0.692831506005673,0.999999,1e-06,0.512004661817118,5.12004661817118e-07,2.56002202907394,2.56002202907394,4.9999975,2020
"Seoul","Male","0-4",28420,130697,0.821389292156086,1,0.883116478737671,0.116883521262329,1,0.116883521262329,4.70779119684418,56.1702674257191,56.1702674257191,2020
"Seoul","Male","5-9",58005,153216,0.725382419361711,0.883116478737671,0.936867300716834,0.0631326992831658,0.883116478737671,0.0557535270841537,4.27619857597797,51.462476228875,58.2737130015234,2020
"Seoul","Male","10-14",72008,152727,0.679587069214853,0.827362951653517,0.999999,1e-06,0.827362951653517,8.27362951653517e-07,4.13681268986021,47.186277652897,57.0321375384205,2020
"Seoul","Male","15-19",73717,162718,0.688214519846892,0.837866437289899,0.902502350182447,0.0974976498175528,0.827362124290566,0.0806658626663882,3.93514596478686,43.0494649630368,52.0321920706126,2020
"Seoul","Male","20-24",101188,165880,0.621115221591505,0.756176428793128,0.918376431409834,0.0816235685901662,0.746696261624178,0.0609480135267017,3.58111127430413,39.1143189982499,52.3831723935116,2020
"Seoul","Male","25-29",175853,233505,0.570417580699534,0.694454610191265,0.92390306408336,0.07609693591664,0.685748248097476,0.0521833404904218,3.29828288926132,35.5332077239458,51.8166948621864,2020
"Seoul","Male","30-34",174570,194508,0.527010550615317,0.641608742222526,0.92535128265583,0.0746487173441696,0.633564907607054,0.0472948077071439,3.04958751876741,32.2349248346845,50.878646288088,2020
"Seoul","Male","35-39",221426,210768,0.487669888985039,0.593713472578808,0.934636120508465,0.0653638794915345,0.58627009989991,0.0383208881593477,2.83554827910118,29.1853373159171,49.7813845886046,2020
"Seoul","Male","40-44",213873,179127,0.455793893129771,0.554906056704666,0.999999,1e-06,0.547949211740563,5.47949211740562e-07,2.73974468882978,26.3497890368159,48.0880134002122,2020
"Seoul","Male","45-49",211848,180521,0.460079669902566,0.560123773582306,0.967672002174071,0.0323279978259294,0.547948663791351,0.0177140832117677,2.69545811092733,23.6100443479861,43.0880589882712,2020
"Seoul","Male","50-54",165242,132602,0.445206215334202,0.542016093447686,0.999999,1e-06,0.530234580579583,5.30234580579583e-07,2.65117157731146,20.9145862370588,39.4440253485498,2020
"Seoul","Male","55-59",114134,92839,0.448556091857392,0.54609439901507,0.999999,1e-06,0.530234050345002,5.30234050345002e-07,2.65116892613989,18.2634146597473,34.4440622926121,2020
"Seoul","Male","60-64",99535,83557,0.456366198413912,0.555602809498508,0.999999,1e-06,0.530233520110952,5.30233520110952e-07,2.65116627497096,15.6122457336074,29.4440942367064,2020
"Seoul","Male","65-69",54258,49329,0.476208404529526,0.57975969382254,0.9752960085615,0.0247039914384994,0.530232989877432,0.013098871242342,2.6184177712813,12.9610794586365,24.4441211808276,2020
"Seoul","Male","70-74",41286,35804,0.464444156181087,0.565437315309961,0.999999,1e-06,0.51713411863509,5.1713411863509e-07,2.58566930034015,10.3426616873552,19.999960000035,2020
"Seoul","Male","75-79",21713,24593,0.53109748196778,0.646584374838498,0.999999,1e-06,0.517133601500971,5.17133601500971e-07,2.58566671467085,7.756992387015,14.9999775000125,2020
"Seoul","Male","80-84",11282,13527,0.545245676972067,0.663809088064488,0.999999,1e-06,0.51713308436737,5.1713308436737e-07,2.58566412900414,5.17132567234415,9.9999900000025,2020
"Seoul","Male","85+",5255,7888,0.600167389484897,0.730673500636345,0.999999,1e-06,0.517132567234286,5.17132567234286e-07,2.58566154334001,2.58566154334001,4.9999975,2020
"Seoul","Total","0-4",52202,250467,0.827527761349857,1,0.866931385512246,0.133068614487754,1,0.133068614487754,4.66732846378061,56.9813551192508,56.9813551192508,2020
"Seoul","Total","5-9",115990,294463,0.717409788696879,0.866931385512246,0.956710308810535,0.0432896911894655,0.866931385512246,0.0375291919612805,4.24083394765803,52.3140266554702,60.3439067147849,2020
"Seoul","Total","10-14",134731,294832,0.686353340487891,0.829402193550965,0.987763322396314,0.0122366776036864,0.829402193550965,0.0101491272462735,4.12163814963914,48.0731927078122,57.9612558076243,2020
"Seoul","Total","15-19",146406,308207,0.677954655938128,0.819253066304692,0.934647381888981,0.0653526181110186,0.819253066304692,0.0535403327784915,3.96241449957723,43.951554558173,53.6483247556462,2020
"Seoul","Total","20-24",210947,364858,0.633648544212016,0.7657127335262,0.920724371400392,0.0792756285996077,0.7657127335262,0.0607023582770134,3.67680777193847,39.9891400585958,52.2247290761915,2020
"Seoul","Total","25-29",327232,458280,0.583415657558382,0.705010375249187,0.904884600672221,0.0951153993277787,0.705010375249187,0.0670573433720535,3.3574085178158,36.3123322866574,51.5060963093241,2020
"Seoul","Total","30-34",337018,376888,0.527923844315638,0.637953031877133,0.918273318796764,0.0817266812032356,0.637953031877133,0.05213778405886,3.05942069923852,32.9549237688416,51.6572884243123,2020
"Seoul","Total","35-39",427822,402543,0.484778380591668,0.585815247818273,0.958429923150737,0.0415700768492634,0.585815247818273,0.0243523848712759,2.86819527691318,29.895503069603,51.0323061424939,2020
"Seoul","Total","40-44",417302,362157,0.46462610605561,0.561462862946997,0.990100587194036,0.00989941280596385,0.561462862946997,0.00555815265553063,2.79341893309616,27.0273077926899,48.1373027074834,2020
"Seoul","Total","45-49",422952,360331,0.460026580431338,0.555904710291467,0.972686239753119,0.0273137602468815,0.555904710291467,0.0151838479770132,2.7415639315148,24.2338888595937,43.5936023044086,2020
"Seoul","Total","50-54",330623,267748,0.447461524706244,0.540720862314453,0.999999,1e-06,0.540720862314453,5.40720862314453e-07,2.70360295977011,21.4923249280789,39.7475415246326,2020
"Seoul","Total","55-59",235256,197933,0.456920651263075,0.552151447484673,0.999999,1e-06,0.540720321593591,5.40720321593591e-07,2.70360025616715,18.7887219683088,34.7475787722114,2020
"Seoul","Total","60-64",204083,176436,0.463671984841756,0.560309885054995,0.999999,1e-06,0.540719780873269,5.40719780873269e-07,2.70359755256689,16.0851217121416,29.7476110198224,2020
"Seoul","Total","65-69",115758,104307,0.473982686933406,0.572769530003741,0.999999,1e-06,0.540719240153489,5.40719240153489e-07,2.70359484896934,13.3815241595747,24.7476382674607,2020
"Seoul","Total","70-74",86435,80026,0.480749244567797,0.580946364607275,0.999999,1e-06,0.540718699434248,5.40718699434248e-07,2.70359214537449,10.6779293106054,19.7476605151212,2020
"Seoul","Total","75-79",49736,58755,0.541565659824317,0.654438056483953,0.979815004875725,0.0201849951242745,0.540718158715549,0.01091439339728,2.67630481008454,7.9743371652309,14.747677762799,2020
"Seoul","Total","80-84",31034,35085,0.530634159621289,0.641228227504685,0.999999,1e-06,0.529803765318269,5.29803765318269e-07,2.64901750208193,5.29803235514636,9.9999900000025,2020
"Seoul","Total","85+",16805,23711,0.585225589890414,0.70719753127774,0.999999,1e-06,0.529803235514504,5.29803235514504e-07,2.64901485306443,2.64901485306443,4.9999975,2020
