"index","org_admin","sex","agegr","none","native","retention","Sx","px","qx","lx","dx","Lx","Tx","ex"
"1","Abroad","Female","0-4",3349,0,0,NA,1,0,NA,NA,NA,NA,NA
"1","Abroad","Female","5-9",6322,0,0,NA,1,0,NA,NA,NA,NA,NA
"1","Abroad","Female","10-14",5543,0,0,NA,1,0,NA,NA,NA,NA,NA
"1","Abroad","Female","15-19",2646,0,0,NA,1,0,NA,NA,NA,NA,NA
"1","Abroad","Female","20-24",2145,0,0,NA,1,0,NA,NA,NA,NA,NA
"1","Abroad","Female","25-29",8474,0,0,NA,1,0,NA,NA,NA,NA,NA
"1","Abroad","Female","30-34",4734,0,0,NA,1,0,NA,NA,NA,NA,NA
"1","Abroad","Female","35-39",2766,0,0,NA,1,0,NA,NA,NA,NA,NA
"1","Abroad","Female","40-44",2453,0,0,NA,1,0,NA,NA,NA,NA,NA
"1","Abroad","Female","45-49",2984,0,0,NA,1,0,NA,NA,NA,NA,NA
"1","Abroad","Female","50-54",21215,0,0,NA,1,0,NA,NA,NA,NA,NA
"1","Abroad","Female","55-59",62304,0,0,NA,1,0,NA,NA,NA,NA,NA
"1","Abroad","Female","60-64",54405,0,0,NA,1,0,NA,NA,NA,NA,NA
"1","Abroad","Female","65-69",49363,0,0,NA,1,0,NA,NA,NA,NA,NA
"1","Abroad","Female","70-74",35902,0,0,NA,1,0,NA,NA,NA,NA,NA
"1","Abroad","Female","75-79",23259,0,0,NA,1,0,NA,NA,NA,NA,NA
"1","Abroad","Female","80-84",11231,0,0,NA,1,0,NA,NA,NA,NA,NA
"1","Abroad","Female","85+",6504,0,0,NA,1,0,NA,NA,NA,NA,NA
"1","Abroad","Male","0-4",3508,0,0,NA,1,0,NA,NA,NA,NA,NA
"1","Abroad","Male","5-9",6384,0,0,NA,1,0,NA,NA,NA,NA,NA
"1","Abroad","Male","10-14",5514,0,0,NA,1,0,NA,NA,NA,NA,NA
"1","Abroad","Male","15-19",3245,0,0,NA,1,0,NA,NA,NA,NA,NA
"1","Abroad","Male","20-24",1138,0,0,NA,1,0,NA,NA,NA,NA,NA
"1","Abroad","Male","25-29",1140,0,0,NA,1,0,NA,NA,NA,NA,NA
"1","Abroad","Male","30-34",1039,0,0,NA,1,0,NA,NA,NA,NA,NA
"1","Abroad","Male","35-39",1803,0,0,NA,1,0,NA,NA,NA,NA,NA
"1","Abroad","Male","40-44",703,0,0,NA,1,0,NA,NA,NA,NA,NA
"1","Abroad","Male","45-49",2853,0,0,NA,1,0,NA,NA,NA,NA,NA
"1","Abroad","Male","50-54",25155,0,0,NA,1,0,NA,NA,NA,NA,NA
"1","Abroad","Male","55-59",65789,0,0,NA,1,0,NA,NA,NA,NA,NA
"1","Abroad","Male","60-64",55295,0,0,NA,1,0,NA,NA,NA,NA,NA
"1","Abroad","Male","65-69",47880,0,0,NA,1,0,NA,NA,NA,NA,NA
"1","Abroad","Male","70-74",36565,0,0,NA,1,0,NA,NA,NA,NA,NA
"1","Abroad","Male","75-79",22926,0,0,NA,1,0,NA,NA,NA,NA,NA
"1","Abroad","Male","80-84",11806,0,0,NA,1,0,NA,NA,NA,NA,NA
"1","Abroad","Male","85+",3871,0,0,NA,1,0,NA,NA,NA,NA,NA
"1","Busan","Female","0-4",15233,86438,0.850173599158069,1,0.891385645331595,0.108614354668405,1,0.108614354668405,4.72846411332899,68.5832487664926,68.5832487664926
"1","Busan","Female","5-9",30207,94529,0.7578325423294,0.891385645331595,0.960804620624367,0.0391953793756326,0.891385645331595,0.0349381985387649,4.36958273031106,63.8547846531636,71.6354195152085
"1","Busan","Female","10-14",35185,94233,0.728129008329599,0.85644744679283,1.05051449560421,-0.0505144956042065,0.85644744679283,-0.0432630107862503,4.39039476092978,59.4852019228526,69.4557525340393
"1","Busan","Female","15-19",38196,124278,0.76491007792016,0.89971045757908,0.948597032484171,0.0514029675158287,0.89971045757908,0.0462477874245889,4.38293281933393,55.0948071619228,61.2361529176515
"1","Busan","Female","20-24",44008,116366,0.7255914300323,0.853462670154491,0.823418123763818,0.176581876236182,0.853462670154491,0.150706039593422,3.8905482517889,50.7118743425888,59.4189718144428
"1","Busan","Female","25-29",60439,89707,0.597465133936302,0.70275663056107,0.850073908169018,0.149926091830982,0.70275663056107,0.105361555128331,3.25037926498452,46.8213260908,66.6252356145235
"1","Busan","Female","30-34",58352,60223,0.507889521399958,0.597395075432739,0.968486616906393,0.0315133830936067,0.597395075432739,0.018825939870346,2.93991052748783,43.5709468258154,72.9348945406918
"1","Busan","Female","35-39",49304,47729,0.491884204342852,0.578569135562393,1.06367587202863,-0.0636758720286295,0.578569135562393,-0.0368408942357857,2.98494791340143,40.6310362983276,70.2267608154254
"1","Busan","Female","40-44",44833,49197,0.523205359991492,0.615410029798179,0.95385326275632,0.0461467372436796,0.615410029798179,0.0283991649422216,3.00605223663534,37.6460883849262,61.1723673032629
"1","Busan","Female","45-49",35215,35083,0.49906113971948,0.587010864855957,1.15510957118815,-0.155109571188147,0.587010864855957,-0.091051003530591,3.16268183310626,34.6400361482908,59.0108943840263
"1","Busan","Female","50-54",17233,23456,0.576470299098036,0.678061868386548,0.963822185370275,0.0361778146297254,0.678061868386548,0.0245307965819738,3.32898235047781,31.4773543151846,46.4225401585922
"1","Busan","Female","55-59",10823,13532,0.555614863477725,0.653531071804574,1.01427641660459,-0.0142764166045877,0.653531071804574,-0.00933008184512481,3.29098056363568,28.1483719647068,43.0712068318061
"1","Busan","Female","60-64",8441,10899,0.563547052740434,0.662861153649699,1.16410377300805,-0.164103773008052,0.662861153649699,-0.108778016294386,3.58625080898446,24.8573914010711,37.5001480539428
"1","Busan","Female","65-69",5453,10400,0.656027250362707,0.771639169944085,1.09297101348194,-0.0929710134819393,0.771639169944085,-0.071740075672064,4.03754603890058,21.2711405920866,27.5661752547217
"1","Busan","Female","70-74",3121,7908,0.717018768700698,0.843379245616149,1.03085668651437,-0.0308566865143736,0.843379245616149,-0.0260238889947064,4.28195595056751,17.233594553186,20.4339799002235
"1","Busan","Female","75-79",1724,4885,0.739143592071418,0.869403134610855,1.03237743317801,-0.0323774331780127,0.869403134610855,-0.0281490418956177,4.41738827779332,12.9516386026185,14.8971611523067
"1","Busan","Female","80-84",829,2670,0.763075164332666,0.897552176506473,0.934448165163005,0.0655518348369954,0.897552176506473,0.0588361920319381,4.34067040245252,8.5342503248252,9.50836123872253
"1","Busan","Female","85+",466,1158,0.713054187192118,0.838715984474535,1,0,0.838715984474535,0,4.19357992237267,4.19357992237267,5
"1","Busan","Male","0-4",17147,100042,0.853680806219014,1,0.907834443422334,0.0921655565776657,1,0.0921655565776657,4.76958610855584,69.8810320990322,69.8810320990322
"1","Busan","Male","5-9",33499,115386,0.775000839574168,0.907834443422334,0.94653012187453,0.0534698781254703,0.907834443422334,0.0485417970478964,4.41781772449193,65.1114459904764,71.7217180535921
"1","Busan","Male","10-14",38823,106888,0.733561639135,0.859292646374438,1.03980221796236,-0.0398022179623587,0.859292646374438,-0.0342017532044474,4.38196761488331,60.6936282659845,70.6320815406317
"1","Busan","Male","15-19",39396,126663,0.762759019384676,0.893494399578885,0.951460051582627,0.0485399484173732,0.893494399578885,0.0433701720667709,4.3590465677275,56.3116606511012,63.02407790988
"1","Busan","Male","20-24",32877,86996,0.725734735928858,0.850124227512114,0.913469542065087,0.0865304579349127,0.850124227512114,0.0735616387081871,4.0667170407901,51.9526140833737,61.1117909619078
"1","Busan","Male","25-29",48495,95380,0.662936576889661,0.776562588803927,0.801189820269802,0.198810179730198,0.776562588803927,0.154388547851857,3.49684157438999,47.8858970425836,61.6639247537511
"1","Busan","Male","30-34",54832,62115,0.531138036888505,0.62217404095207,1.04319731716012,-0.043197317160117,0.62217404095207,-0.0268762493757982,3.17806082819985,44.3890554681936,71.3450779789334
"1","Busan","Male","35-39",41519,51590,0.55408177512378,0.649050290327868,0.999543621926599,0.000456378073401487,0.649050290327868,0.000296212321040508,3.24451092083674,41.2109946399937,63.4943012184402
"1","Busan","Male","40-44",42579,52853,0.553828904350742,0.648754078006828,1.00699542489672,-0.00699542489672056,0.648754078006828,-0.00453831042913796,3.25511616610698,37.966483719157,58.5221503898699
"1","Busan","Male","45-49",29748,37510,0.55770317285676,0.653292388435966,1.05848912116645,-0.0584891211664538,0.653292388435966,-0.0382104976643532,3.36198818634071,34.71136755305,53.1329740977876
"1","Busan","Male","50-54",16451,23705,0.590322741308895,0.691502886100319,1.13620265664339,-0.136202656643392,0.691502886100319,-0.0941845301634367,3.69297575591019,31.3493793667093,45.3351388647152
"1","Busan","Male","55-59",7381,15035,0.670726266952177,0.785687416263756,1.00438995323106,-0.00438995323105806,0.785687416263756,-0.00344913101162874,3.93705990884785,27.6564036107991,35.2002629013913
"1","Busan","Male","60-64",5094,10516,0.673670723894939,0.789136547275385,1.02147080735638,-0.0214708073563763,0.789136547275385,-0.0169433987844257,3.98804123333799,23.7193437019512,30.05733771151
"1","Busan","Male","65-69",3438,7586,0.688134978229318,0.80607994605981,0.998789826028627,0.00121017397137313,0.80607994605981,0.000975496969567439,4.02796098787513,19.7313024686133,24.4780962050496
"1","Busan","Male","70-74",1581,3475,0.687302215189873,0.805104449090243,1.10486863967208,-0.104868639672084,0.805104449090243,-0.0844302083700365,4.2365977663763,15.7033414807381,19.5047257514012
"1","Busan","Male","75-79",821,2591,0.759378663540445,0.889534657460279,0.934550117652918,0.0654498823470823,0.889534657460279,0.0582199386744274,4.30212344061533,11.4667437143618,12.8907217028515
"1","Busan","Male","80-84",207,506,0.709677419354839,0.831314718785852,0.815789473684211,0.184210526315789,0.831314718785852,0.153136921881604,3.77373128922525,7.16462027374649,8.61842105263158
"1","Busan","Male","85+",160,220,0.578947368421053,0.678177796904248,1,0,0.678177796904248,0,3.39088898452124,3.39088898452124,5
"1","Chungbuk","Female","0-4",5981,41642,0.874409424017807,1,0.909177695439415,0.0908223045605854,1,0.0908223045605854,4.77294423859854,49.5531920326846,49.5531920326846
"1","Chungbuk","Female","5-9",9369,36332,0.794993544999015,0.909177695439415,0.974609494212716,0.0253905057872842,0.909177695439415,0.0230844815377242,4.48817727335276,44.7802477940861,49.2535705821988
"1","Chungbuk","Female","10-14",9513,32731,0.774808256793864,0.88609321390169,0.913703017120898,0.0862969828791025,0.88609321390169,0.0764671709093631,4.23929814223504,40.2920705207333,45.4715936073105
"1","Chungbuk","Female","15-19",16186,39235,0.707944641922737,0.809626042992327,0.796449471357353,0.203550528642647,0.809626042992327,0.164799809053943,3.63613069232678,36.0527723784983,44.5301540020248
"1","Chungbuk","Female","20-24",28557,36917,0.563842135809634,0.644826233938385,0.740838690096443,0.259161309903557,0.644826233938385,0.167114011447649,2.8063461410728,32.4166416861715,50.2719026925772
"1","Chungbuk","Female","25-29",48690,34929,0.41771606931439,0.477712222490735,0.724633104032584,0.275366895967416,0.477712222490735,0.13154613187297,2.05969578277125,29.6102955450987,61.9835418711166
"1","Chungbuk","Female","30-34",70848,30754,0.302690891911577,0.346166090617766,0.934468750401144,0.0655312495988556,0.346166090617766,0.0226846964869329,1.6741187118715,27.5505997623274,79.5878062844364
"1","Chungbuk","Female","35-39",83490,32930,0.282855179522419,0.323481394130833,1.0024286607507,-0.00242866075069981,0.323481394130833,-0.000785626565507209,1.61937103706793,25.8764810504559,79.9937230392611
"1","Chungbuk","Female","40-44",83779,33156,0.283542138795057,0.32426702069634,1.03122991517504,-0.0312299151750395,0.32426702069634,-0.0101268315504095,1.64665218235773,24.257110013388,74.8059730567036
"1","Chungbuk","Female","45-49",63046,26052,0.292397135738176,0.33439385224675,1.18025262202008,-0.180252622020085,0.33439385224675,-0.0602753686548734,1.82265768287093,22.6104578310303,67.6162485617289
"1","Chungbuk","Female","50-54",38117,20086,0.345102486126145,0.394669220901623,1.08116540285829,-0.0811654028582918,0.394669220901623,-0.0320334863102484,2.05342982028374,20.7878001481593,52.671450032687
"1","Chungbuk","Female","55-59",38368,22836,0.373112868439971,0.426702707211871,1.21252423957248,-0.212524239572483,0.426702707211871,-0.0906846683737227,2.36022520699366,18.7343703278756,43.9049718017687
"1","Chungbuk","Female","60-64",31354,25904,0.452408397079884,0.517387375585594,1.00601503739765,-0.00601503739764508,0.517387375585594,-0.00311210441321679,2.59471713896101,16.3741451208819,31.6477476906915
"1","Chungbuk","Female","65-69",24165,20185,0.455129650507328,0.520499479998811,1.07199950004651,-0.0719995000465095,0.520499479998811,-0.0374757023343825,2.69618665583001,13.7794279819209,26.4734711780162
"1","Chungbuk","Female","70-74",17562,16732,0.487898757800198,0.557975182333194,1.11902838252906,-0.119028382529062,0.557975182333194,-0.0664148834444787,2.95591312027716,11.0832413260909,19.863323095744
"1","Chungbuk","Female","75-79",9960,11977,0.545972557779095,0.624390065777672,0.889777778992581,0.110222221007419,0.624390065777672,0.0688216598249832,2.9498961793259,8.12732820581374,13.0164277929234
"1","Chungbuk","Female","80-84",6063,5728,0.485794249851582,0.555568405952689,0.909221611839639,0.0907783881603613,0.555568405952689,0.0504336044052064,2.65175801875043,5.17743202648784,9.31916208879729
"1","Chungbuk","Female","85+",3993,3159,0.441694630872483,0.505134801547483,1,0,0.505134801547483,0,2.52567400773741,2.52567400773741,5
"1","Chungbuk","Male","0-4",6678,45281,0.871475586520141,1,0.920764272857216,0.0792357271427838,1,0.0792357271427838,4.80191068214304,56.1882728974265,56.1882728974265
"1","Chungbuk","Male","5-9",10924,44366,0.802423584735034,0.920764272857216,1.00788954009863,-0.0078895400986303,0.920764272857216,-0.00726440665209318,4.62198238091631,51.3863622152835,55.8083797667636
"1","Chungbuk","Male","10-14",8983,37988,0.808754337782887,0.92802867950931,0.896426578602225,0.103573421397775,0.92802867950931,0.0961191054920387,4.39984563381645,46.7643798343671,50.3910933648016
"1","Chungbuk","Male","15-19",16081,42393,0.724988883948422,0.831909574017271,0.799340055693458,0.200659944306542,0.831909574017271,0.166930928790384,3.74222054811039,42.3645342005507,50.9244460259946
"1","Chungbuk","Male","20-24",21415,29514,0.57951265487247,0.664978645226886,0.791394025436873,0.208605974563127,0.664978645226886,0.138718518351223,2.97809693025638,38.6223136524403,58.0805322541788
"1","Chungbuk","Male","25-29",44878,38018,0.458622852731133,0.526260126875664,0.824867978574872,0.175132021425128,0.526260126875664,0.0921649998151792,2.40088813484037,35.6442167221839,67.7311749491623
"1","Chungbuk","Male","30-34",64907,39496,0.378303305460571,0.434095127060485,0.906742786617077,0.093257213382923,0.434095127060485,0.0404825018927667,2.06926938057051,33.2433285873436,76.5807458205159
"1","Chungbuk","Male","35-39",85265,44519,0.343023793379769,0.393612625167718,1.03823298845868,-0.0382329884586785,0.393612625167718,-0.0150489869552275,2.00568559322666,31.174059206773,79.1998457709272
"1","Chungbuk","Male","40-44",74968,41467,0.35613861811311,0.408661612122946,1.00350623364333,-0.00350623364333202,0.408661612122946,-0.00143286309316377,2.04689021834764,29.1683736135464,71.3753696169806
"1","Chungbuk","Male","45-49",57830,32162,0.357387323317628,0.410094475216109,1.01195757370347,-0.0119575737034723,0.410094475216109,-0.00490373491278341,2.0627317133625,27.1214833951988,66.1347202517333
"1","Chungbuk","Male","50-54",39773,22534,0.361660808576885,0.414998210128893,1.11318362825267,-0.113183628252673,0.414998210128893,-0.0469710031407532,2.19241855849635,25.0587516818362,60.3827946006161
"1","Chungbuk","Male","55-59",33981,22900,0.402594891088413,0.461969213269646,1.15006041284465,-0.150060412844649,0.461969213269646,-0.0693232908647606,2.48315429351013,22.8663331233399,49.4975259530836
"1","Chungbuk","Male","60-64",26892,23187,0.463008446654286,0.531292504134406,1.17522954318955,-0.17522954318955,0.531292504134406,-0.0930981427995041,2.88920787767079,20.3831788298298,38.3652671009136
"1","Chungbuk","Male","65-69",15651,18682,0.54414120525442,0.62439064693391,1.04480361523853,-0.0448036152385296,0.62439064693391,-0.0279749583037635,3.19189063042896,17.493970952159,28.0176697682191
"1","Chungbuk","Male","70-74",8797,11591,0.568520698450069,0.652365605237674,1.06153270531416,-0.0615327053141566,0.652365605237674,-0.0401418205441812,3.36218257754882,14.30208032173,21.9234125878224
"1","Chungbuk","Male","75-79",4844,7373,0.603503315052795,0.692507425781855,0.992419578337275,0.00758042166272455,0.692507425781855,0.00524949829199439,3.44941338317929,10.9398977441812,15.7975168740318
"1","Chungbuk","Male","80-84",2171,3242,0.598928505449843,0.687257927489861,1.11987834773283,-0.119878347732828,0.687257927489861,-0.0823873448137722,3.64225799948374,7.4904843610019,10.8990876079962
"1","Chungbuk","Male","85+",865,1762,0.670727065093262,0.769645272303633,1,0,0.769645272303633,0,3.84822636151817,3.84822636151817,5
"1","Chungnam","Female","0-4",8116,48391,0.856371776947989,1,0.911968048944544,0.0880319510554556,1,0.0880319510554556,4.77992012236136,46.5293178747492,46.5293178747492
"1","Chungnam","Female","5-9",10923,38950,0.78098369859443,0.911968048944544,0.948307581028016,0.0516924189719836,0.911968048944544,0.0471418344751039,4.44198565853496,41.7493977523878,45.7794522524183
"1","Chungnam","Female","10-14",13512,38580,0.740612762036397,0.86482621446944,0.856817289561125,0.143182710438875,0.86482621446944,0.123828161446326,4.01456066873139,37.3074120938529,43.1386230778636
"1","Chungnam","Female","15-19",28224,49011,0.634569819382404,0.740998053023114,0.616559591778558,0.383440408221442,0.740998053023114,0.284128595942477,2.99466877525938,33.2928514251215,44.9297421083547
"1","Chungnam","Female","20-24",62949,40458,0.391250108793409,0.456869457080638,0.709537170689288,0.290462829310712,0.456869457080638,0.132703595129291,1.95258829757996,30.2981826498621,66.3169362282724
"1","Chungnam","Female","25-29",100987,38808,0.277606495225151,0.324165861951347,0.802057865652021,0.197942134347979,0.324165861951347,0.0641660825974017,1.46041410326323,28.3455943522821,87.4416392326237
"1","Chungnam","Female","30-34",122521,35094,0.222656473051423,0.259999779353945,0.913445658623241,0.0865543413767589,0.259999779353945,0.0225041096600833,1.24373862261952,26.8851802490189,103.404627172469
"1","Chungnam","Female","35-39",146821,37485,0.203384588673185,0.237495669693862,1.10451354283179,-0.104513542831788,0.237495669693862,-0.0248215138469135,1.24953213308659,25.6414416263994,107.965933271339
"1","Chungnam","Female","40-44",145852,42257,0.224641032592805,0.262317183540775,1.10892757792982,-0.108927577929823,0.262317183540775,-0.0285735754524694,1.38301985633505,24.3919094933128,92.9863197068113
"1","Chungnam","Female","45-49",109970,36483,0.249110636176794,0.290890758993244,1.12652606723634,-0.126526067236335,0.290890758993244,-0.0368052637308078,1.54646695429324,23.0088896369777,79.0980425662546
"1","Chungnam","Female","50-54",85736,33446,0.280629625278985,0.327696022724052,1.34587416489588,-0.345874164895877,0.327696022724052,-0.113341588199382,1.92183408411872,21.4624226826845,65.4949135612723
"1","Chungnam","Female","55-59",62672,38037,0.377692162567397,0.441037610923434,1.16961472890976,-0.169614728909756,0.441037610923434,-0.0748064748157849,2.39220424165663,19.5405885985658,44.3059460567369
"1","Chungnam","Female","60-64",53447,42294,0.441754316332606,0.515844085739219,1.13947040385492,-0.139470403854922,0.515844085739219,-0.0719449829642221,2.75908288610665,17.1483843569092,33.2433478079622
"1","Chungnam","Female","65-69",39616,40153,0.503365969236169,0.587789068703441,1.00325048424602,-0.00325048424601548,0.587789068703441,-0.00191059910780065,2.94372184128671,14.3893014708025,24.4803829076692
"1","Chungnam","Female","70-74",28747,29328,0.505002152389152,0.589699667811242,0.96398464628209,0.0360153537179099,0.589699667811242,0.0212382421235558,2.89540273374732,11.4455796295158,19.4091675038546
"1","Chungnam","Female","75-79",21873,20749,0.486814321242551,0.568461425687686,0.980154838475826,0.0198451615241745,0.568461425687686,0.0112812088130346,2.81410410640584,8.55017689576848,15.0409095664232
"1","Chungnam","Female","80-84",10756,9816,0.477153412405211,0.557180216874651,1.03930999118802,-0.0393099911880217,0.557180216874651,-0.0219027494154826,2.84065795791196,5.73607278936263,10.2948249339102
"1","Chungnam","Female","85+",7149,7033,0.495910308842194,0.579082966290134,1,0,0.579082966290134,0,2.89541483145067,2.89541483145067,5
"1","Chungnam","Male","0-4",6915,50655,0.879885356956748,1,0.904339178361148,0.0956608216388523,1,0.0956608216388523,4.76084794590287,50.2651587712819,50.2651587712819
"1","Chungnam","Male","5-9",11899,46348,0.795714800762271,0.904339178361148,0.930077000578758,0.0699229994212421,0.904339178361148,0.0632341078451531,4.36361062219286,45.504310825379,50.3177479359485
"1","Chungnam","Male","10-14",15178,43216,0.740076035209097,0.841105070515995,0.871172041100429,0.128827958899571,0.841105070515995,0.108357849454655,3.93463072894334,41.1407002031862,48.9126764839825
"1","Chungnam","Male","15-19",28400,51540,0.644733550162622,0.73274722106134,0.726860611333178,0.273139388666822,0.73274722106134,0.200142128008007,3.16338078528668,37.2060694742428,50.7761318021133
"1","Chungnam","Male","20-24",41451,36557,0.468631422418214,0.532605093053332,0.766656335697018,0.233343664302982,0.532605093053332,0.124280024039495,2.35232540516792,34.0426886889562,63.917317226156
"1","Chungnam","Male","25-29",84167,47196,0.359279249103629,0.408325069013837,0.826646634220577,0.173353365779423,0.408325069013837,0.0707845250456639,1.86466403245503,31.6903632837882,77.610623712928
"1","Chungnam","Male","30-34",112742,47630,0.296996982016811,0.337540543968173,0.927400499156694,0.0725995008433058,0.337540543968173,0.0245052750064673,1.6264395323247,29.8256992513332,88.3618272954656
"1","Chungnam","Male","35-39",140867,53549,0.275435149370422,0.313035268961706,0.947353966976077,0.052646033023923,0.313035268961706,0.0164800651074106,1.52397618204,28.1992597190085,90.0833309056245
"1","Chungnam","Male","40-44",140857,49731,0.260934581400718,0.296555203854295,1.10895507748006,-0.108955077480059,0.296555203854295,-0.0323111952130595,1.56355400730412,26.6752835369685,89.9504820359677
"1","Chungnam","Male","45-49",105901,43122,0.28936472893446,0.328866399067355,1.08539750991625,-0.0853975099162498,0.328866399067355,-0.0280843715754758,1.71454292427546,25.1117295296644,76.3584531617695
"1","Chungnam","Male","50-54",85781,39278,0.314075756243053,0.35695077064283,1.13352506305031,-0.133525063050306,0.35695077064283,-0.0476618741559392,1.903908538604,23.3971866053889,65.5473766403504
"1","Chungnam","Male","55-59",61258,33865,0.356012741397979,0.40461264479877,1.31719019979832,-0.317190199798321,0.40461264479877,-0.128339165644649,2.34391113810547,21.4932780667849,53.1206286879008
"1","Chungnam","Male","60-64",44672,39446,0.468936493972753,0.532951810443419,1.1034297618687,-0.103429761868701,0.532951810443419,-0.0551230788416557,2.80256674932123,19.1493669286795,35.9307662596119
"1","Chungnam","Male","65-69",31574,33856,0.517438483875898,0.588074889285074,1.07083883577421,-0.0708388357742142,0.588074889285074,-0.0416585405050046,3.04452079768788,16.3468001793582,27.7971402574783
"1","Chungnam","Male","70-74",17076,21219,0.554093223658441,0.629733429790079,1.04348064341002,-0.0434806434100174,0.629733429790079,-0.0273812147040697,3.21712018571057,13.3022793816703,21.1236671778798
"1","Chungnam","Male","75-79",9034,12383,0.578185553532241,0.657114644494149,1.07425586408492,-0.0742558640849151,0.657114644494149,-0.0487946157297648,3.40755976179516,10.0851591959598,15.3476402945233
"1","Chungnam","Male","80-84",3893,6382,0.621119221411192,0.705909260223914,0.927942926082122,0.0720570739178775,0.705909260223914,0.0508657557432688,3.4023819117614,6.67759943416462,9.45957194561592
"1","Chungnam","Male","85+",1717,2336,0.576363187762151,0.655043504480645,1,0,0.655043504480645,0,3.27521752240322,3.27521752240322,5
"1","Daegu","Female","0-4",10193,68598,0.870632432638246,1,0.921788918157243,0.0782110818427575,1,0.0782110818427575,4.80447229539311,64.8476264150677,64.8476264150677
"1","Daegu","Female","5-9",16983,69024,0.802539328194217,0.921788918157243,0.989879365310313,0.0101206346896868,0.921788918157243,0.00932908890167108,4.58562186853204,60.0431541196746,65.137639362933
"1","Daegu","Female","10-14",15466,59764,0.794417120829456,0.912459829255571,1.02124461044953,-0.0212446104495345,0.912459829255571,-0.0193848536233834,4.61076128033632,55.4575322511426,60.7780534255272
"1","Daegu","Female","15-19",16628,71488,0.811294203095919,0.931844682878955,0.954178418752433,0.0458215812475665,0.931844682878955,0.0426985968466509,4.55247692227815,50.8467709708063,54.5657145498905
"1","Daegu","Female","20-24",17988,61647,0.77411941985308,0.889146086032304,0.798905713072756,0.201094286927244,0.889146086032304,0.178802198144816,3.99872493479948,46.2942940485281,52.0660156702823
"1","Daegu","Female","25-29",30444,49346,0.618448427121193,0.710343887887488,0.827256553336643,0.172743446663357,0.710343887887488,0.122707251509934,3.24495131066261,42.2955691137286,59.5423848011315
"1","Daegu","Female","30-34",33910,35523,0.511615514236746,0.587636636377554,0.93574059964692,0.0642594003530804,0.587636636377554,0.0377611778791228,2.84378023718996,39.050617803066,66.4536813834326
"1","Daegu","Female","35-39",33957,31187,0.47873940808056,0.549875458498431,1.09248663383721,-0.0924866338372106,0.549875458498431,-0.0508561301862127,2.87651761795769,36.2068375658761,65.845523756866
"1","Daegu","Female","40-44",28495,31245,0.52301640441915,0.600731588684644,0.923080435074577,0.0769195649254227,0.600731588684644,0.0462080124385808,2.88813791232677,33.3303199479184,55.4828821652248
"1","Daegu","Female","45-49",21979,20516,0.48278621014237,0.554523576246063,1.09836016961452,-0.0983601696145173,0.554523576246063,-0.0545430330148115,2.90897546376735,30.4421820355916,54.8979039659141
"1","Daegu","Female","50-54",14050,15861,0.530273143659523,0.609066609260875,1.0534868049919,-0.0534868049919051,0.609066609260875,-0.0325770269566172,3.12677561369592,27.5332065718243,45.2055754710258
"1","Daegu","Female","55-59",10301,13038,0.558635759886885,0.641643636217492,1.04590331389686,-0.0459033138968648,0.641643636217492,-0.0294535692432172,3.2818521041955,24.4064309581284,38.0373615204929
"1","Daegu","Female","60-64",7510,10555,0.584278992526986,0.671097205460709,0.896249454391125,0.103750545608875,0.671097205460709,0.0696267012231402,3.1814192742457,21.1245788539328,31.4776736991935
"1","Daegu","Female","65-69",7117,7824,0.523659728264507,0.601470504237569,1.24076332644144,-0.240763326441441,0.601470504237569,-0.144812039356648,3.36938261957947,17.9431595796872,29.832152122625
"1","Daegu","Female","70-74",3807,7062,0.649737786364891,0.746282543594217,0.963731604728489,0.0362683952715106,0.746282543594217,0.0270664702753034,3.66374654228283,14.5737769601077,19.5284977321297
"1","Daegu","Female","75-79",2271,3804,0.626172839506173,0.719216073318914,0.96565019277953,0.0343498072204699,0.719216073318914,0.024704933468368,3.53431803292365,10.9100304178249,15.1693362016774
"1","Daegu","Female","80-84",1441,2204,0.604663923182442,0.694511139850546,1.08266744989162,-0.0826674498916191,0.694511139850546,-0.0574134648527663,3.61608936138465,7.37571238490121,10.6200058741871
"1","Daegu","Female","85+",661,1253,0.654649947753396,0.751924604703312,1,0,0.751924604703312,0,3.75962302351656,3.75962302351656,5
"1","Daegu","Male","0-4",10518,77346,0.88029226987162,1,0.925977325805529,0.0740226741944714,1,0.0740226741944714,4.81494331451382,72.61048333103,72.61048333103
"1","Daegu","Male","5-9",19119,84300,0.815130681983001,0.925977325805529,1.02304483436453,-0.0230448343645309,0.925977325805529,-0.0213389940984996,4.68323411427389,67.7955400165162,73.2151189096767
"1","Daegu","Male","10-14",15365,77148,0.833915233534747,0.947316319904028,0.975567149145569,0.0244328508544306,0.947316319904028,0.0231456383561832,4.67871750362968,63.1123059022423,66.6222090511817
"1","Daegu","Male","15-19",17285,75416,0.813540307008554,0.924170681547845,0.93300373446688,0.06699626553312,0.924170681547845,0.0619159843789039,4.46606344679197,58.4335883986126,63.2281347648308
"1","Daegu","Male","20-24",14760,46494,0.759036144578313,0.862254697168941,0.863527781958869,0.136472218041131,0.862254697168941,0.117673811039029,4.01708895824713,53.9675249518207,62.5888442579825
"1","Daegu","Male","25-29",27469,52255,0.655448798354322,0.744580886129912,0.876954152163034,0.123045847836966,0.744580886129912,0.0916175864170547,3.49386046460692,49.9504359935735,67.0853052019634
"1","Daegu","Male","30-34",29813,40302,0.574798545247094,0.652963299712857,0.965173867272525,0.0348261327274747,0.652963299712857,0.0227401865419698,3.20796603220936,46.4565755289666,71.1472996252562
"1","Daegu","Male","35-39",27255,33962,0.554780534818759,0.630223113170888,1.0681604293462,-0.068160429346199,0.630223113170888,-0.0429562779776259,3.2585062607985,43.2486094967573,68.624283357615
"1","Daegu","Male","40-44",22391,32569,0.59259461426492,0.673179391148514,0.956853380306885,0.043146619693115,0.673179391148514,0.0290454151751276,3.29328341780475,39.9901032359587,59.4048239767583
"1","Daegu","Male","45-49",19431,25447,0.567026159811043,0.644133975973386,1.0337974058778,-0.0337974058777974,0.644133975973386,-0.021770057425652,3.27509502343106,36.696819818154,56.9707874246184
"1","Daegu","Male","50-54",13652,19339,0.586190173077506,0.665904033399038,1.05275646348361,-0.052756463483614,0.665904033399038,-0.0351307418216076,3.41734702154921,33.4217247947229,50.1900020399715
"1","Daegu","Male","55-59",7436,11985,0.617115493537923,0.701034775220646,1.02745047395046,-0.0274504739504637,0.701034775220646,-0.0192437368355635,3.55328321819214,30.0043777731737,42.8001275168269
"1","Daegu","Male","60-64",5607,9715,0.634055606317713,0.720278512056209,0.99871722975475,0.00128277024525003,0.720278512056209,0.000923951843558671,3.59908268067215,26.4510945549816,36.7234258862875
"1","Daegu","Male","65-69",4027,6953,0.633242258652095,0.71935456021265,1.09504378426641,-0.0950437842664127,0.71935456021265,-0.0683701796319113,3.76769825014303,22.8520118743095,31.7673830656667
"1","Daegu","Male","70-74",1684,3809,0.6934279992718,0.787724739844562,0.932635153391986,0.0673648466080143,0.787724739844562,0.0530649562689669,3.80596130855039,19.0843136241664,24.2271350115679
"1","Daegu","Male","75-79",968,1772,0.646715328467153,0.734659783575595,1.33988694188315,-0.339886941883154,0.734659783575595,-0.249701267164049,4.2975520857881,15.278352315616,20.7965001721697
"1","Daegu","Male","80-84",189,1227,0.866525423728814,0.984361050739644,1.15403422982885,-0.154034229828851,0.984361050739644,-0.151625296324199,5.30086849450872,10.9808002298279,11.1552567237164
"1","Daegu","Male","85+",0,455,1,1.13598634706384,1,0,1.13598634706384,0,5.67993173531922,5.67993173531922,5
"1","Daejeon","Female","0-4",7138,38135,0.842334283126808,1,0.921715912597039,0.0782840874029607,1,0.0782840874029607,4.8042897814926,61.0573318382334,61.0573318382334
"1","Daejeon","Female","5-9",9957,34572,0.776392912483999,0.921715912597039,0.983590595594088,0.0164094044059124,0.921715912597039,0.0151248091571695,4.57076754009227,56.2530420567408,61.0307810551317
"1","Daejeon","Female","10-14",8383,27086,0.763652767205165,0.90659110343987,1.06706314326897,-0.0670631432689659,0.90659110343987,-0.0607988490563579,4.68495263984024,51.6822745166485,57.0072597453813
"1","Daejeon","Female","15-19",7004,30828,0.814865722139987,0.967389952496228,0.891235616025974,0.108764383974026,0.967389952496228,0.105217572245914,4.57390583186635,46.9973218768083,48.5815691547526
"1","Daejeon","Female","20-24",9038,23976,0.726237353849882,0.862172380250313,0.799047840007771,0.200952159992229,0.862172380250313,0.173255402096942,3.87772339600921,42.4234160449419,49.2052598955039
"1","Daejeon","Female","25-29",14797,20459,0.580298388926707,0.688916978153372,0.82191931880483,0.17808068119517,0.688916978153372,0.122682804756471,3.13787787887568,38.5456926489327,55.9511434197103
"1","Daejeon","Female","30-34",17513,15970,0.47695845653018,0.566234173396901,0.947719627182255,0.0522803728177449,0.566234173396901,0.0296029336873376,2.75716353276616,35.407814770057,62.5321049728272
"1","Daejeon","Female","35-39",16470,13586,0.452022890604205,0.536631239709563,0.998510961771894,0.00148903822810609,0.536631239709563,0.000799064430323501,2.68115853747201,32.6506512372909,60.8437392779483
"1","Daejeon","Female","40-44",15405,12673,0.451349811240117,0.53583217527924,0.95249848232753,0.0475015176724704,0.53583217527924,0.025452841543505,2.61552877253744,29.9694926998189,55.9307448907874
"1","Daejeon","Female","45-49",12290,9268,0.429910010205028,0.510379333735735,1.00281120086778,-0.00281120086778186,0.510379333735735,-0.00143477882589583,2.55548361574341,27.3539639272814,53.5953596064781
"1","Daejeon","Female","50-54",7115,5392,0.431118573598785,0.511814112561631,1.06710734461664,-0.067107344616641,0.511814112561631,-0.0343464860313336,2.64493677788649,24.798480311538,48.4521229542139
"1","Daejeon","Female","55-59",4771,4065,0.460049796287913,0.546160598592964,1.11954290711557,-0.119542907115565,0.546160598592964,-0.0652896257077802,2.89402705723427,22.1535435336515,40.5623246911699
"1","Daejeon","Female","60-64",4158,4416,0.515045486354094,0.611450224300744,1.03240872083263,-0.0324087208326338,0.611450224300744,-0.0198163196224141,3.10679192055976,19.2595164764173,31.4980937302664
"1","Daejeon","Female","65-69",3032,3443,0.531737451737452,0.631266543923159,0.960864488865147,0.0391355111348531,0.631266543923159,0.024704938858765,3.09457037246888,16.1527245558575,25.5878039337749
"1","Daejeon","Female","70-74",2014,2104,0.510927634774162,0.606561605064393,0.987475069947629,0.012524930052371,0.606561605064393,0.0075971416758854,3.01381517113225,13.0581541833886,21.5281581860137
"1","Daejeon","Female","75-79",1313,1337,0.504528301886792,0.598964463388508,0.86044464111129,0.13955535888871,0.598964463388508,0.0835887006497671,2.78585056531812,10.0443390122564,16.769507418575
"1","Daejeon","Female","80-84",1297,995,0.43411867364747,0.515375762738741,1.54451682874806,-0.544516828748057,0.515375762738741,-0.28063077594011,3.27845575354398,7.25848844693824,14.0838762156104
"1","Daejeon","Female","85+",229,466,0.670503597122302,0.796006538678851,1,0,0.796006538678851,0,3.98003269339426,3.98003269339426,5
"1","Daejeon","Male","0-4",6766,42388,0.862350978557188,1,0.913434483508293,0.0865655164917074,1,0.0865655164917074,4.78358620877073,67.2701792415013,67.2701792415013
"1","Daejeon","Male","5-9",11044,40977,0.787701120701255,0.913434483508293,1.01745774609711,-0.0174577460971126,0.913434483508293,-0.015946507289435,4.60703868576505,62.4865930327306,68.4084016543079
"1","Daejeon","Male","10-14",8119,32773,0.801452606866869,0.929380990797728,0.986344759272038,0.0136552407279624,0.929380990797728,0.0126909211573352,4.6151776510953,57.8795543469655,62.2775319487491
"1","Daejeon","Male","15-19",8193,30916,0.790508578588049,0.916690069640392,0.930161911951835,0.0698380880481655,0.916690069640392,0.0640198817964247,4.4234006437109,53.2643766958702,58.1051093056623
"1","Daejeon","Male","20-24",6816,18934,0.735300970873786,0.852670187843968,0.881018961537524,0.118981038462476,0.852670187843968,0.10145158441567,4.00972197818066,48.8409760521593,57.2800324773368
"1","Daejeon","Male","25-29",12261,22553,0.647814097776756,0.751218603428298,0.8581474553415,0.1418525446585,0.751218603428298,0.106562270491109,3.48968734091372,44.8312540739787,59.6780402793336
"1","Daejeon","Male","30-34",12726,15931,0.555920019541473,0.644656332937189,0.988478628916195,0.0115213710838046,0.644656332937189,0.00742732483329403,3.20471335260271,41.3415667330649,64.1296216616753
"1","Daejeon","Male","35-39",14120,17224,0.54951505870342,0.637229008103895,0.98236951158456,0.0176304884154396,0.637229008103895,0.0112346586453578,3.15805839390608,38.1368533804622,59.8479555943949
"1","Daejeon","Male","40-44",13819,16211,0.53982683982684,0.625994349458537,0.99728909823136,0.00271090176864031,0.625994349458537,0.00169700918910599,3.12572922431992,34.9787949865562,55.8771736786627
"1","Daejeon","Male","45-49",9410,10974,0.538363422291994,0.624297340269432,1.04451470861217,-0.0445147086121718,0.624297340269432,-0.0277904141894476,3.19096273682078,31.8530657622362,51.0222672877146
"1","Daejeon","Male","50-54",5902,7583,0.562328513162773,0.652087754458879,0.999558700897183,0.000441299102817316,0.652087754458879,0.000287765741000862,3.25971935794189,28.6621030254155,43.9543647759496
"1","Daejeon","Male","55-59",4109,5274,0.562080358094426,0.651799988717878,1.01304557121846,-0.0130455712184583,0.651799988717878,-0.00850310317300939,3.28025770152191,25.4023836674736,38.9726666265234
"1","Daejeon","Male","60-64",3235,4278,0.569413017436443,0.660303091890888,1.20305471706794,-0.203054717067943,0.660303091890888,-0.134077657502992,3.63670960321192,22.1221259659516,33.5029870943074
"1","Daejeon","Male","65-69",1709,3717,0.685035016586804,0.79438074939388,0.985673013672416,0.0143269863275844,0.79438074939388,0.0113810821354624,3.94345104163074,18.4854163627397,23.270221964523
"1","Daejeon","Male","70-74",810,1684,0.675220529270249,0.782999667258418,1.13485748218527,-0.134857482185273,0.782999667258418,-0.105593363678377,4.17898174548803,14.541965321109,18.5721219678496
"1","Daejeon","Male","75-79",402,1318,0.766279069767442,0.888593030936794,0.992470738331578,0.00752926166842238,0.888593030936794,0.00669044944665967,4.42623903106732,10.362983575621,11.6622381842178
"1","Daejeon","Male","80-84",188,597,0.760509554140127,0.881902581490135,0.564232855821395,0.435767144178605,0.881902581490135,0.384304169379695,3.44875248400144,5.93674454455363,6.73174641866047
"1","Daejeon","Male","85+",153,115,0.42910447761194,0.49759841211044,1,0,0.49759841211044,0,2.4879920605522,2.4879920605522,5
"1","Gangwon","Female","0-4",6325,37950,0.857142857142857,1,0.906983798690107,0.0930162013098931,1,0.0930162013098931,4.76745949672527,53.124673204666,53.124673204666
"1","Gangwon","Female","5-9",10762,37588,0.77741468459152,0.906983798690107,0.903996131783076,0.0960038682169235,0.906983798690107,0.0870739530843297,4.31723411073971,48.3572137079407,53.3165132362669
"1","Gangwon","Female","10-14",15407,36430,0.702779867662095,0.819909845605777,0.883725065546588,0.116274934453412,0.819909845605777,0.0953349635555185,3.86121181914009,44.039979597201,53.7131976560945
"1","Gangwon","Female","15-19",26585,43572,0.621064184614507,0.724574882050259,0.709726580442778,0.290273419557222,0.724574882050259,0.210324828737999,3.0970623384063,40.1787677780609,55.4515051147936
"1","Gangwon","Female","20-24",44580,35139,0.440785759981937,0.514250053312259,0.766025393992525,0.233974606007475,0.514250053312259,0.120321453613059,2.27044663252865,37.0817054396546,72.108316179674
"1","Gangwon","Female","25-29",78096,39812,0.337653085456458,0.3939285996992,0.770480451656039,0.229519548343961,0.3939285996992,0.0904143142827294,1.74360721278918,34.811258807126,88.3694629780814
"1","Gangwon","Female","30-34",94638,33278,0.260155101785547,0.303514285416471,1.07223166401569,-0.0722316640156926,0.303514285416471,-0.0219233418881656,1.57237978180277,33.0676515943368,108.949242863355
"1","Gangwon","Female","35-39",95934,37113,0.278946537689689,0.325437627304637,1.15626801274269,-0.156268012742688,0.325437627304637,-0.0508554912905912,1.75432686474966,31.495271812534,96.7782123824662
"1","Gangwon","Female","40-44",83540,39773,0.32253695879591,0.376293118595228,1.15351037732053,-0.153510377320526,0.376293118595228,-0.0577648986186708,2.02587783952282,29.7409449477844,79.0366431860695
"1","Gangwon","Female","45-49",49247,29178,0.372049729040485,0.434058017213899,1.07213972982687,-0.0721397298268724,0.434058017213899,-0.0313128280909986,2.24857215629699,27.7150671082615,63.8510660076205
"1","Gangwon","Female","50-54",31173,20686,0.398889295975626,0.465370845304897,1.18512703992841,-0.185127039928413,0.465370845304897,-0.0861527270602788,2.54223604417518,25.4664949519645,54.7230132890677
"1","Gangwon","Female","55-59",29220,26198,0.472734490598722,0.551523572365176,1.08549356399045,-0.0854935639904455,0.551523572365176,-0.0471517158262413,2.87549715139148,22.9242589077894,41.5653293103684
"1","Gangwon","Female","60-64",26804,28252,0.513150247021215,0.598675288191417,1.02368011764517,-0.0236801176451711,0.598675288191417,-0.0141767012556295,3.02881819409616,20.0487617563979,33.4885407028653
"1","Gangwon","Female","65-69",20572,22765,0.525301705240326,0.612851989447047,0.978610822956968,0.0213891770430316,0.612851989447047,0.013108399703457,3.03148894797659,17.0199435623017,27.7717032095436
"1","Gangwon","Female","70-74",15477,16373,0.514065934065934,0.59974358974359,1.12407603921719,-0.12407603921719,0.59974358974359,-0.074413809161284,3.18475247162116,13.9884546143251,23.3240585702728
"1","Gangwon","Female","75-79",8275,11327,0.57784919906132,0.674157398904874,1.03811124899314,-0.0381112489931406,0.674157398904874,-0.0256929804902316,3.43501944574995,10.803702142704,16.0254892407232
"1","Gangwon","Female","80-84",4992,7484,0.599871753767233,0.699850379395105,1.07052534158762,-0.0705253415876161,0.699850379395105,-0.0493571870670626,3.62264486464318,7.36868269695402,10.5289400619071
"1","Gangwon","Female","85+",2333,4187,0.64217791411043,0.749207566462168,1,0,0.749207566462168,0,3.74603783231084,3.74603783231084,5
"1","Gangwon","Male","0-4",6407,45382,0.876286470099828,1,0.897880297937627,0.102119702062373,1,0.102119702062373,4.74470074484407,55.8260992435118,55.8260992435118
"1","Gangwon","Male","5-9",10993,40569,0.786800356851945,0.897880297937627,0.873683188808342,0.126316811191658,0.897880297937627,0.113417376067297,4.20585804951989,51.0813984986677,56.8911007580837
"1","Gangwon","Male","10-14",17542,38577,0.687414244729949,0.78446292187033,0.910000846429228,0.0899991535707725,0.78446292187033,0.0706009989759847,3.74581211191169,46.8755404491478,59.7549471648531
"1","Gangwon","Male","15-19",27526,45984,0.625547544551762,0.713861922894345,0.794195795604507,0.205804204395493,0.713861922894345,0.146915785089508,3.20202015174796,43.1297283372362,60.4174658348034
"1","Gangwon","Male","20-24",33018,32599,0.496807229833732,0.566946137804838,0.777553211124976,0.222446788875024,0.566946137804838,0.126115347819783,2.51944231947473,39.9277081854882,70.4259285372056
"1","Gangwon","Male","25-29",64147,40377,0.386294056867322,0.440830789985055,0.869630958180191,0.130369041819809,0.440830789985055,0.0574706876950211,2.06047723068772,37.4082658660135,84.8585596012513
"1","Gangwon","Male","30-34",87097,44060,0.335933270812843,0.383360102290034,0.973030329107792,0.0269696708922085,0.383360102290034,0.0103390957919656,1.89095277197025,35.3477886353257,92.2051836489316
"1","Gangwon","Male","35-39",91208,44291,0.326873261057277,0.373021006498068,1.18139071836483,-0.181390718364825,0.373021006498068,-0.0676625483338548,2.03426140332498,33.4568358633555,89.6915596723338
"1","Gangwon","Male","40-44",75444,47462,0.38616503669471,0.440683554831923,1.11948523637972,-0.119485236379719,0.440683554831923,-0.052655178717747,2.33505572095398,31.4225744600305,71.3041685252247
"1","Gangwon","Male","45-49",45407,34578,0.43230605738576,0.49333873354967,1.0368070437456,-0.0368070437456021,0.49333873354967,-0.0181583403471626,2.51208951861626,29.0875187390765,58.9605412285106
"1","Gangwon","Male","50-54",28920,23492,0.448217965351446,0.511497073896832,1.10341901998028,-0.103419019980283,0.511497073896832,-0.0528985261051929,2.68973168474714,26.5754292204603,51.9561705759053
"1","Gangwon","Male","55-59",25468,24921,0.494572228065649,0.564395600002025,1.16474393990152,-0.16474393990152,0.564395600002025,-0.0929807548074159,3.05442988702867,23.8856975357131,42.3208429258262
"1","Gangwon","Male","60-64",19330,26265,0.576050005483057,0.657376354809441,1.00185818556923,-0.00185818556922879,0.657376354809441,-0.00122152725605913,3.28993559218735,20.8312676486845,31.6884954809836
"1","Gangwon","Male","65-69",11951,16310,0.5771204132904,0.6585978820655,1.00703372551372,-0.00703372551372294,0.6585978820655,-0.004632396726368,3.30457040214342,17.5413320564971,26.634358436568
"1","Gangwon","Male","70-74",6369,8838,0.581179719865851,0.663230278791868,1.08327549143199,-0.0832754914319944,0.663230278791868,-0.0552308273989715,3.45422846245677,14.2367616543537,21.4657896504472
"1","Gangwon","Male","75-79",3702,6292,0.629577746647989,0.71846110619084,1.09014633107094,-0.0901463310709354,0.71846110619084,-0.0647666327402699,3.75422211280487,10.7825331918969,15.0078175408327
"1","Gangwon","Male","80-84",1930,4223,0.686331870632212,0.78322773893111,0.86313622117687,0.13686377882313,0.78322773893111,0.107195508029207,3.64814992458253,7.02831107909204,8.97352165882653
"1","Gangwon","Male","85+",1008,1465,0.59239789729074,0.676032230901902,1,0,0.676032230901902,0,3.38016115450951,3.38016115450951,5
"1","Gwangju","Female","0-4",7986,43789,0.845755673587639,1,0.911552514796113,0.0884474852038869,1,0.0884474852038869,4.77888128699028,58.818111905797,58.818111905797
"1","Gwangju","Female","5-9",11627,39135,0.770950711161893,0.911552514796113,1.00020405790536,-0.000204057905361266,0.911552514796113,-0.000186009496796089,4.55822759772256,54.0392306188067,59.2826301739661
"1","Gwangju","Female","10-14",9079,30586,0.771108029749149,0.911738524292909,1.00959806444395,-0.00959806444394706,0.911738524292909,-0.00875092511219254,4.58056993424503,49.4810030210842,54.2710455933171
"1","Gwangju","Female","15-19",9657,33943,0.778509174311927,0.920489449405102,0.871246309179677,0.128753690820323,0.920489449405102,0.118516413972074,4.30615621209532,44.9004330868391,48.7788677163628
"1","Gwangju","Female","20-24",13564,28596,0.678273244781784,0.801973035433028,0.770831447984161,0.229168552015839,0.801973035433028,0.183786999285934,3.5503976789503,40.5942768747438,50.6180071912578
"1","Gwangju","Female","25-29",20155,22084,0.522834347404058,0.618186036147094,0.79672331231691,0.20327668768309,0.618186036147094,0.12566280979992,2.77677315623567,37.0438791957935,59.9235133596242
"1","Gwangju","Female","30-34",22070,15757,0.416554313056811,0.492523226347174,0.948466037000432,0.0515339629995685,0.492523226347174,0.0253816737230034,2.39916194742836,34.2671060395578,69.5745991386066
"1","Gwangju","Female","35-39",21057,13753,0.395087618500431,0.467141552624171,1.10427374213326,-0.104273742133265,0.467141552624171,-0.0487105977980657,2.45748425761602,31.8679440921295,68.2190310690862
"1","Gwangju","Female","40-44",17049,13195,0.43628488295199,0.515852150422236,0.921157605614461,0.0788423943855389,0.515852150422236,0.0406710186882183,2.47758320539064,29.4104598345134,57.0133512294954
"1","Gwangju","Female","45-49",13058,8774,0.401887138145841,0.475181131734018,0.925639636079633,0.074360363920367,0.475181131734018,0.0353346418838335,2.28756905396051,26.9328766291228,56.67917943383
"1","Gwangju","Female","50-54",11314,6702,0.372002664298401,0.439846489850185,1.24762337752822,-0.247623377528218,0.439846489850185,-0.108916273410634,2.47152313277751,24.6453075751623,56.031611355036
"1","Gwangju","Female","55-59",7012,6073,0.464119220481467,0.548762763260818,0.981443103039306,0.0185568969606935,0.548762763260818,0.0101833340536965,2.71835548116985,22.1737844423848,40.4068678250422
"1","Gwangju","Female","60-64",5562,4653,0.455506607929515,0.538579429207122,1.01529269998718,-0.0152926999871827,0.538579429207122,-0.00823633363013264,2.71348798011094,19.455428961215,36.123602028129
"1","Gwangju","Female","65-69",4648,3999,0.462472533826761,0.546815762837255,1.09841276414622,-0.0984127641462234,0.546815762837255,-0.0538136506995399,2.86861294093512,16.741940981104,30.6171513678307
"1","Gwangju","Female","70-74",3173,3276,0.50798573422236,0.600629413536794,1.14680444272281,-0.14680444272281,0.600629413536794,-0.0881750663371974,3.22358473352697,13.8733280401689,23.0979830948939
"1","Gwangju","Female","75-79",2025,2826,0.582560296846011,0.688804479873992,1.1663263858233,-0.166326385823296,0.688804479873992,-0.114566359676336,3.7304382985608,10.6497433066419,15.4611992485736
"1","Gwangju","Female","80-84",518,1098,0.679455445544555,0.803370839550328,0.81504541737397,0.18495458262603,0.803370839550328,0.148587118322954,3.64538640194425,6.91930500808112,8.61284063030477
"1","Gwangju","Female","85+",813,1009,0.553787047200878,0.654783721227374,1,0,0.654783721227374,0,3.27391860613687,3.27391860613687,5
"1","Gwangju","Male","0-4",7997,46894,0.854311271428832,1,0.91951499187695,0.08048500812305,1,0.08048500812305,4.79878747969237,62.7882571686243,62.7882571686243
"1","Gwangju","Male","5-9",12744,46683,0.785552021808269,0.91951499187695,0.970590437732102,0.0294095622678977,0.91951499187695,0.0270425334098706,4.52996862586007,57.9894696889319,63.0652791974185
"1","Gwangju","Male","10-14",10304,33072,0.762449280708226,0.892472458467079,0.997250929495942,0.00274907050405759,0.892472458467079,0.00245346971125561,4.45622861805726,53.4595010630718,59.9004490904901
"1","Gwangju","Male","15-19",11180,35472,0.760353253879791,0.890018988755824,0.932112438433461,0.0678875615665393,0.890018988755824,0.06042121889455,4.29904189654274,49.0032724450146,55.0586819653334
"1","Gwangju","Male","20-24",9010,21924,0.708734725544708,0.829597769861274,0.848750840932985,0.151249159067015,0.829597769861274,0.125475965055388,3.8342989366679,44.7042305484718,53.8866329835329
"1","Gwangju","Male","25-29",15895,23996,0.60153919430448,0.704121804805885,0.827378273303499,0.172621726696501,0.704121804805885,0.121546721750249,3.21674221965381,40.8699316118039,58.0438374906897
"1","Gwangju","Male","30-34",17584,17423,0.497700459908018,0.582575083055637,0.898210807794251,0.101789192205749,0.582575083055637,0.0592998471034304,2.76462579751961,37.6531893921501,64.6323375085957
"1","Gwangju","Male","35-39",18251,14755,0.447039932133551,0.523275235952207,1.02895125375442,-0.028951253754425,0.523275235952207,-0.0151494741394589,2.65424986510968,34.8885635946305,66.6734467782402
"1","Gwangju","Male","40-44",17084,14552,0.459982298647111,0.538424710091665,1.00095811061521,-0.000958110615206564,0.538424710091665,-0.000515870430228342,2.6934132265339,32.2343137295208,59.8678201898145
"1","Gwangju","Male","45-49",12577,10732,0.460423012570252,0.538940580521894,1.02543181473768,-0.0254318147376802,0.538940580521894,-0.0137062369984506,2.7289684951056,29.5409005029869,54.8129080841907
"1","Gwangju","Male","50-54",9632,8615,0.472132405326903,0.552646817520345,1.03799721492616,-0.0379972149261643,0.552646817520345,-0.0209990399035812,2.81573168736068,26.8119320078813,48.5154915542318
"1","Gwangju","Male","55-59",5727,5504,0.490072121805716,0.573645857423926,1.14143621639988,-0.141436216399879,0.573645857423926,-0.0811342996275048,3.07106503618839,23.9962003205207,41.8310356641997
"1","Gwangju","Male","60-64",3732,4738,0.559386068476978,0.65478015705143,1.13649828570699,-0.136498285706985,0.65478015705143,-0.0893763689524709,3.49734170763833,20.9251352843323,31.9574975798918
"1","Gwangju","Male","65-69",2022,3529,0.635741307872455,0.744156526003901,1.05050433402688,-0.0505043340268763,0.744156526003901,-0.0375831297575809,3.81474045441346,17.4277935766939,23.4195266287332
"1","Gwangju","Male","70-74",1311,2636,0.667848999239929,0.781739655761482,0.88876808219676,0.11123191780324,0.781739655761482,0.0869544011331945,3.69131227597442,13.6130531222805,17.4137937380446
"1","Gwangju","Male","75-79",543,793,0.593562874251497,0.694785254628288,0.965785926760829,0.034214073239171,0.694785254628288,0.0237714335873483,3.41449768917307,9.92174084630605,14.2802985242026
"1","Gwangju","Male","80-84",434,583,0.573254670599803,0.671013821040939,0.959683879941219,0.040316120058781,0.671013821040939,0.0270526737701879,3.28743742077923,6.50724315713298,9.69762909955914
"1","Gwangju","Male","85+",157,192,0.550143266475645,0.643961147270751,1,0,0.643961147270751,0,3.21980573635376,3.21980573635376,5
"1","Gyeongbuk","Female","0-4",9645,68219,0.876130175690948,1,0.91718599827866,0.0828140017213402,1,0.0828140017213402,4.79296499569665,50.2473900727491,50.2473900727491
"1","Gyeongbuk","Female","5-9",15717,64298,0.80357432981316,0.91718599827866,0.950687083062084,0.0493129169379161,0.91718599827866,0.0452291169497352,4.47285719901896,45.4544250770524,49.5585684499759
"1","Gyeongbuk","Female","10-14",18608,60222,0.763947735633642,0.871956881328925,0.84677369831582,0.15322630168418,0.871956881328925,0.133606728154103,4.02576758625937,40.9815678780335,46.9995349031189
"1","Gyeongbuk","Female","15-19",41425,75890,0.646890849422495,0.738350153174822,0.707529916764036,0.292470083235964,0.738350153174822,0.215945330756327,3.15188743898329,36.9558002917741,50.0518624298626
"1","Gyeongbuk","Female","20-24",80874,68256,0.457694628847314,0.522404822418495,0.80026260989178,0.19973739010822,0.522404822418495,0.104343775809818,2.35116467256793,33.8039128527908,64.7082710613088
"1","Gyeongbuk","Female","25-29",118495,68487,0.366275898214801,0.418061046608676,0.771315803939354,0.228684196060646,0.418061046608676,0.0956039543479775,1.85129534717344,31.4527481802229,75.2348214103383
"1","Gyeongbuk","Female","30-34",158941,62584,0.282514388895159,0.322457092260699,0.950149553018754,0.049850446981246,0.322457092260699,0.0160746301814687,1.57209888584982,29.6014528330495,91.7996643383405
"1","Gyeongbuk","Female","35-39",186515,68437,0.268430920330101,0.30638246207923,1.02684800717992,-0.0268480071799193,0.30638246207923,-0.00822575854170453,1.55247670675041,28.0293539471996,91.4848511790837
"1","Gyeongbuk","Female","40-44",183176,69703,0.275637755606436,0.314608220620935,1.08242582523914,-0.0824258252391428,0.314608220620935,-0.0259318422116988,1.63787070863392,26.4768772404492,84.1582498645218
"1","Gyeongbuk","Female","45-49",144551,61467,0.298357425079362,0.340540062832634,1.13053399555966,-0.130533995559655,0.340540062832634,-0.0444520550496798,1.81383045178737,24.8390065318153,72.940042135433
"1","Gyeongbuk","Female","50-54",106836,54378,0.337303211879862,0.384992117882313,1.20305169207192,-0.203051692071917,0.384992117882313,-0.0781733009703548,2.12039384183745,23.0251760800279,59.8068765840718
"1","Gyeongbuk","Female","55-59",81666,55771,0.40579319979336,0.463165418852668,1.18374542875098,-0.183745428750976,0.463165418852668,-0.085104528469709,2.52858841543761,20.9047822381905,45.1345920642669
"1","Gyeongbuk","Female","60-64",73658,68089,0.480355845273621,0.548269947322377,1.07519931245639,-0.0751993124563866,0.548269947322377,-0.041229523079142,2.84442354430974,18.3761938227529,33.5166899307502
"1","Gyeongbuk","Female","65-69",56764,60633,0.516478274572604,0.589499470401519,1.00719699783493,-0.00719699783492511,0.589499470401519,-0.00424262641216923,2.95810391803802,15.5317702784431,26.3473863137895
"1","Gyeongbuk","Female","70-74",41161,44626,0.520195367596489,0.593742096813689,1.00194918928749,-0.00194918928748855,0.593742096813689,-0.00115731573464023,2.97160377340504,12.5736663604051,21.1769831175549
"1","Gyeongbuk","Female","75-79",29076,31652,0.521209326834409,0.594899412548329,1.03297819895412,-0.0329781989541227,0.594899412548329,-0.0196187111847095,3.02354384070342,9.60206258700007,16.1406489642819
"1","Gyeongbuk","Female","80-84",15616,18214,0.538397871711499,0.614518123733038,1.09402218144169,-0.0940221814416917,0.614518123733038,-0.0577783345288357,3.21703645498728,6.57851874629665,10.7051663608127
"1","Gyeongbuk","Female","85+",9005,12906,0.589019214093378,0.672296458261874,1,0,0.672296458261874,0,3.36148229130937,3.36148229130937,5
"1","Gyeongbuk","Male","0-4",9914,82042,0.892187567967289,1,0.90493124946301,0.0950687505369898,1,0.0950687505369898,4.76232812365753,52.5426725857333,52.5426725857333
"1","Gyeongbuk","Male","5-9",19466,81587,0.807368410636003,0.90493124946301,0.923314656128236,0.0766853438717644,0.90493124946301,0.0693949640453763,4.35116883720161,47.7803444620757,52.799971810487
"1","Gyeongbuk","Male","10-14",25665,75162,0.745455086435181,0.835536285417634,0.849184469026537,0.150815530973463,0.835536285417634,0.126011848532855,3.86265180575603,43.4291756248741,51.9776057399668
"1","Gyeongbuk","Male","15-19",44598,76932,0.633028881757591,0.709524436884779,0.820985773179098,0.179014226820902,0.709524436884779,0.127014968479465,3.23008476322523,39.5665238191181,55.7648500350995
"1","Gyeongbuk","Male","20-24",52056,56328,0.519707705934455,0.582509468405314,0.782439778824988,0.217560221175012,0.582509468405314,0.126730888782799,2.59572012006957,36.3364390558929,62.3791389269054
"1","Gyeongbuk","Male","25-29",105697,72436,0.406639982484997,0.455778579622515,0.823812342139189,0.176187657860811,0.455778579622515,0.0803025604468183,2.07813649699553,33.7407189358233,74.0287508986667
"1","Gyeongbuk","Male","30-34",154742,77951,0.334995036378404,0.375476019175697,0.921639289938467,0.0783607100615326,0.375476019175697,0.0294225674736852,1.80382367719427,31.6625824388278,84.326510407611
"1","Gyeongbuk","Male","35-39",186462,83282,0.308744587460703,0.346053451702012,1.00379424293007,-0.0037942429300688,0.346053451702012,-0.00131301086254626,1.73354978566642,29.8587587616335,86.2836611360981
"1","Gyeongbuk","Male","40-44",184191,82720,0.309916039428873,0.347366462564558,1.0126246485225,-0.012624648522505,0.347366462564558,-0.00438537949838344,1.74779576156875,28.1252089759671,80.9669671859585
"1","Gyeongbuk","Male","45-49",147028,67245,0.31382862049815,0.351751842062941,1.0901663596706,-0.090166359670599,0.351751842062941,-0.0317161831062429,1.83804966808031,26.3774132143983,74.9886995891792
"1","Gyeongbuk","Male","50-54",111740,58110,0.342125404768914,0.383468025169184,1.13688562521428,-0.136885625214279,0.383468025169184,-0.0524912603749688,2.04856827678334,24.539363546318,63.9932456832387
"1","Gyeongbuk","Male","55-59",80701,51370,0.388957454702395,0.435959285544153,1.13592556683151,-0.135925566831512,0.435959285544153,-0.0592580130030499,2.32794146022839,22.4907952695347,51.5892103122938
"1","Gyeongbuk","Male","60-64",70389,55717,0.44182671720616,0.495217298547203,1.15583471623099,-0.155834716230989,0.495217298547203,-0.0771720471917803,2.66901661071547,20.1628538093063,40.7151645721123
"1","Gyeongbuk","Male","65-69",43852,45766,0.510678658305251,0.572389345738983,1.13026768339123,-0.130267683391228,0.572389345738983,-0.074563834067238,3.04835631386301,17.4938371985908,30.5628281323185
"1","Gyeongbuk","Male","70-74",22319,30470,0.577203584080017,0.646953179806221,1.00836741380171,-0.00836741380170736,0.646953179806221,-0.00541332496576904,3.24829921144553,14.4454808847278,22.3284796112364
"1","Gyeongbuk","Male","75-79",13637,18990,0.582033285315843,0.65236650477199,1.10126693762695,-0.10126693762695,0.65236650477199,-0.0660631581486562,3.42699041923159,11.1971816732823,17.1639432609984
"1","Gyeongbuk","Male","80-84",5706,10187,0.640974013716731,0.718429662920647,1.10873616074673,-0.108736160746731,0.718429662920647,-0.0781192833125595,3.78744652288463,7.77019125405066,10.8155212056005
"1","Gyeongbuk","Male","85+",1578,3876,0.710671067106711,0.796548946233206,1,0,0.796548946233206,0,3.98274473116603,3.98274473116603,5
"1","Gyeonggi","Female","0-4",38354,272034,0.876432078559738,1,0.92377929488434,0.0762207051156598,1,0.0762207051156598,4.80944823721085,64.5954223312107,64.5954223312107
"1","Gyeonggi","Female","5-9",56274,239329,0.809629807545932,0.92377929488434,0.945168642745137,0.0548313572548627,0.92377929488434,0.0506520725424484,4.49226629306558,59.7859740939999,64.7188938148752
"1","Gyeonggi","Female","10-14",54008,176045,0.765236706324195,0.873127222341892,0.970235723979649,0.0297642760203508,0.873127222341892,0.0259879996466663,4.30066611259279,55.2937078009343,63.3283516835337
"1","Gyeonggi","Female","15-19",52396,151052,0.742459989776257,0.847139222695225,0.919753162071171,0.0802468379288287,0.847139222695225,0.0679802439067777,4.06574550370918,50.9930416883415,60.1944052668273
"1","Gyeonggi","Female","20-24",54251,116823,0.682879923308042,0.779158978788448,0.947564383311241,0.0524356166887586,0.779158978788448,0.0408556815513557,3.79365569006385,46.9272961846323,60.2281401641573
"1","Gyeonggi","Female","25-29",59872,109772,0.647072693405013,0.738303297237092,0.925407635237996,0.0745923647620038,0.738303297237092,0.0550717888524993,3.55383701405421,43.1336404945685,58.4226572683406
"1","Gyeonggi","Female","30-34",64447,96191,0.598806011031014,0.683231508384593,0.962703358363928,0.0372966416360719,0.683231508384593,0.025482240722693,3.35245194011623,39.5798034805143,57.9302959462383
"1","Gyeonggi","Female","35-39",75894,103301,0.576472557828064,0.6577492676619,0.910704719344639,0.0892952806553609,0.6577492676619,0.0587339054567274,3.14191157466768,36.227351540398,55.0777527570275
"1","Gyeonggi","Female","40-44",79784,88181,0.524996278986694,0.599015362205172,0.963824068675129,0.0361759313248712,0.599015362205172,0.0216699386056772,2.94090196451167,33.0854399657303,55.2330408421112
"1","Gyeonggi","Female","45-49",56113,57477,0.506004049652258,0.577345423599495,1.00519881061363,-0.00519881061363359,0.577345423599495,-0.00300150951594183,2.89423089178733,30.1445380012187,52.2123095967068
"1","Gyeonggi","Female","50-54",41513,42972,0.508634668876132,0.580346933115437,1.02896803682026,-0.0289680368202589,0.580346933115437,-0.0168115113270123,2.94376344389472,27.2503071094313,46.9552013709203
"1","Gyeonggi","Female","55-59",37029,40660,0.523368816692196,0.597158444442449,1.09620128945393,-0.0962012894539324,0.597158444442449,-0.0574474123636681,3.12941075312142,24.3065436655366,40.7036757024025
"1","Gyeonggi","Female","60-64",32617,43898,0.573717571717964,0.654605856806117,1.07866305245628,-0.0786630524562808,0.654605856806117,-0.0514932948521283,3.40176252116091,21.1771329124152,32.350967673495
"1","Gyeonggi","Female","65-69",23543,38225,0.618847947157104,0.706099151658246,1.01166647688423,-0.0116664768842298,0.706099151658246,-0.00823768943079522,3.55108998186822,17.7753703912543,25.1740429789634
"1","Gyeonggi","Female","70-74",15891,26606,0.626067722427465,0.714336841089041,0.965799699797779,0.0342003002022208,0.714336841089041,0.0244305344107513,3.51060786941833,14.2242804093861,19.912567280865
"1","Gyeonggi","Female","75-79",11361,17376,0.604656018373525,0.68990630667829,0.98507491479088,0.0149250852091201,0.68990630667829,0.0102969104134828,3.42378925735774,10.7136725399678,15.5291703181424
"1","Gyeonggi","Female","80-84",7220,10635,0.595631475777093,0.679609396264807,1.09687708315509,-0.0968770831550898,0.679609396264807,-0.0658385759949261,3.56264342131135,7.28988328261001,10.7265781236632
"1","Gyeonggi","Female","85+",3909,7367,0.65333451578574,0.745447972259733,1,0,0.745447972259733,0,3.72723986129866,3.72723986129866,5
"1","Gyeonggi","Male","0-4",41034,301298,0.880133905097975,1,0.907002290505077,0.0929977094949233,1,0.0929977094949233,4.76750572626269,70.968881351363,70.968881351363
"1","Gyeonggi","Male","5-9",67218,266012,0.798283467875041,0.907002290505077,0.942792049942639,0.0572079500573608,0.907002290505077,0.0518877417371263,4.40529209818257,66.2013756251003,72.9892044575049
"1","Gyeonggi","Male","10-14",60893,185254,0.752615307113229,0.85511454876795,0.967419531856227,0.032580468143773,0.85511454876795,0.027860032315411,4.20592266305122,61.7960835269177,72.2664391758432
"1","Gyeonggi","Male","15-19",57074,152830,0.728094748075311,0.82725451645254,0.981989570528846,0.0180104294711536,0.82725451645254,0.0148992091232617,4.09902455945454,57.5901608638665,69.6160126279232
"1","Gyeonggi","Male","20-24",35875,89994,0.714981448966783,0.812355307329278,0.950810269290578,0.0491897307094223,0.812355307329278,0.0399595388078972,3.96187768962665,53.4911363044119,65.8469709273777
"1","Gyeonggi","Male","25-29",52646,111776,0.679811704029874,0.772395768521381,0.991655306573993,0.00834469342600674,0.772395768521381,0.00644540589185579,3.84586532787726,49.5292586147853,64.1241972487765
"1","Gyeonggi","Male","30-34",53073,109797,0.674138883772334,0.765950362629525,0.9827166650953,0.0172833349046995,0.765950362629525,0.0132381766377021,3.79665637155337,45.683393286908,59.6427595256642
"1","Gyeonggi","Male","35-39",63532,124704,0.662487515671816,0.752712185991823,0.963145601093031,0.0368543989069686,0.752712185991823,0.027740755164679,3.69420904204742,41.8867369153547,55.6477465024191
"1","Gyeonggi","Male","40-44",64792,114227,0.63807193649836,0.724971430827144,0.958954850341727,0.0410451496582726,0.724971430827144,0.0297565608762721,3.55046575194504,38.1925278733072,52.68142474212
"1","Gyeonggi","Male","45-49",47343,74638,0.611882178372042,0.695214869950872,0.979100934727208,0.0208990652727918,0.695214869950872,0.0145293409457188,3.43975099739006,34.6420621213622,49.8292882081337
"1","Gyeonggi","Male","50-54",33911,50675,0.599094412786986,0.680685529005153,0.978728619115345,0.0212713808846553,0.680685529005153,0.0144791211501417,3.36722984215041,31.2023111239721,45.8395393972536
"1","Gyeonggi","Male","55-59",31609,44806,0.586350847346725,0.666206407855011,1.07526878027652,-0.0752687802765153,0.666206407855011,-0.0501445437316454,3.45639339860417,27.8350812818217,41.781467355504
"1","Gyeonggi","Male","60-64",26199,44702,0.630484760440614,0.716350951586656,1.07666422659398,-0.0766642265939843,0.716350951586656,-0.0549184916732557,3.71905098711642,24.3786878832176,34.0317658952233
"1","Gyeonggi","Male","65-69",14790,31259,0.678820386979088,0.771269443259912,1.04989686974113,-0.0498968697411275,0.771269443259912,-0.0384839309456518,3.95255704366369,20.6596368961011,26.7865362444276
"1","Gyeonggi","Male","70-74",7543,18711,0.712691399405805,0.809753374205564,0.911840881630727,0.0881591183692729,0.809753374205564,0.0713871435665065,3.87029901211155,16.7070798524374,20.6323065573249
"1","Gyeonggi","Male","75-79",5674,10531,0.649861153964826,0.738366230639057,1.12815098169592,-0.128150981695918,0.738366230639057,-0.0946223573075097,3.92838704646406,12.8367808403259,17.3853845255296
"1","Gyeonggi","Male","80-84",2133,5860,0.73314149881146,0.832988587946567,1.09259957423463,-0.092599574234626,0.832988587946567,-0.0771343885861544,4.35777891119822,8.90839379386183,10.6944968067597
"1","Gyeonggi","Male","85+",734,2955,0.801030089455137,0.910122976532721,1,0,0.910122976532721,0,4.55061488266361,4.55061488266361,5
"1","Gyeongnam","Female","0-4",8496,84272,0.908416695412211,1,0.930265458002611,0.0697345419973894,1,0.0697345419973894,4.82566364500653,54.9486160434035,54.9486160434035
"1","Gyeongnam","Female","5-9",14969,81648,0.845068673214859,0.930265458002611,0.935578016024149,0.0644219839758506,0.930265458002611,0.0599295464287315,4.50150342394122,50.122952398397,53.8802682258211
"1","Gyeongnam","Female","10-14",18850,71181,0.790627672690518,0.870335911573879,0.914335463970464,0.0856645360295364,0.870335911573879,0.07455692205482,4.16528725273235,45.6214489744557,52.4182081513284
"1","Gyeongnam","Female","15-19",31326,81723,0.722898919937372,0.795778989519059,0.837873515915458,0.162126484084542,0.795778989519059,0.129016849679075,3.65635282339761,41.4561617217234,52.0950694448191
"1","Gyeongnam","Female","20-24",49244,75645,0.605697859699413,0.666762139839984,0.821535658850519,0.178464341149481,0.666762139839984,0.118993265989961,3.03632753422502,37.7998088983258,56.6915945578394
"1","Gyeongnam","Female","25-29",81721,80941,0.497602390232507,0.547768873850023,0.865208520535973,0.134791479464027,0.547768873850023,0.0738345769105888,2.55425792697365,34.7634813641008,63.4637764642663
"1","Gyeongnam","Female","30-34",105139,79487,0.430529827868231,0.473934296939435,0.933982815622982,0.066017184377018,0.473934296939435,0.031287807863643,2.29145196503807,32.2092234371271,67.9613685802596
"1","Gyeongnam","Female","35-39",127723,85899,0.402107460842048,0.442646489075792,0.997954514684444,0.0020454853155556,0.442646489075792,0.000905426893386772,2.21096887814549,29.917771472089,67.5884079292142
"1","Gyeongnam","Female","40-44",127109,85194,0.40128495593562,0.441741062182405,0.931575212407158,0.0684247875928419,0.441741062182405,0.0302260383508674,2.13314021503486,27.7068025939436,62.7218182005973
"1","Gyeongnam","Female","45-49",109311,65259,0.373827118061523,0.411515023831537,1.02466340070984,-0.0246634007098441,0.411515023831537,-0.0101493599308782,2.08294851898488,25.5736623789087,62.1451487743928
"1","Gyeongnam","Female","50-54",89444,55533,0.38304696607048,0.421664383762416,1.24393260453889,-0.243932604538892,0.421664383762416,-0.102857691372453,2.36546614724321,23.4907138599238,55.7095044412371
"1","Gyeongnam","Female","55-59",60176,54770,0.476484610164773,0.524522075134869,1.05286030612681,-0.0528603061268098,0.524522075134869,-0.0277263974618987,2.69192636932909,21.1252477126806,40.2752309466646
"1","Gyeongnam","Female","60-64",55743,56117,0.501671732522796,0.552248472596767,1.09735824348551,-0.0973582434855089,0.552248472596767,-0.0537659412595765,2.89565721613278,18.4333213433515,33.3786732929742
"1","Gyeongnam","Female","65-69",44020,53914,0.550513611207548,0.606014413856344,1.08281776665896,-0.0828177666589585,0.606014413856344,-0.0501887603187202,3.15554397007852,15.5376641272187,25.6390999487051
"1","Gyeongnam","Female","70-74",28523,42097,0.596105919003115,0.656203174175064,0.957149087810364,0.0428509121896362,0.656203174175064,0.0281189045951362,3.21071860938748,12.3821201571402,18.8693390163896
"1","Gyeongnam","Female","75-79",20890,27755,0.57056223661219,0.628084269579928,0.994693150688116,0.00530684931188374,0.628084269579928,0.00333314857382524,3.13208847646508,9.17140154775274,14.6021831654639
"1","Gyeongnam","Female","80-84",9852,12929,0.567534348799438,0.624751121006103,0.955566703439052,0.0444332965609479,0.624751121006103,0.0277597518364488,3.05435622543939,6.03931307128766,9.66675027579289
"1","Gyeongnam","Female","85+",6100,7228,0.542316926770708,0.596991369169654,1,0,0.596991369169654,0,2.98495684584827,2.98495684584827,5
"1","Gyeongnam","Male","0-4",7959,99328,0.925815802473739,1,0.880110819846357,0.119889180153643,1,0.119889180153643,4.70027704961589,55.7574989473084,55.7574989473084
"1","Gyeongnam","Male","5-9",21696,95466,0.814820504941875,0.880110819846357,0.98224081004496,0.0177591899550403,0.880110819846357,0.0156300552311377,4.36147896115394,51.0572218976925,58.0122647584376
"1","Gyeongnam","Male","10-14",20310,81418,0.800349952815351,0.86448076461522,0.935998536419429,0.0640014635805706,0.86448076461522,0.0553280341726248,4.18408373764454,46.6957429365385,54.0159421098546
"1","Gyeongnam","Male","15-19",29650,88537,0.749126384458528,0.809152730442595,0.822102671766729,0.177897328233271,0.809152730442595,0.143946108878394,3.68589838001699,42.511659198894,52.5384857511891
"1","Gyeongnam","Male","20-24",35520,56946,0.615858802154305,0.665206621564201,0.868464002305146,0.131535997694854,0.665206621564201,0.0874986166406706,3.10728656621933,38.825760818877,58.3664677413766
"1","Gyeongnam","Male","25-29",68522,78790,0.534851200173781,0.57770800492353,0.886713921242294,0.113286078757706,0.57770800492353,0.0654462745447245,2.72492433825584,35.7184742526577,61.8279025878924
"1","Gyeongnam","Male","30-34",99092,89389,0.47426000498724,0.512261730378806,0.94329385037526,0.05670614962474,0.512261730378806,0.0290483903298888,2.48868767606931,32.9935499144019,64.4076025160105
"1","Gyeongnam","Male","35-39",116352,94189,0.447366546183404,0.483213340048917,0.966348273512014,0.0336517264879858,0.483213340048917,0.0162609631546722,2.3754142923579,30.5048622383325,63.1291806539208
"1","Gyeongnam","Male","40-44",121936,92858,0.432311889531365,0.466952376894245,0.970988859217225,0.0290111407827748,0.466952376894245,0.0135468211449302,2.3008948316089,28.1294479459746,60.2405070364282
"1","Gyeongnam","Male","45-49",104858,75860,0.419770028442103,0.453405555749315,0.997487702991124,0.00251229700887634,0.453405555749315,0.00113908942151692,2.26418005519278,25.8285531143657,56.965674078873
"1","Gyeongnam","Male","50-54",81263,58536,0.418715441455232,0.452266466327798,0.950498438230053,0.049501561769947,0.452266466327798,0.0223878964194011,2.20536259059049,23.564373059173,52.1028526622926
"1","Gyeongnam","Male","55-59",65240,43130,0.397988373166005,0.429878569908397,1.22717314139149,-0.227173141391489,0.429878569908397,-0.0976568651429714,2.39353501239941,21.3590104685825,49.6861485166239
"1","Gyeongnam","Male","60-64",48759,46548,0.488400642135415,0.527535435051368,1.08870234676506,-0.0887023467650605,0.527535435051368,-0.0467936310907835,2.7546612529838,18.9654754561831,35.9510929428586
"1","Gyeongnam","Male","65-69",32490,36892,0.531722925254389,0.574329066142151,1.14514088167189,-0.145140881671894,0.574329066142151,-0.0833586270296674,3.08004189828493,16.2108142031993,28.225655219036
"1","Gyeongnam","Male","70-74",15657,24376,0.608897659430969,0.657687693171819,1.08236672690111,-0.0823667269011124,0.657687693171819,-0.0541715826097058,3.42386742238336,13.1307723049143,19.9650570342723
"1","Gyeongnam","Male","75-79",7491,14480,0.659050566656047,0.711859275781525,0.974178392496249,0.0258216075037508,0.711859275781525,0.0183813508171349,3.51334300186479,9.70690488253098,13.6359884780234
"1","Gyeongnam","Male","80-84",3381,6064,0.64203282159873,0.69347792496439,0.857487918544148,0.142512081455852,0.69347792496439,0.0988289825303607,3.22031716849605,6.19356188066619,8.93115938908111
"1","Gyeongnam","Male","85+",1721,2108,0.550535387829721,0.594648942434029,1,0,0.594648942434029,0,2.97324471217014,2.97324471217014,5
"1","Incheon","Female","0-4",10636,72064,0.871390568319226,1,0.864802348131077,0.135197651868923,1,0.135197651868923,4.66200587032769,66.6415419163724,66.6415419163724
"1","Incheon","Female","5-9",22814,69768,0.753580609621741,0.864802348131077,1.02165428607146,-0.0216542860714577,0.864802348131077,-0.0187266774416987,4.37082843425963,61.9795360460447,71.6690191463848
"1","Incheon","Female","10-14",16426,54960,0.769898859720393,0.883529025572776,0.95323503552204,0.0467649644779602,0.883529025572776,0.0413182034961577,4.31434961912349,57.6087076117851,65.2029598851474
"1","Incheon","Female","15-19",18460,50911,0.733894566893947,0.842210822076618,0.98487081257825,0.01512918742175,0.842210822076618,0.0127419653758233,4.17919919694353,53.2943579926616,63.2791180018977
"1","Incheon","Female","20-24",15695,40923,0.722791338443605,0.829468856700795,0.912401478541493,0.087598521458507,0.829468856700795,0.0726602454428679,3.96569366989681,49.115158795718,59.212782250889
"1","Incheon","Female","25-29",18153,35156,0.65947588587293,0.756808611257927,0.879000288843558,0.120999711156442,0.756808611257927,0.0915736233629176,3.55510899788234,45.1494651258212,59.6577053355355
"1","Incheon","Female","30-34",19278,26587,0.579679494167666,0.66523498789501,0.992621456930761,0.00737854306923891,0.66523498789501,0.00490846500934795,3.31390377695168,41.5943561279389,62.5258095031278
"1","Incheon","Female","35-39",18760,25423,0.575402304053595,0.660326522885662,0.963532352444575,0.0364676475554248,0.660326522885662,0.0240805549080934,3.24143122715808,38.2804523509872,57.9720047949908
"1","Incheon","Female","40-44",18988,23626,0.554418735626789,0.636245967977568,0.96355502476402,0.03644497523598,0.636245967977568,0.0231879685469346,3.1232599185205,35.0390211238291,55.0715020406455
"1","Incheon","Female","45-49",14615,16762,0.534212958536508,0.613057999430634,1.03134374839031,-0.0313437483903107,0.613057999430634,-0.019215535682821,3.11332883636022,31.9157612053086,52.0599376159349
"1","Incheon","Female","50-54",10438,12807,0.55095719509572,0.632273535113455,1.00942237105646,-0.00942237105646382,0.632273535113455,-0.00595751585702108,3.17626146520983,28.8024323689484,45.5537528765618
"1","Incheon","Female","55-59",7818,9796,0.55614851822414,0.638231050970476,1.0615980421024,-0.0615980421024027,0.638231050970476,-0.0393137831487401,3.28943971272423,25.6261709037386,40.1518711206109
"1","Incheon","Female","60-64",5516,7951,0.590406178064899,0.677544834119216,1.04375443056726,-0.0437544305672597,0.677544834119216,-0.0296455884006747,3.46183814159777,22.3367311910144,32.9671633022652
"1","Incheon","Female","65-69",3904,6269,0.616239064189521,0.707190422519891,1.11765924642399,-0.117659246423989,0.707190422519891,-0.0832074921919529,3.74397084307934,18.8748930494166,26.6899726698232
"1","Incheon","Female","70-74",2312,5116,0.688745288099085,0.790397914711844,0.997576353830309,0.00242364616969115,0.790397914711844,0.00191564487852323,3.94720046136291,15.1309222063373,19.1434237422723
"1","Incheon","Female","75-79",1799,3950,0.68707601321969,0.78848226983332,1.00674300156354,-0.00674300156353747,0.78848226983332,-0.00531673717830765,3.95570319211237,11.1837217449743,14.1838595144803
"1","Incheon","Female","80-84",911,2044,0.6917089678511,0.793799007011628,0.8807470554497,0.1192529445503,0.793799007011628,0.0946628689672405,3.73233786264004,7.22801855286198,9.10560291587275
"1","Incheon","Female","85+",712,1110,0.609220636663008,0.699136138044387,1,0,0.699136138044387,0,3.49568069022194,3.49568069022194,5
"1","Incheon","Male","0-4",12889,75086,0.853492469451549,1,0.900584167070814,0.0994158329291859,1,0.0994158329291859,4.75146041767703,76.9581218762452,76.9581218762452
"1","Incheon","Male","5-9",24778,82320,0.768641804702235,0.900584167070814,0.986610634599857,0.0133893654001429,0.900584167070814,0.0120582504864945,4.47277520913783,72.2066614585682,80.1775826166512
"1","Incheon","Male","10-14",18051,56648,0.758350178717252,0.88852591658432,1.01946109606849,-0.0194610960684927,0.88852591658432,-0.0172916882219929,4.48585880347658,67.7338862494303,76.2317507966606
"1","Incheon","Male","15-19",15474,52726,0.773108504398827,0.905817604806313,0.921058652770923,0.0789413472290774,0.905817604806313,0.0715064620672264,4.3503218688635,63.2480274459537,69.8242417793125
"1","Incheon","Male","20-24",11888,29401,0.712078277507326,0.834311142739086,1.00121740724431,-0.00121740724431318,0.834311142739086,-0.00101569642918177,4.17409495476839,58.8977055770902,70.5944132350025
"1","Incheon","Male","25-29",15234,37836,0.712945166760882,0.835326839168268,0.965449077754493,0.0345509222455075,0.835326839168268,0.0288613126696884,4.10448091416712,54.7236106223219,65.511615401715
"1","Incheon","Male","30-34",14318,31619,0.688312253738816,0.80646552649858,0.984204301113592,0.0157956988864084,0.80646552649858,0.0127386866188404,4.0004809159458,50.6191297081547,62.7666379342055
"1","Incheon","Male","35-39",14701,30875,0.677439880638933,0.793726839879739,0.930307693336949,0.0696923066630506,0.793726839879739,0.0553166543315929,3.83034256356971,46.6186487922089,58.7338697016625
"1","Incheon","Male","40-44",17454,29748,0.630227532731664,0.738410185548147,1.03727450915817,-0.0372745091581683,0.738410185548147,-0.0275238772236992,3.76086062079998,42.7883062286392,57.9465276428657
"1","Incheon","Male","45-49",10680,20162,0.6537189546722,0.765934062771846,0.932276636393568,0.067723363606432,0.765934062771846,0.0518716310316495,3.6999912362801,39.0274456078392,50.9540540168725
"1","Incheon","Male","50-54",9335,14567,0.609446908208518,0.714062431740196,1.03995675712066,-0.0399567571206634,0.714062431740196,-0.0285316191540333,3.64164120658606,35.3274543715591,49.4739014422938
"1","Incheon","Male","55-59",5879,10175,0.633798430297745,0.74259405089423,1.04073554548296,-0.0407355454829588,0.74259405089423,-0.0302499737355765,3.78859518881009,31.6858131649731,42.6690910421611
"1","Incheon","Male","60-64",4474,8670,0.659616555082167,0.772844024629806,1.12062293358735,-0.120622933587347,0.772844024629806,-0.0932227134562987,4.09727690678978,27.897217976163,36.0968281918539
"1","Incheon","Male","65-69",2001,5671,0.739181438998957,0.866066738086105,0.966560012171724,0.0334399878282764,0.866066738086105,0.0289612611800744,4.25793053748034,23.7999410693732,27.4804931568761
"1","Incheon","Male","70-74",1149,2875,0.714463220675944,0.83710547690603,1.12460355445416,-0.124603554454164,0.83710547690603,-0.104306317875539,4.446293179219,19.5420105318929,23.3447409806955
"1","Incheon","Male","75-79",462,1889,0.803487877498937,0.94141179478157,1.01828769430675,-0.0182876943067523,0.94141179478157,-0.0172162511197363,4.75009960170719,15.0957173526739,16.0351903772105
"1","Incheon","Male","80-84",160,720,0.818181818181818,0.958628045901306,1.10561444837063,-0.105614448370632,0.958628045901306,-0.101244972260483,5.04625266015774,10.3456177509667,10.7921083627797
"1","Incheon","Male","85+",54,512,0.904593639575972,1.05987301816179,1,0,1.05987301816179,0,5.29936509080895,5.29936509080895,5
"1","Jeju","Female","0-4",1549,18680,0.923426763557269,1,0.966743190325246,0.0332568096747543,1,0.0332568096747543,4.91685797581311,76.0396901011414,76.0396901011414
"1","Jeju","Female","5-9",2071,17233,0.892716535433071,0.966743190325246,1.0353244378754,-0.0353244378753972,0.966743190325246,-0.0341496597681074,4.9190901010465,71.1228321253283,73.5695196377852
"1","Jeju","Female","10-14",1171,14288,0.924251245229316,1.00089285009335,0.957702326872244,0.0422976731277558,1.00089285009335,0.0423354386091565,4.89862565394387,66.2037420242818,66.1446847363402
"1","Jeju","Female","15-19",2110,16263,0.885157568170685,0.958557411484197,0.829807299353158,0.170192700646842,0.958557411484197,0.163139474585542,4.38493837095713,61.3051163703379,63.9556020702143
"1","Jeju","Female","20-24",5369,14854,0.734510211145725,0.795417936898655,0.917729103062193,0.0822708969378071,0.795417936898655,0.0654397471090724,3.81349031672059,56.9201779993808,71.5600885508231
"1","Jeju","Female","25-29",7912,16364,0.674081397264788,0.729978189789583,0.941107860685533,0.0588921393144668,0.729978189789583,0.0429899772496104,3.54241600582389,53.1066876826602,72.7510608200065
"1","Jeju","Female","30-34",9634,16716,0.63438330170778,0.686988212539972,1.01245208577412,-0.0124520857741184,0.686988212539972,-0.008554436148356,3.45632715307075,49.5642716768363,72.1471937540012
"1","Jeju","Female","35-39",8807,15813,0.642282696994314,0.695542648688328,1.07135460835878,-0.0713546083587777,0.695542648688328,-0.0496301732939826,3.6017886766766,46.1079445237656,66.290607212537
"1","Jeju","Female","40-44",6142,13551,0.688112527293962,0.745172821982311,0.99811944743267,0.00188055256733022,0.745172821982311,0.00140133666348354,3.72236076825284,42.506155847089,57.0420103809127
"1","Jeju","Female","45-49",4538,9952,0.686818495514148,0.743771485318827,0.973178587983457,0.0268214120165429,0.743771485318827,0.0199490014538923,3.6689849229594,38.7837950788361,52.1447727485962
"1","Jeju","Female","50-54",4727,9528,0.668397053665381,0.723822483864935,1.08734100361409,-0.0873410036140851,0.723822483864935,-0.0632193821792034,3.77716087477268,35.1148101558767,48.5130138102053
"1","Jeju","Female","55-59",3447,9169,0.726775523145212,0.787041866044138,1.02395333235573,-0.0239533323557306,0.787041866044138,-0.0188522753952296,3.98234001870877,31.337649281104,39.8170041939631
"1","Jeju","Female","60-64",3255,9469,0.74418421879912,0.805894141439368,1.10000976508865,-0.100009765088648,0.805894141439368,-0.0805972837716692,4.23096391662601,27.3553092623953,33.9440478045135
"1","Jeju","Female","65-69",1926,8692,0.818609907703899,0.886491425211037,0.98705163235738,0.0129483676426204,0.886491425211037,0.0114786168856631,4.40376058384103,23.1243453457692,26.0852442427904
"1","Jeju","Female","70-74",1649,6940,0.808010245663057,0.875012808325374,0.997493793472341,0.00250620652765854,0.875012808325374,0.00219296281200988,4.36958163459685,18.7205847619282,21.3946408370367
"1","Jeju","Female","75-79",1154,4794,0.805985205110962,0.872819845513364,1.10628483149582,-0.10628483149582,0.872819845513364,-0.0927675102065956,4.59601800308331,14.3510031273314,16.4421136860042
"1","Jeju","Female","80-84",362,2979,0.891649206824304,0.96558735571996,1.0136858416053,-0.013685841605299,0.96558735571996,-0.0132148756064628,4.86097396761596,9.75498512424807,10.1026438120397
"1","Jeju","Female","85+",307,2886,0.903852176636392,0.978802231326423,1,0,0.978802231326423,0,4.89401115663211,4.89401115663211,5
"1","Jeju","Male","0-4",1356,19166,0.933924568755482,1,0.946015722420022,0.0539842775799778,1,0.0539842775799778,4.86503930605005,76.6026646474686,76.6026646474686
"1","Jeju","Male","5-9",2600,19719,0.883507325597025,0.946015722420022,0.989872968884388,0.0101270311156121,0.946015722420022,0.00958033065680581,4.7061277854581,71.7376253414185,75.8313246189028
"1","Jeju","Male","10-14",2067,14411,0.874560019419833,0.936435391763216,0.998050643961984,0.00194935603801594,0.936435391763216,0.00182544598514545,4.67761334385322,67.0314975559604,71.5815507888341
"1","Jeju","Male","15-19",2512,17245,0.872855190565369,0.934609945778071,0.944001927242338,0.055998072757662,0.934609945778071,0.052336355743715,4.54220883953107,62.3538842121072,66.7164783488336
"1","Jeju","Male","20-24",2753,12887,0.823976982097187,0.882273590034356,0.905384250232033,0.0946157497679666,0.882273590034356,0.0834769772215762,4.20267550711784,57.8116753725761,65.525791574839
"1","Jeju","Male","25-29",6566,19286,0.746015782144515,0.79879661281278,0.984241014062364,0.0157589859376362,0.79879661281278,0.0125882245883481,3.96251250259303,53.6089998654583,67.1122022872461
"1","Jeju","Male","30-34",6964,19242,0.734259329924445,0.786208388224432,0.946898687873196,0.0531013121268044,0.786208388224432,0.0417486970198173,3.82667019857261,49.6464873628653,63.1467281530621
"1","Jeju","Male","35-39",7092,16181,0.695269196064109,0.744459691204614,1.1142211891522,-0.114221189152204,0.744459691204614,-0.0850330712052736,3.93488113403626,45.8198171642927,61.5477475887934
"1","Jeju","Male","40-44",4523,15551,0.774683670419448,0.829492762409888,0.905633590480461,0.0943664095195386,0.829492762409888,0.0782762537110648,3.95177317777178,41.8849360302564,50.4946371184361
"1","Jeju","Male","45-49",4402,10349,0.701579553928547,0.751216508698823,1.07935375398589,-0.0793537539858924,0.751216508698823,-0.0596118500214274,3.90511216854768,37.9331628524846,50.4956459465839
"1","Jeju","Male","50-54",3004,9371,0.757252525252525,0.810828358720251,0.983032581756133,0.016967418243867,0.810828358720251,0.0137576638863948,4.01974763388527,34.028050683937,41.967020908894
"1","Jeju","Male","55-59",2592,7549,0.744403904940341,0.797070694833856,1.01806258201583,-0.0180625820158327,0.797070694833856,-0.0143971547978532,4.02134636116391,30.0083030500517,37.6482327659866
"1","Jeju","Male","60-64",2437,7627,0.757849761526232,0.811467849631709,0.975633493363628,0.0243665066363719,0.811467849631709,0.0197726367432534,4.00790765630041,25.9869566888878,32.0246288262464
"1","Jeju","Male","65-69",1835,5206,0.73938361028263,0.791695212888456,1.1760512161796,-0.176051216179597,0.791695212888456,-0.139378905072577,4.30692332712372,21.9790490325874,27.7620082511274
"1","Jeju","Male","70-74",464,3093,0.869552994096148,0.931074117961033,0.887875815716527,0.112124184283473,0.931074117961033,0.104395925983835,4.39438077484558,17.6721257054636,18.9803640382185
"1","Jeju","Male","75-79",447,1514,0.772055073941866,0.826678191977198,1.11800041715915,-0.118000417159146,0.826678191977198,-0.0975483715096782,4.37726188866019,13.2777449306181,16.0615642936717
"1","Jeju","Male","80-84",104,656,0.863157894736842,0.924226563486876,0.950692812575966,0.0493071874240337,0.924226563486876,0.045571012388118,4.50720528646409,8.90048304195788,9.63019609431975
"1","Jeju","Male","85+",54,247,0.820598006644518,0.878655551098758,1,0,0.878655551098758,0,4.39327775549379,4.39327775549379,5
"1","Jeonbuk","Female","0-4",5537,53179,0.905698617072008,1,0.919367245212663,0.0806327547873371,1,0.0806327547873371,4.79841811303166,52.4753089854506,52.4753089854506
"1","Jeonbuk","Female","5-9",10421,51857,0.83266964257041,0.919367245212663,0.969637892619009,0.0303621073809911,0.919367245212663,0.0279139270217128,4.52705140850903,47.6768908724189,51.858374464266
"1","Jeonbuk","Female","10-14",11638,48784,0.807388037469796,0.89145331819095,0.879681425625986,0.120318574374014,0.89145331819095,0.10725839236572,4.18912061004045,43.1498394639099,48.4039248981371
"1","Jeonbuk","Female","15-19",24520,60103,0.710244259834797,0.78419492582523,0.751844491850756,0.248155508149244,0.78419492582523,0.194602290306219,3.4344689033606,38.9607188538694,49.6824419169379
"1","Jeonbuk","Female","20-24",50421,57777,0.533993234625409,0.589592635519012,0.711007691230858,0.288992308769142,0.589592635519012,0.170387736971923,2.52199383516525,35.5262499505088,60.2555863324776
"1","Jeonbuk","Female","25-29",92469,56596,0.37967329688391,0.419204898547089,0.800142821429219,0.199857178570781,0.419204898547089,0.0837811082666716,1.88657172206877,33.0042561153436,78.7306069889263
"1","Jeonbuk","Female","30-34",114815,50100,0.303792862990025,0.335423790280417,0.957904980582867,0.042095019417133,0.335423790280417,0.0141196709648225,1.64181977399003,31.1176843932748,92.7712502659997
"1","Jeonbuk","Female","35-39",126204,51800,0.291004696523674,0.321304119315595,1.12550203279816,-0.125502032798164,0.321304119315595,-0.040324320120531,1.7073313968793,29.4758646192848,91.7382095258252
"1","Jeonbuk","Female","40-44",114724,55876,0.327526377491207,0.361628439436126,1.08005099462218,-0.0800509946221806,0.361628439436126,-0.0289487162605289,1.88051398783195,27.7685332224055,76.7874707689028
"1","Jeonbuk","Female","45-49",80946,44308,0.353745189774378,0.390577155696655,1.11412289795859,-0.11412289795859,0.390577155696655,-0.0445737968845256,2.06432027069459,25.8880192345735,66.2814474860882
"1","Jeonbuk","Female","50-54",66680,43374,0.394115615970342,0.43515095258118,1.11887640059188,-0.118876400591877,0.43515095258118,-0.0517291789569775,2.30507771029835,23.8236989638789,54.7481255011948
"1","Jeonbuk","Female","55-59",49920,39377,0.440966661813947,0.486880131538158,1.20001790587323,-0.200017905873229,0.486880131538158,-0.0973847443215446,2.67786251849465,21.5186212535806,44.1969590864156
"1","Jeonbuk","Female","60-64",40089,45056,0.529167890069881,0.584264875859702,1.05179922837017,-0.0517992283701687,0.584264875859702,-0.030264469733325,2.99698555363182,18.8407587350859,32.2469474266499
"1","Jeonbuk","Female","65-69",31792,39905,0.556578378453771,0.614529345593027,1.00828993825529,-0.00828993825529301,0.614529345593027,-0.00509441033103181,3.08538275379272,15.8437731814541,25.7819635385592
"1","Jeonbuk","Female","70-74",23008,29425,0.561192378845384,0.619623755924059,1.00829980652177,-0.00829980652177165,0.619623755924059,-0.00514275729046315,3.11097567284645,12.7583904276614,20.5905443516033
"1","Jeonbuk","Female","75-79",16377,21345,0.565850167011293,0.624766513214522,0.998808617165461,0.00119138283453901,0.624766513214522,0.000744336099438573,3.12197172582402,9.64741475481494,15.4416322750358
"1","Jeonbuk","Female","80-84",8683,11286,0.565176022835395,0.624022177115084,1.06094254730042,-0.0609425473004155,0.624022177115084,-0.0380295010453442,3.21518463818878,6.52544302899092,10.4570691047531
"1","Jeonbuk","Female","85+",5048,7560,0.599619289340102,0.662051678160428,1,0,0.662051678160428,0,3.31025839080214,3.31025839080214,5
"1","Jeonbuk","Male","0-4",7707,58994,0.884454505929446,1,0.93280830794986,0.0671916920501396,1,0.0671916920501396,4.83202076987465,57.4397195383528,57.4397195383528
"1","Jeonbuk","Male","5-9",12375,58350,0.825026511134677,0.93280830794986,0.970066397618107,0.0299336023818926,0.93280830794986,0.0279223129886971,4.59423575727756,52.6076987684782,56.3971164494666
"1","Jeonbuk","Male","10-14",13533,54244,0.800330495595851,0.904885994961163,0.91685758374401,0.0831424162559895,0.904885994961163,0.0752344080572763,4.33634395466263,48.0134630112006,53.0602344146804
"1","Jeonbuk","Male","15-19",23754,65476,0.733789084388659,0.829651586903887,0.778502835521933,0.221497164478067,0.829651586903887,0.183765474003939,3.68884424950959,43.677119056538,52.6451341092871
"1","Jeonbuk","Male","20-24",34961,46582,0.571256882871614,0.645886112899948,0.794002870529597,0.205997129470403,0.645886112899948,0.133050685222186,2.89680385144427,39.9882748070284,61.9122690647211
"1","Jeonbuk","Male","25-29",73752,61221,0.453579604809851,0.512835427677762,0.773103976165222,0.226896023834778,0.512835427677762,0.116360319421692,2.27327633983458,37.0914709555841,72.3262648283543
"1","Jeonbuk","Male","30-34",107930,58286,0.350664195985946,0.39647510825607,0.946018844339275,0.053981155660725,0.39647510825607,0.0214021845343737,1.92887007994441,34.8181946157495,87.8193709786735
"1","Jeonbuk","Male","35-39",124868,61986,0.331734937437786,0.375072923721696,1.033218636696,-0.0332186366959952,0.375072923721696,-0.0124594111876158,1.90651314657752,32.8893245358051,87.6878133709512
"1","Jeonbuk","Male","40-44",114222,59567,0.3427547198039,0.387532334909312,1.05652707341336,-0.0565270734133627,0.387532334909312,-0.0219060687454705,1.99242684641024,30.9828113892276,79.948970958715
"1","Jeonbuk","Male","45-49",83015,47129,0.362129641013032,0.409438403654782,1.12971901715458,-0.129719017154575,0.409438403654782,-0.0531119473074367,2.1799718865425,28.9903845428174,70.8052402609028
"1","Jeonbuk","Male","50-54",66016,45706,0.409104742127781,0.462550350962219,1.06709116394514,-0.0670911639451417,0.462550350962219,-0.0310330414292891,2.39033435838432,26.8104126562749,57.962149635175
"1","Jeonbuk","Male","55-59",49260,38166,0.436552055452611,0.493583392391508,1.18068488395925,-0.180684883959245,0.493583392391508,-0.0891830579784703,2.69087460690372,24.4200782978905,49.4750809575875
"1","Jeonbuk","Male","60-64",35486,37746,0.515430412934236,0.582766450369978,1.13441791010728,-0.134417910107279,0.582766450369978,-0.0783342483393698,3.10966787269832,21.7292036909868,37.2862982712744
"1","Jeonbuk","Male","65-69",22793,32092,0.584713491846588,0.661100698709348,1.03708902970563,-0.0370890297056337,0.661100698709348,-0.0245195834528462,3.36680245217886,18.6195358182885,28.1644473446163
"1","Jeonbuk","Male","70-74",12091,18628,0.606399947914971,0.685620282162194,1.11901312252723,-0.119013122527231,0.685620282162194,-0.0815978106481237,3.63209593743128,15.2527333661097,22.2466192482056
"1","Jeonbuk","Male","75-79",5950,12561,0.678569499216682,0.767218092810318,0.957259662460229,0.0427403375397714,0.767218092810318,0.0327911602533326,3.75411256341826,11.6206374286784,15.1464590545721
"1","Jeonbuk","Male","80-84",2753,5103,0.649567209775967,0.734426932556985,1.09481415900185,-0.0948141590018527,0.734426932556985,-0.069634071958701,3.84621984268168,7.86652486526011,10.7111061925139
"1","Jeonbuk","Male","85+",870,2142,0.711155378486056,0.804061004515687,1,0,0.804061004515687,0,4.02030502257843,4.02030502257843,5
"1","Jeonnam","Female","0-4",7042,53771,0.884202390936148,1,0.869655323285899,0.130344676714101,1,0.130344676714101,4.67413830821475,46.0323830754082,46.0323830754082
"1","Jeonnam","Female","5-9",14755,49106,0.768951316139741,0.869655323285899,0.940253341931094,0.0597466580689061,0.869655323285899,0.0519589992381666,4.21837911833408,41.3582447671934,47.5570535357913
"1","Jeonnam","Female","10-14",18834,49161,0.723009044782705,0.817696324047732,0.781364986704065,0.218635013295935,0.817696324047732,0.178777046680213,3.64153900353813,37.1398656488593,45.4201205956398
"1","Jeonnam","Female","15-19",43179,56068,0.564933952663557,0.638919277367519,0.603969504525492,0.396030495474508,0.638919277367519,0.253031517984073,2.56201759187741,33.4983266453212,52.4296696498833
"1","Jeonnam","Female","20-24",93621,48488,0.341202879479836,0.385887759383446,0.698082164784757,0.301917835215243,0.385887759383446,0.11650639694911,1.63817280454445,30.9363090534438,80.1691898775759
"1","Jeonnam","Female","25-29",154283,48238,0.238187644738077,0.269381362434335,0.852300666363753,0.147699333636247,0.269381362434335,0.0397874477255756,1.24743819285774,29.2981362488993,108.760813978143
"1","Jeonnam","Female","30-34",196685,50099,0.203007488329876,0.22959391470876,0.969691822705971,0.0303081772940289,0.22959391470876,0.00695857307262324,1.13057314086224,28.0506980560416,122.175267979659
"1","Jeonnam","Female","35-39",208466,51096,0.196854701381558,0.222635341636137,1.10832378112127,-0.108323781121269,0.222635341636137,-0.0241167020172519,1.17346846322381,26.9201249151794,120.915775174528
"1","Jeonnam","Female","40-44",189766,52957,0.218178746966707,0.246752043653388,1.17151167468725,-0.171511674687252,0.246752043653388,-0.0423208562394945,1.33956235886568,25.7466564519556,104.342221733011
"1","Jeonnam","Female","45-49",138571,47580,0.255598949240133,0.289072899892883,1.20122583402989,-0.201225834029887,0.289072899892883,-0.0581689353763834,1.59078683790537,24.4070940930899,84.4323148317743
"1","Jeonnam","Female","50-54",116824,51761,0.307032060978142,0.347241835269266,1.30757058640243,-0.307570586402427,0.347241835269266,-0.106801374897223,2.00321261358939,22.8163072551845,65.7072533829104
"1","Jeonnam","Female","55-59",81242,54493,0.401466092017534,0.45404321016649,1.18157273254304,-0.181572732543037,0.45404321016649,-0.0824418663625417,2.4763207167388,20.8130946415951,45.8394579537118
"1","Jeonnam","Female","60-64",69819,63008,0.474361387368532,0.536485076529031,1.11864742387762,-0.118647423877621,0.536485076529031,-0.0636525722789578,2.84155681334255,18.3367739248563,34.1794669173133
"1","Jeonnam","Female","65-69",49910,56427,0.530643143966822,0.600137648807989,0.989828881357293,0.0101711186427074,0.600137648807989,0.0061040712279815,2.98542806596999,15.4952171115138,25.8194384943035
"1","Jeonnam","Female","70-74",39143,43306,0.525245909592597,0.594033577580007,1.0276124686777,-0.0276124686776968,0.594033577580007,-0.0164027335544282,3.01117472178611,12.5097890455438,21.0590604936956
"1","Jeonnam","Female","75-79",26394,30953,0.53974924581931,0.610436311134436,0.994600134844468,0.00539986515553192,0.610436311134436,0.00329627376616628,3.04394087125676,9.49861432375767,15.5603691171409
"1","Jeonnam","Female","80-84",13775,15966,0.536834672674086,0.607140037368269,1.08417016508625,-0.0841701650862539,0.607140037368269,-0.0511030771757616,3.16345787978075,6.4546734525009,10.6312762381469
"1","Jeonnam","Female","85+",7639,10637,0.582020135697089,0.658243114544031,1,0,0.658243114544031,0,3.29121557272015,3.29121557272015,5
"1","Jeonnam","Male","0-4",8208,58894,0.87767875771214,1,0.909591286905231,0.0904087130947687,1,0.0904087130947687,4.77397821726308,49.7570969246703,49.7570969246703
"1","Jeonnam","Male","5-9",14265,56469,0.79832895071677,0.909591286905231,0.906048298319826,0.0939517016801744,0.909591286905231,0.0854576492382062,4.33431231143064,44.9831187074072,49.4542102095729
"1","Jeonnam","Male","10-14",20246,52930,0.723324587296381,0.824133637667025,0.802090026669884,0.197909973330116,0.824133637667025,0.163104266251133,3.71290752270729,40.6488063959766,49.3230764261074
"1","Jeonnam","Male","15-19",45598,63013,0.580171437515537,0.661029371415892,0.732282875861563,0.267717124138437,0.661029371415892,0.176968882286501,2.86272465136321,36.9358988732693,55.8763354102623
"1","Jeonnam","Male","20-24",63580,46965,0.424849608756615,0.484060489129391,0.710113607126894,0.289886392873106,0.484060489129391,0.140322549126111,2.06949607283168,34.0731742219061,70.390323083771
"1","Jeonnam","Male","25-29",136071,58787,0.301691488160609,0.34373794000328,0.838166237769694,0.161833762230306,0.34373794000328,0.0556284040520262,1.57961868988634,32.0036781490744,93.104875617655
"1","Jeonnam","Male","30-34",182053,61616,0.252867619598718,0.288109535951254,0.962185547231002,0.0378144527689978,0.288109535951254,0.0108947044395266,1.41331091865746,30.424059459188,105.598932568256
"1","Jeonnam","Male","35-39",197865,63621,0.243305568940593,0.277214831511728,1.0339171597444,-0.0339171597444037,0.277214831511728,-0.00940233972390122,1.40958000686839,29.0107485405306,104.650780704362
"1","Jeonnam","Male","40-44",184732,62090,0.251557802789054,0.286617171235629,1.0570489458619,-0.0570489458618986,0.286617171235629,-0.0163512074849119,1.47396387489042,27.6011685336622,96.2997730201279
"1","Jeonnam","Male","45-49",138534,50181,0.265908910261505,0.302968378720541,1.13289384180732,-0.132893841807319,0.302968378720541,-0.0402626317943074,1.61549847308847,26.1272046587718,86.2373980053925
"1","Jeonnam","Male","50-54",114743,49468,0.301246566916954,0.343231010514848,1.19392942441985,-0.19392942441985,0.343231010514848,-0.066562592312188,1.88256153335471,24.5117061856833,71.4146025119222
"1","Jeonnam","Male","55-59",78873,44302,0.359667140247615,0.409793602827036,1.26564759499014,-0.26564759499014,0.409793602827036,-0.108860685033347,2.32111972671855,22.6291446523286,55.2208343327404
"1","Jeonnam","Male","60-64",60496,50549,0.455211851051376,0.518654287860383,1.15220686915617,-0.152206869156166,0.518654287860383,-0.0789427453296499,2.79062830262604,20.30802492561,39.1552242041365
"1","Jeonnam","Male","65-69",38237,42177,0.524498221702689,0.597597033190033,1.10316639407345,-0.103166394073449,0.597597033190033,-0.0616519310232071,3.14211499350818,17.517396622984,29.3130582149553
"1","Jeonnam","Male","70-74",18277,25096,0.578608811933692,0.65924896421324,1.07226042773401,-0.0722604277340055,0.65924896421324,-0.0476376121372488,3.41533885140932,14.3752816294758,21.8055429888032
"1","Jeonnam","Male","75-79",10265,16778,0.620419332174685,0.706886576350489,1.02963405987732,-0.0296340598773248,0.706886576350489,-0.0209479191300475,3.58680267957756,10.9599427780665,15.5045280880144
"1","Jeonnam","Male","80-84",3941,6970,0.638804875813399,0.727834495480536,1.01736569586853,-0.017365695868532,0.727834495480536,-0.0126393524911414,3.67077085863054,7.37314009848892,10.130242719014
"1","Jeonnam","Male","85+",1719,3191,0.64989816700611,0.740473847971678,1,0,0.740473847971678,0,3.70236923985839,3.70236923985839,5
"1","NA","Female","25-29",215,0,0,NA,1,0,NA,NA,NA,NA,NA
"1","NA","Female","70-74",55,0,0,NA,1,0,NA,NA,NA,NA,NA
"1","NA","Male","0-4",56,0,0,NA,1,0,NA,NA,NA,NA,NA
"1","NA","Male","30-34",55,0,0,NA,1,0,NA,NA,NA,NA,NA
"1","NA","Male","35-39",51,0,0,NA,1,0,NA,NA,NA,NA,NA
"1","NA","Male","75-79",47,0,0,NA,1,0,NA,NA,NA,NA,NA
"1","Seoul","Female","0-4",64193,248398,0.794642200191304,1,0.802732486664556,0.197267513335444,1,0.197267513335444,4.50683121666139,66.0700758483096,66.0700758483096
"1","Seoul","Female","5-9",137306,241872,0.63788510936816,0.802732486664556,0.953436180092514,0.0465638199074861,0.802732486664556,0.0373782909429369,3.92021670596544,61.5632446316482,76.6921055947922
"1","Seoul","Female","10-14",141888,220240,0.608182742013874,0.765354195721619,1.09797078541886,-0.0979707854188636,0.765354195721619,-0.0749823516784697,4.01422685780427,57.6430279256828,75.3154921576325
"1","Seoul","Female","15-19",137598,276563,0.667766882927171,0.840336547400089,1.02428076852453,-0.0242807685245328,0.840336547400089,-0.0204040171901266,4.25269277997576,53.6288010678785,63.8182419101017
"1","Seoul","Female","20-24",127631,276240,0.683980776039874,0.860740564590215,0.902216354410946,0.0977836455890542,0.860740564590215,0.084166350312012,4.09328694717105,49.3761082879027,57.3646814373271
"1","Seoul","Female","25-29",156375,252020,0.617098642245865,0.776574214278203,0.834286831232022,0.165713168767978,0.776574214278203,0.128688573831544,3.56114963681216,45.2828213407317,58.3110030028751
"1","Seoul","Female","30-34",145314,154202,0.514837270796886,0.647885640446659,0.904134675954293,0.0958653240457066,0.647885640446659,0.0621097668659791,3.08415378506835,41.7216717039195,64.3966606130615
"1","Seoul","Female","35-39",120553,104983,0.465482229001135,0.58577587358068,1.09248470567457,-0.092484705674565,0.58577587358068,-0.0541753092593704,3.06431764105183,38.6375179188512,65.9595583591914
"1","Seoul","Female","40-44",97116,100488,0.508532215947046,0.639951182840051,1.0968763449933,-0.0968763449933017,0.639951182840051,-0.0619961315676842,3.35474624311946,35.5732002777994,55.5873654611097
"1","Seoul","Female","45-49",49081,61911,0.55779695833934,0.701947314407735,1.01646343817506,-0.0164634381750628,0.701947314407735,-0.0115564662129031,3.53862773757093,32.2184540346799,45.8986783956344
"1","Seoul","Female","50-54",38715,50692,0.566980214077198,0.713503780620638,1.0178265360379,-0.0178265360378957,0.713503780620638,-0.0127193008584087,3.59931715524921,28.679826297109,40.1957594004084
"1","Seoul","Female","55-59",26808,36581,0.577087507296219,0.726223081479047,0.931920485896375,0.0680795141036252,0.726223081479047,0.0494409145179309,3.50751312110041,25.0805091418598,34.5355439416495
"1","Seoul","Female","60-64",21863,25439,0.53779967020422,0.676782166961116,0.967020438211251,0.0329795617887494,0.676782166961116,0.0223199792928178,3.32811088657353,21.5729960207593,31.8758340185385
"1","Seoul","Female","65-69",14867,16110,0.520063272750751,0.654462187668298,1.08201896338664,-0.0820189633866404,0.654462187668298,-0.0536783102083067,3.40650671386226,18.2448851341858,27.8776764769073
"1","Seoul","Female","70-74",9639,12404,0.562718323277231,0.708140497876605,0.976793431338351,0.0232065686616493,0.708140497876605,0.0164335110860679,3.49961871166785,14.8383784203236,20.95400342844
"1","Seoul","Female","75-79",6085,7427,0.54965956187093,0.691706986790537,1.12421116623917,-0.124211166239167,0.691706986790537,-0.0859177315250325,3.67332926276526,11.3387597086557,16.3924319476179
"1","Seoul","Female","80-84",2433,3935,0.617933417085427,0.777624718315569,0.980999105840275,0.0190008941597252,0.777624718315569,0.0147755649687002,3.8511846791561,7.66543044589044,9.85749329380206
"1","Seoul","Female","85+",1361,2095,0.60619212962963,0.762849153346869,1,0,0.762849153346869,0,3.81424576673435,3.81424576673435,5
"1","Seoul","Male","0-4",69229,270363,0.796140662913143,1,0.808754610582167,0.191245389417833,1,0.191245389417833,4.52188652645542,69.0507472294311,69.0507472294311
"1","Seoul","Male","5-9",156722,283363,0.643882431802947,0.808754610582167,0.970230530774297,0.0297694692257033,0.808754610582167,0.0240761954908715,3.98358256418366,64.5288607029757,79.7879354981677
"1","Seoul","Male","10-14",150124,249902,0.624714393564418,0.784678415091296,1.06747464495919,-0.067474644959191,0.784678415091296,-0.0529458974654258,4.05575681912004,60.545278138792,77.1593521299394
"1","Seoul","Male","15-19",145944,292151,0.666866775471074,0.837624312556721,1.02687623555576,-0.026876235555761,0.837624312556721,-0.0225121883315068,4.24440203361237,56.489521319672,67.4401643706428
"1","Seoul","Male","20-24",97400,211600,0.684789644012945,0.860136500888228,0.967056102888354,0.0329438971116461,0.860136500888228,0.0283362483872331,4.22984188347306,52.2451192860596,60.7404978536641
"1","Seoul","Male","25-29",140818,276087,0.662230004437462,0.831800252500995,0.886170849028071,0.113829150971929,0.831800252500995,0.0946831165204246,3.92229347120391,48.0152774025865,57.7245285249887
"1","Seoul","Male","30-34",123709,175719,0.586848925284209,0.73711713598057,0.858298451272914,0.141701548727086,0.73711713598057,0.104450639761721,3.42445908049855,44.0929839313826,59.8181507105064
"1","Seoul","Male","35-39",106548,108133,0.50369152370261,0.632666496218849,0.997275401089921,0.00272459891007926,0.632666496218849,0.00172376244604154,3.15902307497914,40.6685248508841,64.2811419506814
"1","Seoul","Male","40-44",97426,98334,0.502319166326114,0.630942733772808,1.09856452890271,-0.0985645289027122,0.630942733772808,-0.0621885733189061,3.3101851021613,37.5095017759049,59.4499306642487
"1","Seoul","Male","45-49",49188,60565,0.55183001831385,0.693131307091714,1.06512957256243,-0.0651295725624301,0.693131307091714,-0.0451433457605218,3.57851489985987,34.1993166737436,49.3403144885193
"1","Seoul","Male","50-54",36674,52291,0.587770471533749,0.738274652852236,1.09093861361116,-0.090938613611163,0.738274652852236,-0.0671376733946449,3.85921744774779,30.6208017738837,41.4761656188303
"1","Seoul","Male","55-59",21183,37859,0.641221503336608,0.80541232624688,0.964549998464363,0.0354500015356369,0.80541232624688,0.0285518682022728,3.95568196072872,26.761584326136,33.2271849511437
"1","Seoul","Male","60-64",16915,27422,0.618490200058642,0.776860458044608,0.970914191725183,0.0290858082748171,0.776860458044608,0.0225956143389721,3.82781325437561,22.8059023654072,29.3564978488038
"1","Seoul","Male","65-69",9411,14146,0.600500912679883,0.754264843705636,1.01048470414397,-0.0104847041439744,0.754264843705636,-0.00790824373245468,3.79109482785931,18.9780891110316,25.1610416015069
"1","Seoul","Male","70-74",4385,6767,0.606796987087518,0.76217308743809,0.918999062833227,0.0810009371667727,0.76217308743809,0.0617367343657779,3.65652360127601,15.1869942831723,19.9259125433315
"1","Seoul","Male","75-79",3480,4387,0.557645862463455,0.700436353072312,1.33907762520745,-0.339077625207455,0.700436353072312,-0.23750229520873,4.09593750338339,11.5304706818963,16.4618392967761
"1","Seoul","Male","80-84",891,2627,0.746731097214326,0.937938648281043,0.723528000065273,0.276471999934727,0.937938648281043,0.259313773906335,4.04140880663938,7.43453317851291,7.92646000048954
"1","Seoul","Male","85+",622,731,0.540280857354028,0.678624874374708,1,0,0.678624874374708,0,3.39312437187354,3.39312437187354,5
"1","Ulsan","Female","0-4",4597,33834,0.880383024121152,1,0.91752861067085,0.0824713893291503,1,0.0824713893291503,4.79382152667712,61.6634985754557,61.6634985754557
"1","Ulsan","Female","5-9",8068,33904,0.807776612980082,0.91752861067085,0.964574908061998,0.0354250919380023,0.91752861067085,0.0325035353887623,4.50638421488234,56.8696770487786,61.9813664526476
"1","Ulsan","Female","10-14",7539,26599,0.779161052199895,0.885025075282087,0.895768526901276,0.104231473098724,0.885025075282087,0.0922474673259609,4.19450670809553,52.3632928338962,59.1658861385439
"1","Ulsan","Female","15-19",10863,25101,0.697947947947948,0.792777607956127,0.920993323292634,0.0790066767073665,0.792777607956127,0.062634724172629,3.80730122934906,48.1687861258007,60.7595189904335
"1","Ulsan","Female","20-24",10848,19522,0.642805400065855,0.730142883783497,0.948130896340837,0.0518691036591631,0.730142883783497,0.0378718569249665,3.55603477660507,44.3614848964516,60.7572652993297
"1","Ulsan","Female","25-29",7915,12352,0.609463660137169,0.692271026858531,0.965464647734435,0.0345353522655646,0.692271026858531,0.0239078237758035,3.40158557485315,40.8054501198466,58.9443274912404
"1","Ulsan","Female","30-34",7653,10941,0.588415617941271,0.668363203082727,0.924927302282053,0.0750726977179472,0.668363203082727,0.0501758287108286,3.21637644363657,37.4038645449934,55.9633809468767
"1","Ulsan","Female","35-39",6593,7873,0.544241670123047,0.618187374371899,1.08237400371198,-0.0823740037119776,0.618187374371899,-0.0509225690712085,3.21824329453752,34.1874881013568,55.3027925167391
"1","Ulsan","Female","40-44",6521,9348,0.589073035477976,0.669109943443107,0.967079389621089,0.0329206103789107,0.669109943443107,0.0220275077487455,3.29048094784367,30.9692448068193,46.2842393993694
"1","Ulsan","Female","45-49",5978,7914,0.569680391592283,0.647082435694362,0.909466659756799,0.090533340243201,0.647082435694362,0.0585825343161169,3.08895584268152,27.6787638589757,42.7747105038858
"1","Ulsan","Female","50-54",5097,5480,0.518105322870379,0.588499901378245,1.01881216194927,-0.0188121619492727,0.588499901378245,-0.0110709554518586,2.97017689552087,24.5898080162941,41.7838778880094
"1","Ulsan","Female","55-59",4594,5136,0.527852004110997,0.599570856830103,1.01306901366339,-0.0130690136633864,0.599570856830103,-0.00783579972008092,3.01744378345072,21.6196311207733,36.0585089726926
"1","Ulsan","Female","60-64",3655,4201,0.534750509164969,0.607406656550184,1.01309316195598,-0.0130931619559789,0.607406656550184,-0.0079528737273512,3.0569154670693,18.6021873373226,30.6255901819963
"1","Ulsan","Female","65-69",3353,3964,0.541752084187509,0.615359530277536,1.08130964548886,-0.0813096454888635,0.615359530277536,-0.05003466525506,3.20188431452533,15.5452718702533,25.2620965555569
"1","Ulsan","Female","70-74",2503,3540,0.585801754095648,0.665394195532596,0.926291099379458,0.0737089006205425,0.665394195532596,0.0490454746319979,3.20435729108298,12.3433875557279,18.5504887758271
"1","Ulsan","Female","75-79",1674,1986,0.542622950819672,0.616348720900598,1.27119765364853,-0.271197653648532,0.616348720900598,-0.167152326937516,3.49962442184678,9.13903026464494,14.8276940549031
"1","Ulsan","Female","80-84",765,1701,0.68978102189781,0.783501047838114,0.626360059693393,0.373639940306607,0.783501047838114,0.292747284744397,3.18563702732958,5.63940584279816,7.19770044770045
"1","Ulsan","Female","85+",886,674,0.432051282051282,0.490753763093717,1,0,0.490753763093717,0,2.45376881546858,2.45376881546858,5
"1","Ulsan","Male","0-4",4595,39165,0.894995429616088,1,0.901578086959388,0.0984219130406118,1,0.0984219130406118,4.75394521739847,69.4719320287716,69.4719320287716
"1","Ulsan","Male","5-9",9889,41325,0.806908267270668,0.901578086959388,0.959002250033636,0.0409977499663641,0.901578086959388,0.0369626729843138,4.41548375233616,64.7179868113732,71.7830077588037
"1","Ulsan","Male","10-14",9172,31381,0.773826843883313,0.864615413975074,0.956985721423577,0.0430142785764233,0.864615413975074,0.0371908082781934,4.23010004917989,60.302503059037,69.7448855113465
"1","Ulsan","Male","15-19",10019,28596,0.740541240450602,0.827424605696881,0.888039652396446,0.111960347603554,0.827424605696881,0.0926387464695563,3.90552616231051,56.0724030098571,67.7673864468066
"1","Ulsan","Male","20-24",7691,14773,0.657629985754986,0.734785859227325,1.09234480377502,-0.0923448037750201,0.734785859227325,-0.0678536559870068,3.84356343610414,52.1668768475466,70.9960271995483
"1","Ulsan","Male","25-29",5848,14916,0.718358697746099,0.802639515214332,0.921477470742317,0.0785225292576833,0.802639515214332,0.0630252848167901,3.85563436402968,48.3233134114425,60.205500097436
"1","Ulsan","Male","30-34",6046,11839,0.66195135588482,0.739614230397541,1.0293253309218,-0.0293253309218018,0.739614230397541,-0.0216894320608816,3.75229473213991,44.4676790474128,60.1228008059167
"1","Ulsan","Male","35-39",5572,11915,0.681363298450277,0.761303662458423,0.9931232984408,0.00687670155920006,0.761303662458423,0.00523525808265255,3.79343016708548,40.7153843152729,53.4811354825138
"1","Ulsan","Male","40-44",5049,10567,0.676677766393443,0.75606840437577,0.893060606039834,0.106939393960166,0.75606840437577,0.0808534969563746,3.57820827948792,36.9219541481874,48.834145078012
"1","Ulsan","Male","45-49",4971,7592,0.604314256149009,0.675214907419396,0.965206544720296,0.0347934552797041,0.675214907419396,0.0234930596854863,3.31734188788326,33.3437458686995,49.382419585693
"1","Ulsan","Male","50-54",5371,7518,0.583288075102801,0.651721847733909,0.980527985003872,0.0194720149961285,0.651721847733909,0.0126903375923793,3.2268833946886,30.0264039808162,46.0724219775975
"1","Ulsan","Male","55-59",3291,4397,0.571930280957336,0.63903151014153,1.10882956853131,-0.108829568531308,0.63903151014153,-0.0695455235266131,3.36902135952418,26.7995205861276,41.9377138072458
"1","Ulsan","Male","60-64",2657,4606,0.634173206663913,0.708577033668143,1.00792312923707,-0.00792312923706562,0.708577033668143,-0.0056141474121693,3.55692053687114,23.4304992266034,33.0669752381178
"1","Ulsan","Male","65-69",2141,3793,0.639197842938996,0.714191181080313,0.855861844643261,0.144138155356739,0.714191181080313,0.102942199412967,3.31360040686915,19.8735786897323,27.8266929306951
"1","Ulsan","Male","70-74",1713,2069,0.547065044949762,0.611248981667346,1.25748428444665,-0.257484284446652,0.611248981667346,-0.157387006663361,3.44971242499513,16.5599782828631,27.0920341457116
"1","Ulsan","Male","75-79",504,1111,0.687925696594427,0.768635988330707,1.14695860666684,-0.146958606666842,0.768635988330707,-0.112957673879071,4.12557412635121,13.110265857868,17.0565339860554
"1","Ulsan","Male","80-84",246,920,0.789022298456261,0.881593662209778,1.0255227348158,-0.0255227348157983,0.881593662209778,-0.0225006812558686,4.46422001418856,8.9846917315168,10.1914205111185
"1","Ulsan","Male","85+",50,212,0.809160305343511,0.904094343465647,1,0,0.904094343465647,0,4.52047171732823,4.52047171732823,5
"2","Abroad","Female","0-4",8012,0,0,NA,1,0,NA,NA,NA,NA,NA
"2","Abroad","Female","5-9",8360,0,0,NA,1,0,NA,NA,NA,NA,NA
"2","Abroad","Female","10-14",6044,0,0,NA,1,0,NA,NA,NA,NA,NA
"2","Abroad","Female","15-19",8891,0,0,NA,1,0,NA,NA,NA,NA,NA
"2","Abroad","Female","20-24",32686,0,0,NA,1,0,NA,NA,NA,NA,NA
"2","Abroad","Female","25-29",35396,0,0,NA,1,0,NA,NA,NA,NA,NA
"2","Abroad","Female","30-34",28639,0,0,NA,1,0,NA,NA,NA,NA,NA
"2","Abroad","Female","35-39",29454,0,0,NA,1,0,NA,NA,NA,NA,NA
"2","Abroad","Female","40-44",23229,0,0,NA,1,0,NA,NA,NA,NA,NA
"2","Abroad","Female","45-49",17623,0,0,NA,1,0,NA,NA,NA,NA,NA
"2","Abroad","Female","50-54",12506,0,0,NA,1,0,NA,NA,NA,NA,NA
"2","Abroad","Female","55-59",7877,0,0,NA,1,0,NA,NA,NA,NA,NA
"2","Abroad","Female","60-64",17358,0,0,NA,1,0,NA,NA,NA,NA,NA
"2","Abroad","Female","65-69",44927,0,0,NA,1,0,NA,NA,NA,NA,NA
"2","Abroad","Female","70-74",40059,0,0,NA,1,0,NA,NA,NA,NA,NA
"2","Abroad","Female","75-79",34908,0,0,NA,1,0,NA,NA,NA,NA,NA
"2","Abroad","Female","80-84",21294,0,0,NA,1,0,NA,NA,NA,NA,NA
"2","Abroad","Female","85+",12647,0,0,NA,1,0,NA,NA,NA,NA,NA
"2","Abroad","Male","0-4",8221,0,0,NA,1,0,NA,NA,NA,NA,NA
"2","Abroad","Male","5-9",9327,0,0,NA,1,0,NA,NA,NA,NA,NA
"2","Abroad","Male","10-14",7594,0,0,NA,1,0,NA,NA,NA,NA,NA
"2","Abroad","Male","15-19",5822,0,0,NA,1,0,NA,NA,NA,NA,NA
"2","Abroad","Male","20-24",6136,0,0,NA,1,0,NA,NA,NA,NA,NA
"2","Abroad","Male","25-29",7631,0,0,NA,1,0,NA,NA,NA,NA,NA
"2","Abroad","Male","30-34",8322,0,0,NA,1,0,NA,NA,NA,NA,NA
"2","Abroad","Male","35-39",9176,0,0,NA,1,0,NA,NA,NA,NA,NA
"2","Abroad","Male","40-44",6428,0,0,NA,1,0,NA,NA,NA,NA,NA
"2","Abroad","Male","45-49",6603,0,0,NA,1,0,NA,NA,NA,NA,NA
"2","Abroad","Male","50-54",3939,0,0,NA,1,0,NA,NA,NA,NA,NA
"2","Abroad","Male","55-59",3943,0,0,NA,1,0,NA,NA,NA,NA,NA
"2","Abroad","Male","60-64",17494,0,0,NA,1,0,NA,NA,NA,NA,NA
"2","Abroad","Male","65-69",42423,0,0,NA,1,0,NA,NA,NA,NA,NA
"2","Abroad","Male","70-74",35906,0,0,NA,1,0,NA,NA,NA,NA,NA
"2","Abroad","Male","75-79",26132,0,0,NA,1,0,NA,NA,NA,NA,NA
"2","Abroad","Male","80-84",16608,0,0,NA,1,0,NA,NA,NA,NA,NA
"2","Abroad","Male","85+",12399,0,0,NA,1,0,NA,NA,NA,NA,NA
"2","Busan","Female","0-4",8752,55248,0.86325,1,0.895732742996697,0.104267257003303,1,0.104267257003303,4.73933185749174,65.3714611306702,65.3714611306702
"2","Busan","Female","5-9",16884,57574,0.773241290391899,0.895732742996697,0.965786871706367,0.0342131282936329,0.895732742996697,0.0306458192529537,4.4020491668511,60.6321292731784,67.6899775599718
"2","Busan","Female","10-14",27321,80576,0.746786286921787,0.865086923743743,0.979145434251205,0.0208545657487946,0.865086923743743,0.0180410121296364,4.28033208839463,56.2300801063273,64.9993411794811
"2","Busan","Female","15-19",32333,87959,0.731212383200878,0.847045911614107,0.905904649482744,0.0940953505172556,0.847045911614107,0.0797030819575377,4.03597185317669,51.9497480179327,61.3304985073816
"2","Busan","Female","20-24",40118,78718,0.662408697701033,0.767342829656569,0.874491722738682,0.125508277261318,0.767342829656569,0.096307876619021,3.59594445673529,47.913776164756,62.4411596915556
"2","Busan","Female","25-29",66317,91307,0.579270923209664,0.671034953037548,0.907206669849171,0.0927933301508287,0.671034953037548,0.062267567939959,3.19950584533784,44.3178317080207,66.0439989115453
"2","Busan","Female","30-34",72850,80686,0.525518445185494,0.608767385097589,0.935954777525289,0.0640452224747109,0.608767385097589,0.0389886426139231,2.94636531895314,41.1183258626829,67.5435755417339
"2","Busan","Female","35-39",76547,74095,0.491861499449025,0.569778742483666,1.07325538158006,-0.0732553815800618,0.569778742483666,-0.0417393591968488,2.95324211041045,38.1719605437297,66.9943571031416
"2","Busan","Female","40-44",58842,65795,0.527893001275705,0.611518101680515,1.02788867928885,-0.0278886792888515,0.611518101680515,-0.0170544322170952,3.10022658894531,35.2187184333193,57.5922745974887
"2","Busan","Female","45-49",46189,54796,0.542615239887112,0.62857253389761,0.965591442989453,0.034408557010547,0.62857253389761,0.0216282738678799,3.08879198481835,32.118491844374,51.0975108078868
"2","Busan","Female","50-54",46980,51706,0.523944632470665,0.60694426002973,0.984814613116065,0.0151853868839353,0.60694426002973,0.0092166834055353,3.01167959163481,29.0296998595556,47.829268305682
"2","Busan","Female","55-59",33845,36081,0.515988330520836,0.597727576624195,1.13739249207755,-0.137392492077551,0.597727576624195,-0.0821232813358733,3.19394608646066,26.0180202679208,43.5282247054144
"2","Busan","Female","60-64",17301,24578,0.586881253134029,0.679850857960068,1.0258990434381,-0.0258990434381001,0.679850857960068,-0.0176074869017374,3.44327300705469,22.8240741814601,33.5721782420707
"2","Busan","Female","65-69",10632,16087,0.602080916201954,0.697458344861806,1.05237933456334,-0.0523793345633439,0.697458344861806,-0.0365324039895126,3.57862273428281,19.3808011744054,27.7877543758481
"2","Busan","Female","70-74",6962,12040,0.6336175139459,0.733990748851318,1.04332505815259,-0.0433250581525924,0.733990748851318,-0.0318001918774482,3.74945422395021,15.8021784401226,21.5291248082523
"2","Busan","Female","75-79",4743,9251,0.661069029584108,0.765790940728766,1.06233947964394,-0.0623394796439385,0.765790940728766,-0.0477390087610734,3.94830222554651,12.0527242161724,15.7389224331936
"2","Busan","Female","80-84",2416,5699,0.702279728897104,0.81352994948984,0.994939337424212,0.00506066257578819,0.81352994948984,0.00411700056966609,4.05735724602503,8.1044219906259,9.96204503068159
"2","Busan","Female","85+",993,2303,0.69872572815534,0.809412948920174,1,0,0.809412948920174,0,4.04706474460087,4.04706474460087,5
"2","Busan","Male","0-4",10416,59345,0.850690213729734,1,0.940978272368994,0.0590217276310055,1,0.0590217276310055,4.85244568092249,67.5937613363044,67.5937613363044
"2","Busan","Male","5-9",16094,64570,0.800481007636616,0.940978272368994,0.950135017601609,0.0498649823983913,0.940978272368994,0.0469218649889486,4.5875866993726,62.7413156553819,66.6766890349393
"2","Busan","Male","10-14",28510,90562,0.76056503628057,0.894056407380046,0.988702833653183,0.0112971663468173,0.894056407380046,0.0101003039576103,4.4450312770062,58.1537289560093,65.044809786022
"2","Busan","Male","15-19",32908,99771,0.751972806548135,0.883956103422436,0.883903964162081,0.116096035837919,0.883956103422436,0.102623799462079,4.16322101845698,53.7086976790031,60.7594624564022
"2","Busan","Male","20-24",33282,65970,0.664671744649982,0.781332303960357,0.917166086221618,0.0828339137783823,0.781332303960357,0.064720812698517,3.74485948805549,49.5454766605461,63.4115297798565
"2","Busan","Male","25-29",59193,92434,0.609614382662718,0.71661149126184,0.858855312559626,0.141144687440374,0.71661149126184,0.101145904950332,3.33019269393337,45.8006171724906,63.912758490438
"2","Busan","Male","30-34",77183,84820,0.523570551162633,0.615465586311508,0.998005745442709,0.00199425455729063,0.615465586311508,0.00122739505035727,3.07425944393164,42.4704244785572,69.0053602071937
"2","Busan","Male","35-39",70668,77336,0.522526418204913,0.61423819126115,1.03000663495538,-0.0300066349553829,0.61423819126115,-0.018431221180828,3.11726900925782,39.3961650346256,64.1382538486212
"2","Busan","Male","40-44",55812,65047,0.538205677690532,0.632669412441978,1.05476207502244,-0.0547620750224369,0.632669412441978,-0.0346462898285487,3.24996278678126,36.2788960253678,57.3425794133755
"2","Busan","Male","45-49",39448,51799,0.567678937389722,0.667315702270527,1.03634000094817,-0.0363400009481745,0.667315702270527,-0.0242502532532427,3.39720414448574,33.0289332385865,49.4952136240857
"2","Busan","Male","50-54",38100,54445,0.588308390512724,0.69156595552377,0.984840003930398,0.0151599960696018,0.69156595552377,0.0104841371676108,3.43161943469982,29.6317290941008,42.8472929551002
"2","Busan","Male","55-59",28681,39508,0.579389637624837,0.681081818356159,1.05060900057954,-0.0506090005795374,0.681081818356159,-0.0344688701398993,3.49158126713054,26.2001096594009,38.4683733338189
"2","Busan","Male","60-64",13555,21087,0.60871196813117,0.715550688496058,1.05213270693422,-0.0521327069342195,0.715550688496058,-0.037303594339944,3.67101242833015,22.7085283922704,31.7357369049551
"2","Busan","Male","65-69",7711,13735,0.640445770773104,0.752854282836002,0.980519383577238,0.0194806164227623,0.752854282836002,0.014666065506162,3.72760625041461,19.0375159639402,25.2871191649809
"2","Busan","Male","70-74",5951,10045,0.627969492373093,0.73818821732984,1.1162041070901,-0.1162041070901,0.73818821732984,-0.0857805026592467,3.90539234329732,15.3099097135256,20.7398456844846
"2","Busan","Male","75-79",2222,5208,0.700942126514132,0.823968719989087,0.842978675044652,0.157021324955348,0.823968719989087,0.129380660134449,3.79639194960931,11.4045173702283,13.8409591208503
"2","Busan","Male","80-84",1247,1801,0.590879265091864,0.694588059854638,1.12712471565976,-0.127124715659759,0.694588059854638,-0.0882993096096845,3.6936885732974,7.60812542061901,10.9534353674482
"2","Busan","Male","85+",497,991,0.665994623655914,0.782887369464322,1,0,0.782887369464322,0,3.91443684732161,3.91443684732161,5
"2","Chungbuk","Female","0-4",3182,28160,0.898474889924064,1,0.916613309084946,0.0833866909150544,1,0.0833866909150544,4.79153327271236,49.2389324893367,49.2389324893367
"2","Chungbuk","Female","5-9",6321,29503,0.823554041983028,0.916613309084946,0.961323854194479,0.0386761458055207,0.916613309084946,0.0354510699894502,4.4944388704511,44.4473992166244,48.4908944438044
"2","Chungbuk","Female","10-14",9785,37191,0.791702145776567,0.881162239095496,0.925296901606258,0.0747030983937422,0.881162239095496,0.065825549448001,4.24124732185747,39.9529603461732,45.341207979117
"2","Chungbuk","Female","15-19",11083,30358,0.732559542482083,0.815336689647495,0.754926015501845,0.245073984498155,0.815336689647495,0.199817811239447,3.57713892013885,35.7117130243158,43.7999583212127
"2","Chungbuk","Female","20-24",16546,20472,0.553028256523853,0.615518878408047,0.896122411257978,0.103877588742022,0.615518878408047,0.0639386169142219,2.91774784975468,32.1345741041769,52.2072924672732
"2","Chungbuk","Female","25-29",29279,28766,0.495581014729951,0.551580261493825,0.80605997949695,0.19394002050305,0.551580261493825,0.10697348722319,2.49046758941115,29.2168262544222,52.969310713359
"2","Chungbuk","Female","30-34",40865,27183,0.399468022572302,0.444606774270635,0.949677455536788,0.0503225444632125,0.444606774270635,0.0223737441668795,2.16709951093598,26.7263586650111,60.1123514342644
"2","Chungbuk","Female","35-39",55211,33748,0.379365775244776,0.422233030103756,0.851851406469633,0.148148593530367,0.422233030103756,0.0625532295519367,1.95478207663894,24.5592591540751,58.1651775277745
"2","Chungbuk","Female","40-44",70789,33799,0.323163269208705,0.359679800551819,0.898021469636634,0.101978530363366,0.359679800551819,0.0366796174616633,1.70669995910494,22.6044770774362,62.8461121329485
"2","Chungbuk","Female","45-49",81015,33124,0.29020755394738,0.323000183090156,1.05524333461164,-0.055243334611637,0.323000183090156,-0.0178436071940695,1.65960993343595,20.8977771183312,64.6989636922226
"2","Chungbuk","Female","50-54",75785,33453,0.30623958695692,0.340843790284225,1.11223368030049,-0.112233680300491,0.340843790284225,-0.0382541529911673,1.79985433389904,19.2381671848953,56.4427686033325
"2","Chungbuk","Female","55-59",54612,28210,0.340609982854797,0.379097943275392,1.02076126867612,-0.0207612686761176,0.379097943275392,-0.00787055425490401,1.91516610201422,17.4383128509962,45.9994921110093
"2","Chungbuk","Female","60-64",37068,19757,0.347681478222613,0.386968497530296,1.17949769932507,-0.179497699325075,0.386968497530296,-0.0694599550179691,2.1084923751964,15.523146748982,40.1147557179811
"2","Chungbuk","Female","65-69",34075,23688,0.410089503661513,0.456428452548265,1.06059525797698,-0.0605952579769815,0.456428452548265,-0.0276573998301966,2.35128576231682,13.4146543737856,29.3904867211736
"2","Chungbuk","Female","70-74",31579,24307,0.434938982929535,0.484085852378462,1.12443942416902,-0.124439424169023,0.484085852378462,-0.0602393647183464,2.57102767368818,11.0633686114688,22.8541457204566
"2","Chungbuk","Female","75-79",20204,19339,0.489062539513947,0.544325217096808,1.04476644833295,-0.0447664483329535,0.544325217096808,-0.024367506707488,2.78254485225276,8.49234093778063,15.6015938101767
"2","Chungbuk","Female","80-84",11360,11869,0.510956132420681,0.568692723804296,1.00536173497044,-0.00536173497043535,0.568692723804296,-0.00304917966465363,2.85108656818312,5.70979608552787,10.0402130122783
"2","Chungbuk","Female","85+",6924,7314,0.513695743784239,0.57174190346895,1,0,0.57174190346895,0,2.85870951734475,2.85870951734475,5
"2","Chungbuk","Male","0-4",3257,32078,0.9078251025895,1,0.918569874935136,0.0814301250648638,1,0.0814301250648638,4.79642468733784,53.0778797099753,53.0778797099753
"2","Chungbuk","Male","5-9",6342,31840,0.833900790948615,0.918569874935136,0.950384665691756,0.0496153343082442,0.918569874935136,0.0455751514303888,4.47891149609971,48.2814550226375,52.5615484897617
"2","Chungbuk","Male","10-14",10677,40785,0.79252652442579,0.872994723504747,0.975028680096247,0.0249713199037533,0.872994723504747,0.0217998305149257,4.31047404123642,43.8025435265377,50.1750381155649
"2","Chungbuk","Male","15-19",10543,35848,0.772736091052144,0.851194892989822,0.842994931776282,0.157005068223718,0.851194892989822,0.133641912245547,3.92186968433524,39.4920694853013,46.3960366897708
"2","Chungbuk","Male","20-24",12104,22619,0.651412608357573,0.717552980744274,0.809998789963542,0.190001210036458,0.717552980744274,0.13633593460668,3.24692506720467,35.5701998009661,49.5715309607818
"2","Chungbuk","Male","25-29",26759,29891,0.527643424536628,0.581217046137595,0.874396097424445,0.125603902575555,0.581217046137595,0.0730031292383182,2.72357740759218,32.3232747337614,55.6130879996753
"2","Chungbuk","Male","30-34",37486,32109,0.461369351246498,0.508213916899277,0.911838294672988,0.0881617053270118,0.508213916899277,0.0448050055847605,2.42905707053448,29.5996973261692,58.2425949819781
"2","Chungbuk","Male","35-39",51385,37316,0.420694242454989,0.463408911314516,0.887803034180526,0.112196965819474,0.463408911314516,0.0519930737831943,2.18706187211459,27.1706402556348,58.6321056678904
"2","Chungbuk","Male","40-44",64517,38462,0.373493624913817,0.411415837531322,1.01045578630163,-0.0104557863016292,0.411415837531322,-0.00430167607833332,2.06783337785244,24.9835783835202,60.7258547299315
"2","Chungbuk","Male","45-49",71992,43639,0.377398794440937,0.415717513609655,0.967020791343028,0.0329792086569721,0.415717513609655,0.0137100346236905,2.04431248148905,22.9157450056677,55.1233572208479
"2","Chungbuk","Male","50-54",70228,40359,0.36495248085218,0.402007478985965,1.05473632488918,-0.0547363248891786,0.402007478985965,-0.0220044119776554,2.06504842487396,20.8714325241787,51.918020472717
"2","Chungbuk","Male","55-59",47879,29964,0.384928638413216,0.42401189096362,1.05078188933543,-0.0507818893354315,0.42401189096362,-0.0215321249238216,2.17388976712765,18.8063840993047,44.353435599565
"2","Chungbuk","Male","60-64",32836,22302,0.404476041931155,0.445544015887441,0.998846815301138,0.00115318469886183,0.445544015887441,0.00051379454179085,2.22643559308273,16.6324943321771,37.3307546260007
"2","Chungbuk","Male","65-69",28539,19346,0.404009606348543,0.445030221345651,1.20656709729976,-0.206567097299757,0.445030221345651,-0.0919286010340395,2.45497260931335,14.4060587390943,32.3709672919163
"2","Chungbuk","Male","70-74",20689,19677,0.487464698013179,0.53695882237969,1.11798622763866,-0.117986227638662,0.53695882237969,-0.0633537458498779,2.84317847652314,11.951086129781,22.2569881184115
"2","Chungbuk","Male","75-79",10956,13122,0.544978818838774,0.600312568229568,1.08548326753426,-0.0854832675342636,0.600312568229568,-0.051316679874149,3.12985454083321,9.10790765325783,15.1719423101847
"2","Chungbuk","Male","80-84",3932,5695,0.591565389010076,0.651629248103717,0.889867974224328,0.110132025775672,0.651629248103717,0.0717652491483405,3.07873311764773,5.97805311242462,9.17400980668246
"2","Chungbuk","Male","85+",2259,2511,0.526415094339623,0.579863998955376,1,0,0.579863998955376,0,2.89931999477688,2.89931999477688,5
"2","Chungnam","Female","0-4",3826,38852,0.910351937766531,1,0.909775809551866,0.0902241904481343,1,0.0902241904481343,4.77443952387966,44.2524847074126,44.2524847074126
"2","Chungnam","Female","5-9",7419,35769,0.828216171158655,0.909775809551866,0.930092469497603,0.0699075305023971,0.909775809551866,0.06360018015659,4.38987859736785,39.478045183533,43.3931577087974
"2","Chungnam","Female","10-14",12257,41108,0.770317623910803,0.846175629395276,0.935043673021043,0.0649563269789575,0.846175629395276,0.0549644608646247,4.09346699481482,35.0881665861651,41.4667657247953
"2","Chungnam","Female","15-19",13038,33573,0.720280620454399,0.791211168530651,0.667707596196393,0.332292403803607,0.791211168530651,0.262913461107311,3.29877218988498,30.9946995913503,39.1737387237723
"2","Chungnam","Female","20-24",25132,23286,0.480936841670453,0.52829770742334,0.773348553921729,0.226651446078271,0.52829770742334,0.119739439347335,2.34213993874836,27.6959274014653,52.4248487402043
"2","Chungnam","Female","25-29",49922,29563,0.371931811033528,0.408558268076004,0.839246789917551,0.160753210082449,0.408558268076004,0.0656770530989434,1.87859870763266,25.353787462717,62.05672346839
"2","Chungnam","Female","30-34",72289,32804,0.31214257847811,0.342881214977061,0.894882959563793,0.105117040436207,0.342881214977061,0.0360426585395596,1.62429942853641,23.4751887550843,68.4644936196193
"2","Chungnam","Female","35-39",98901,38334,0.279331074434364,0.306838556437501,0.808538807722225,0.191461192277775,0.306838556437501,0.0587476758523154,1.38732359255672,21.8508893265479,71.2129843792907
"2","Chungnam","Female","40-44",122678,35790,0.225850013882929,0.248090880585186,0.938809759676075,0.0611902403239251,0.248090880585186,0.0151807406051817,1.20250255141298,20.4635657339912,82.4841513147222
"2","Chungnam","Female","45-49",145605,39180,0.212030197256271,0.232910139980004,1.10452115123861,-0.104521151238613,0.232910139980004,-0.0243440359658567,1.22541078981466,19.2610631825782,82.6974007410402
"2","Chungnam","Female","50-54",134577,41155,0.234191837570847,0.257254175945861,1.13795335505678,-0.137953355056782,0.257254175945861,-0.0354890766740991,1.37499357141455,18.0356523927635,70.1082978593091
"2","Chungnam","Female","55-59",100560,36536,0.266499387290658,0.29274325261996,1.2103390039672,-0.210339003967202,0.29274325261996,-0.0615753241742013,1.6176545735353,16.660658821349,56.912187291223
"2","Chungnam","Female","60-64",77201,36758,0.322554602971244,0.354318576794161,1.16618444888772,-0.16618444888772,0.354318576794161,-0.0588822374152188,1.91879847750885,15.0430042478137,42.4561545260236
"2","Chungnam","Female","65-69",58376,35199,0.376158161902217,0.41320081420938,1.20137772329878,-0.201377723298783,0.41320081420938,-0.0832094392306883,2.27402766912362,13.1242057703048,31.7622940686037
"2","Chungnam","Female","70-74",48704,40157,0.451908036146341,0.496410253440068,1.13557788662209,-0.135577886622087,0.496410253440068,-0.0673022530589389,2.65030689984769,10.8501781011812,21.8572803965886
"2","Chungnam","Female","75-79",32235,33980,0.513176772634599,0.563712506499007,0.977990088297616,0.0220099117023836,0.563712506499007,0.0124072624935725,2.78754437626111,8.1998712013335,14.5461935060828
"2","Chungnam","Female","80-84",19191,19336,0.501881797181198,0.551305244005435,0.97563948077109,0.0243605192289096,0.551305244005435,0.0134300819975931,2.72295101503319,5.4123268250724,9.81729610578318
"2","Chungnam","Female","85+",13444,12899,0.489655696010325,0.537875162007842,1,0,0.537875162007842,0,2.68937581003921,2.68937581003921,5
"2","Chungnam","Male","0-4",3832,40025,0.912625122557402,1,0.887229261388745,0.112770738611255,1,0.112770738611255,4.71807315347186,48.6389702033714,48.6389702033714
"2","Chungnam","Male","5-9",9017,38368,0.809707713411417,0.887229261388745,0.950640305659826,0.0493596943401737,0.887229261388745,0.0437933651518066,4.32666289406421,43.9208970498995,49.5034361030337
"2","Chungnam","Male","10-14",14204,47483,0.769740788172549,0.843435896236938,0.920569666745648,0.0794303332543522,0.843435896236938,0.0669943943167833,4.04969349539273,39.5942341558353,46.9439756269426
"2","Chungnam","Male","15-19",13977,33988,0.708600020848535,0.776441501920155,0.775329604430265,0.224670395569735,0.776441501920155,0.17444341937316,3.44609896116788,35.5445406604426,45.7787747982819
"2","Chungnam","Male","20-24",18768,22883,0.549398573863773,0.601998082546995,0.806519174145997,0.193480825854003,0.601998082546995,0.116475086173719,2.71880269730068,32.0984416992747,53.3198404278454
"2","Chungnam","Male","25-29",45673,36340,0.443100484069599,0.485522996373277,0.84422061907695,0.15577938092305,0.485522996373277,0.0756344717989334,2.23852880236905,29.379639001974,60.5113232976231
"2","Chungnam","Male","30-34",66114,39512,0.374074564974533,0.409888524574343,0.903014287616911,0.0969857123830888,0.409888524574343,0.0397533305534959,1.95005929648798,27.141110199605,66.2158332629346
"2","Chungnam","Male","35-39",91434,46641,0.337794676806084,0.370135194020847,0.889558583605815,0.110441416394185,0.370135194020847,0.040878255084999,1.74848033239174,25.191050903117,68.0590533136337
"2","Chungnam","Male","40-44",111342,47829,0.300488154249204,0.329256938935848,0.912447084751957,0.087552915248043,0.329256938935848,0.0288274048694804,1.57421618250554,23.4425705707252,71.1984101124525
"2","Chungnam","Male","45-49",133715,50511,0.274179540347182,0.300429534066368,1.07197514559968,-0.0719751455996758,0.300429534066368,-0.0216234594568696,1.55620631897401,21.8683543882197,72.7902949228313
"2","Chungnam","Male","50-54",120942,50343,0.293913652684123,0.322052993523237,1.03196621740008,-0.0319662174000779,0.322052993523237,-0.0102948160053097,1.63600200762946,20.3121480692457,63.0708252298238
"2","Chungnam","Male","55-59",93567,40735,0.303308960402675,0.332347809528547,1.1261391853098,-0.126139185309804,0.332347809528547,-0.0419220819334289,1.76654425247631,18.6761460616162,56.1945814780887
"2","Chungnam","Male","60-64",70256,36446,0.341568105565032,0.374269891461976,1.14581517863393,-0.145815178633934,0.374269891461976,-0.0545742310808311,2.00778503501196,16.9096018091399,45.1802354260651
"2","Chungnam","Male","65-69",49446,31796,0.391373919893651,0.428844122542807,1.20666405243727,-0.206664052437273,0.428844122542807,-0.088626664228603,2.36578727328554,14.901816774128,34.7487956364389
"2","Chungnam","Male","70-74",37265,33347,0.472256840197134,0.51747078677141,1.16204991186502,-0.16204991186502,0.51747078677141,-0.0838560953890297,2.79699417232962,12.5360295008424,24.2255791463261
"2","Chungnam","Male","75-79",18900,22987,0.548786019528732,0.60132688216044,1.04384806697769,-0.0438480669776873,0.60132688216044,-0.0263670214044548,3.07255196431334,9.7390353285128,16.1959087768079
"2","Chungnam","Male","80-84",8247,11060,0.572849225669446,0.627693903564895,1.08274613392253,-0.0827461339225282,0.627693903564895,-0.0519392438067353,3.26831762734131,6.66648336419946,10.620596004419
"2","Chungnam","Male","85+",3338,5452,0.620250284414107,0.67963314737163,1,0,0.67963314737163,0,3.39816573685815,3.39816573685815,5
"2","Daegu","Female","0-4",6288,45354,0.878238642965029,1,0.935264573977946,0.0647354260220542,1,0.0647354260220542,4.83816143494486,64.9378124117605,64.9378124117605
"2","Daegu","Female","5-9",10365,47665,0.821385490263657,0.935264573977946,0.967197904845419,0.0328020951545811,0.935264573977946,0.0306786375503333,4.5996262760139,60.0996509768156,64.2595182678573
"2","Daegu","Female","10-14",17783,68728,0.794442325253436,0.904585936427613,0.985173177868815,0.0148268221311846,0.904585936427613,0.0134121347817833,4.4893993451836,55.5000247008017,61.3540653970171
"2","Daegu","Female","15-19",17661,63600,0.782663270203419,0.891173801645829,0.904232136609169,0.0957678633908312,0.891173801645829,0.0853458108935055,4.24250448099538,51.0106253556181,57.2398170383949
"2","Daegu","Female","20-24",19340,46827,0.707709281061556,0.805827990752324,0.887917681895397,0.112082318104603,0.805827990752324,0.0903190691970952,3.80334228076888,46.7681208746227,58.0373496718075
"2","Daegu","Female","25-29",32457,54884,0.628387584296035,0.715508921555229,0.896081749271254,0.103918250728746,0.715508921555229,0.074354435508831,3.39165851900407,42.9647785938538,60.0478586632654
"2","Daegu","Female","30-34",37471,48292,0.563086645756328,0.641154486046398,0.967063836523512,0.0329361634764882,0.641154486046398,0.0211171689661079,3.15297950781672,39.5731200748498,61.7216613719303
"2","Daegu","Female","35-39",39103,46751,0.544540731940271,0.62003731708029,1.02957519502007,-0.02957519502007,0.62003731708029,-0.0183377245723705,3.14603089683237,36.420140567033,58.7386267951304
"2","Daegu","Female","40-44",32637,41647,0.560645630283776,0.63837504165266,0.987271116011875,0.0127288839881246,0.63837504165266,0.00812580184611089,3.17156070364802,33.2741096702007,52.1231368696039
"2","Daegu","Female","45-49",31153,38620,0.553509237097445,0.630249239806549,0.964421964534684,0.0355780354653163,0.630249239806549,0.0224230298058261,3.09518862451818,30.1025489665527,47.7629278470727
"2","Daegu","Female","50-54",27661,31674,0.533816465829612,0.607826210000723,0.987979404501005,0.0120205954989947,0.607826210000723,0.0073064330041057,3.02086496749335,27.0073603420345,44.4327011531838
"2","Daegu","Female","55-59",21457,23945,0.527399674023171,0.600519776996617,1.04323621905129,-0.04323621905129,0.600519776996617,-0.0259642046228576,3.06750939654023,23.9864953745411,39.9428899652646
"2","Daegu","Female","60-64",14331,17530,0.550202441856816,0.626483981619475,1.08486179770092,-0.0848617977009176,0.626483981619475,-0.0531645569110573,3.26533130037502,20.9189859780009,33.3910947314644
"2","Daegu","Female","65-69",10018,14834,0.59689361017222,0.679648538530532,0.968280099778127,0.0317199002218731,0.679648538530532,0.0215583838281304,3.34434673308234,17.6536546776259,25.9746820257936
"2","Daegu","Female","70-74",7763,10631,0.577960204414483,0.658090154702402,0.962052135738733,0.0379478642612667,0.658090154702402,0.0249731158623228,3.2280179838562,14.3093079445435,21.7436894357042
"2","Daegu","Female","75-79",6058,7587,0.556027849028948,0.633117038840079,1.26324202021013,-0.263242020210132,0.633117038840079,-0.166663008333719,3.58224271503469,11.0812899606873,17.5027511200601
"2","Daegu","Female","80-84",2532,5976,0.702397743300423,0.799780047173798,0.91685160141253,0.0831483985874697,0.799780047173798,0.0665004301447123,3.83264916050721,7.49904724565264,9.37638701059398
"2","Daegu","Female","85+",1811,3276,0.64399449577354,0.733279617029086,1,0,0.733279617029086,0,3.66639808514543,3.66639808514543,5
"2","Daegu","Male","0-4",7044,47663,0.871241340230683,1,0.933193711591513,0.0668062884084875,1,0.0668062884084875,4.83298427897878,67.2569074123549,67.2569074123549
"2","Daegu","Male","5-9",12557,54606,0.813036939981835,0.933193711591513,0.986954194095985,0.0130458059040148,0.933193711591513,0.0121742640322701,4.63553289787689,62.4239231333761,66.8927815929186
"2","Daegu","Male","10-14",17674,71783,0.802430217870038,0.921019447559242,1.00972518989602,-0.00972518989601889,0.921019447559242,-0.00895708902544005,4.62748996035981,57.7883902354992,62.7439413886884
"2","Daegu","Male","15-19",18068,77144,0.810234004117128,0.929976536584683,0.912350702640961,0.0876492973590389,0.929976536584683,0.08151178999204,4.44610320794331,53.1609002751394,57.1637005707387
"2","Daegu","Male","20-24",17438,49430,0.739217562959861,0.848464746592643,0.848360969580505,0.151639030419495,0.848464746592643,0.128660371518431,3.92067280416714,48.7147970671961,57.41522822584
"2","Daegu","Male","25-29",35078,58996,0.627123328443566,0.719804375074212,0.923644446957687,0.0763555530423127,0.719804375074212,0.0549610611410677,3.46161922251839,44.794124263029,62.2309697109173
"2","Daegu","Male","30-34",36148,49763,0.579238979874521,0.664843313933144,0.962159753266717,0.0378402467332828,0.664843313933144,0.0251578350382036,3.26132198207021,41.3325050405106,62.1687910133168
"2","Daegu","Male","35-39",38070,47929,0.557320433958534,0.63968547889494,1.04197201764707,-0.0419720176470726,0.63968547889494,-0.0268488902087545,3.26554961999659,38.0711830584404,59.515471766232
"2","Daegu","Male","40-44",30421,42133,0.580712297047716,0.666534369103695,1.00947485033942,-0.00947485033941731,0.666534369103695,-0.00631531339333544,3.34846012900181,34.8056334384438,52.2188127901758
"2","Daegu","Male","45-49",26414,37421,0.586214459152503,0.67284968249703,1.03286962825572,-0.0328696282557241,0.67284968249703,-0.0221163189356594,3.4195392098243,31.457173309442,46.75215598334
"2","Daegu","Male","50-54",23931,36728,0.605483110502976,0.69496600143269,0.978789093378129,0.021210906621871,0.69496600143269,0.0147408589617638,3.43797785975904,28.0376340996177,40.3438931427111
"2","Daegu","Male","55-59",17723,25784,0.592640264784977,0.680225142470926,1.07285946588549,-0.0728594658854897,0.680225142470926,-0.0495608405623128,3.52502781376041,24.5996562398586,36.163991455094
"2","Daegu","Male","60-64",11078,19341,0.635819717939446,0.729785983033239,0.984271409411415,0.0157285905885848,0.729785983033239,0.0114785049444177,3.62023365280515,21.0746284260982,28.8778202323165
"2","Daegu","Male","65-69",7023,11746,0.625819169907827,0.718307478088821,1.05020996442838,-0.0502099644283753,0.718307478088821,-0.0360661929234757,3.68170287275279,17.4543947732931,24.299336016567
"2","Daegu","Male","70-74",4764,9135,0.657241528167494,0.754373671012297,0.954986596696164,0.0450134033038356,0.754373671012297,0.0339569262950715,3.6869760393238,13.7726919005403,18.2571216755997
"2","Daegu","Male","75-79",2908,4902,0.627656850192061,0.720416744717225,1.07420998720941,-0.0742099872094117,0.720416744717225,-0.0534621174109113,3.7357390171134,10.0857158612165,13.9998354218922
"2","Daegu","Male","80-84",1033,2138,0.674235257016714,0.773878862128137,0.760718488789644,0.239281511210356,0.773878862128137,0.185174903623771,3.40645705158125,6.34997684410308,8.20538866592233
"2","Daegu","Male","85+",604,636,0.512903225806452,0.588703958504365,1,0,0.588703958504365,0,2.94351979252183,2.94351979252183,5
"2","Daejeon","Female","0-4",5660,31758,0.848735902506815,1,0.920636408310154,0.0793635916898461,1,0.0793635916898461,4.80159102077539,63.5336599784291,63.5336599784291
"2","Daejeon","Female","5-9",8112,28993,0.781377172887751,0.920636408310154,0.956059014608049,0.0439409853919509,0.920636408310154,0.0404536709688546,4.50204786412863,58.7320689576537,63.7950752626192
"2","Daejeon","Female","10-14",12082,35681,0.747042689948286,0.880182737341299,1.03096548916673,-0.0309654891667277,0.880182737341299,-0.0272552890178827,4.4690519092512,54.2300210935251,61.6122298164283
"2","Daejeon","Female","15-19",9771,32744,0.770175232270963,0.907438026359182,0.932785922171319,0.0672140778286808,0.907438026359182,0.0609926101284106,4.38470860647488,49.7609691842739,54.8367687256006
"2","Daejeon","Female","20-24",8996,22951,0.71840861426738,0.846445416230771,0.81133920627457,0.18866079372543,0.846445416230771,0.15969106407135,3.83299942097548,45.376260577799,53.6080173720591
"2","Daejeon","Female","25-29",15709,21951,0.58287307488051,0.686754352159422,0.922946248896106,0.077053751103894,0.686754352159422,0.0529169989208081,3.30147926349509,41.5432611568235,60.4921702005898
"2","Daejeon","Female","30-34",18373,21392,0.537960518043506,0.633837353238614,1.02806483159721,-0.0280648315972054,0.633837353238614,-0.0177885385786601,3.21365811263972,38.2417818933284,60.333746027953
"2","Daejeon","Female","35-39",15849,19612,0.553058289388342,0.651625891817274,0.955002845397692,0.0449971546023079,0.651625891817274,0.0293213109969686,3.18482618159395,35.0281237806887,53.7549600477066
"2","Daejeon","Female","40-44",15450,17295,0.528172240036647,0.622304580820305,0.963574861996953,0.0364251380030474,0.622304580820305,0.0226675302363082,3.05485407851076,31.8432975990948,51.1699553249629
"2","Daejeon","Female","45-49",15144,15695,0.508933493303933,0.599637050583997,0.89340470156784,0.10659529843216,0.599637050583997,0.0639184903579813,2.83838902702503,28.788443520584,48.0097810709769
"2","Daejeon","Female","50-54",17587,14664,0.454683575703079,0.535718560226016,1.06279068743843,-0.0627906874384259,0.535718560226016,-0.0336381366701153,2.76268814280537,25.950054493559,48.4397152165324
"2","Daejeon","Female","55-59",9832,9194,0.483233469988437,0.569356696896131,1.00195341792032,-0.001953417920318,0.569356696896131,-0.00111219157476997,2.84956396341758,23.1873663507536,40.7255530270574
"2","Daejeon","Female","60-64",7710,7237,0.48417742690841,0.570468888470901,1.01535158546248,-0.0153515854624826,0.570468888470901,-0.0087576018950485,2.87423844709213,20.337802387336,35.6510281250394
"2","Daejeon","Female","65-69",6090,5889,0.491610318056599,0.57922649036595,1.15327337067815,-0.153273370678147,0.57922649036595,-0.0887799965644625,3.1180824432409,17.4635639402439,30.1498019008257
"2","Daejeon","Female","70-74",3628,4750,0.56696108856529,0.668006486930412,0.934811320591467,0.0651886794085328,0.668006486930412,0.0435464607193269,3.23116628285374,14.345481497003,21.4750631583274
"2","Daejeon","Female","75-79",2859,3224,0.530001643925695,0.624460026211085,0.997544532129548,0.00245546787045248,0.624460026211085,0.00153334153074323,3.11846677722857,11.1143152141493,17.7982813112721
"2","Daejeon","Female","80-84",2143,2404,0.528700241917748,0.622926684680342,1.37812509530958,-0.378125095309582,0.622926684680342,-0.235544212015636,3.7034939534408,7.99584843692069,12.8359382148219
"2","Daejeon","Female","85+",533,1431,0.728615071283096,0.858470896695978,1,0,0.858470896695978,0,4.29235448347989,4.29235448347989,5
"2","Daejeon","Male","0-4",5887,31450,0.842327985644267,1,0.954929948802039,0.0450700511979613,1,0.0450700511979613,4.8873248720051,67.1314587430861,67.1314587430861
"2","Daejeon","Male","5-9",8042,33065,0.804364220205804,0.954929948802039,0.991667047391073,0.0083329526089273,0.954929948802039,0.00795738600821276,4.75475627898966,62.244133871081,65.1818847541292
"2","Daejeon","Male","10-14",10556,41614,0.797661491278513,0.946972562793826,0.995976075432049,0.00402392456795064,0.946972562793826,0.00381054616060126,4.72533644856763,57.4893775920914,60.7085990141912
"2","Daejeon","Male","15-19",9988,38604,0.794451761606849,0.943162016633225,0.921888375933034,0.0781116240669661,0.943162016633225,0.0736719168774961,4.53163029097238,52.7640411435237,55.9437723455763
"2","Daejeon","Male","20-24",7650,20937,0.732395844264876,0.869490099755729,0.837684225529575,0.162315774470425,0.869490099755729,0.141131958936218,3.9946206014381,48.2324108525514,55.4720644503044
"2","Daejeon","Male","25-29",15675,24883,0.613516445584102,0.728358140819511,0.883254201012014,0.116745798987986,0.728358140819511,0.0850327530993775,3.42920882134911,44.2377902511133,60.7363160674489
"2","Daejeon","Male","30-34",16934,20031,0.541890977952117,0.643325387720133,1.07001502600844,-0.0700150260084378,0.643325387720133,-0.0450424437531134,3.32923304798345,40.8085814297641,63.4338115807691
"2","Daejeon","Male","35-39",15908,21953,0.579831488867172,0.688367831473247,1.01577210560135,-0.0157721056013513,0.688367831473247,-0.0108570101305693,3.46898168269266,37.4793483817807,54.4466877564097
"2","Daejeon","Male","40-44",14154,20282,0.588976652340574,0.699224841603816,0.95344187750425,0.0465581224957505,0.699224841603816,0.0325545958274622,3.41473771845042,34.010366699088,48.6401006878964
"2","Daejeon","Male","45-49",13455,17233,0.561555005213764,0.666670245776354,1.05397583746933,-0.0539758374693315,0.666670245776354,-0.0359840848316638,3.42331144096093,30.5956289806376,45.893197085777
"2","Daejeon","Male","50-54",11620,16851,0.591865406905272,0.702654330608017,0.935276063353294,0.064723936646706,0.702654330608017,0.0454785543788069,3.39957526709307,27.1723175396767,38.6709600382938
"2","Daejeon","Male","55-59",8615,10682,0.553557547805358,0.65717577622921,0.942978634483633,0.057021365516367,0.65717577622921,0.037473060144868,3.19219623078388,23.7727422725836,36.1741000390923
"2","Daejeon","Male","60-64",7042,7690,0.521992940537605,0.619702716084342,1.03501414060582,-0.0350141406058182,0.619702716084342,-0.0216983580347846,3.15275947550867,20.5805460417997,33.2103531380984
"2","Daejeon","Male","65-69",3813,4481,0.540270074752833,0.641401074119127,0.993657596005722,0.00634240399427832,0.641401074119127,0.00406802473442756,3.19683530875957,17.4277865662911,27.1714333971543
"2","Daejeon","Male","70-74",3589,4160,0.536843463672732,0.637333049384699,1.20678558625363,-0.206785586253634,0.637333049384699,-0.131791288255831,3.51614346756308,14.2309512575315,22.3289083647404
"2","Daejeon","Male","75-79",1379,2537,0.647854954034729,0.769124337640531,0.947002726987523,0.0529972730124768,0.769124337640531,0.0407614925024756,3.74371795694647,10.7148077899684,13.9311776595688
"2","Daejeon","Male","80-84",909,1443,0.613520408163265,0.728362845138055,0.942787010541088,0.0572129894589115,0.728362845138055,0.0416718157811463,3.53763468623741,6.97108983302195,9.57090257905816
"2","Daejeon","Male","85+",336,461,0.578419071518193,0.686691029356909,1,0,0.686691029356909,0,3.43345514678454,3.43345514678454,5
"2","Gangwon","Female","0-4",2809,25958,0.902353391038343,1,0.890465494638536,0.109534505361464,1,0.109534505361464,4.72616373659634,48.274213378245,48.274213378245
"2","Gangwon","Female","5-9",6910,28258,0.803514558689718,0.890465494638536,0.946442720561901,0.053557279438099,0.890465494638536,0.0476909093263411,4.33310019987683,43.5480496416487,48.904814284046
"2","Gangwon","Female","10-14",11764,37351,0.760480504937392,0.842774585312195,0.916452364378515,0.0835476356214855,0.842774585312195,0.0704118239647118,4.03784336664919,39.2149494417719,46.5307688736784
"2","Gangwon","Female","15-19",12585,28942,0.696944156813639,0.772362761347483,0.674112309175824,0.325887690824176,0.772362761347483,0.251703516774116,3.23255501480213,35.1771060751227,45.5447981642096
"2","Gangwon","Female","20-24",22977,20361,0.46981863491624,0.520659244573367,0.741599783245946,0.258400216754054,0.520659244573367,0.13453846165276,2.26695006873494,31.9445510603206,61.35404565129
"2","Gangwon","Female","25-29",45227,24184,0.34841739781879,0.386120782920607,0.901371366946944,0.0986286330530562,0.386120782920607,0.0380825650128353,1.83539750207095,29.6776009915856,76.8609261773093
"2","Gangwon","Female","30-34",59914,27431,0.314053466140019,0.348038217907772,0.96549809206913,0.0345019079308704,0.348038217907772,0.0120079825506781,1.71017113316216,27.8422034895147,79.9975464099541
"2","Gangwon","Female","35-39",77386,33676,0.303218022365886,0.336030235357094,0.923525349260269,0.0764746507397309,0.336030235357094,0.0256977948869233,1.61590668956816,26.1320323563525,77.7669078753656
"2","Gangwon","Female","40-44",89722,34897,0.280029530007463,0.31033244047017,0.993645028162051,0.00635497183794886,0.31033244047017,0.00197215391958987,1.54673181755188,24.5161256667844,78.9995581178723
"2","Gangwon","Female","45-49",94262,36340,0.278249950230471,0.30836028655058,1.17365019901119,-0.17365019901119,0.30836028655058,-0.0535468251266559,1.67566849556954,22.9693938492325,74.4888199001748
"2","Gangwon","Female","50-54",79535,38569,0.326568109462846,0.361907111677236,1.19453947071571,-0.19453947071571,0.361907111677236,-0.0704052179539409,1.98554860327103,21.2937253536629,58.83754329938
"2","Gangwon","Female","55-59",47060,30100,0.390098496630378,0.432312329631177,1.13016577615246,-0.130165776152463,0.432312329631177,-0.0562722699267215,2.30224232297269,19.3081767503919,44.6625632141107
"2","Gangwon","Female","60-64",28238,22266,0.440875970220181,0.488584599557899,1.09906258117927,-0.0990625811792749,0.488584599557899,-0.0484004515566479,2.56392412668111,17.0059344274192,34.8065298063165
"2","Gangwon","Female","65-69",28442,26737,0.484550281810109,0.536985051114547,1.09409446986363,-0.0940944698636319,0.536985051114547,-0.0505273237093185,2.81124356484603,14.4420103007381,26.8946226170781
"2","Gangwon","Female","70-74",24051,27137,0.530143783699304,0.587512374823865,0.975423895036622,0.0245761049633783,0.587512374823865,0.0144387657909549,2.90146495964194,11.6307667358921,19.7966327762525
"2","Gangwon","Female","75-79",18170,19458,0.517114914425428,0.57307360903291,0.99972046409396,0.000279535906039463,0.57307360903291,0.00016019465052832,2.86496755853823,8.72930177625014,15.2324267575003
"2","Gangwon","Female","80-84",11001,11774,0.516970362239297,0.572913414382382,1.03146492308588,-0.0314649230858828,0.572913414382382,-0.0180266765184121,2.90963376320794,5.86433421771191,10.2359869231441
"2","Gangwon","Female","85+",6769,7733,0.533236794924838,0.590940090900794,1,0,0.590940090900794,0,2.95470045450397,2.95470045450397,5
"2","Gangwon","Male","0-4",3740,26644,0.876908899420748,1,0.921178372602905,0.0788216273970948,1,0.0788216273970948,4.80294593150726,54.5845941614956,54.5845941614956
"2","Gangwon","Male","5-9",7225,30364,0.807789512889409,0.921178372602905,0.932313407246751,0.0676865927532486,0.921178372602905,0.0623514253594732,4.45001329961584,49.7816482299883,54.0412689991017
"2","Gangwon","Male","10-14",12273,37438,0.753112993100119,0.858826947243432,0.953354526833842,0.0466454731661584,0.858826947243432,0.0400603893220173,4.19398376291212,45.3316349303725,52.7832004758036
"2","Gangwon","Male","15-19",12823,32646,0.717983681189382,0.818766557921415,0.774875547377762,0.225124452622238,0.818766557921415,0.184324373177452,3.63302185666344,41.1376511674604,50.2434433471436
"2","Gangwon","Male","20-24",16609,20828,0.556347997969923,0.634442184743962,0.73227403377133,0.26772596622867,0.634442184743962,0.169856646926806,2.7475693064028,37.5046293107969,59.1143373070825
"2","Gangwon","Male","25-29",40077,27552,0.407399192654039,0.464585537817157,0.885253717747735,0.114746282252265,0.464585537817157,0.0533094632526879,2.18965403095406,34.7570600043941,74.8130477063477
"2","Gangwon","Male","30-34",53844,30373,0.360651649904414,0.411276074564469,1.00221342201957,-0.00221342201956953,0.411276074564469,-0.000910327519563116,2.05865619162125,32.5674059734401,79.1862400649689
"2","Gangwon","Male","35-39",72455,41013,0.361449924207706,0.412186402084032,0.978412782641347,0.021587217358653,0.412186402084032,0.00889795745406913,2.03868711678499,30.5087497818188,74.0168759269236
"2","Gangwon","Male","40-44",83629,45757,0.353647226129566,0.403288444629963,0.997049334756881,0.0029506652431186,0.403288444629963,0.00118996919652099,2.01346730015851,28.4700626650338,70.5947890253998
"2","Gangwon","Male","45-49",81368,44317,0.3526037315511,0.402098475433442,1.096001497025,-0.0960014970249954,0.402098475433442,-0.0386020555930787,2.10699751614991,26.4565953648753,65.7963085693286
"2","Gangwon","Male","50-54",71121,44797,0.386454217636605,0.44070053102652,1.17133418131504,-0.171334181315036,0.44070053102652,-0.0755070646885304,2.39227031685393,24.3495978487254,55.2520274754562
"2","Gangwon","Male","55-59",38674,31985,0.452667034631116,0.516207595715051,1.02582640366934,-0.0258264036693403,0.516207595715051,-0.0133317857441165,2.61436744293555,21.9573275318715,42.5358474267629
"2","Gangwon","Male","60-64",24947,21627,0.464357796195302,0.529539381459167,1.05493827542799,-0.0549382754279868,0.529539381459167,-0.0290919803885695,2.72042685826726,19.342960088936,36.5278971993275
"2","Gangwon","Male","65-69",23137,22218,0.489868812699813,0.558631361847737,1.13317486794579,-0.133174867945789,0.558631361847737,-0.0743956578444488,2.97914595384981,16.6225332306687,29.755818176208
"2","Gangwon","Male","70-74",16752,20902,0.555107027141871,0.633027019692186,1.10698773780057,-0.106987737800569,0.633027019692186,-0.067726128803503,3.33445042046969,13.6433872768189,21.5526144262422
"2","Gangwon","Male","75-79",7414,11818,0.614496672212978,0.700753148495689,0.907615760264582,0.0923842397354182,0.700753148495689,0.0647385468659748,3.34191937531351,10.3089368563492,14.7112244568283
"2","Gangwon","Male","80-84",3938,4966,0.557726864330638,0.636014601629714,1.12722380129503,-0.127223801295026,0.636014601629714,-0.0809161952984736,3.38236349639475,6.96701748103569,10.9541785097127
"2","Gangwon","Male","85+",2092,3542,0.628682996095137,0.716930796928188,1,0,0.716930796928188,0,3.58465398464094,3.58465398464094,5
"2","Gwangju","Female","0-4",3710,32325,0.897044540030526,1,0.945057284220655,0.0549427157793448,1,0.0549427157793448,4.86264321055164,59.438304989883,59.438304989883
"2","Gwangju","Female","5-9",6021,33528,0.847758476826216,0.945057284220655,0.93224247483563,0.0677575251643705,0.945057284220655,0.0640347427173527,4.56519956430989,54.5756617793313,57.7485224341055
"2","Gwangju","Female","10-14",11052,41656,0.790316460499355,0.881022541503303,0.996201616725426,0.00379838327457371,0.881022541503303,0.00334646128616857,4.39674655430109,50.0104622150214,56.7641119938745
"2","Gwangju","Female","15-19",10794,39957,0.787314535674174,0.877676080217134,0.895516033808743,0.104483966191257,0.877676080217134,0.0917030778922823,4.15912270635496,45.6137156607204,51.9710137815715
"2","Gwangju","Female","20-24",11733,28047,0.705052790346908,0.785973002324852,0.841360797678054,0.158639202321946,0.785973002324852,0.124686130135399,3.61814968628576,41.4545929543654,52.7430240373978
"2","Gwangju","Female","25-29",18735,27320,0.593203778091412,0.661286872189452,0.889398784727487,0.110601215272513,0.661286872189452,0.0731391317079121,3.12358653167748,37.8364432680796,57.2163834778802
"2","Gwangju","Female","30-34",22007,24578,0.527594719330256,0.58814774048154,0.925768481318212,0.074231518681788,0.58814774048154,0.0436590999852069,2.83159095244468,34.7128567364022,59.0206411538389
"2","Gwangju","Female","35-39",24010,22924,0.48843056206588,0.544488640496333,1.05407332085277,-0.0540733208527706,0.544488640496333,-0.0294423089582471,2.79604897487728,31.8812657839575,58.5526738535736
"2","Gwangju","Female","40-44",19973,21195,0.514841624562767,0.57393094945458,0.945105517828813,0.0548944821711874,0.57393094945458,0.0315056422723271,2.79089064159208,29.0852168090802,50.6772057452565
"2","Gwangju","Female","45-49",18765,17784,0.486579660182221,0.542425307182253,1.00733880470886,-0.00733880470886161,0.542425307182253,-0.00398075339855483,2.72207841940765,26.2943261674881,48.4754782258957
"2","Gwangju","Female","50-54",18454,17741,0.490150573283603,0.546406060580808,1.01067459082817,-0.0106745908281682,0.546406060580808,-0.00583266112273143,2.74661195571087,23.5722477480804,43.1405312800229
"2","Gwangju","Female","55-59",11530,11319,0.495382730097597,0.55223872170354,0.932560072152582,0.0674399278474177,0.55223872170354,0.0372429395462369,2.66808625965211,20.8256357923696,37.711292189231
"2","Gwangju","Female","60-64",9784,8401,0.461974154522958,0.514995782157303,1.05893957477159,-0.0589395747715904,0.514995782157303,-0.030353632409514,2.6508629918103,18.1575495327175,35.2576664932206
"2","Gwangju","Female","65-69",7451,7136,0.489202714746007,0.545349414566817,1.15391071893808,-0.153910718938081,0.545349414566817,-0.0839351204684404,2.93658487400518,15.5066865409072,28.4344057712512
"2","Gwangju","Female","70-74",4595,5956,0.564496256279026,0.629284535035257,1.10786108610382,-0.107861086103821,0.629284535035257,-0.0678753134172407,3.31611095871939,12.570101666902,19.9752273686461
"2","Gwangju","Female","75-79",2931,4893,0.625383435582822,0.697159848452498,0.973205758154075,0.0267942418459253,0.697159848452498,0.0186798695847048,3.43909956830073,9.2539907081826,13.2738434789724
"2","Gwangju","Female","80-84",2223,3457,0.60862676056338,0.678479978867793,0.809395771134454,0.190604228865546,0.678479978867793,0.129321153172808,3.06909701140695,5.81489113988187,8.5704682835084
"2","Gwangju","Female","85+",1375,1335,0.492619926199262,0.549158825694985,1,0,0.549158825694985,0,2.74579412847493,2.74579412847493,5
"2","Gwangju","Male","0-4",3927,34071,0.896652455392389,1,0.921056149927749,0.0789438500722512,1,0.0789438500722512,4.80264037481937,66.077372495473,66.077372495473
"2","Gwangju","Male","5-9",7926,37591,0.825867258386976,0.921056149927749,0.960891828373984,0.0391081716260159,0.921056149927749,0.0360208219885718,4.51522869466731,61.2747321206536,66.5265978903243
"2","Gwangju","Male","10-14",12474,47953,0.793569099905671,0.885035327939177,1.00465446217287,-0.00465446217286569,0.885035327939177,-0.00411936345554268,4.43547504833474,56.7595034259863,64.1324720428415
"2","Gwangju","Male","15-19",10147,39903,0.797262737262737,0.88915469139472,0.895832555719254,0.104167444280746,0.88915469139472,0.0926209717728231,4.21422102754154,52.3240283776516,58.8469350542104
"2","Gwangju","Male","20-24",9098,22737,0.714213915501806,0.796533719621896,0.878973441397207,0.121026558602793,0.796533719621896,0.0964017348969204,3.74166426086718,48.10980735011,60.3989588450155
"2","Gwangju","Male","25-29",17521,29550,0.627775063202396,0.700131984724976,0.898260652596631,0.101739347403369,0.700131984724976,0.0712309712221446,3.32258249556952,44.3681430892428,63.371112957611
"2","Gwangju","Male","30-34",19817,25625,0.563905637956076,0.628901013502831,0.925234673222524,0.0747653267774765,0.628901013502831,0.0470199897852253,3.02695509305109,41.0455605936733,65.2655341816976
"2","Gwangju","Male","35-39",21081,22998,0.521745048662628,0.581881023717606,1.03235585150181,-0.032355851501811,0.581881023717606,-0.0188272559951286,2.95647325857585,38.0186055006222,65.3374211410495
"2","Gwangju","Male","40-44",17851,20840,0.538626553978962,0.600708279712735,1.08674047505431,-0.0867404750543102,0.600708279712735,-0.05210572155134,3.13380570244202,35.0621322420464,58.367985636578
"2","Gwangju","Male","45-49",14155,19982,0.585347277147963,0.652814001264075,0.90800514726872,0.0919948527312802,0.652814001264075,0.0600555279072063,3.11393118655236,31.9283265396043,48.9087649434295
"2","Gwangju","Male","50-54",15387,17456,0.53149834059008,0.592758473356868,1.05324917792491,-0.0532491779249129,0.592758473356868,-0.0315639014142796,3.04270212032004,28.814395353052,48.6106848711454
"2","Gwangju","Male","55-59",9253,11767,0.559800190294957,0.624322374771148,1.03235495819262,-0.0323549581926232,0.624322374771148,-0.0201999243344398,3.17211168469184,25.7716932327319,41.2794643827699
"2","Gwangju","Male","60-64",7728,10581,0.577912502048173,0.644522299105588,1.02534848390563,-0.0253484839056297,0.644522299105588,-0.0163376631256975,3.26345565334218,22.5995815480401,35.0640801402866
"2","Gwangju","Male","65-69",4886,7106,0.592561707805203,0.660859962231285,0.96930292978196,0.0306970702180401,0.660859962231285,0.0202864646649051,3.25358364949416,19.3361258946979,29.2590367094001
"2","Gwangju","Male","70-74",3574,4823,0.574371799452185,0.64057349756638,1.21859295573364,-0.218592955733642,0.64057349756638,-0.140024854197672,3.55292962332608,16.0825422452038,25.1064745986267
"2","Gwangju","Male","75-79",2012,4693,0.699925428784489,0.780598351764052,0.958427179146325,0.041572820853675,0.780598351764052,0.0324516754365609,3.82186257022886,12.5296126218777,16.0512926956127
"2","Gwangju","Male","80-84",712,1451,0.6708275543227,0.748146676327491,1.21854596648409,-0.218545966484095,0.748146676327491,-0.163504438449855,4.14949447776209,8.70775005164882,11.6390947486307
"2","Gwangju","Male","85+",111,497,0.817434210526316,0.911651114777346,1,0,0.911651114777346,0,4.55825557388673,4.55825557388673,5
"2","Gyeongbuk","Female","0-4",6432,45347,0.875779756271848,1,0.919258734207893,0.080741265792107,1,0.080741265792107,4.79814683551973,49.2539170531496,49.2539170531496
"2","Gyeongbuk","Female","5-9",10577,43683,0.805068190195356,0.919258734207893,0.941442557464074,0.0585574425359263,0.919258734207893,0.0538294405040271,4.4617200697794,44.4557702176298,48.360454530722
"2","Gyeongbuk","Female","10-14",19991,62591,0.757925455910489,0.865429293703866,0.908085860787131,0.0919141392128694,0.865429293703866,0.0795451885803924,4.12828349706835,39.9940501478504,46.2129609418279
"2","Gyeongbuk","Female","15-19",22135,48870,0.688261390042955,0.785884105123474,0.738166679804745,0.261833320195255,0.785884105123474,0.205770644533156,3.41499391428448,35.8657666507821,45.6374755730008
"2","Gyeongbuk","Female","20-24",33238,34326,0.508051625125807,0.580113460590318,0.82178191162711,0.178218088372891,0.580113460590318,0.103386711985789,2.64210052298712,32.4507727364976,55.9386653491474
"2","Gyeongbuk","Female","25-29",65224,46750,0.417507635701145,0.476726748604529,0.832643949273496,0.167356050726504,0.476726748604529,0.079783105922141,2.18417597821729,29.8086722135105,62.5277945925338
"2","Gyeongbuk","Female","30-34",95546,50915,0.347635206642041,0.396943642682388,0.959858605154959,0.0401413948450412,0.396943642682388,0.0159338714921427,1.94488353468158,27.6244962352932,69.5929932234656
"2","Gyeongbuk","Female","35-39",119587,59887,0.333680644550186,0.381009771190245,0.85307631313184,0.14692368686816,0.381009771190245,0.0559793603160648,1.76510045516106,25.6796127006116,67.3988297475691
"2","Gyeongbuk","Female","40-44",159381,63422,0.284655054016328,0.325030410874181,0.950292540508255,0.0497074594917447,0.325030410874181,0.0161564359821135,1.58476096441562,23.9145122454505,73.5762299322443
"2","Gyeongbuk","Female","45-49",178891,66335,0.270505574449691,0.308873974892067,1.10906336211472,-0.10906336211472,0.308873974892067,-0.0336868341714665,1.628586959889,22.3297512810349,72.2940522549297
"2","Gyeongbuk","Female","50-54",161085,69039,0.300007821869948,0.342560809063534,1.14626155440587,-0.146261554405874,0.342560809063534,-0.0501034764121662,1.83806273634808,20.7011643211459,60.4306265440497
"2","Gyeongbuk","Female","55-59",125618,65840,0.343887432230568,0.3926642854757,1.03561577532042,-0.0356157753204156,0.3926642854757,-0.0139850429678541,1.99828403479813,18.8631015847978,48.038750358836
"2","Gyeongbuk","Female","60-64",101419,56097,0.356135249752406,0.406649328443554,1.20624863092644,-0.206248630926445,0.406649328443554,-0.0838708672586412,2.24292381036437,16.8648175499997,41.4726310124491
"2","Gyeongbuk","Female","65-69",74092,55800,0.429587657438487,0.490520195702195,1.15417996718857,-0.15417996718857,0.490520195702195,-0.0756283876786953,2.64167194770771,14.6218937396353,29.8089535716336
"2","Gyeongbuk","Female","70-74",65156,64076,0.495821468366968,0.56614858338089,1.07070211133743,-0.0707021113374278,0.56614858338089,-0.0400279001757227,2.93081266734376,11.9802217919276,21.1609145436431
"2","Gyeongbuk","Female","75-79",44463,50316,0.530877093026936,0.606176483556613,1.0054304169476,-0.00543041694760493,0.606176483556613,-0.0032917910495454,3.03911189540693,9.04940912458387,14.9286707255424
"2","Gyeongbuk","Female","80-84",25936,29692,0.533759976990005,0.609468274606158,0.981538986162067,0.0184610138379333,0.609468274606158,0.0112514022512856,3.01921286740258,6.01029722917694,9.8615423962155
"2","Gyeongbuk","Female","85+",15942,17543,0.523906226668658,0.598216872354873,1,0,0.598216872354873,0,2.99108436177436,2.99108436177436,5
"2","Gyeongbuk","Male","0-4",6561,50752,0.885523354212831,1,0.908805551195269,0.0911944488047315,1,0.0911944488047315,4.77201387798817,50.4174541357348,50.4174541357348
"2","Gyeongbuk","Male","5-9",12610,51980,0.804768540021675,0.908805551195269,0.923490419156637,0.0765095808433629,0.908805551195269,0.0695323317900714,4.37019692650116,45.6454402577466,50.2257498292273
"2","Gyeongbuk","Male","10-14",22495,65101,0.743196036348692,0.839273219405197,0.945319762356748,0.0546802376432518,0.839273219405197,0.0458916590846932,4.08163694931425,41.2752433312454,49.1797454951532
"2","Gyeongbuk","Male","15-19",24594,58091,0.702557900465622,0.793381560320504,0.798173085176935,0.201826914823065,0.793381560320504,0.160125752596997,3.56659342011003,37.1936063819312,46.8798472791654
"2","Gyeongbuk","Male","20-24",28192,35992,0.560762806930076,0.633255807723507,0.825671407280546,0.174328592719454,0.633255807723507,0.11039459379186,2.89029255413789,33.6270129618212,53.1017837526149
"2","Gyeongbuk","Male","25-29",61031,52622,0.463005815948545,0.522861213931647,0.824579558771668,0.175420441228332,0.522861213931647,0.091720544849071,2.38500470753556,30.7367204076833,58.785619565389
"2","Gyeongbuk","Male","30-34",93186,57548,0.381785131423567,0.431140669082576,0.932632483737655,0.0673675162623455,0.431140669082576,0.029044876035779,2.08309115532343,28.3517157001477,65.7597803530743
"2","Gyeongbuk","Male","35-39",124886,69056,0.356065215373668,0.402095793046797,0.925735293495026,0.0742647065049741,0.402095793046797,0.0298615260575052,1.93582515009022,26.2686245448243,65.3292697886223
"2","Gyeongbuk","Male","40-44",154083,75762,0.329622136657313,0.372234266989292,0.970667848495838,0.0293321515041618,0.372234266989292,0.0109184319143705,1.83387525516053,24.332799394734,65.3695845671135
"2","Gyeongbuk","Male","45-49",170049,80006,0.319953610205755,0.361315835074922,1.04310655612615,-0.0431065561261537,0.361315835074922,-0.0155750813239252,1.84551687868442,22.4989241395735,62.2694107356468
"2","Gyeongbuk","Male","50-54",160488,80393,0.333745708461855,0.376890916398847,1.00494680730862,-0.00494680730861896,0.376890916398847,-0.00186440673979391,1.88911559884372,20.6534072608891,54.7994296552176
"2","Gyeongbuk","Male","55-59",122505,61823,0.335396684171694,0.378755323138641,1.12418673928529,-0.12418673928529,0.378755323138641,-0.047036388567534,2.01136758711204,18.7642916620454,49.5419879687785
"2","Gyeongbuk","Male","60-64",90698,54896,0.377048504746075,0.425791711706175,1.07586687943508,-0.0758668794350834,0.425791711706175,-0.0323034884564702,2.20971727967205,16.7529240749333,39.3453503540576
"2","Gyeongbuk","Male","65-69",68559,46793,0.405653998196824,0.458095200162645,1.0864866408804,-0.086486640880401,0.458095200162645,-0.0396191150655021,2.38952378847698,14.5432067952613,31.7471276496627
"2","Gyeongbuk","Male","70-74",54952,43306,0.440737649860571,0.497714315228147,1.17213554408279,-0.172135544082794,0.497714315228147,-0.0856743244495925,2.70275738726472,12.1536830067843,24.4189942602177
"2","Gyeongbuk","Male","75-79",29695,31735,0.516604265017093,0.583388639677739,1.062510206926,-0.0625102069260002,0.583388639677739,-0.0364677445845332,3.00811255985003,9.45092561951959,16.2000508353063
"2","Gyeongbuk","Male","80-84",12150,14784,0.548897304522165,0.619856384262273,1.05253888336033,-0.0525388833603295,0.619856384262273,-0.0325665622729111,3.18069832699364,6.44281305966956,10.3940416252025
"2","Gyeongbuk","Male","85+",5136,7027,0.577735755981255,0.652422946535184,1,0,0.652422946535184,0,3.26211473267592,3.26211473267592,5
"2","Gyeonggi","Female","0-4",24669,238694,0.906330805769983,1,0.921414806637313,0.0785851933626867,1,0.0785851933626867,4.80353701659328,67.9696942891098,67.9696942891098
"2","Gyeonggi","Female","5-9",43642,221026,0.835106624147989,0.921414806637313,0.970784948057618,0.0292150519423821,0.921414806637313,0.026919181436389,4.53977607959559,63.1661572725165,68.5534428332449
"2","Gyeonggi","Female","10-14",58055,248642,0.810708940746078,0.894495625200924,0.958132795044493,0.0418672049555066,0.894495625200924,0.0374500316720911,4.37885304682439,58.6263811929209,65.5412721328313
"2","Gyeonggi","Female","15-19",61828,215138,0.776766823364601,0.857045593528833,0.902588558107393,0.0974114418926068,0.857045593528833,0.0834860470333486,4.0765128500608,54.2475281460965,63.2959652971735
"2","Gyeonggi","Female","20-24",65490,153614,0.701100847086315,0.773559546495485,0.984023519277897,0.0159764807221027,0.773559546495485,0.0123587591819836,3.83690083452246,50.1710152960357,64.8573410066869
"2","Gyeonggi","Female","25-29",65807,146405,0.689899722918591,0.761200787313501,0.981367306577511,0.0186326934224889,0.761200787313501,0.0141832209029696,3.77054588431008,46.3341144615132,60.8697668653757
"2","Gyeonggi","Female","30-34",57444,120426,0.677045032889189,0.747017566410531,0.999306784728868,0.000693215271132308,0.747017566410531,0.000517843984839874,3.73379322209056,42.5635685772031,56.978002246619
"2","Gyeonggi","Female","35-39",58827,123061,0.676575694933146,0.746499722425692,0.966899413370791,0.0331005866292093,0.746499722425692,0.0247095787308323,3.67072466530138,38.8297753551126,52.0157934271406
"2","Gyeonggi","Female","40-44",62788,118775,0.654180642531793,0.721790143694859,0.959368518059798,0.040631481940202,0.721790143694859,0.0293274031881535,3.53563221050391,35.1590506898112,48.7109044047502
"2","Gyeonggi","Female","45-49",71732,120889,0.627600313569133,0.692462740506706,0.92067804900517,0.0793219509948297,0.692462740506706,0.0549274955682184,3.32499496361298,31.6234184793073,45.6680433898394
"2","Gyeonggi","Female","50-54",70268,96172,0.577817832251863,0.637535244938487,1.01023460441865,-0.0102346044186463,0.637535244938487,-0.00652492103489021,3.20398852727966,28.2984235156943,44.3872299458906
"2","Gyeonggi","Female","55-59",48954,68648,0.583731569191,0.644060165973377,0.967630099911311,0.032369900088689,0.644060165973377,0.0208481632236627,3.16818042180773,25.0944349884147,38.962873834138
"2","Gyeonggi","Female","60-64",38371,49805,0.564836236617674,0.623212002749715,1.11388883738551,-0.113888837385514,0.623212002749715,-0.0709768904378626,3.29350223984323,21.9262545666069,35.1826576989285
"2","Gyeonggi","Female","65-69",30285,51382,0.62916477891927,0.694188893187577,1.04088171501223,-0.0408817150122278,0.694188893187577,-0.0283796324959484,3.54189354717776,18.6327523267637,26.8410406873636
"2","Gyeonggi","Female","70-74",26561,50402,0.654886114106779,0.722568525683526,1.02191124330836,-0.0219112433083561,0.722568525683526,-0.0158323747732119,3.65242356535066,15.0908587795859,20.8850209262997
"2","Gyeonggi","Female","75-79",17812,36039,0.669235483092236,0.738400900456738,1.04033035209844,-0.0403303520984422,0.738400900456738,-0.029779968305227,3.76645442304676,11.4384352142353,15.4908196985676
"2","Gyeonggi","Female","80-84",9345,21418,0.696225985762117,0.768180868761965,0.998294169714317,0.00170583028568305,0.768180868761965,0.00131038619081648,3.83762837833278,7.67198079118852,9.98720627285738
"2","Gyeonggi","Female","85+",6005,13686,0.695038342389924,0.766870482571148,1,0,0.766870482571148,0,3.83435241285574,3.83435241285574,5
"2","Gyeonggi","Male","0-4",26436,264153,0.909026150336042,1,0.936448910621868,0.0635510893781323,1,0.0635510893781323,4.84112227655467,71.5614306393582,71.5614306393582
"2","Gyeonggi","Male","5-9",42023,240497,0.851256548208976,0.936448910621868,0.961481565180891,0.0385184348191088,0.936448910621868,0.0360705463252138,4.5920681872963,66.7203083628035,71.248209705852
"2","Gyeonggi","Male","10-14",60371,272192,0.818467478342449,0.900378364296654,0.966004432218413,0.0339955677815872,0.900378364296654,0.0306088737125215,4.42536963720197,62.1282401755072,69.0023690474168
"2","Gyeonggi","Male","15-19",62041,234300,0.790643211705434,0.869769490584132,0.901458994143799,0.0985410058562008,0.869769490584132,0.0857079604651958,4.13457755175767,57.7028705383052,66.3427162748055
"2","Gyeonggi","Male","20-24",50595,125530,0.712732434350603,0.784061530118937,1.02193643674632,-0.0219364367463204,0.784061530118937,-0.0171995161606772,3.96330644099638,53.5682929865476,68.3215422881692
"2","Gyeonggi","Male","25-29",56178,150638,0.728367244313786,0.801261046279614,0.979190704808255,0.0208092951917446,0.801261046279614,0.0166736776376786,3.96462103730387,49.6049865455512,61.9086460971431
"2","Gyeonggi","Male","30-34",52085,129529,0.713210435318863,0.784587368641935,1.00839091235882,-0.00839091235881928,0.784587368641935,-0.00658340384811111,3.93939535282995,45.6403655082473,58.1711703914473
"2","Gyeonggi","Male","35-39",50826,130175,0.719194921575019,0.791170772490046,0.992045001780116,0.00795499821988388,0.791170772490046,0.00629376208678247,3.94011945723328,41.7009701554174,52.7079255268394
"2","Gyeonggi","Male","40-44",49049,122136,0.71347372725414,0.784877010403264,0.977188325170535,0.0228116748294654,0.784877010403264,0.0179043591424422,3.87962415416021,37.7608506981841,48.1105322205614
"2","Gyeonggi","Male","45-49",57625,132681,0.697198196588652,0.766972651260822,0.998463846500898,0.00153615349910186,0.766972651260822,0.00117818772194974,3.83191778699923,33.8812265440239,44.1752733794702
"2","Gyeonggi","Male","50-54",50954,116728,0.696127193139395,0.765794463538872,0.940206035690753,0.0597939643092471,0.765794463538872,0.0457898868210623,3.7144976006417,30.0493087570247,39.2393914917607
"2","Gyeonggi","Male","55-59",41271,78183,0.654502988598122,0.72000457671781,0.990043916814251,0.00995608318574859,0.72000457671781,0.00716842545992221,3.58210181993924,26.334811156383,36.5758941094958
"2","Gyeonggi","Male","60-64",31131,57306,0.647986702398317,0.712836151257887,0.963288442175034,0.0367115578249656,0.712836151257887,0.0261693255866299,3.49875744232286,22.7527093364437,31.9185682380078
"2","Gyeonggi","Male","65-69",26361,43785,0.624198101103413,0.686666825671257,1.11348538190724,-0.11348538190724,0.686666825671257,-0.0779266469543349,3.62815074574212,19.2539518941208,28.0397292752551
"2","Gyeonggi","Male","70-74",17759,40474,0.695035460992908,0.764593472625592,1.03058908538449,-0.0305890853844943,0.764593472625592,-0.0233882150185713,3.88143790067439,15.6258011483787,20.4367441102004
"2","Gyeonggi","Male","75-79",10625,26826,0.716295960054471,0.787981687644164,0.976914944111079,0.0230850558889207,0.787981687644164,0.0181906012987116,3.89443193497404,11.7443632477043,14.9043606366241
"2","Gyeonggi","Male","80-84",4007,9339,0.699760227783606,0.769791086345452,1.02633103136203,-0.0263310313620262,0.769791086345452,-0.0202693932367703,3.89962891481919,7.8499313127303,10.1974827352152
"2","Gyeonggi","Male","85+",2013,5130,0.718185636287274,0.790060479582222,1,0,0.790060479582222,0,3.95030239791111,3.95030239791111,5
"2","Gyeongnam","Female","0-4",4687,65909,0.933608136438325,1,0.924481132794698,0.0755188672053017,1,0.0755188672053017,4.81120283198675,55.194616450254,55.194616450254
"2","Gyeongnam","Female","5-9",9837,62020,0.86310310756085,0.924481132794698,0.979197594054089,0.0208024059459108,0.924481132794698,0.0192314318137307,4.57432708443917,50.3834136182673,54.4991258674567
"2","Gyeongnam","Female","10-14",15059,82189,0.845148486344192,0.905249700980968,0.935858340717769,0.0641416592822306,0.905249700980968,0.0580642178856623,4.38108796019068,45.8090865338281,50.6038129415424
"2","Gyeongnam","Female","15-19",17891,67687,0.79093926009021,0.847185483095305,0.709883202018172,0.290116797981828,0.847185483095305,0.245782739652298,3.62147056634578,41.4279985736374,48.9007418095441
"2","Gyeongnam","Female","20-24",33381,42740,0.561474494554722,0.601402743443007,0.973200504602869,0.0267994953971314,0.601402743443007,0.0161172900547231,2.96672049207823,37.8065280072916,62.8639101159578
"2","Gyeongnam","Female","25-29",50699,61078,0.546427261422296,0.585285453388284,0.95867170327399,0.0413282967260101,0.585285453388284,0.0241888508870484,2.8659551397238,34.8398075152134,59.5261804535236
"2","Gyeongnam","Female","30-34",61845,68039,0.523844353423054,0.561096602501236,0.961546813144239,0.0384531868557612,0.561096602501236,0.0215759525001128,2.7515431312559,31.9738523754896,56.9845766895713
"2","Gyeongnam","Female","35-39",76506,77647,0.503700868617542,0.539520650001123,0.888230333430283,0.111769666569717,0.539520650001123,0.0603020431581024,2.54684814211036,29.2223092442337,54.1634675969731
"2","Gyeongnam","Female","40-44",102314,82837,0.447402390481283,0.479218606843021,0.945033573425135,0.0549664265748654,0.479218606843021,0.0263409343663462,2.33024069829924,26.6754611021233,55.6644936594908
"2","Gyeongnam","Female","45-49",114227,83675,0.422810279835474,0.452877672476674,0.971558559946352,0.0284414400536477,0.452877672476674,0.0128804931733808,2.23218712944992,24.3452204038241,53.7567247921192
"2","Gyeongnam","Female","50-54",119570,83361,0.410784946607468,0.439997179303294,0.982284774223591,0.0177152257764089,0.439997179303294,0.00779464937234093,2.18049927308562,22.1130332743742,50.2572159880404
"2","Gyeongnam","Female","55-59",96757,65453,0.403507798532766,0.432202529930953,1.06486295357179,-0.0648629535717944,0.432202529930953,-0.0280339326325235,2.23109748123607,19.9325340012886,46.1185037590431
"2","Gyeongnam","Female","60-64",75812,57117,0.429680506134854,0.460236462563476,1.14969793794971,-0.14969793794971,0.460236462563476,-0.0688964494150212,2.47342343635493,17.7014365200525,38.4616125837946
"2","Gyeongnam","Female","65-69",56909,55560,0.494002791880429,0.529132911978497,1.07746769408344,-0.0774676940834449,0.529132911978497,-0.0409907065546326,2.74814132627907,15.2280130836976,28.7791833374303
"2","Gyeongnam","Female","70-74",46393,52795,0.53227204903819,0.57012361853313,1.10568063325098,-0.105680633250984,0.57012361853313,-0.0602510250379236,3.00124565526046,12.4798717574185,21.8897645207682
"2","Gyeongnam","Female","75-79",32654,46704,0.588522896242345,0.630374643571054,1.00243716200862,-0.00243716200861788,0.630374643571054,-0.00153632513250741,3.15571403068654,9.47862610215803,15.0364964689282
"2","Gyeongnam","Female","80-84",18308,26341,0.589957221886268,0.631910968703561,1.00080230383165,-0.000802303831647144,0.631910968703561,-0.000506984591450726,3.16082230499643,6.32291207147149,10.0060172787374
"2","Gyeongnam","Female","85+",10426,15030,0.590430546825896,0.632417953295012,1,0,0.632417953295012,0,3.16208976647506,3.16208976647506,5
"2","Gyeongnam","Male","0-4",5939,70130,0.921926145999027,1,0.949336118669347,0.0506638813306531,1,0.0506638813306531,4.87334029667337,57.7060769189881,57.7060769189881
"2","Gyeongnam","Male","5-9",9955,69824,0.875217789142506,0.949336118669347,0.959337822225643,0.0406621777743569,0.949336118669347,0.0386020740249509,4.65017540828436,52.8327366223147,55.6522980463112
"2","Gyeongnam","Male","10-14",16917,88570,0.839629527809114,0.910734044644396,0.94739757007514,0.0526024299248595,0.910734044644396,0.0479068237635907,4.433903163813,48.1825612140304,52.9051938898844
"2","Gyeongnam","Male","15-19",19854,77214,0.795462974409692,0.862827220880805,0.79642840035717,0.20357159964283,0.862827220880805,0.175647117570083,3.87501831047882,43.7486580502174,50.7038454414514
"2","Gyeongnam","Male","20-24",24061,41595,0.633529304252467,0.687180103310722,0.969593760471524,0.0304062395284759,0.687180103310722,0.0208945628204686,3.38366410950244,39.8736397397386,58.0250207298404
"2","Gyeongnam","Male","25-29",42337,67420,0.614266060479058,0.666285540490254,0.900558334794901,0.0994416652050986,0.666285540490254,0.0662565436484299,3.16578634333019,36.4899756302361,54.7662727355403
"2","Gyeongnam","Male","30-34",57656,71381,0.553182420546045,0.600028996841824,0.965376005047976,0.0346239949520238,0.600028996841824,0.0207754009577192,2.94820648181482,33.3241892869059,55.5376314516524
"2","Gyeongnam","Male","35-39",72828,83465,0.53402903520951,0.579253595884104,0.927504295719828,0.0724957042801724,0.579253595884104,0.0419933973904405,2.79128448594442,30.3759828050911,52.4398692056953
"2","Gyeongnam","Male","40-44",93758,92017,0.495314224195936,0.537260198493664,0.928497089846302,0.0715029101536976,0.537260198493664,0.0384156677020502,2.59026182321319,27.5846983191467,51.3432753747382
"2","Gyeongnam","Male","45-49",110257,93884,0.459897815725406,0.498844530791614,0.98340863389298,0.0165913661070199,0.498844530791614,0.00827651224084825,2.47353137335595,24.9944364959335,50.1046617796329
"2","Gyeongnam","Male","50-54",109185,90155,0.452267482692887,0.490568018550765,0.977928927524774,0.0220710724752259,0.490568018550765,0.0108273622914619,2.42577168702517,22.5209051225775,45.9078135364566
"2","Gyeongnam","Male","55-59",88260,69993,0.442285454304184,0.479740656259304,0.980304580309881,0.0196954196901188,0.479740656259304,0.00944869356744,2.37508154737792,20.0951334355524,41.8874931139686
"2","Gyeongnam","Male","60-64",69612,53285,0.433574456658828,0.470291962691864,0.984263847125135,0.0157361528748652,0.470291962691864,0.00740058622073956,2.33295834790747,17.7200518881744,37.6788320743314
"2","Gyeongnam","Male","65-69",51887,38627,0.426751662726208,0.462891376471124,1.15054463663901,-0.150544636639007,0.462891376471124,-0.0696858140741753,2.48867141754106,15.387093540267,33.2412620376972
"2","Gyeongnam","Male","70-74",37653,36321,0.490996836726417,0.532577190545299,1.11344372541017,-0.113443725410166,0.532577190545299,-0.0604175405639385,2.81392980413634,12.8984221227259,24.218878224055
"2","Gyeongnam","Male","75-79",20094,24234,0.546697347049269,0.592994731109238,1.07931178308058,-0.0793117830805838,0.592994731109238,-0.047031469481665,3.08255232925035,10.0844923185896,17.0060403398962
"2","Gyeongnam","Male","80-84",8287,11928,0.590056888449171,0.640026200590903,1.1253444484772,-0.125344448477203,0.640026200590903,-0.0802237311240264,3.40069033076458,7.00193998933923,10.940083363579
"2","Gyeongnam","Male","85+",2494,4929,0.664017243702007,0.720249931714929,1,0,0.720249931714929,0,3.60124965857465,3.60124965857465,5
"2","Incheon","Female","0-4",7825,49896,0.864434088113512,1,0.909735065898995,0.0902649341010052,1,0.0902649341010052,4.77433766474749,65.4713733366431,65.4713733366431
"2","Incheon","Female","5-9",12925,47587,0.786406002115283,0.909735065898995,0.955562765863077,0.0444372341369231,0.909735065898995,0.0404261101259228,4.44761005418017,60.6970356718956,66.71946366266
"2","Incheon","Female","10-14",20594,62266,0.751460294472604,0.869308955773072,0.920479428605404,0.0795205713945958,0.869308955773072,0.0691279448815141,4.17372491666158,56.2494256177155,64.7059083472724
"2","Incheon","Female","15-19",28272,63432,0.691703742475792,0.800181010891558,0.951619796958435,0.0483802030415648,0.800181010891558,0.0387129197769381,3.90412275501544,52.0757007010539,65.0799006627655
"2","Incheon","Female","20-24",22939,44181,0.658238974970203,0.76146809111462,0.97539486270447,0.0246051372955303,0.76146809111462,0.0187360269280406,3.760500388253,48.1715779460384,63.2614531168679
"2","Incheon","Female","25-29",25624,45960,0.642042914617792,0.742732064186579,0.885973462172618,0.114026537827382,0.742732064186579,0.0846911658125805,3.50193240640144,44.4110775577854,59.79421072446
"2","Incheon","Female","30-34",24680,32560,0.568832983927324,0.658040898373999,1.03056333411687,-0.0305633341168661,0.658040898373999,-0.0201119238395672,3.34048430146891,40.909145151384,62.1680890237512
"2","Incheon","Female","35-39",23533,33340,0.586218416471788,0.678152822213566,1.03102044316578,-0.0310204431657786,0.678152822213566,-0.0210366010791883,3.4433556137658,37.5686608499151,55.3985172947991
"2","Incheon","Female","40-44",20107,30720,0.604403171542684,0.699189423292754,0.957245099855854,0.0427549001441458,0.699189423292754,0.0298937739747246,3.42121268152696,34.1253052361493,48.8069528790066
"2","Incheon","Female","45-49",19741,27101,0.578561974296571,0.66929564931803,0.953911602967089,0.0460883970329108,0.66929564931803,0.0308467636181692,3.26936133754473,30.7040925546223,45.8752310520887
"2","Incheon","Female","50-54",21992,27086,0.551896980317046,0.63844888569986,0.972303412126592,0.0276965878734078,0.63844888569986,0.0176828556654655,3.14803728933564,27.4347312170776,42.9709125218442
"2","Incheon","Female","55-59",14372,16643,0.536611317104627,0.620766030034395,0.976632153348253,0.0233678466517468,0.620766030034395,0.0145059653964574,3.06756523668083,24.286693927742,39.1237483249467
"2","Incheon","Female","60-64",11576,12747,0.524071866134934,0.606260064637937,1.0178513086467,-0.0178513086466998,0.606260064637937,-0.01082253553402,3.05835666202474,21.2191286910611,35.0000435930632
"2","Incheon","Female","65-69",9275,10604,0.533427234770361,0.617082600171957,1.10020861382173,-0.100208613821725,0.617082600171957,-0.0618369919767377,3.24000548080163,18.1607720290364,29.4300504081231
"2","Incheon","Female","70-74",6084,8643,0.586881238541454,0.678919592148695,1.0478196640237,-0.0478196640236979,0.678919592148695,-0.0324657067956566,3.47576222773262,14.9207665482348,21.9772219284649
"2","Incheon","Female","75-79",4184,6682,0.614945702190318,0.711385298944352,0.962398320317487,0.0376016796825127,0.711385298944352,0.0267492821417541,3.49005328936737,11.4450043205021,16.0883340399159
"2","Incheon","Female","80-84",2376,3445,0.59182271087442,0.684636016802598,1.21589883011339,-0.215898830113392,0.684636016802598,-0.147812115081173,3.79271037171592,7.95495103113477,11.6192412258504
"2","Incheon","Female","85+",973,2497,0.719596541786743,0.832448131883771,1,0,0.832448131883771,0,4.16224065941885,4.16224065941885,5
"2","Incheon","Male","0-4",9765,54244,0.84744332828196,1,0.936087442471007,0.0639125575289932,1,0.0639125575289932,4.84021860617752,70.3573677649254,70.3573677649254
"2","Incheon","Male","5-9",13445,51595,0.793281057810578,0.936087442471007,0.936312753724147,0.0636872462758531,0.936087442471007,0.0596168314843845,4.53139513364407,65.5171491587478,69.9904156237809
"2","Incheon","Male","10-14",23181,66933,0.742759171715827,0.876470610986622,0.923647992630956,0.076352007369044,0.876470610986622,0.0669202905488011,4.21505232856111,60.9857540251038,69.5810598332025
"2","Incheon","Male","15-19",29082,63550,0.686048017963555,0.809550320437821,0.955687754168575,0.0443122458314249,0.809550320437821,0.0358729928121495,3.95806912015873,56.7707016965427,70.1262173126433
"2","Incheon","Male","20-24",18563,35344,0.655647689539392,0.773677327625672,1.022867133613,-0.0228671336129964,0.773677327625672,-0.0176917828241622,3.91261609518876,52.8126325763839,68.2618330544336
"2","Incheon","Male","25-29",23069,46973,0.670640472859142,0.791369110449834,0.938876865789084,0.061123134210916,0.791369110449834,0.0483709603483984,3.83591815137817,48.9000164811952,61.7916669168439
"2","Incheon","Male","30-34",23581,40091,0.6296488252293,0.742998150101436,0.985520666536188,0.0144793334638125,0.742998150101436,0.0107581179783145,3.68809545556139,45.064098329817,60.6516965401122
"2","Incheon","Male","35-39",21487,35137,0.620531929923707,0.732240032123121,1.0007961770437,-0.000796177043696389,0.732240032123121,-0.000582992704051935,3.66265764237574,41.3760028742556,56.5060650320993
"2","Incheon","Male","40-44",19311,31645,0.621025983201193,0.732823024827173,1.00602687173688,-0.00602687173688476,0.732823024827173,-0.00441663037646929,3.67515670007704,37.7133452318799,51.4631008499959
"2","Incheon","Male","45-49",17449,29053,0.62476882714722,0.737239655203642,1.00800298815985,-0.00800298815985312,0.737239655203642,-0.00590012023156895,3.70094857659713,34.0381885318028,46.1697743624503
"2","Incheon","Male","50-54",16449,27980,0.629768844673524,0.743139775435211,0.965226415942634,0.0347735840573655,0.743139775435211,0.0258416334474681,3.65109479355739,30.3372399552057,40.8230604228377
"2","Incheon","Male","55-59",12238,18971,0.607869524816559,0.717298141987743,1.00941349337639,-0.00941349337639363,0.717298141987743,-0.00675228130850108,3.60337141320997,26.6861451616483,37.2037003855843
"2","Incheon","Male","60-64",8455,13426,0.613591700562132,0.724050423296244,0.981597145471747,0.0184028545282525,0.724050423296244,0.0133245946110404,3.58694062995362,23.0827737484383,31.8800638819515
"2","Incheon","Male","65-69",6329,9585,0.602299861756944,0.710725828685204,1.00503685074026,-0.00503685074026361,0.710725828685204,-0.00357981991633754,3.56257869321686,19.4958331184847,27.4308774658587
"2","Incheon","Male","70-74",4721,7241,0.605333556261495,0.714305648601542,1.11828717094723,-0.118287170947233,0.714305648601542,-0.0844931943647046,3.78276122891947,15.9332544252678,22.3059336804375
"2","Incheon","Male","75-79",2181,4570,0.676936750111095,0.798798842966246,1.04022962558618,-0.0402296255861769,0.798798842966246,-0.0321353783712034,4.07433266075924,12.1504931963484,15.2109549273118
"2","Incheon","Male","80-84",823,1959,0.704169662113587,0.83093422133745,0.96258321107375,0.0374167889262496,0.83093422133745,0.0310908903713809,4.0769438807588,8.07616053558914,9.71937408305313
"2","Incheon","Male","85+",568,1195,0.677821894498015,0.799843330966069,1,0,0.799843330966069,0,3.99921665483034,3.99921665483034,5
"2","Jeju","Female","0-4",875,12702,0.935552773072107,1,0.980852237799628,0.019147762200372,1,0.019147762200372,4.95213059449907,70.9599192883652,70.9599192883652
"2","Jeju","Female","5-9",1207,13448,0.917639031047424,0.980852237799628,0.95633228291922,0.0436677170807797,0.980852237799628,0.0428315780182838,4.79718224395243,66.0077886938661,67.2963634583157
"2","Jeju","Female","10-14",2527,18113,0.877567829457364,0.938020659781344,0.921414660644693,0.0785853393553073,0.938020659781344,0.0737146718712062,4.50581661922871,61.2106064499137,65.2550728085051
"2","Jeju","Female","15-19",3844,16240,0.808603863772157,0.864305987910138,0.856279985007496,0.143720014992504,0.864305987910138,0.124218069540556,4.0109847656993,56.704789830685,65.607308781691
"2","Jeju","Female","20-24",4528,10192,0.692391304347826,0.740087918369582,0.928815151824557,0.0711848481754426,0.740087918369582,0.0526830461056181,3.56873197658387,52.6938050649857,71.199385582554
"2","Jeju","Female","25-29",7139,12864,0.64310353446983,0.687404872263964,0.983210359599452,0.0167896404005476,0.687404872263964,0.0115412806148963,3.40817115978258,49.1250730884018,71.4645401429999
"2","Jeju","Female","30-34",7612,13090,0.63230605738576,0.675863591649068,1.0219781369283,-0.0219781369282952,0.675863591649068,-0.0148542225621126,3.41645351465062,45.7169019286192,67.6422024998752
"2","Jeju","Female","35-39",8754,15989,0.646202966495575,0.69071781421118,0.997416255071583,0.0025837449284174,0.69071781421118,0.00178463864943569,3.44912747443231,42.3004484139686,61.2412877497258
"2","Jeju","Female","40-44",9952,18045,0.644533342858163,0.688933175561745,0.930085386838006,0.0699146131619942,0.688933175561745,0.0481664964638636,3.32424963664907,38.8513209395363,56.3934534112943
"2","Jeju","Female","45-49",10298,15413,0.599471043522228,0.640766679097881,1.09245132494406,-0.0924513249440615,0.640766679097881,-0.0592397284626054,3.35193271664592,35.5270713028872,55.4446297877175
"2","Jeju","Female","50-54",6898,13090,0.654892935761457,0.700006407560487,0.987401772398898,0.0125982276011019,0.700006407560487,0.00881884004467668,3.47798493769074,32.1751385862413,45.9640629553253
"2","Jeju","Female","55-59",5641,10323,0.64664244550238,0.69118756751581,1.12253605047092,-0.122536050470925,0.69118756751581,-0.084695394657993,3.66767632422403,28.6971536485505,41.5186195430145
"2","Jeju","Female","60-64",3452,9141,0.725879456841102,0.775882962173803,1.07792469626189,-0.0779246962618869,0.775882962173803,-0.0604604441621667,4.03056592127443,25.0294773243265,32.2593465053042
"2","Jeju","Female","65-69",2575,9261,0.782443393038189,0.83634340633597,0.989861556226565,0.010138443773435,0.83634340633597,0.00847922060042031,4.1605189801788,20.9989114030521,25.1080013831263
"2","Jeju","Female","70-74",2661,9140,0.774510634691975,0.827864185735549,0.947010709168733,0.0529892908312666,0.827864185735549,0.0438679361067307,4.02965108841092,16.8383924228733,20.3395589675286
"2","Jeju","Female","75-79",2733,7521,0.733469865418373,0.783996249628819,0.987878370614094,0.012121629385906,0.783996249628819,0.00950331197794078,3.89622296819924,12.8087413344624,16.3377584274499
"2","Jeju","Female","80-84",1701,4475,0.724579015544041,0.774492937650878,1.2010070387981,-0.201007038798102,0.774492937650878,-0.155678531967246,4.2616610181725,8.91251836626312,11.5075527909858
"2","Jeju","Female","85+",659,4419,0.870224497833793,0.930171469618124,1,0,0.930171469618124,0,4.65085734809062,4.65085734809062,5
"2","Jeju","Male","0-4",1332,13079,0.907570605787246,1,1.02707620179304,-0.0270762017930419,1,-0.0270762017930419,5.0676905044826,75.9174139269225,75.9174139269225
"2","Jeju","Male","5-9",1107,15207,0.932144170650975,1.02707620179304,0.907452057469186,0.0925479425308142,1.02707620179304,0.0950537892983094,4.89774653571944,70.8497234224399,68.9819541128033
"2","Jeju","Male","10-14",3330,18276,0.845876145515135,0.932022412494732,1.00844243626604,-0.00844243626603602,0.932022412494732,-0.00786853981600392,4.67978341201367,65.9519768867204,70.7622220266009
"2","Jeju","Male","15-19",2779,16128,0.853017400962606,0.939890952310736,0.861968654770277,0.138031345229723,0.939890952310736,0.129734412516697,4.37511873026194,61.2721934747068,65.1907472075012
"2","Jeju","Male","20-24",3137,8713,0.735274261603376,0.81015653979404,0.939947871762416,0.0600521282375842,0.81015653979404,0.0486516244202292,3.92915363791963,56.8970747444448,70.2297296259675
"2","Jeju","Male","25-29",5579,12483,0.691119477355775,0.76150491537381,0.968368560189226,0.0316314398107741,0.76150491537381,0.0240874968962553,3.74730583462841,52.9679211065252,69.5568998140007
"2","Jeju","Male","30-34",7189,14547,0.669258373205742,0.737417418477555,1.01910867151863,-0.0191086715186328,0.737417418477555,-0.0140910672218058,3.72231476044229,49.2206152718968,66.747291342149
"2","Jeju","Male","35-39",8400,18019,0.682047011620425,0.751508485699361,0.981201166262414,0.018798833737586,0.751508485699361,0.0141274830750473,3.72222372080919,45.4983005114545,60.5426304256742
"2","Jeju","Male","40-44",8877,17960,0.669225323247755,0.737381002624314,1.08009953334788,-0.0800995333478767,0.737381002624314,-0.059063874209797,3.83456469864606,41.7760767906453,56.6546692170882
"2","Jeju","Male","45-49",6613,17246,0.722829959344482,0.796444876834111,0.982101327304615,0.0178986726953846,0.796444876834111,0.0142553061703696,3.94658611874463,37.9415120919992,47.6385914400225
"2","Jeju","Male","50-54",5924,14496,0.709892262487757,0.782189570663741,0.98636575675156,0.01363424324844,0.782189570663741,0.0106645628728223,3.88428644613665,33.9949259732546,43.4612365700652
"2","Jeju","Male","55-59",4495,10499,0.700213418700814,0.771525007790919,1.15724745246649,-0.157247452466489,0.771525007790919,-0.12132034198931,4.16092589392787,30.110639527118,39.0274316750052
"2","Jeju","Male","60-64",2257,9642,0.810320194974368,0.892845349780229,0.936722042798264,0.0632779572017362,0.892845349780229,0.0564974298311625,4.32298317432324,25.9497136331901,29.064063154473
"2","Jeju","Male","65-69",2351,7406,0.759044788357077,0.836347919949066,0.982714798019355,0.0172852019806445,0.836347919949066,0.0144564427224115,4.1455984929393,21.6267304588669,25.8585332049178
"2","Jeju","Male","70-74",2182,6406,0.745924545877969,0.821891477226655,0.921087001769175,0.0789129982308253,0.821891477226655,0.0648579206883174,3.94731258441248,17.4811319659275,21.2693919456555
"2","Jeju","Male","75-79",1427,3133,0.687061403508772,0.757033556538337,1.20123615327707,-0.201236153277068,0.757033556538337,-0.152342520819433,4.16602408474027,13.5338193815151,17.8774365609376
"2","Jeju","Male","80-84",338,1597,0.825322997416021,0.90937607735777,1.04017912647586,-0.0401791264758606,0.90937607735777,-0.0365379364262799,4.63822522785455,9.3677952967748,10.301343448569
"2","Jeju","Male","85+",196,1189,0.858483754512635,0.94591401378405,1,0,0.94591401378405,0,4.72957006892025,4.72957006892025,5
"2","Jeonbuk","Female","0-4",4935,34960,0.876300288256674,1,0.971121490935755,0.0288785090642449,1,0.0288785090642449,4.92780372733939,52.0733463763501,52.0733463763501
"2","Jeonbuk","Female","5-9",6678,38139,0.850994042439253,0.971121490935755,0.914506525510767,0.0854934744892328,0.971121490935755,0.0830245504112617,4.64804607865062,47.1455426490107,48.5475227240436
"2","Jeonbuk","Female","10-14",14192,49805,0.778239604981483,0.888096940524493,0.962765268096265,0.0372347319037349,0.888096940524493,0.0330680514849567,4.35781457391007,42.4974965703601,47.8523172766048
"2","Jeonbuk","Female","15-19",14016,41883,0.749262061933129,0.855028889039537,0.747781167165004,0.252218832834996,0.855028889039537,0.215654388433755,3.73600847411329,38.13968199645,44.6063080269635
"2","Jeonbuk","Female","20-24",25201,32111,0.560284059184813,0.639374500605781,0.731965411726108,0.268034588273892,0.639374500605781,0.171374481022696,2.76843630047217,34.4036735223367,53.8083290618262
"2","Jeonbuk","Female","25-29",51353,35702,0.410108552064787,0.468000019583085,0.857796593797855,0.142203406202145,0.468000019583085,0.0665511968873855,2.17362210569696,31.6352372218645,67.5966579019517
"2","Jeonbuk","Female","30-34",73415,39843,0.351789719048544,0.4014488226957,0.964716900731929,0.0352830992680707,0.4014488226957,0.0141643586622225,1.97183321682294,29.4616151161676,73.388221488196
"2","Jeonbuk","Female","35-39",93451,48008,0.339377487469868,0.387284464033477,0.926425151499335,0.0735748485006654,0.387284464033477,0.0284943957679245,1.86518633074758,27.4897818993446,70.9808537451902
"2","Jeonbuk","Female","40-44",113399,52004,0.314407840244736,0.358790068265553,0.964675665834508,0.0353243341654919,0.358790068265553,0.012674020266672,1.76226529066108,25.624595568597,71.4194673572497
"2","Jeonbuk","Female","45-49",116187,50581,0.30330159263168,0.346116047998881,1.07914158448063,-0.0791415844806258,0.346116047998881,-0.0273921724528038,1.79906067112641,23.862330277936,68.943149027326
"2","Jeonbuk","Female","50-54",109438,53248,0.327305361248048,0.373508220451685,1.10563458236572,-0.105634582365724,0.373508220451685,-0.0394553848775784,1.96617956445237,22.0632696068095,59.0703722133033
"2","Jeonbuk","Female","55-59",77954,44208,0.361880126389548,0.412963605329263,1.09110098522975,-0.0911009852297473,0.412963605329263,-0.0376213913095244,2.15887150492013,20.0970900423572,48.665523506202
"2","Jeonbuk","Female","60-64",66761,43560,0.394847762438702,0.450584996638787,1.15271925076492,-0.15271925076492,0.450584996638787,-0.0688130030925898,2.42495749092541,17.9382185374371,39.8109539182399
"2","Jeonbuk","Female","65-69",47055,39308,0.455148616884545,0.519397999731377,1.18319220482035,-0.183192204820348,0.519397999731377,-0.0951496647500693,2.83486416053206,15.5132610465116,29.8677720255658
"2","Jeonbuk","Female","70-74",35627,41576,0.538528295532557,0.614547664481446,1.03170012272156,-0.0317001227215625,0.614547664481446,-0.0194812363823115,3.12144141336301,12.6783968859796,20.6304532890505
"2","Jeonbuk","Female","75-79",26840,33556,0.555599708589973,0.634028900863758,0.991612537858863,0.00838746214113695,0.634028900863758,0.00531789340238144,3.15684977081284,9.55695547261657,15.0733751404657
"2","Jeonbuk","Female","80-84",16679,20463,0.550939637068548,0.628711007461376,1.02396344814474,-0.023963448144743,0.628711007461376,-0.0150660836253299,3.18122024637021,6.40010570180374,10.1797258610856
"2","Jeonbuk","Female","85+",9340,12089,0.564142050492323,0.643777091086706,1,0,0.643777091086706,0,3.21888545543353,3.21888545543353,5
"2","Jeonbuk","Male","0-4",4992,35247,0.875941251025125,1,0.964082051361663,0.0359179486383367,1,0.0359179486383367,4.91020512840416,55.2370715782507,55.2370715782507
"2","Jeonbuk","Male","5-9",7251,39373,0.844479238160604,0.964082051361663,0.970249108345498,0.0297508916545017,0.964082051361663,0.0286823006561106,4.74870450516804,50.3268664498466,52.2018498101539
"2","Jeonbuk","Male","10-14",11980,54338,0.819355227841612,0.935399750705553,0.923950138350128,0.0760498616498718,0.935399750705553,0.0711370216284819,4.49915619945656,45.5781619446785,48.7258649687472
"2","Jeonbuk","Male","15-19",14479,45116,0.757043376122158,0.864262729077071,0.850970044549519,0.149029955450481,0.864262729077071,0.128801036011867,3.99931105535569,41.079005745222,47.530692187883
"2","Jeonbuk","Male","20-24",16506,29888,0.644221235504591,0.735461693065204,0.736098617447688,0.263901382552312,0.735461693065204,0.194089357614172,3.19208507129059,37.0796946898663,50.4168946384253
"2","Jeonbuk","Male","25-29",46810,42218,0.474210360785371,0.541372335451032,0.804572298168037,0.195427701831963,0.541372335451032,0.105799151352598,2.44236379887367,33.8876096185757,62.595754159368
"2","Jeonbuk","Male","30-34",71542,44135,0.38153651979218,0.435573184098435,0.996605045800629,0.00339495419937075,0.435573184098435,0.00147875101048827,2.17416904296595,31.445245819702,72.192795533978
"2","Jeonbuk","Male","35-39",89513,54919,0.380241220782098,0.434094433087946,0.908841792572563,0.091158207427437,0.434094433087946,0.0395712703745267,2.07154398950342,29.2710767767361,67.4302053783902
"2","Jeonbuk","Male","40-44",107077,56544,0.345579112705582,0.39452316271342,1.0001623546542,-0.000162354654204,0.39452316271342,-6.40526716578057e-05,1.97277594524624,27.1995327872327,68.9428032568783
"2","Jeonbuk","Male","45-49",110498,58365,0.345635219082925,0.394587215385078,1.04307589060043,-0.0430758906004343,0.394587215385078,-0.0169971957222576,2.01542906623103,25.2267568419864,63.932017709615
"2","Jeonbuk","Male","50-54",98260,55397,0.360523763967798,0.411584411107335,1.02885548589178,-0.0288554858917811,0.411584411107335,-0.0118764681679847,2.08761322595664,23.2113277757554,56.3950605255121
"2","Jeonbuk","Male","55-59",74442,43894,0.370926852352623,0.42346087927532,1.05362370023422,-0.0536237002342173,0.42346087927532,-0.0227075392511778,2.17407324450454,21.1237145497988,49.8835089228274
"2","Jeonbuk","Male","60-64",60529,38832,0.390817322692002,0.446168418526498,1.13630027266216,-0.136300272662163,0.446168418526498,-0.0608128770984078,2.38287428537851,18.9496413052942,42.4719467323051
"2","Jeonbuk","Male","65-69",40649,32472,0.444085830336018,0.506981295624905,1.16675151586267,-0.166751515862666,0.506981295624905,-0.0845398995594714,2.74625622702321,16.5667670199157,32.6772746112763
"2","Jeonbuk","Male","70-74",27377,29438,0.51813781571768,0.591521195184377,1.10732375688438,-0.107323756884376,0.591521195184377,-0.0634842769439234,3.11631666828169,13.8205107928925,23.3643543213775
"2","Jeonbuk","Male","75-79",15606,21006,0.573746312684366,0.6550054721283,1.13778474976581,-0.137784749765809,0.6550054721283,-0.0902497650724332,3.50065177332258,10.7041941246108,16.3421445775557
"2","Jeonbuk","Male","80-84",5692,10702,0.652799804806637,0.745255237200733,0.955449711134418,0.0445502888655821,0.745255237200733,0.0332013360958806,3.64327284576397,7.20354235128823,9.66587283350813
"2","Jeonbuk","Male","85+",2567,4255,0.623717384931105,0.712053901104853,1,0,0.712053901104853,0,3.56026950552426,3.56026950552426,5
"2","Jeonnam","Female","0-4",4057,31168,0.884826117814053,1,0.917163590810979,0.0828364091890207,1,0.0828364091890207,4.79290897702745,43.7751716440402,43.7751716440402
"2","Jeonnam","Female","5-9",7993,34417,0.811530299457675,0.917163590810979,0.936528804076043,0.063471195923957,0.917163590810979,0.0582134699666836,4.44028427913819,38.9822626670127,42.5030638564093
"2","Jeonnam","Female","10-14",14733,46660,0.760021500822569,0.858950120844296,0.870267996191692,0.129732003808308,0.858950120844296,0.111433320348519,4.01616730335018,34.5419783878745,40.2141842112111
"2","Jeonnam","Female","15-19",17367,33927,0.66142238858346,0.747516800495777,0.570007786691673,0.429992213308327,0.747516800495777,0.321426403530338,2.93401799365304,30.5258110845243,40.8362876450116
"2","Jeonnam","Female","20-24",34689,20993,0.377015911784778,0.426090396965439,0.756022305311035,0.243977694688965,0.426090396965439,0.103956552780734,1.87056060287536,27.5917930908713,64.7557262200146
"2","Jeonnam","Female","25-29",75048,29919,0.285032438766469,0.322133844184705,0.868854599248051,0.131145400751949,0.322133844184705,0.042246372091369,1.5050532906951,25.7212324879959,79.8464146264864
"2","Jeonnam","Female","30-34",108691,35778,0.247651745357135,0.279887472093336,0.871347686021011,0.128652313978989,0.279887472093336,0.0360081709385374,1.30941693312034,24.2161791973008,86.5211258516969
"2","Jeonnam","Female","35-39",155384,42757,0.215790775256005,0.243879301154799,0.871060493843421,0.128939506156579,0.243879301154799,0.0314456766527114,1.14078231414221,22.9067622641805,93.9266356583529
"2","Jeonnam","Female","40-44",188736,43688,0.18796681926135,0.212433624502087,1.0925034664524,-0.0925034664524043,0.212433624502087,-0.0196508466574915,1.11129523915416,21.7659799500383,102.460144909049
"2","Jeonnam","Female","45-49",194120,50165,0.205354401621057,0.232084471159579,1.17532598236118,-0.17532598236118,0.232084471159579,-0.040690437896828,1.26214845053996,20.6546847108841,88.9964098316694
"2","Jeonnam","Female","50-54",169850,54037,0.241358363817461,0.272774909056407,1.09621460962078,-0.096214609620777,0.272774909056407,-0.0262449313892051,1.42948687375505,19.3925362603442,71.0935486237629
"2","Jeonnam","Female","55-59",128933,46386,0.264580564570868,0.299019840445612,1.2178738773974,-0.217873877397403,0.299019840445612,-0.0651486120566383,1.65797073236965,17.9630493865891,60.0731020383792
"2","Jeonnam","Female","60-64",104363,49616,0.322225758057917,0.36416845250225,1.21022864683784,-0.210228646837844,0.36416845250225,-0.0765586409905798,2.0122388649877,16.3050786542195,44.7734517973347
"2","Jeonnam","Female","65-69",80769,51632,0.389966843150731,0.44072709349283,1.23710047982364,-0.237100479823643,0.44072709349283,-0.10449660533843,2.46487698081022,14.2928397892317,32.4301364727973
"2","Jeonnam","Female","70-74",61516,57339,0.482428168777081,0.545223698831259,1.05979148193895,-0.0597914819389496,0.545223698831259,-0.0325997329413565,2.80761782650969,11.8279628084215,21.6937796977203
"2","Jeonnam","Female","75-79",41727,43652,0.511273263917357,0.577823431772616,1.06111975970281,-0.0611197597028057,0.577823431772616,-0.0353164293005928,2.97740823211456,9.02034498191184,15.6109020263157
"2","Jeonnam","Female","80-84",23841,28273,0.542522162950455,0.613139861073209,0.980763092501175,0.0192369074988252,0.613139861073209,0.0117949147913079,3.03621201838777,6.04293674979728,9.85572319375881
"2","Jeonnam","Female","85+",16377,18623,0.532085714285714,0.601344946281901,1,0,0.601344946281901,0,3.0067247314095,3.0067247314095,5
"2","Jeonnam","Male","0-4",3991,33710,0.894140738972441,1,0.928298270247603,0.071701729752397,1,0.071701729752397,4.82074567561901,46.4584269757823,46.4584269757823
"2","Jeonnam","Male","5-9",7425,36259,0.830029301346031,0.928298270247603,0.902122813160621,0.0978771868393791,0.928298270247603,0.090859223239697,4.41434329313877,41.6376813001633,44.8537745191073
"2","Jeonnam","Male","10-14",16794,50058,0.748788368336026,0.837439047007906,0.929533602486769,0.0704663975132315,0.837439047007906,0.0590113127795608,4.03966695309063,37.2233380070245,44.4490117101897
"2","Jeonnam","Male","15-19",16957,38827,0.696023949519575,0.778427734228345,0.681801942961023,0.318198057038977,0.778427734228345,0.247694192576713,3.27290318969994,33.1836710539339,42.629096568391
"2","Jeonnam","Male","20-24",24518,22143,0.474550481129851,0.530733541651632,0.731116415656011,0.268883584343989,0.530733541651632,0.142705537010871,2.29690386573099,29.910767864234,56.3574101066841
"2","Jeonnam","Male","25-29",65233,34657,0.346951646811493,0.388028004640762,0.801884093520265,0.198115906479735,0.388028004640762,0.0768745198789275,1.74795372350649,27.613863998503,71.1646161314259
"2","Jeonnam","Male","30-34",105102,40512,0.278215006798797,0.311153484761834,0.930486697637429,0.0695133023625712,0.311153484761834,0.0216293062674171,1.50169415814063,25.8659102749965,83.1291036151981
"2","Jeonnam","Male","35-39",145505,50825,0.258875362909387,0.289524178494417,0.949371837735682,0.050628162264318,0.289524178494417,0.0146580770882587,1.41097569975144,24.3642161168559,84.1526128959404
"2","Jeonnam","Male","40-44",177460,57826,0.245768979029777,0.274866101406159,0.989880385324744,0.0101196146752557,0.274866101406159,0.00278153903352008,1.36737665944699,22.9532404171044,83.506988674414
"2","Jeonnam","Male","45-49",185741,59715,0.243281891662864,0.272084562372639,1.08268062929509,-0.0826806292950943,0.272084562372639,-0.0224961228384501,1.41666311895932,21.5858637576574,79.335128643183
"2","Jeonnam","Male","50-54",162905,58252,0.263396591561651,0.294580685211089,1.07809872478948,-0.0780987247894809,0.294580685211089,-0.0230063758625975,1.53041936571194,20.1692006386981,68.4674917645921
"2","Jeonnam","Male","55-59",119697,47470,0.283967529476511,0.317587061073686,1.14816490445161,-0.148164904451609,0.317587061073686,-0.04705525655905,1.70557344676606,18.6387812729862,58.6887299815455
"2","Jeonnam","Male","60-64",91318,44177,0.326041551348758,0.364642317632736,1.14716914686658,-0.147169146866579,0.364642317632736,-0.053664098797462,1.95737183515734,16.9332078262201,46.4378570653861
"2","Jeonnam","Male","65-69",65554,39169,0.374024808303811,0.418306416430198,1.26140968129911,-0.261409681299106,0.418306416430198,-0.109349347004389,2.36490544966196,14.9758359910628,35.8011146921094
"2","Jeonnam","Male","70-74",45363,40519,0.47179851424047,0.527655763434587,1.1036991184347,-0.103699118434704,0.527655763434587,-0.0547174375051574,2.77507241093583,12.6109305414008,23.8999200147355
"2","Jeonnam","Male","75-79",23659,25705,0.520723604246009,0.582373200939745,1.07241156025411,-0.0724115602541122,0.582373200939745,-0.0421705521302285,3.0172923850243,9.83585813046499,16.8892698266221
"2","Jeonnam","Male","80-84",9934,12563,0.558430012890608,0.624543753069973,1.1223566722478,-0.122356672247801,0.624543753069973,-0.0764170952987945,3.31376150359685,6.81856574544069,10.9176750418585
"2","Jeonnam","Male","85+",3610,6062,0.626757650951199,0.700960848368768,1,0,0.700960848368768,0,3.50480424184384,3.50480424184384,5
"2","Seoul","Female","0-4",34755,173249,0.832911867079479,1,0.855852732615066,0.144147267384934,1,0.144147267384934,4.63963183153767,61.9051958949976,61.9051958949976
"2","Seoul","Female","5-9",68054,168944,0.712849897467489,0.855852732615066,0.908703114349409,0.091296885650591,0.855852732615066,0.0781366890633036,4.08392194041707,57.2655640634599,66.9105348165267
"2","Seoul","Female","10-14",110615,203426,0.647768921892364,0.777716043551763,0.977997935401729,0.0220020645982709,0.777716043551763,0.0171113586293376,3.84580182118547,53.1816421230429,68.3818246569363
"2","Seoul","Female","15-19",132999,229907,0.633516668228136,0.760604684922425,0.968311607412669,0.0316883925873307,0.760604684922425,0.0241023398595848,3.74276757496316,49.3358403018574,64.8639711006897
"2","Seoul","Female","20-24",129603,205671,0.613441543334705,0.73650234506284,1.01273402648091,-0.0127340264809093,0.73650234506284,-0.00937864036528198,3.70595832622741,45.5930727268942,61.9048575099976
"2","Seoul","Female","25-29",153811,252294,0.621253124192019,0.745880985428122,0.892899066896528,0.107100933103472,0.745880985428122,0.0798845495234894,3.52969355333189,41.8871144006668,56.1579061793945
"2","Seoul","Female","30-34",174211,217025,0.554716334897607,0.665996435904633,0.930202267303543,0.0697977326964574,0.665996435904633,0.0464850412100649,3.213769576498,38.3574208473349,57.594033210153
"2","Seoul","Female","35-39",187872,200292,0.515998392432065,0.619511394694568,0.938856730638883,0.0611432693611166,0.619511394694568,0.037878952078091,3.00285959327761,35.1436512708369,56.7280143219375
"2","Seoul","Female","40-44",153524,144262,0.484448563733688,0.581632442616477,1.0339272586794,-0.033927258679401,0.581632442616477,-0.0197331943369811,2.95749519892484,32.1407916775593,55.259626737762
"2","Seoul","Female","45-49",109181,109568,0.500884575472345,0.601365636953458,1.01543848194537,-0.0154384819453686,0.601365636953458,-0.00928417252867103,3.03003861608897,29.1832964786345,48.5283738965835
"2","Seoul","Female","50-54",97450,100868,0.508617472947488,0.610649809482129,1.00830392987741,-0.00830392987740725,0.610649809482129,-0.00507079319759169,3.06592603040462,26.1532578625455,42.8285695933078
"2","Seoul","Female","55-59",53663,56492,0.512840996777268,0.615720602679721,1.0468092072543,-0.0468092072542952,0.615720602679721,-0.0288213933015746,3.15065649665254,23.0873318321409,37.4964419440586
"2","Seoul","Female","60-64",41587,48204,0.536846677283915,0.644541995981295,1.00651659578568,-0.00651659578568142,0.644541995981295,-0.0042002196547064,3.23321052904324,19.9366753354883,30.9315381461457
"2","Seoul","Female","65-69",28984,34072,0.54034509007866,0.648742215636002,1.05564718416857,-0.0556471841685684,0.648742215636002,-0.0361006775514217,3.33396277205856,16.7034648064451,25.7474608617379
"2","Seoul","Female","70-74",18989,25214,0.570413772820849,0.684842893187423,0.935339738834426,0.0646602611655737,0.684842893187423,0.0442821203308859,3.3135091651099,13.3695020343865,19.5219986472542
"2","Seoul","Female","75-79",14183,16222,0.533530669297813,0.640560772856538,1.04832731714696,-0.0483273171469627,0.640560772856538,-0.0309565836217414,3.28019532333704,10.0559928692766,15.698733508817
"2","Seoul","Female","80-84",8232,10448,0.5593147751606,0.671517356478279,1.0120372130513,-0.0120372130513002,0.671517356478279,-0.00808319748757497,3.37779477611033,6.7757975459396,10.0902790978848
"2","Seoul","Female","85+",4251,5545,0.566047366271948,0.679600553965854,1,0,0.679600553965854,0,3.39800276982927,3.39800276982927,5
"2","Seoul","Male","0-4",39637,187294,0.825334573064059,1,0.866217709494533,0.133782290505467,1,0.133782290505467,4.66554427373633,65.906414485185,65.906414485185
"2","Seoul","Male","5-9",70371,176475,0.714919423446197,0.866217709494533,0.946419243631674,0.0535807563683263,0.866217709494533,0.0464126000543562,4.21505704733677,61.2408702114487,70.6991666646769
"2","Seoul","Male","10-14",108816,227673,0.676613499995542,0.819805109440176,0.932777207252244,0.0672227927477558,0.819805109440176,0.0551095889654482,3.96125157478726,57.0258131641119,69.5602070631804
"2","Seoul","Male","15-19",142810,244345,0.631129650915008,0.764695520474728,0.955674679824627,0.0443253201753729,0.764695520474728,0.0338953737817158,3.73873916791935,53.0645615893246,69.3930592876781
"2","Seoul","Male","20-24",108790,165347,0.603154627066029,0.730800146693012,1.00483475330455,-0.00483475330455074,0.730800146693012,-0.00353323842419021,3.66283382952554,49.3258224214053,67.4956383692758
"2","Seoul","Male","25-29",161524,248509,0.606070730892392,0.734333385117202,0.954761837569153,0.0452381624308467,0.734333385117202,0.0332198929543255,3.5886171932002,45.6629885918798,62.1829124445864
"2","Seoul","Male","30-34",168264,231084,0.5786532047237,0.701113492162877,0.91421078009979,0.0857892199002104,0.701113492162877,0.0601479795541655,3.35519751192897,42.0743713986796,60.0107855133177
"2","Seoul","Male","35-39",190662,214150,0.529010997697697,0.640965512608711,0.95374290205138,0.0462570979486197,0.640965512608711,0.0296492044984284,3.13070455179749,38.7191738867506,60.407577514061
"2","Seoul","Male","40-44",147258,149957,0.504540484161297,0.611316308110283,0.989335985431973,0.0106640145680268,0.611316308110283,0.00651908601536041,3.04028382551301,35.5884693349531,58.2161294616286
"2","Seoul","Male","45-49",107032,106673,0.499160057088042,0.604797222094923,1.03013839546597,-0.0301383954659689,0.604797222094923,-0.0182276178562162,3.06955515511515,32.5481855094401,53.8166914799944
"2","Seoul","Male","50-54",88941,94142,0.514203940289377,0.623024839951139,1.06059800062125,-0.0605980006212519,0.623024839951139,-0.0377540596384145,3.20950934885173,29.4786303543249,47.3153371487352
"2","Seoul","Male","55-59",47755,57285,0.545363670982483,0.660778899589553,0.993591910995186,0.00640808900481415,0.660778899589553,0.00423433000107301,3.29330867294508,26.2691210054732,39.7547818518273
"2","Seoul","Male","60-64",37750,44650,0.541868932038835,0.65654456958848,1.02290528293009,-0.022905282930088,0.65654456958848,-0.015038339122637,3.32031869574899,22.9758123325281,34.9950534918433
"2","Seoul","Male","65-69",25365,31543,0.554280593238209,0.671582908711117,1.00690010119077,-0.00690010119077211,0.671582908711117,-0.00463399002809978,3.36949951862584,19.6554936367791,29.2674119335487
"2","Seoul","Male","70-74",16754,21160,0.558105185419634,0.676216898739217,1.01618670631127,-0.0161867063112711,0.676216898739217,-0.0109457243426102,3.40844880455261,16.2859941181533,24.0839797829926
"2","Seoul","Male","75-79",8491,11125,0.567139070146819,0.687162623081827,1.087332472841,-0.0873324728410001,0.687162623081827,-0.0600116111176441,3.58584214320325,12.8775453136007,18.7401713670728
"2","Seoul","Male","80-84",3100,4987,0.616668727587486,0.747174234199471,1.32477223207117,-0.324772232071167,0.747174234199471,-0.242661443787027,4.34252478046493,9.29170317039742,12.4357917405338
"2","Seoul","Male","85+",700,3124,0.816945606694561,0.989835677986499,1,0,0.989835677986499,0,4.9491783899325,4.9491783899325,5
"2","Ulsan","Female","0-4",2657,22335,0.893685979513444,1,0.928970683098789,0.0710293169012111,1,0.0710293169012111,4.82242670774697,64.0798616241124,64.0798616241124
"2","Ulsan","Female","5-9",4790,23421,0.830208074864415,0.928970683098789,0.970678733623739,0.0293212663762612,0.928970683098789,0.0272385968548769,4.57675692335675,59.2574349163654,63.7882723259888
"2","Ulsan","Female","10-14",7242,30062,0.805865322753592,0.901732086243912,0.912338105101894,0.0876618948981065,0.901732086243912,0.0790475433705641,4.31104157279315,54.6806779930086,60.6396055182824
"2","Ulsan","Female","15-19",9778,27151,0.735221641528338,0.822684542873348,0.73127627213429,0.268723727865711,0.822684542873348,0.221074857218424,3.56073557132068,50.3696364202155,61.225942381623
"2","Ulsan","Female","20-24",13588,15801,0.537650141209296,0.601609685654924,1.00700958058971,-0.00700958058971102,0.601609685654924,-0.0042170315751489,3.01859100721249,46.8089008488948,77.8060958209769
"2","Ulsan","Female","25-29",15960,18843,0.541418843203172,0.605826717230073,0.99730654255795,0.0026934574420503,0.605826717230073,0.00163176848011624,3.02505416495007,43.7903098416823,72.2819060240491
"2","Ulsan","Female","30-34",15628,18343,0.53996055459068,0.604194948749957,1.17862893709122,-0.178628937091216,0.604194948749957,-0.107926701491086,3.2907914974775,40.7652556767322,67.4703682330896
"2","Ulsan","Female","35-39",8681,15195,0.636413134528397,0.712121650241043,1.00976796767041,-0.00976796767040544,0.712121650241043,-0.00695598125695028,3.57799820434759,37.4744641792547,52.6236832801954
"2","Ulsan","Female","40-44",7404,13314,0.642629597451492,0.719077631497993,0.999746497813014,0.00025350218698561,0.719077631497993,0.000182287752197174,3.59493243810947,33.8964659749072,47.1388129600048
"2","Ulsan","Female","45-49",6279,11283,0.642466689443116,0.718895343745796,0.948212183747128,0.0517878162528717,0.718895343745796,0.0372300199669523,3.5014016688116,30.3015335367977,42.1501318660821
"2","Ulsan","Female","50-54",6809,10614,0.609194742581645,0.681665323778844,0.915301259119702,0.0846987408802976,0.681665323778844,0.0577361946258284,3.26398613232965,26.8001318679861,39.3156743244886
"2","Ulsan","Female","55-59",6141,7740,0.557596714934083,0.623929129153015,1.053918181308,-0.0539181813079961,0.623929129153015,-0.0336411239090124,3.20374845553761,23.5361457356564,37.7224666006647
"2","Ulsan","Female","60-64",5240,7468,0.587661315706641,0.657570253062027,0.900349427398169,0.0996505726018313,0.657570253062027,0.0655272522435622,3.12403313470123,20.3323972801188,30.9204943280804
"2","Ulsan","Female","65-69",4183,4700,0.529100529100529,0.592043000818465,1.0669714487966,-0.0669714487966024,0.592043000818465,-0.0396499775147007,3.05933994787908,17.2083641454176,29.0660714198598
"2","Ulsan","Female","70-74",3691,4785,0.56453515809344,0.631692978333166,0.954427960438385,0.0455720395616146,0.631692978333166,0.0287875373993932,3.08649604816735,14.1490241975385,22.3985776046985
"2","Ulsan","Female","75-79",3173,3707,0.538808139534884,0.602905440933773,1.0215323164068,-0.0215323164068004,0.602905440933773,-0.0129819507175675,3.04698208146278,11.0625281493712,18.3486951655929
"2","Ulsan","Female","80-84",2029,2484,0.550409926877908,0.61588739165134,1.40195056792591,-0.401950567925914,0.61588739165134,-0.247556286852666,3.69832767538837,8.0155460679084,13.0146292594444
"2","Ulsan","Female","85+",596,2014,0.771647509578544,0.863443678504006,1,0,0.863443678504006,0,4.31721839252003,4.31721839252003,5
"2","Ulsan","Male","0-4",3070,26914,0.897612059765208,1,0.93296421929321,0.0670357807067898,1,0.0670357807067898,4.83241054823303,67.5765937309248,67.5765937309248
"2","Ulsan","Male","5-9",4770,24573,0.837439934567018,0.93296421929321,0.972738363848996,0.0272616361510041,0.93296421929321,0.0254341310882771,4.60123576874536,62.7441831826917,67.2525075294154
"2","Ulsan","Male","10-14",8111,35640,0.814609951772531,0.907530088204933,0.92902856625374,0.0709714337462601,0.907530088204933,0.064408711527774,4.37662866220523,58.1429474139464,64.0672393892211
"2","Ulsan","Male","15-19",10575,32907,0.756795915551263,0.843121376677159,0.736847359810287,0.263152640189713,0.843121376677159,0.22186961627298,3.66093284270335,53.7663187517411,63.7705557456514
"2","Ulsan","Male","20-24",11749,14811,0.557643072289157,0.621251760404179,1.00384042161381,-0.00384042161381437,0.621251760404179,-0.00238586868827644,3.11222347374159,50.1053859090378,80.6523041100758
"2","Ulsan","Male","25-29",16354,20796,0.55978465679677,0.623637629092455,1.01876080603579,-0.0187608060357911,0.623637629092455,-0.0116999445960242,3.14743800695234,46.9931624352962,75.3533145581396
"2","Ulsan","Male","30-34",13386,17765,0.570286668164746,0.63533757368848,1.16404828006973,-0.164048280069728,0.63533757368848,-0.104226036227269,3.43725295901057,43.8457244283439,69.0116974725667
"2","Ulsan","Male","35-39",8011,15820,0.663841215223868,0.739563609915749,1.10226442160606,-0.102264421606064,0.739563609915749,-0.0756310448089271,3.88689566160106,40.4084714693333,54.6382636024191
"2","Ulsan","Male","40-44",5238,14287,0.731728553137004,0.815194654724676,0.989056206880877,0.0109437931191226,0.815194654724676,0.00892132165312146,4.05366996949058,36.5215758077322,44.8010491679034
"2","Ulsan","Male","45-49",4886,12799,0.723720667232118,0.806273333071554,0.941873014503642,0.0581269854963584,0.806273333071554,0.0468662383375508,3.91420106951389,32.4679058382417,40.2691054093938
"2","Ulsan","Male","50-54",5693,12190,0.681652966504501,0.759407094734004,1.02359410770224,-0.0235941077022417,0.759407094734004,-0.0179175327830005,3.84182930562752,28.5537047687278,37.5999973752276
"2","Ulsan","Male","55-59",4112,9492,0.697735960011761,0.777324627517004,0.862387043441986,0.137612956558014,0.777324627517004,0.106969940197972,3.61919828709009,24.7118754631003,31.790933399392
"2","Ulsan","Male","60-64",4589,6933,0.601718451657698,0.670354687319032,0.938136880674584,0.0618631193254161,0.670354687319032,0.0414702320119693,3.24809785656524,21.0926771760102,31.4649506821034
"2","Ulsan","Male","65-69",3535,4582,0.564494271282494,0.628884455307063,0.959616822415706,0.0403831775842942,0.628884455307063,0.0253963526386673,3.08093139493864,17.8445793194449,28.3749728091658
"2","Ulsan","Male","70-74",3028,3579,0.541698198879976,0.603488102668395,1.05560205430362,-0.0556020543036182,0.603488102668395,-0.0335551782561556,3.10132845898237,14.7636479245063,24.463859120382
"2","Ulsan","Male","75-79",1729,2309,0.571817731550272,0.637043280924551,0.933875786885748,0.066124213114252,0.637043280924551,0.0421239856708573,3.07990644044561,11.6623194655239,18.306949958876
"2","Ulsan","Male","80-84",692,793,0.534006734006734,0.594919295253694,1.59015737508138,-0.590157375081377,0.594919295253694,-0.351096009672182,3.85233650044893,8.58241302507831,14.4261803131103
"2","Ulsan","Male","85+",116,653,0.849154746423927,0.946015304925876,1,0,0.946015304925876,0,4.73007652462938,4.73007652462938,5
"3","Abroad","Female","0-4",5700,0,0,NA,1,0,NA,NA,NA,NA,NA
"3","Abroad","Female","5-9",10277,0,0,NA,1,0,NA,NA,NA,NA,NA
"3","Abroad","Female","10-14",8266,0,0,NA,1,0,NA,NA,NA,NA,NA
"3","Abroad","Female","15-19",7148,0,0,NA,1,0,NA,NA,NA,NA,NA
"3","Abroad","Female","20-24",21900,0,0,NA,1,0,NA,NA,NA,NA,NA
"3","Abroad","Female","25-29",48447,0,0,NA,1,0,NA,NA,NA,NA,NA
"3","Abroad","Female","30-34",42953,0,0,NA,1,0,NA,NA,NA,NA,NA
"3","Abroad","Female","35-39",34434,0,0,NA,1,0,NA,NA,NA,NA,NA
"3","Abroad","Female","40-44",33171,0,0,NA,1,0,NA,NA,NA,NA,NA
"3","Abroad","Female","45-49",26903,0,0,NA,1,0,NA,NA,NA,NA,NA
"3","Abroad","Female","50-54",20408,0,0,NA,1,0,NA,NA,NA,NA,NA
"3","Abroad","Female","55-59",14923,0,0,NA,1,0,NA,NA,NA,NA,NA
"3","Abroad","Female","60-64",9466,0,0,NA,1,0,NA,NA,NA,NA,NA
"3","Abroad","Female","65-69",22245,0,0,NA,1,0,NA,NA,NA,NA,NA
"3","Abroad","Female","70-74",44197,0,0,NA,1,0,NA,NA,NA,NA,NA
"3","Abroad","Female","75-79",42143,0,0,NA,1,0,NA,NA,NA,NA,NA
"3","Abroad","Female","80-84",28601,0,0,NA,1,0,NA,NA,NA,NA,NA
"3","Abroad","Female","85+",20076,0,0,NA,1,0,NA,NA,NA,NA,NA
"3","Abroad","Male","0-4",6112,0,0,NA,1,0,NA,NA,NA,NA,NA
"3","Abroad","Male","5-9",9770,0,0,NA,1,0,NA,NA,NA,NA,NA
"3","Abroad","Male","10-14",10040,0,0,NA,1,0,NA,NA,NA,NA,NA
"3","Abroad","Male","15-19",7868,0,0,NA,1,0,NA,NA,NA,NA,NA
"3","Abroad","Male","20-24",6978,0,0,NA,1,0,NA,NA,NA,NA,NA
"3","Abroad","Male","25-29",13664,0,0,NA,1,0,NA,NA,NA,NA,NA
"3","Abroad","Male","30-34",14180,0,0,NA,1,0,NA,NA,NA,NA,NA
"3","Abroad","Male","35-39",10671,0,0,NA,1,0,NA,NA,NA,NA,NA
"3","Abroad","Male","40-44",9976,0,0,NA,1,0,NA,NA,NA,NA,NA
"3","Abroad","Male","45-49",9683,0,0,NA,1,0,NA,NA,NA,NA,NA
"3","Abroad","Male","50-54",8649,0,0,NA,1,0,NA,NA,NA,NA,NA
"3","Abroad","Male","55-59",6529,0,0,NA,1,0,NA,NA,NA,NA,NA
"3","Abroad","Male","60-64",5301,0,0,NA,1,0,NA,NA,NA,NA,NA
"3","Abroad","Male","65-69",21235,0,0,NA,1,0,NA,NA,NA,NA,NA
"3","Abroad","Male","70-74",46450,0,0,NA,1,0,NA,NA,NA,NA,NA
"3","Abroad","Male","75-79",28542,0,0,NA,1,0,NA,NA,NA,NA,NA
"3","Abroad","Male","80-84",20236,0,0,NA,1,0,NA,NA,NA,NA,NA
"3","Abroad","Male","85+",18091,0,0,NA,1,0,NA,NA,NA,NA,NA
"3","Busan","Female","0-4",7444,59991,0.88961221917402,1,0.94422734986303,0.0557726501369704,1,0.0557726501369704,4.86056837465757,61.4398433082209,61.4398433082209
"3","Busan","Female","5-9",10074,52887,0.839996188116453,0.94422734986303,0.944150500289992,0.055849499710008,0.94422734986303,0.0527346251023569,4.58930018655926,56.5792749335633,59.9212413639266
"3","Busan","Female","10-14",15220,58336,0.793082821251835,0.891492724760673,0.95510812600999,0.0448918739900104,0.891492724760673,0.0400207790629671,4.35741167614595,51.9899747470041,58.3178900993961
"3","Busan","Female","15-19",23677,73952,0.757479847176556,0.851471945697706,0.876448489806029,0.123551510193971,0.851471945697706,0.10520064477875,3.99435811654165,47.6325630708581,55.9414356650676
"3","Busan","Female","20-24",38764,76568,0.663892068116394,0.746271300918955,0.866529379156698,0.133470620843302,0.746271300918955,0.0996052938511918,3.4823432699668,43.6382049543165,58.4749874483724
"3","Busan","Female","25-29",53771,72833,0.575281981611955,0.646666007067764,0.879551265835395,0.120448734164605,0.646666007067764,0.0778901019785917,3.03860478039234,40.1558616843497,62.0967566649004
"3","Busan","Female","30-34",80287,82234,0.50598999513909,0.568775905089172,0.952452424114793,0.0475475758852066,0.568775905089172,0.0270439155089045,2.7762697366736,37.1172569039573,65.2581387007562
"3","Busan","Female","35-39",84655,78750,0.481931397448059,0.541731989580267,1.00757962714646,-0.00757962714645677,0.541731989580267,-0.00410612649432663,2.71892526413715,34.3409871672837,63.3911008170129
"3","Busan","Female","40-44",79576,75116,0.485584257750886,0.545838116074594,1.01758833015017,-0.017588330150174,0.545838116074594,-0.00960038099406897,2.75319153285814,31.6220619031466,57.9330408996669
"3","Busan","Female","45-49",64234,62742,0.494124873991935,0.555438497068663,1.03649788704958,-0.0364978870495785,0.555438497068663,-0.0202723315289997,2.82787331416581,28.8688703702884,51.9749180559944
"3","Busan","Female","50-54",52277,54883,0.51215938783128,0.575710828597663,0.99743799377982,0.00256200622018032,0.575710828597663,0.00147497472389238,2.87486670617858,26.0409970561226,45.2327727090946
"3","Busan","Female","55-59",48567,50721,0.510847232293933,0.57423585387377,0.98578400871046,0.0142159912895395,0.57423585387377,0.00816333189681082,2.85077093962683,23.166130349944,40.3425355516663
"3","Busan","Female","60-64",35448,35960,0.503585032489357,0.56607252197696,1.05997191788744,-0.0599719178874443,0.56607252197696,-0.0339484548063407,2.91523374690065,20.3153594103172,35.8882627606929
"3","Busan","Female","65-69",18539,21226,0.533785992707155,0.6000209767833,1.14762968839901,-0.147629688399013,0.6000209767833,-0.0885809098353898,3.22155715850498,17.4001256634166,28.9991955892913
"3","Busan","Female","70-74",10051,15893,0.61258865248227,0.68860188661869,0.918124996312972,0.0818750036870283,0.68860188661869,0.0563792820057999,3.30206122807895,14.1785685049116,20.5903712732099
"3","Busan","Female","75-79",8158,10486,0.562432954301652,0.63222260461289,1.08499742185563,-0.0849974218556278,0.63222260461289,-0.0537372914309456,3.29545625164182,10.8765072768326,17.2036039165229
"3","Busan","Female","80-84",4416,6914,0.610238305383936,0.685959896043836,1.14023211734162,-0.140232117341616,0.685959896043836,-0.0961936086336618,3.67028350180333,7.58105102519082,11.0517408800621
"3","Busan","Female","85+",2216,5069,0.695813315030885,0.782153504677498,1,0,0.782153504677498,0,3.91076752338749,3.91076752338749,5
"3","Busan","Male","0-4",8192,62293,0.883776690075903,1,0.933310050201121,0.0666899497988793,1,0.0666899497988793,4.8332751255028,63.1423362778561,63.1423362778561
"3","Busan","Male","5-9",12247,57671,0.824837666981321,0.933310050201121,0.928270369260527,0.0717296307394729,0.933310050201121,0.0669459852663653,4.49918528783969,58.3090611523533,62.4755526202554
"3","Busan","Male","10-14",19325,63145,0.765672365708743,0.866364064934755,0.981829659672764,0.0181703403272357,0.866364064934755,0.0157421299071519,4.2924649999059,53.8098758645136,62.1100043762387
"3","Busan","Male","15-19",26519,80309,0.751759838244655,0.850621935027604,0.904486199246093,0.0955138007539068,0.850621935027604,0.0812461340191292,4.04999434009019,49.5174108646077,58.2131835843157
"3","Busan","Male","20-24",34646,73608,0.679956398839766,0.769375801008474,0.872316220171356,0.127683779828644,0.769375801008474,0.0982368103814526,3.60128697908874,45.4674165245176,59.0964993504088
"3","Busan","Male","25-29",53865,78526,0.593136995717232,0.671138990627022,0.84377867963923,0.15622132036077,0.671138990627022,0.104846219261348,3.09357940498174,41.8661295454288,62.3807141741456
"3","Busan","Male","30-34",84416,84577,0.500476351091465,0.566292771365674,0.982711059329308,0.0172889406706921,0.566292771365674,0.00979060212638294,2.80698735151241,38.7725501404471,68.4673230896856
"3","Busan","Male","35-39",85490,82739,0.491823645150361,0.556502169239291,1.02082646197692,-0.0208264619769192,0.556502169239291,-0.0115899712677351,2.81148577436579,35.9655627889347,64.6278932534938
"3","Busan","Male","40-44",77825,78471,0.502066591595434,0.568092140507026,1.02315752517884,-0.0231575251788434,0.568092140507026,-0.0131556080476945,2.87334972265437,33.1540770145689,58.3603867234963
"3","Busan","Male","45-49",60854,64281,0.513693211331762,0.581247748554721,1.00596403065621,-0.00596403065621409,0.581247748554721,-0.00346657939123578,2.91490519125169,30.2807272919145,52.09607670259
"3","Busan","Male","50-54",45882,49064,0.516756893392033,0.584714327945957,1.08352110819757,-0.0835211081975675,0.584714327945957,-0.0488359886490422,3.04566161135239,27.3658221006628,46.8020378375133
"3","Busan","Male","55-59",41146,52350,0.559917001796868,0.633550316594999,0.947346590177236,0.0526534098227643,0.633550316594999,0.0333585844630186,3.08435512181745,24.3201604893104,38.3871017854092
"3","Busan","Male","60-64",30031,33924,0.530435462434524,0.60019173213198,1.13731257191908,-0.137312571919075,0.60019173213198,-0.0824138703836068,3.20699333661892,21.235805367493,35.3817025970349
"3","Busan","Male","65-69",13730,20878,0.603270920018493,0.682605602515587,1.00254206656502,-0.00254206656501554,0.682605602515587,-0.00173522887924716,3.41736608477605,18.028812030874,26.4117551400589
"3","Busan","Male","70-74",7913,12110,0.604804474853918,0.684340831394834,1.00855060693784,-0.00855060693783649,0.684340831394834,-0.00585152946076946,3.4363329806261,14.611445946098,21.3511239952126
"3","Busan","Male","75-79",5669,8866,0.609975920192638,0.690192360855604,1.01472805632398,-0.0147280563239816,0.690192360855604,-0.0101651919650631,3.47637478419068,11.1751129654719,16.1913020184961
"3","Busan","Male","80-84",2476,4022,0.618959679901508,0.700357552820667,1.13234433379061,-0.132344333790611,0.700357552820667,-0.0926883537432736,3.73350864846152,7.69873818128122,10.9925825034296
"3","Busan","Male","85+",615,1441,0.700875486381323,0.79304590656394,1,0,0.79304590656394,0,3.9652295328197,3.9652295328197,5
"3","Chungbuk","Female","0-4",3160,30923,0.90728515682305,1,0.945149320011221,0.0548506799887786,1,0.0548506799887786,4.86287330002805,49.7874921084897,49.7874921084897
"3","Chungbuk","Female","5-9",4696,28263,0.85751994902758,0.945149320011221,0.934304579323699,0.0656954206763009,0.945149320011221,0.0620919821800569,4.57051664460596,44.9246188084617,47.5317686394022
"3","Chungbuk","Female","10-14",7484,30159,0.801184815237893,0.883057337831165,0.931348123961431,0.0686518760385688,0.883057337831165,0.0606235428917337,4.26372783192649,40.3541021638557,45.6981675311906
"3","Chungbuk","Female","15-19",10620,31221,0.746181974618197,0.822433794939431,0.848688325539979,0.151311674460021,0.822433794939431,0.124443834644795,3.80105938808517,36.0903743319292,43.8824067712188
"3","Chungbuk","Female","20-24",13842,23903,0.633275930586833,0.697989960294636,0.803682083032915,0.196317916967085,0.697989960294636,0.137027935068981,3.14737996380073,32.2893149438441,46.2604289182241
"3","Chungbuk","Female","25-29",20322,21063,0.508952519028634,0.560962025225655,0.92401538284794,0.0759846171520602,0.560962025225655,0.0426244847236157,2.69824891431923,29.1419349800433,51.9499247178463
"3","Chungbuk","Female","30-34",31334,27818,0.470279956721666,0.518337540502039,0.914549294838571,0.0854507051614292,0.518337540502039,0.0442923083475401,2.48095693164134,26.4436860657241,51.0163435974788
"3","Chungbuk","Female","35-39",40473,30544,0.430094202796514,0.474045232154499,0.944659230688856,0.0553407693111438,0.474045232154499,0.0262340278357098,2.30464109118322,23.9627291340828,50.5494571165161
"3","Chungbuk","Female","40-44",50252,34389,0.406292458737491,0.447811204318789,0.7756934129384,0.224306587061601,0.447811204318789,0.100447002888693,1.98793851437221,21.6580880428995,48.3643281678176
"3","Chungbuk","Female","45-49",71907,33091,0.315158383969218,0.347364201430096,0.995556625227327,0.00444337477267343,0.347364201430096,0.00154346932956434,1.73296233382657,19.6701495285273,56.6268759058804
"3","Chungbuk","Female","50-54",77358,35369,0.313758017156493,0.345820732100532,1.03305290317395,-0.0330529031739508,0.345820732100532,-0.0114303791736637,1.75767960843682,17.9371871947008,51.8684553287173
"3","Chungbuk","Female","55-59",74675,35812,0.324128630517617,0.357251111274196,1.00935653513307,-0.00935653513307444,0.357251111274196,-0.0033426325739669,1.7946121378059,16.1795075862639,45.288893653982
"3","Chungbuk","Female","60-64",53272,25903,0.327161351436691,0.360593743848163,1.05020694418473,-0.0502069441847344,0.360593743848163,-0.0181043099707491,1.84822949416769,14.384895448458,39.8922490860384
"3","Chungbuk","Female","65-69",38538,20172,0.343587123147675,0.378698053818912,1.12065218005217,-0.120652180052171,0.378698053818912,-0.0456907457747661,2.00771713353147,12.5366659542904,33.1046484867472
"3","Chungbuk","Female","70-74",31738,19872,0.385041658593296,0.424388799593678,1.20720269495821,-0.207202694958207,0.424388799593678,-0.0879345029858883,2.34178025543311,10.5289488207589,24.8096764826018
"3","Chungbuk","Female","75-79",23749,20627,0.464823327925005,0.512323302579566,1.04173194929136,-0.0417319492913553,0.512323302579566,-0.0213802500840301,2.61506713810791,8.18716856532577,15.9804727290425
"3","Chungbuk","Female","80-84",15102,14178,0.48422131147541,0.533703552663596,1.05872571003353,-0.058725710033529,0.533703552663596,-0.0313421200775866,2.74687306351195,5.57210142721786,10.4404428252515
"3","Chungbuk","Female","85+",9125,9599,0.51265755180517,0.565045672741183,1,0,0.565045672741183,0,2.82522836370592,2.82522836370592,5
"3","Chungbuk","Male","0-4",2861,31417,0.916535387128771,1,0.934937032890666,0.0650629671093337,1,0.0650629671093337,4.83734258222667,52.9210330742327,52.9210330742327
"3","Chungbuk","Male","5-9",5111,30606,0.856902875381471,0.934937032890666,0.942861965006423,0.0571380349935774,0.934937032890666,0.0534204649020983,4.54113400219809,48.083690492006,51.4298704623342
"3","Chungbuk","Male","10-14",7125,29973,0.807941128901828,0.881516567988568,0.966341437251332,0.0336585627486679,0.881516567988568,0.0296705807176335,4.33340638814876,43.542556489808,49.3950517449295
"3","Chungbuk","Male","15-19",9821,34972,0.780746991717456,0.851845987270935,0.833515173641142,0.166484826358858,0.851845987270935,0.141819431275291,3.90468135816644,39.2091501016592,46.0284496112658
"3","Chungbuk","Male","20-24",13865,25836,0.650764464371175,0.710026555995643,0.903583444737422,0.0964165552625783,0.710026555995643,0.0684583146740521,3.37898699329309,35.3044687434928,49.7227440936863
"3","Chungbuk","Male","25-29",18460,26348,0.588019996429209,0.641568241321591,0.867257598848296,0.132742401151704,0.641568241321591,0.085163308855704,2.9949329344687,31.9254817501997,49.7616304766507
"3","Chungbuk","Male","30-34",28965,30143,0.509964810177979,0.556404932465887,0.890505796750985,0.109494203249015,0.556404932465887,0.0609231147641743,2.629716875419,28.930548815731,51.9954930800415
"3","Chungbuk","Male","35-39",38507,32035,0.454126619602506,0.495481817701713,0.909684344238196,0.0903156557618043,0.495481817701713,0.044749765283781,2.36553467529911,26.300831940312,53.0813260965016
"3","Chungbuk","Male","40-44",51483,36239,0.413111876154214,0.450732052417932,0.929579123895895,0.0704208761041047,0.450732052417932,0.031740946019472,2.17430789704098,23.9352972650129,53.1031621483608
"3","Chungbuk","Male","45-49",68144,42483,0.384020175906424,0.41899110639846,0.9617621623008,0.0382378376991995,0.41899110639846,0.0160213139238723,2.05490224718262,21.7609893679719,51.9366378800347
"3","Chungbuk","Male","50-54",72696,42573,0.369336074746896,0.402969792474587,0.990584539313673,0.00941546068632737,0.402969792474587,0.00379414623882198,2.00536359677588,19.7060871207893,48.9021447483114
"3","Chungbuk","Male","55-59",71911,41488,0.365858605455075,0.399175646235765,1.00909287600411,-0.00909287600411135,0.399175646235765,-0.00362965465508283,2.00495236781653,17.7007235240134,44.3431950093438
"3","Chungbuk","Male","60-64",49958,29238,0.369185312389515,0.402805300890848,1.1086569395411,-0.1086569395411,0.402805300890848,-0.0437675912257315,2.12344548251857,15.6957711561969,38.9661484630017
"3","Chungbuk","Male","65-69",30069,20835,0.409299858557284,0.44657289211658,1.02299579600305,-0.0229957960030538,0.44657289211658,-0.0102692991276066,2.25853770840192,13.5723256736783,30.3921843740913
"3","Chungbuk","Male","70-74",25933,18680,0.418712034608746,0.456842191244186,1.13042506447204,-0.13042506447204,0.456842191244186,-0.0595836722465708,2.43317013683736,11.3137879652764,24.7651994104657
"3","Chungbuk","Male","75-79",17630,15844,0.473322578717811,0.516425863490757,1.00083231365802,-0.000832313658018169,0.516425863490757,-0.000429828299537184,2.58320388820263,8.88061782843901,17.1963072655015
"3","Chungbuk","Male","80-84",8570,7714,0.473716531564726,0.516855691790294,1.29121140007785,-0.291211400077852,0.516855691790294,-0.150514269644458,2.96056413306262,6.29741394023638,12.1840855005839
"3","Chungbuk","Male","85+",2982,4697,0.611668185961714,0.667369961434753,1,0,0.667369961434753,0,3.33684980717376,3.33684980717376,5
"3","Chungnam","Female","0-4",3578,41244,0.920173129266878,1,0.916662381449445,0.0833376185505553,1,0.0833376185505553,4.79165595362361,43.9490283316014,43.9490283316014
"3","Chungnam","Female","5-9",6368,34319,0.843488092019564,0.916662381449445,0.966739370726567,0.0332606292734329,0.916662381449445,0.0304887676382921,4.50708998815149,39.1573723779778,42.717333197487
"3","Chungnam","Female","10-14",7606,33604,0.815433147294346,0.886173613811153,0.913192907574361,0.0868070924256393,0.886173613811153,0.0769261547992675,4.23855268205759,34.6502823898263,39.1010089330085
"3","Chungnam","Female","15-19",11331,33043,0.744647766710236,0.809247459011885,0.701517148003974,0.298482851996026,0.809247459011885,0.241546489536404,3.44237107121841,30.4117297077687,37.5802597451494
"3","Chungnam","Female","20-24",20442,22358,0.522383177570093,0.567700969475481,0.848172208763741,0.151827791236259,0.567700969475481,0.0861927842781449,2.62302288668204,26.9693586365503,47.5062754630634
"3","Chungnam","Female","25-29",30410,24193,0.443070893540648,0.481508185197336,0.83811369621804,0.161886303781959,0.481508185197336,0.0779495803423559,2.21266697513079,24.3463357498683,50.5626622731044
"3","Chungnam","Female","30-34",48724,28781,0.371343784271982,0.40355860485498,0.927412387254328,0.0725876127456718,0.40355860485498,0.0292933557293969,1.94455963495141,22.1336687747375,54.8462317702067
"3","Chungnam","Female","35-39",67189,35294,0.344388825463735,0.374265249125583,0.834895639523508,0.165104360476492,0.374265249125583,0.0617928246054544,1.71684418411428,20.1891091397861,53.9433174385146
"3","Chungnam","Female","40-44",94240,38032,0.287528728680295,0.312472424520129,0.840345141742272,0.159654858257728,0.312472424520129,0.0498877406462098,1.43764277098512,18.4722649556718,59.1164643857457
"3","Chungnam","Female","45-49",116043,36972,0.241623370257818,0.262584683873919,0.935395033152173,0.0646049668478269,0.262584683873919,0.0169642747964216,1.27051273237854,17.0346221846867,64.8728704712493
"3","Chungnam","Female","50-54",139895,40851,0.226013300432651,0.245620409077497,1.0996086398997,-0.0996086398996978,0.245620409077497,-0.0244659148798169,1.28926683258703,15.7641094523082,64.1807800561651
"3","Chungnam","Female","55-59",128490,42494,0.24852617788799,0.270086323957314,1.04509940302854,-0.0450994030285377,0.270086323957314,-0.0121807319766471,1.38088344972819,14.4748426197211,53.5933934293126
"3","Chungnam","Female","60-64",97832,34326,0.259734560147702,0.282267055933961,1.17963785520146,-0.17963785520146,0.282267055933961,-0.0507058485220073,1.53809990097482,13.0939591699929,46.3885490521302
"3","Chungnam","Female","65-69",74843,33061,0.30639271945433,0.332972904455969,1.16764374417104,-0.167643744171039,0.332972904455969,-0.0558208244105041,1.8044165833061,11.5558592690181,34.7051039720448
"3","Chungnam","Female","70-74",59033,32884,0.3577575421304,0.388793728866473,1.21786517801382,-0.217865178013819,0.388793728866473,-0.0847046149501505,2.15573018170774,9.75144268571201,25.0812756526252
"3","Chungnam","Female","75-79",43999,33972,0.435700452732426,0.473498343816623,1.19906859392283,-0.199068593922832,0.473498343816623,-0.0942586495283651,2.60313834290403,7.59571250400427,16.0416875860202
"3","Chungnam","Female","80-84",24895,27234,0.522434729229412,0.567756993344988,0.839134047282229,0.160865952717771,0.567756993344988,0.0913327696466187,2.61045304260839,4.99257416110024,8.79350535461672
"3","Chungnam","Female","85+",17024,13289,0.438392768779072,0.476424223698369,1,0,0.476424223698369,0,2.38212111849185,2.38212111849185,5
"3","Chungnam","Male","0-4",3424,42613,0.92562504072811,1,0.929103278213201,0.0708967217867986,1,0.0708967217867986,4.822758195533,47.1531077099759,47.1531077099759
"3","Chungnam","Male","5-9",6668,40961,0.860001259736715,0.929103278213201,0.93435904943464,0.0656409505653605,0.929103278213201,0.0609872223553071,4.49304833517774,42.3303495144429,45.5604349990565
"3","Chungnam","Male","10-14",8987,36760,0.80354995956019,0.868116055857894,0.884619452969808,0.115380547030192,0.868116055857894,0.100163705410577,4.09017101576303,37.8373011792651,43.5855332060105
"3","Chungnam","Male","15-19",14501,35647,0.710835925660046,0.767952350447318,0.863666236778468,0.136333763221532,0.767952350447318,0.104697833911303,3.57801716745833,33.7471301635021,43.9443022003188
"3","Chungnam","Male","20-24",15626,24848,0.613924988881751,0.663254516536014,0.815221659038466,0.184778340961534,0.663254516536014,0.122555069200769,3.00988490967815,30.1691129960437,45.4864795397222
"3","Chungnam","Male","25-29",26781,26833,0.500484947961353,0.540699447335246,0.894712662394501,0.105287337605499,0.540699447335246,0.0569288052546926,2.5611752235395,27.1592280863656,50.2298055235967
"3","Chungnam","Male","30-34",43444,35229,0.447790220278876,0.483770642080553,0.845126553349288,0.154873446650712,0.483770642080553,0.0749232267274432,2.23154514358416,24.5980528628261,50.8465184183919
"3","Chungnam","Male","35-39",65239,39721,0.378439405487805,0.40884741535311,0.894843472914621,0.105156527085379,0.40884741535311,0.0429929743063665,1.93675464099963,22.3665077192419,54.7062470724552
"3","Chungnam","Male","40-44",87422,44764,0.338644031894452,0.365854441046743,0.9368747709389,0.0631252290611002,0.365854441046743,0.0230946453940964,1.77153559174848,20.4297530782423,55.8412056439465
"3","Chungnam","Male","45-49",104183,48414,0.31726704981094,0.342759795652647,0.888604248687385,0.111395751312615,0.342759795652647,0.0381819849564851,1.61834401587202,18.6582174864938,54.4352567691518
"3","Chungnam","Male","50-54",128152,50314,0.281924848430513,0.304577810696162,1.04387879933218,-0.043878799332183,0.304577810696162,-0.0133645086365725,1.55630032507224,17.0398734706218,55.9458794180522
"3","Chungnam","Male","55-59",117955,49190,0.294295372281552,0.317942319332734,1.06033428912693,-0.0603342891269305,0.317942319332734,-0.0191828238203081,1.63766865621444,15.4835731455496,48.6993149513564
"3","Chungnam","Male","60-64",87139,39526,0.312051474361505,0.337125143153042,1.06517735343885,-0.0651773534388471,0.337125143153042,-0.0219729246084078,1.74055802728623,13.8459044893351,41.0705186799123
"3","Chungnam","Male","65-69",64885,32305,0.332390163597078,0.35909806776145,1.08945117513509,-0.0894511751350919,0.35909806776145,-0.0321217441500026,1.87579469918226,12.1053464620489,33.710419377947
"3","Chungnam","Male","70-74",50613,28733,0.362122854334182,0.391219811911453,1.25890315879799,-0.25890315879799,0.391219811911453,-0.101288045088231,2.20931917227784,10.2295517628666,26.1478367184072
"3","Chungnam","Male","75-79",30337,25417,0.455877605194246,0.492507856999683,1.06600972040755,-0.066009720407546,0.492507856999683,-0.0325103059390688,2.54381504984609,8.0202325905888,16.2844764334266
"3","Chungnam","Male","80-84",16084,15206,0.48596995845318,0.525018162938752,1.05745475168296,-0.0574547516829633,0.525018162938752,-0.0301647881806916,2.70050278514549,5.47641754074271,10.4309106376222
"3","Chungnam","Male","85+",5739,6067,0.513891241741487,0.555182951119444,1,0,0.555182951119444,0,2.77591475559722,2.77591475559722,5
"3","Daegu","Female","0-4",5675,44660,0.887255388894407,1,0.931352639568246,0.0686473604317538,1,0.0686473604317538,4.82838159892062,62.0547742803042,62.0547742803042
"3","Daegu","Female","5-9",9094,43275,0.826347648417957,0.931352639568246,1.02082820645274,-0.0208282064527445,0.931352639568246,-0.019398405057236,4.70525921048432,57.2263926813835,61.4443877110955
"3","Daegu","Female","10-14",9521,51339,0.843558987840946,0.950751044625482,0.960419551955064,0.039580448044936,0.950751044625482,0.0376311523254675,4.65967734231374,52.5211334708992,55.2417310165441
"3","Daegu","Female","15-19",14047,59951,0.810170545149869,0.913119892300015,0.877231166880533,0.122768833119467,0.913119892300015,0.112102663675846,4.28534280231046,47.8614561285855,52.41530332674
"3","Daegu","Female","20-24",22518,55320,0.710706852694057,0.801017228624168,0.873252853226671,0.126747146773329,0.801017228624168,0.101526648244393,3.75126952250986,43.576113326275,54.4009688794355
"3","Daegu","Female","25-29",27467,44934,0.620626786922833,0.699490580379776,0.877067181674854,0.122932818325146,0.699490580379776,0.0859903484379778,3.28247703080393,39.8248438037652,56.9340673353213
"3","Daegu","Female","30-34",39095,46702,0.544331386878329,0.613500231941798,1.00723151498979,-0.00723151498979346,0.613500231941798,-0.00443653612352888,3.07859250001781,36.5423667729612,59.5637375022671
"3","Daegu","Female","35-39",39064,47412,0.548267727461955,0.617936768065327,1.02791689539103,-0.0279168953910276,0.617936768065327,-0.0172508761123494,3.13281103060751,33.4637742729434,54.1540429415032
"3","Daegu","Female","40-44",40369,52130,0.563573660255787,0.635187644177676,0.98877675354699,0.0112232464530096,0.635187644177676,0.00712886747451266,3.1581160522021,30.3309632423359,47.7511858430478
"3","Daegu","Female","45-49",34056,42863,0.557248534172311,0.628058776703163,0.900102350235279,0.0998976497647212,0.628058776703163,0.0627415957067518,2.98343989424894,27.1728471901338,43.2648156479411
"3","Daegu","Female","50-54",35315,35539,0.501580715273661,0.565317180996412,0.946931047559932,0.053068952440068,0.565317180996412,0.0300007905918519,2.75158392850243,24.1894072958849,42.7890892211153
"3","Daegu","Female","55-59",35911,32486,0.474962352149948,0.53531639040456,1.01343769369256,-0.0134376936925606,0.53531639040456,-0.00719341768286369,2.69456549622996,21.4378233673824,40.0470147218564
"3","Daegu","Female","60-64",23743,22035,0.481344750753637,0.542509808087423,1.09246289296997,-0.0924628929699693,0.542509808087423,-0.050162026320346,2.83795410623798,18.7432578711525,34.5491594653936
"3","Daegu","Female","65-69",14774,16385,0.525851278924227,0.592671834407769,1.10081626795891,-0.100816267958908,0.592671834407769,-0.0597509624693511,3.11273657821222,15.9053037649145,26.8366114964919
"3","Daegu","Female","70-74",10306,14166,0.578865642366787,0.65242279687712,0.977019851198051,0.0229801488019492,0.65242279687712,0.0149927729540201,3.22463205200055,12.7925671867023,19.6077869258018
"3","Daegu","Female","75-79",7428,9670,0.565563223768862,0.6374300239231,1.04010562860098,-0.0401056286009751,0.6374300239231,-0.0255645317985705,3.25106144911193,9.56793513470172,15.010173314108
"3","Daegu","Female","80-84",4750,6786,0.588245492371706,0.662994555721671,0.937038825045124,0.062961174954876,0.662994555721671,0.0417429162169224,3.21061548806605,6.31687368558979,9.52779118783843
"3","Daegu","Female","85+",2673,3283,0.551208865010074,0.621251639504748,1,0,0.621251639504748,0,3.10625819752374,3.10625819752374,5
"3","Daegu","Male","0-4",5891,48482,0.891655785040369,1,0.957441761456669,0.0425582385433313,1,0.0425582385433313,4.89360440364167,63.6768768517874,63.6768768517874
"3","Daegu","Male","5-9",8215,47940,0.85370848544208,0.957441761456669,0.976090965330725,0.0239090346692751,0.957441761456669,0.0228915082684793,4.72998003661215,58.7832724481458,61.3961859765881
"3","Daegu","Male","10-14",10747,53721,0.833297139666191,0.934550253188189,0.99340223049395,0.00659776950605051,0.934550253188189,0.00616594716235682,4.65733639803506,54.0532924115336,57.8388291342627
"3","Daegu","Male","15-19",14132,67935,0.827799237208622,0.928384306025833,0.856543828525116,0.143456171474884,0.928384306025833,0.133182458199833,4.30896538462958,49.3959560134986,53.2063669031089
"3","Daegu","Male","20-24",22427,54654,0.709046327888844,0.795201847826,0.879606399340735,0.120393600659265,0.795201847826,0.0957372137106728,3.73666620485332,45.086990628869,56.6988001249396
"3","Daegu","Male","25-29",32970,54642,0.623681687440077,0.699464634115327,0.916849560087349,0.0831504399126511,0.699464634115327,0.058160792030031,3.35192119050156,41.3503244240157,59.1171052934148
"3","Daegu","Male","30-34",42259,56436,0.57182228076397,0.641303842085296,0.960269177893135,0.0397308221068652,0.641303842085296,0.0254795288663401,3.14282038826063,37.9984032335141,59.251794141692
"3","Daegu","Male","35-39",40454,49265,0.549103311450195,0.615824313218956,0.992857006478206,0.00714299352179393,0.615824313218956,0.0043988290798862,3.06812449339506,34.8555828452535,56.5998810002498
"3","Daegu","Male","40-44",39461,47301,0.54518107005371,0.61142548413907,1.06114819087936,-0.0611481908793603,0.61142548413907,-0.0373875622126411,3.15059632622695,31.7874583518584,51.9890962618567
"3","Daegu","Male","45-49",31612,43390,0.578517906189168,0.648813046351711,0.977027064667527,0.0229729353324735,0.648813046351711,0.014905140156703,3.2068023813668,28.6368620256315,44.1373091781325
"3","Daegu","Male","50-54",27635,35927,0.565227651741607,0.633907906195008,0.983339955835578,0.0166600441644225,0.633907906195008,0.0105609337133854,3.14313719669158,25.4300596442647,40.116331403574
"3","Daegu","Male","55-59",25317,31679,0.555810934100639,0.623346972481623,0.986272802093316,0.0137271979066841,0.623346972481623,0.00855680725578759,3.09534284426864,22.2869224475731,35.7536387139991
"3","Daegu","Male","60-64",18830,22846,0.54818120740954,0.614790165225835,1.02353956284537,-0.0235395628453734,0.614790165225835,-0.014471891731051,3.1101305554568,19.1915796033044,31.2164713894775
"3","Daegu","Male","65-69",12118,15491,0.56108515339201,0.629262056956886,1.00735207649096,-0.00735207649096181,0.629262056956886,-0.00462638277560699,3.15787624172345,16.0814490478476,25.5560443698411
"3","Daegu","Male","70-74",7991,10388,0.565210294357691,0.633888439732493,0.988320004046307,0.0116799959536931,0.633888439732493,0.00740381441116833,3.15093266263454,12.9235728061242,20.3877717214374
"3","Daegu","Male","75-79",5558,7034,0.558608640406607,0.626484625321325,1.14613287320685,-0.146132873206851,0.626484625321325,-0.0915499983181224,3.36129812240193,9.77264014348965,15.5991699532566
"3","Daegu","Male","80-84",2101,3739,0.640239726027397,0.718034623639447,0.857202017843475,0.142797982156525,0.718034623639447,0.102533895374233,3.33383837976165,6.41134202108772,8.92901513382606
"3","Daegu","Male","85+",1123,1366,0.548814785054239,0.615500728265214,1,0,0.615500728265214,0,3.07750364132607,3.07750364132607,5
"3","Daejeon","Female","0-4",3790,30686,0.89006845341687,1,0.880671814573858,0.119328185426142,1,0.119328185426142,4.70167953643465,58.9994203293319,58.9994203293319
"3","Daejeon","Female","5-9",7536,27330,0.783858199965582,0.880671814573858,0.994582662178804,0.00541733782119636,0.880671814573858,0.00477089672915259,4.39143183104641,54.2977407928973,61.6549092344587
"3","Daejeon","Female","10-14",8572,30323,0.779611775292454,0.875900917844706,0.968622796084358,0.0313772039156425,0.875900917844706,0.0274833217091117,4.31079628495075,49.9063089618508,56.9771168691697
"3","Daejeon","Female","15-19",10686,32957,0.755149737644067,0.848417596135594,0.864471013661451,0.135528986338549,0.848417596135594,0.114985176796045,3.95462503868786,45.5955126769001,53.7418281805803
"3","Daejeon","Female","20-24",14494,27252,0.652805059167345,0.733432419339549,0.91669446315472,0.0833055368452797,0.733432419339549,0.0610989814328135,3.51441464311571,41.6408876382122,56.7753572656491
"3","Daejeon","Female","25-29",14411,21475,0.598422783258095,0.672333437906735,0.927354547216784,0.0726454527832157,0.672333437906735,0.0488419670180308,3.2395622719886,38.1264729950965,56.7076852726539
"3","Daejeon","Female","30-34",18458,23016,0.554950089212519,0.623491470888705,0.960014340061289,0.0399856599387114,0.623491470888705,0.0249307179296427,3.05513055961942,34.8869107231079,55.9541106045625
"3","Daejeon","Female","35-39",17550,20011,0.532760043662309,0.598560752959062,1.031701099483,-0.0317010994830036,0.598560752959062,-0.0189750339761768,3.04024134973575,31.8317801634885,53.1805334815623
"3","Daejeon","Female","40-44",17969,21931,0.549649122807017,0.617535786935239,0.980994182189058,0.0190058178109421,0.617535786935239,0.0117367726582279,3.05833700303062,28.7915388137528,46.6232717566733
"3","Daejeon","Female","45-49",16215,18974,0.539202591719003,0.605799014277011,0.857434066490386,0.142565933509614,0.605799014277011,0.0863663019896063,2.81307931641104,25.7332018107221,42.4781176665224
"3","Daejeon","Female","50-54",18377,15802,0.46233067087978,0.519432712287405,1.05227819394478,-0.0522781939447774,0.519432712287405,-0.0271550040742227,2.66505107162258,22.9201224943111,44.1252966017075
"3","Daejeon","Female","55-59",14873,14091,0.486500483358652,0.546587716361627,0.928204907769042,0.071795092230958,0.546587716361627,0.0392423155084918,2.63483279303691,20.2550714226885,37.0573117843131
"3","Daejeon","Female","60-64",10849,8933,0.451572136285512,0.507345400853135,1.04767127367876,-0.0476712736787579,0.507345400853135,-0.0241858014537289,2.5971915079,17.6202386296516,34.7302618689792
"3","Daejeon","Female","65-69",7110,6384,0.47309915518008,0.531531202306864,1.00317746172661,-0.0031774617266056,0.531531202306864,-0.00168892005182672,2.66187831166389,15.0230471217516,28.2637163285072
"3","Daejeon","Female","70-74",5451,4924,0.474602409638554,0.533220122358691,1.13158639244326,-0.131586392443264,0.533220122358691,-0.0701645122793358,2.8415118924918,12.3611688100877,23.1821123993001
"3","Daejeon","Female","75-79",3617,4196,0.537053628567772,0.603384634638027,1.16281781243377,-0.16281781243377,0.603384634638027,-0.0982417662679134,3.26252758885992,9.51965691759593,15.777095356939
"3","Daejeon","Female","80-84",2140,3559,0.624495525530795,0.70162640090594,0.85573810043955,0.14426189956045,0.70162640090594,0.101217957376453,3.25508711108857,6.25712932873601,8.91803575329663
"3","Daejeon","Female","85+",1130,1297,0.534404614750721,0.600408443529488,1,0,0.600408443529488,0,3.00204221764744,3.00204221764744,5
"3","Daejeon","Male","0-4",4422,31977,0.878513145965549,1,0.927693941757539,0.0723060582424611,1,0.0723060582424611,4.81923485439385,64.1496945044319,64.1496945044319
"3","Daejeon","Male","5-9",7143,31466,0.814991323266596,0.927693941757539,0.94439844763695,0.0556015523630502,0.927693941757539,0.0515812232795162,4.5095166505889,59.3304596500381,63.954777518149
"3","Daejeon","Male","10-14",9976,33337,0.769676540530557,0.876112718478023,1.05852270946453,-0.05852270946453,0.876112718478023,-0.0512724900816689,4.50874481759429,54.8209429994492,62.5729336456658
"3","Daejeon","Male","15-19",8549,37592,0.814720097093691,0.927385208559692,0.811626703722892,0.188373296277108,0.927385208559692,0.174694608655022,4.2001895211609,50.3121981818549,54.2516720317267
"3","Daejeon","Male","20-24",13484,26321,0.661248586860947,0.752690599904669,0.946535206147904,0.053464793852096,0.752690599904669,0.0402424477583136,3.66284688012756,46.112008660694,61.262899611785
"3","Daejeon","Male","25-29",14054,23513,0.625895067479437,0.712448152146356,0.875249442033165,0.124750557966835,0.712448152146356,0.0888783045026987,3.34004499947503,42.4491617805664,59.58210664549
"3","Daejeon","Male","30-34",18361,22244,0.547814308582687,0.623569847643657,0.946158185853285,0.0538418141467154,0.623569847643657,0.0335741318443254,3.03391390860747,39.1091167810914,62.7181011539874
"3","Daejeon","Male","35-39",19313,20782,0.518318992393066,0.589995715799332,1.01962442049029,-0.0196244204902878,0.589995715799332,-0.0115783240143144,2.97892438903244,36.0752028724839,61.1448556429073
"3","Daejeon","Male","40-44",18941,21230,0.52849070224789,0.601574039813646,1.04976905159616,-0.0497690515961584,0.601574039813646,-0.0299397694263948,3.08271962263422,33.0962784834515,55.0161348280653
"3","Daejeon","Male","45-49",15962,19891,0.554793183276155,0.631513809240041,0.940129316683976,0.0598706833160236,0.631513809240041,0.0378091632827062,3.06304613799344,30.0135588608172,47.5263698460297
"3","Daejeon","Male","50-54",15942,17380,0.52157733629434,0.593704645957335,1.10809989486465,-0.108099894864648,0.593704645957335,-0.0641794098086407,3.12897175430827,26.9505127228238,45.393804657477
"3","Daejeon","Male","55-59",11336,15524,0.577959791511541,0.657884055765975,0.953584552555367,0.0464154474446329,0.657884055765975,0.0305359828150676,3.21308032179221,23.8215409685155,36.2093301391536
"3","Daejeon","Male","60-64",8098,9943,0.551133529183526,0.627348072950908,0.814363159036396,0.185636840963604,0.627348072950908,0.116458914447211,2.84559307863651,20.6084606467233,32.8501218626299
"3","Daejeon","Male","65-69",6602,5376,0.448822841876774,0.510889158503696,1.21739532274869,-0.217395322748692,0.510889158503696,-0.111064913501719,2.83210807627278,17.7628675680868,34.7685349599336
"3","Daejeon","Male","70-74",4561,5494,0.54639482844356,0.621954072005415,1.14020600248086,-0.140206002480856,0.621954072005415,-0.08720169416257,3.3277745954335,14.930759491814,24.00620908176
"3","Daejeon","Male","75-79",2265,3743,0.623002663115846,0.709155766167985,1.01623035143553,-0.0162303514355255,0.709155766167985,-0.0115098473074358,3.57455344910852,11.6029848963805,16.3616873047212
"3","Daejeon","Male","80-84",893,1541,0.633114215283484,0.720665613475421,1.15204005799671,-0.152040057996714,0.720665613475421,-0.109570041669041,3.87725317154971,8.02843144727202,11.1403004349754
"3","Daejeon","Male","85+",328,884,0.729372937293729,0.830235655144462,1,0,0.830235655144462,0,4.15117827572231,4.15117827572231,5
"3","Gangwon","Female","0-4",2849,23983,0.893820810971974,1,0.893887622704856,0.106112377295144,1,0.106112377295144,4.73471905676214,48.5679988310325,48.5679988310325
"3","Gangwon","Female","5-9",5768,22925,0.798975359843864,0.893887622704856,0.961495257267867,0.0385047427321329,0.893887622704856,0.0344189129436884,4.38339083116506,43.8332797742704,49.0366782813629
"3","Gangwon","Female","10-14",8515,28221,0.768211019163763,0.859468709761168,0.92219766536041,0.0778023346395902,0.859468709761168,0.0668686721690952,4.1301718683831,39.4498889431053,45.9003201571675
"3","Gangwon","Female","15-19",11583,28145,0.708442408376963,0.792600037592073,0.744514915508644,0.255485084491356,0.792600037592073,0.202497487572063,3.45675646903021,35.3197170747222,44.5618412812897
"3","Gangwon","Female","20-24",18750,20928,0.527445939815515,0.59010255002001,0.746209136810828,0.253790863189172,0.59010255002001,0.14976263553971,2.57610616125077,31.862960605692,53.995632800793
"3","Gangwon","Female","25-29",31006,20124,0.393584979464111,0.4403399144803,0.86887469240567,0.13112530759433,0.4403399144803,0.0577397067322903,2.05735030557077,29.2868544444412,66.5096519333396
"3","Gangwon","Female","30-34",47433,24651,0.341976027967371,0.382600207748009,0.984685030308409,0.0153149696915909,0.382600207748009,0.00585951058565713,1.8983522622759,27.2295041388705,71.1696010285612
"3","Gangwon","Female","35-39",56094,28479,0.3367386754638,0.376740697162352,0.904611862240668,0.095388137759332,0.376740697162352,0.0359365935204692,1.79386200201059,25.3311518765946,67.2376307295476
"3","Gangwon","Female","40-44",77944,34144,0.304617800299764,0.340804103641883,0.951321993970088,0.0486780060299119,0.340804103641883,0.0165896642120983,1.66254635767917,23.537289874584,69.0639860936562
"3","Gangwon","Female","45-49",90571,36956,0.289789613179954,0.324214439429785,1.06368784510274,-0.0636878451027387,0.324214439429785,-0.0206485189984754,1.67269349464511,21.8747435169048,67.4699854681896
"3","Gangwon","Female","50-54",87215,38863,0.308245689176541,0.34486295842826,1.09482371386828,-0.094823713868277,0.34486295842826,-0.0327011864937689,1.80606775837572,20.2020500222597,58.5799359674119
"3","Gangwon","Female","55-59",81802,41668,0.337474690208148,0.377564144922029,1.07114535185976,-0.0711453518597642,0.377564144922029,-0.0268619339401088,1.95497555946042,18.395982263884,48.7227998508252
"3","Gangwon","Female","60-64",50739,28725,0.361484445786771,0.404426078862138,1.15878635872842,-0.158786358728419,0.404426078862138,-0.0642173444373311,2.18267375540402,16.4410067044236,40.6526867670866
"3","Gangwon","Female","65-69",29057,20945,0.418883244670213,0.468643423299469,1.13274297181233,-0.132742971812329,0.468643423299469,-0.0622091207290748,2.49873991832003,14.2583329490195,30.4246944268079
"3","Gangwon","Female","70-74",27354,24698,0.474487051410128,0.530852544028544,1.08821955933895,-0.0882195593389452,0.530852544028544,-0.0468315775081561,2.77134166391311,11.7595930306995,22.152277808557
"3","Gangwon","Female","75-79",21851,23328,0.516346089997565,0.5776841215367,1.01894002993376,-0.0189400299337594,0.5776841215367,-0.0109413545541626,2.9157739940689,8.9882513667864,15.5591109945635
"3","Gangwon","Female","80-84",14039,15587,0.526125700398299,0.588625476090862,1.042182478644,-0.0421824786439986,0.588625476090862,-0.0248296815745163,3.0052015843906,6.0724773727175,10.31636858983
"3","Gangwon","Female","85+",8343,10128,0.548318986519409,0.613455157665379,1,0,0.613455157665379,0,3.06727578832689,3.06727578832689,5
"3","Gangwon","Male","0-4",2628,25852,0.907724719101124,1,0.963340354580913,0.0366596454190868,1,0.0366596454190868,4.90835088645228,52.1702704626777,52.1702704626777
"3","Gangwon","Male","5-9",4093,28507,0.874447852760736,0.963340354580913,0.900641556492034,0.0993584435079661,0.963340354580913,0.0957159981995717,4.57741177740564,47.2619195762254,49.0604585923175
"3","Gangwon","Male","10-14",7957,29499,0.787564075181546,0.867624356381341,0.944537330423424,0.0554626695765764,0.867624356381341,0.0481207629945681,4.21781987442029,42.6845077988198,49.196991168905
"3","Gangwon","Male","15-19",11149,32382,0.74388366910937,0.819503593386773,0.811647879555369,0.188352120444631,0.819503593386773,0.154355239526394,3.71162986811788,38.4666879243995,46.9390106825861
"3","Gangwon","Male","20-24",15086,22988,0.603771602668488,0.66514835386038,0.782495517311774,0.217504482688226,0.66514835386038,0.144672748617327,2.96405989775858,34.7550580562816,52.2515884683028
"3","Gangwon","Male","25-29",27774,24873,0.472448572568238,0.520475605243053,0.749363154357092,0.250636845642908,0.520475605243053,0.130450363932202,2.27625211638476,31.790998158523,61.0806689848166
"3","Gangwon","Male","30-34",46804,25652,0.35403555261124,0.390025241310851,1.00862327031349,-0.00862327031349097,0.390025241310851,-0.00336329308490801,1.95853443926652,29.5147460421382,75.6739382890733
"3","Gangwon","Male","35-39",56600,31437,0.357088496881993,0.393388534395759,1.01443412013523,-0.0144341201352327,0.393388534395759,-0.0056782173652915,1.98113821539202,27.5562116028717,70.0483343908277
"3","Gangwon","Male","40-44",72888,41400,0.362242755144897,0.39906675176105,1.00109597771543,-0.00109597771543357,0.39906675176105,-0.000437368266900572,1.9964271794725,25.5750733874797,64.0872066505639
"3","Gangwon","Male","45-49",81628,46444,0.362639765132113,0.399504120027951,0.964956545935282,0.0350434540647182,0.399504120027951,0.0140000042788652,1.96252058944259,23.5786462080072,59.0197823400608
"3","Gangwon","Male","50-54",85079,45798,0.349931615180666,0.385504115749086,1.15175997888078,-0.151759978880783,0.385504115749086,-0.0585040964645363,2.07378081990677,21.6161256185646,56.0723601525281
"3","Gangwon","Male","55-59",68163,46020,0.403037229710202,0.444008212213622,1.11194826846762,-0.111948268467616,0.444008212213622,-0.0497059505427168,2.3443059374249,19.5423447986578,44.0134760148436
"3","Gangwon","Male","60-64",38437,31215,0.448156549704244,0.493714162756339,1.04955457894212,-0.0495545789421235,0.493714162756339,-0.0244657974531534,2.52973530741458,17.1980388612329,34.83399942432
"3","Gangwon","Male","65-69",23421,20800,0.470364758824993,0.518179960209492,1.00991110009307,-0.0099111000930685,0.518179960209492,-0.00513573345185853,2.60373913467711,14.6683035538184,28.307353970015
"3","Gangwon","Male","70-74",23691,21437,0.475026591029959,0.523315693661351,1.12775397596681,-0.127753975966814,0.523315693661351,-0.0668556605510686,2.78371761968442,12.0645644191413,23.0540848770121
"3","Gangwon","Male","75-79",14307,16508,0.535713126723998,0.590171354212419,1.05616546078825,-0.0561654607882482,0.590171354212419,-0.033147246053365,3.03372488619551,9.28084679945683,15.7256815892769
"3","Gangwon","Male","80-84",6074,7915,0.565801701336765,0.623318600265784,1.00298101390365,-0.00298101390365213,0.623318600265784,-0.00185812141379729,3.12123830486341,6.24712191326132,10.0223576042774
"3","Gangwon","Male","85+",2509,3292,0.56748836407516,0.625176721679581,1,0,0.625176721679581,0,3.12588360839791,3.12588360839791,5
"3","Gwangju","Female","0-4",2995,29120,0.906741398100576,1,0.972554864439651,0.0274451355603487,1,0.0274451355603487,4.93138716109913,56.3119574039034,56.3119574039034
"3","Gwangju","Female","5-9",4459,33283,0.881855757511526,0.972554864439651,0.936736517923167,0.0632634820768333,0.972554864439651,0.0615272072352149,4.70895630411022,51.3805702428042,52.830510772683
"3","Gwangju","Female","10-14",7021,33345,0.826066491601843,0.911027657204436,0.971624987029998,0.0283750129700017,0.911027657204436,0.0258504215892061,4.49051223204917,46.671613938694,51.2296345446962
"3","Gwangju","Female","15-19",9873,40149,0.802626844188557,0.88517723561523,0.846036242425387,0.153963757574613,0.88517723561523,0.136285213314829,4.08517314478908,42.1811017066448,47.6527185850271
"3","Gwangju","Female","20-24",15929,33702,0.679051399327034,0.748892022300401,0.853344141557255,0.146655858442745,0.748892022300401,0.109829402411389,3.46988660547353,38.0959285618558,50.8697214383924
"3","Gwangju","Female","25-29",18189,25063,0.57946453343198,0.639062619889012,0.899898509543753,0.100101490456247,0.639062619889012,0.0639711207457638,3.03538529758065,34.6260419563822,54.1825493758277
"3","Gwangju","Female","30-34",24162,26329,0.521459269968905,0.575091499143248,1.00009736797804,-9.73679780431613e-05,0.575091499143248,-5.59954964613885e-05,2.8755974844574,31.5906566588016,54.9315312534862
"3","Gwangju","Female","35-39",23702,25833,0.521510043403654,0.57514749463971,0.991358188853974,0.00864181114602602,0.57514749463971,0.00497031602978639,2.86331168312408,28.7150591743442,49.9264265983323
"3","Gwangju","Female","40-44",24060,25754,0.517003252097804,0.570177178609923,0.987762138571703,0.0122378614282972,0.570177178609923,0.0069777493014057,2.8334415197961,25.8517474912201,45.3398495433401
"3","Gwangju","Female","45-49",21404,22338,0.510676237940652,0.563199429308518,0.880062850154165,0.119937149845835,0.563199429308518,0.0675485343460646,2.64712581067743,23.018305971424,40.8706130964751
"3","Gwangju","Female","50-54",21338,17418,0.449427185468057,0.495650894962453,0.982323829799975,0.0176761702000253,0.495650894962453,0.0087612095791512,2.45635145086439,20.3711801607466,41.0998554986766
"3","Gwangju","Female","55-59",19719,15587,0.441483034045205,0.486889685383302,0.900900989449239,0.0990990105507612,0.486889685383302,0.0482502860688566,2.31382271174437,17.9148287098822,36.7944305408294
"3","Gwangju","Female","60-64",14396,9507,0.397732502196377,0.438639399314445,1.05510286286979,-0.0551028628697883,0.438639399314445,-0.0241702866697102,2.2536227132465,15.6010059981378,35.5668141587847
"3","Gwangju","Female","65-69",10639,7693,0.419648701723762,0.462809685984156,0.968443480691674,0.0315565193083258,0.462809685984156,0.0146046627918392,2.27753677294118,13.3473832848913,28.8398961584141
"3","Gwangju","Female","70-74",8321,5697,0.406406049365102,0.448205023192316,1.22414109913679,-0.224141099136793,0.448205023192316,-0.100461166536958,2.49217803230398,11.0698465119501,24.6981759220495
"3","Gwangju","Female","75-79",5323,5270,0.497498347965638,0.548666189729274,1.12569719316148,-0.125697193161481,0.548666189729274,-0.0689658000315745,2.9157454487253,8.57766847964615,15.6336742453159
"3","Gwangju","Female","80-84",2708,3447,0.560032493907392,0.617631989760848,0.888952887757251,0.111047112242749,0.617631989760848,0.0685862488916852,2.91669432657503,5.66192303092085,9.16714665817938
"3","Gwangju","Female","85+",1862,1846,0.497842502696872,0.549045740869163,1,0,0.549045740869163,0,2.74522870434582,2.74522870434582,5
"3","Gwangju","Male","0-4",3583,34093,0.904899670878012,1,0.908036456633624,0.0919635433663756,1,0.0919635433663756,4.77009114158406,60.9350495304094,60.9350495304094
"3","Gwangju","Male","5-9",6813,31394,0.821681890753003,0.908036456633624,1.0247413625554,-0.0247413625554016,0.908036456633624,-0.0224660591870947,4.59634743113586,56.1649583888254,61.8531976095392
"3","Gwangju","Male","10-14",7000,37307,0.842011420317331,0.930502515820719,0.964436743554409,0.0355632564455909,0.930502515820719,0.0330916995933997,4.5697833301201,51.5686109576895,55.420173595345
"3","Gwangju","Male","15-19",9516,41119,0.81206675224647,0.897410816227319,0.84199879435613,0.15800120564387,0.897410816227319,0.141791990921766,4.13257410383218,46.9988276275694,52.3715858754084
"3","Gwangju","Male","20-24",12982,28069,0.683759226328226,0.755618825305554,0.901973738089156,0.0980262619108435,0.755618825305554,0.0740704888741661,3.59291790434235,42.8662535237372,56.729996776355
"3","Gwangju","Male","25-29",16597,26707,0.61673286532422,0.681548336431387,0.853903595762853,0.146096404237147,0.681548336431387,0.0995717612664353,3.15881227899085,39.2733356193949,57.6236981591526
"3","Gwangju","Male","30-34",21935,24403,0.526630411325478,0.581976575164952,0.981943851747214,0.0180561482527856,0.581976575164952,0.0105082553208268,2.88361223752269,36.114523340404,62.0549432426347
"3","Gwangju","Male","35-39",23056,24691,0.51712149454416,0.571468319844125,0.9865029437243,0.0134970562756997,0.571468319844125,0.00771314007271574,2.83805874903884,33.2309111028813,58.1500495284593
"3","Gwangju","Male","40-44",22339,23264,0.510141876630923,0.56375517977141,1.07758792650269,-0.0775879265026882,0.56375517977141,-0.0437405954536139,2.92812738749108,30.3928523538425,53.9114378801205
"3","Gwangju","Male","45-49",19325,23593,0.549722727060907,0.607495775225024,0.936847475077801,0.0631525249221988,0.607495775225024,0.0383648920850288,2.94156664591255,27.4647249663514,45.2097382178142
"3","Gwangju","Male","50-54",16806,17846,0.515006348839894,0.569130883139995,0.900659349051238,0.0993406509487619,0.569130883139995,0.0565378324061708,2.70430983468455,24.5231583204389,43.0887851053528
"3","Gwangju","Male","55-59",17521,15158,0.463845282903394,0.512593050733824,1.14762129984698,-0.147621299846982,0.512593050733824,-0.0756696524418571,2.75213938477376,21.8188484857543,42.5656345799434
"3","Gwangju","Male","60-64",10694,12172,0.532318726493484,0.588262703175681,0.924663688629297,0.0753363113707026,0.588262703175681,0.0443175421742143,2.83051966044287,19.0667091009806,32.4118952264876
"3","Gwangju","Male","65-69",7991,7746,0.492215797165915,0.543945161001467,0.98553332111824,0.0144666788817599,0.543945161001467,0.00786907997349541,2.70005310507359,16.2361894405377,29.8489454537016
"3","Gwangju","Male","70-74",6391,6021,0.485095069287786,0.536076081027971,1.08105446445579,-0.0810544644557853,0.536076081027971,-0.0434513596552784,2.78900880427805,13.5361363354641,25.2504016025252
"3","Gwangju","Male","75-79",3633,4006,0.52441419033905,0.57952744068325,1.33942824980471,-0.339428249804707,0.57952744068325,-0.196707984904916,3.38940716567854,10.747127531186,18.5446396093262
"3","Gwangju","Male","80-84",1035,2443,0.702415181138585,0.776235425588166,0.930496362824022,0.0695036371759783,0.776235425588166,0.053951185383221,3.74629916448278,7.3577203655075,9.47872272118016
"3","Gwangju","Male","85+",583,1100,0.65359477124183,0.722284240204945,1,0,0.722284240204945,0,3.61142120102473,3.61142120102473,5
"3","Gyeongbuk","Female","0-4",3551,48822,0.932197888224849,1,0.887364255544025,0.112635744455975,1,0.112635744455975,4.71841063886006,46.4426973579774,46.4426973579774
"3","Gyeongbuk","Female","5-9",9066,43399,0.827199085104355,0.887364255544025,0.988591543182253,0.0114084568177472,0.887364255544025,0.0101234567909864,4.41151263574266,41.7242867191173,47.0204726620828
"3","Gyeongbuk","Female","10-14",10537,47283,0.817762020062262,0.877240798753039,0.858432436347201,0.141567563652799,0.877240798753039,0.124188842616303,4.07573188722444,37.3127740833747,42.5342438888082
"3","Gyeongbuk","Female","15-19",19180,45181,0.701993443234257,0.753051956136736,0.765507178088281,0.234492821911719,0.753051956136736,0.176585278240643,3.32379658508207,33.2370421961502,44.1364529038089
"3","Gyeongbuk","Female","20-24",31057,36076,0.537381019766732,0.576466677896093,0.89449680838693,0.10550319161307,0.576466677896093,0.0608190743766216,2.73028570353891,29.9132456110682,51.8906760061854
"3","Gyeongbuk","Female","25-29",40963,37916,0.480685607069055,0.515647603519471,0.833624929827127,0.166375070172873,0.515647603519471,0.085790906220026,2.36376075204729,27.1829599075293,52.7161567745031
"3","Gyeongbuk","Female","30-34",71594,47871,0.400711505461851,0.429856697299445,0.883971669336941,0.116028330663059,0.429856697299445,0.0498755550119903,2.02459459896725,24.819199155482,57.7383097934903
"3","Gyeongbuk","Female","35-39",95322,52285,0.354217618405631,0.379981142287455,0.93928940114749,0.0607105988525095,0.379981142287455,0.023068882700932,1.84223350468494,22.7946045565147,59.988778441196
"3","Gyeongbuk","Female","40-44",124034,61844,0.332712854668116,0.356912259586523,0.903334072151913,0.0966659278480875,0.356912259586523,0.0345012547332887,1.69830816109939,20.9523710518298,58.7045428927063
"3","Gyeongbuk","Female","45-49",159480,68528,0.300550857864636,0.322411004853234,0.984466814894876,0.0155331851051238,0.322411004853234,0.00500806981831426,1.59953484972039,19.2540628907304,59.7190002850402
"3","Gyeongbuk","Female","50-54",172932,72669,0.295882345755921,0.31740293503492,1.04172468275377,-0.0417246827537674,0.31740293503492,-0.0132435367694467,1.62012351709822,17.65452804101,55.6218172307313
"3","Gyeongbuk","Female","55-59",166504,74188,0.308227942765028,0.330646471804367,1.08585369711876,-0.0858536971187631,0.330646471804367,-0.0283872220436797,1.72420041413103,16.0344045239118,48.4941044022355
"3","Gyeongbuk","Female","60-64",126808,63792,0.334690451206716,0.359033693848046,1.072094232317,-0.072094232317,0.359033693848046,-0.0258842585339117,1.85987911557501,14.3102041097807,39.857551965129
"3","Gyeongbuk","Female","65-69",94610,52946,0.358819702350294,0.384917952381958,1.17843822040129,-0.17843822040129,0.384917952381958,-0.068684074423545,2.09629994796865,12.4503249942057,32.3453996290907
"3","Gyeongbuk","Female","70-74",71784,52592,0.422846851482601,0.453602026805503,1.08124181908723,-0.0812418190872266,0.453602026805503,-0.036851453799332,2.36013876852585,10.3540250462371,22.8262318825059
"3","Gyeongbuk","Female","75-79",60570,51018,0.457199698892354,0.490453480604835,1.11613425479769,-0.116134254797687,0.490453480604835,-0.0569584494829744,2.59466352673161,7.99388627771123,16.2989694106219
"3","Gyeongbuk","Female","80-84",36218,37741,0.510296245216944,0.547411930087809,0.981757418674583,0.0182425813254171,0.547411930087809,0.00998620665313041,2.71209413380622,5.39922275097962,9.86318064005937
"3","Gyeongbuk","Female","85+",23254,23346,0.500987124463519,0.537425723434679,1,0,0.537425723434679,0,2.6871286171734,2.6871286171734,5
"3","Gyeongbuk","Male","0-4",4885,50951,0.912511641235045,1,0.916327223499245,0.0836727765007549,1,0.0836727765007549,4.79081805874811,49.0236247949615,49.0236247949615
"3","Gyeongbuk","Male","5-9",9547,48723,0.836159258623648,0.916327223499245,0.936014278092432,0.0639857219075676,0.916327223499245,0.0586318588991562,4.43505647024834,44.2328067362134,48.2718461286116
"3","Gyeongbuk","Male","10-14",13497,48603,0.782657004830918,0.857695364600089,0.928208461570939,0.0717915384290606,0.857695364600089,0.0615752697281144,4.13453864868016,39.7977502659651,46.4007990582079
"3","Gyeongbuk","Male","15-19",20880,55455,0.726468854391826,0.796120094871974,0.841615016132397,0.158384983867603,0.796120094871974,0.126093468382972,3.66536680340244,35.6632116172849,44.79627112417
"3","Gyeongbuk","Male","20-24",25747,40510,0.61140709660866,0.670026626489002,0.790199883758813,0.209800116241187,0.670026626489002,0.140571664122083,2.9987039721398,31.9978448138825,47.7560794584448
"3","Gyeongbuk","Male","25-29",45983,42982,0.483133816669477,0.529454962366919,0.88518338581103,0.11481661418897,0.529454962366919,0.0607902261445185,2.4952992464733,28.9991408417427,54.7716857957144
"3","Gyeongbuk","Male","30-34",70488,52670,0.427662027639293,0.468664736222401,0.867111431938335,0.132888568061665,0.468664736222401,0.0622801856975926,2.18762321686802,26.5038415952694,56.5518152888981
"3","Gyeongbuk","Male","35-39",99030,58368,0.370830633171959,0.406384550524808,0.97550553764388,0.0244944623561195,0.406384550524808,0.00995417107493846,2.0070373249367,24.3162183784014,59.8354891862872
"3","Gyeongbuk","Male","40-44",122556,69462,0.361747336187232,0.39643037944987,0.949694809630916,0.0503051903690844,0.39643037944987,0.0199425057063141,1.93229563298356,22.3091810534647,56.2751550081084
"3","Gyeongbuk","Male","45-49",151579,79328,0.343549567574825,0.376487873743556,0.916076417496188,0.0839235825038125,0.376487873743556,0.0315962111338022,1.80344884088327,20.3768854204811,54.1236168322404
"3","Gyeongbuk","Male","50-54",177508,81521,0.31471765709631,0.344891662609753,1.07624555879725,-0.0762455587972473,0.344891662609753,-0.0262964575401923,1.79019945689925,18.5734365795978,53.8529590395282
"3","Gyeongbuk","Male","55-59",162654,83312,0.338713480724978,0.371188120149946,1.01226706988456,-0.0122670698845617,0.371188120149946,-0.00455339061019848,1.86732407727522,16.7832371226986,45.2149091299549
"3","Gyeongbuk","Male","60-64",123958,64677,0.342868502663875,0.375741510760144,1.09961954983694,-0.0996195498369441,0.375741510760144,-0.0374312001569789,1.97228555419317,14.9159130454233,39.6972722424192
"3","Gyeongbuk","Male","65-69",85836,51948,0.377024908552517,0.413172710917123,1.04256536637902,-0.0425653663790166,0.413172710917123,-0.0175868478179989,2.10983067413061,12.9436274912302,31.327401711742
"3","Gyeongbuk","Male","70-74",64435,41731,0.39307311191907,0.430759558735122,1.20887038566368,-0.208870385663679,0.430759558735122,-0.0899729151613213,2.37873008157891,10.8337968170996,25.150450169723
"3","Gyeongbuk","Male","75-79",39036,35343,0.475174444399629,0.520732473896443,1.01462117676938,-0.0146211767693767,0.520732473896443,-0.00761372155039473,2.6226966733582,8.45506673552065,16.2368724044702
"3","Gyeongbuk","Male","80-84",23116,21520,0.482122053947486,0.528346195446838,1.13852233312789,-0.138522333127894,0.528346195446838,-0.073187747692542,2.82470034646555,5.83237006216245,11.0389174984592
"3","Gyeongbuk","Male","85+",8149,9916,0.548906725712704,0.60153394313938,1,0,0.60153394313938,0,3.0076697156969,3.0076697156969,5
"3","Gyeonggi","Female","0-4",23299,252518,0.915527324276604,1,0.924585017143438,0.0754149828565619,1,0.0754149828565619,4.8114625428586,67.3427847504023,67.3427847504023
"3","Gyeonggi","Female","5-9",42498,234331,0.84648284681157,0.924585017143438,0.977750531919637,0.0222494680803625,0.924585017143438,0.0205715248265144,4.5714962736509,62.5313222075437,67.631771062804
"3","Gyeonggi","Female","10-14",44824,215250,0.827649053730861,0.904013492316924,0.977171977011032,0.0228280229889684,0.904013492316924,0.0206368407849483,4.46847535962225,57.9598259338928,64.1138947886119
"3","Gyeonggi","Female","15-19",54664,231169,0.808755462105495,0.883376651531975,0.889129699587256,0.110870300412744,0.883376651531975,0.0979402347329537,4.17203267082749,53.4913505742706,60.5532764325438
"3","Gyeonggi","Female","20-24",74766,191389,0.719088501061412,0.785436416799022,0.95045148396248,0.0495485160375199,0.785436416799022,0.0389172088942185,3.82988906175956,49.3193179034431,62.7922475309201
"3","Gyeonggi","Female","25-29",71689,154787,0.683458732934174,0.746519207904803,0.976584992067058,0.0234150079329424,0.746519207904803,0.0174797531751848,3.68889665658605,45.4894288416835,60.9353762903906
"3","Gyeonggi","Female","30-34",68852,138194,0.667455541280682,0.729039454729618,1.03903005329139,-0.0390300532913928,0.729039454729618,-0.0284544487696249,3.71633339557215,41.8005321850975,57.3364471756885
"3","Gyeonggi","Female","35-39",56469,127773,0.693506366626502,0.757493903499243,0.983361503127245,0.0166384968727549,0.757493903499243,0.012603559944503,3.75596061763496,38.0841987895253,50.2765746543904
"3","Gyeonggi","Female","40-44",58393,125214,0.681967463114151,0.74489034355474,0.969299767007724,0.0307002329922761,0.74489034355474,0.0228683071008271,3.66728095002163,34.3282381718904,46.0849552808945
"3","Gyeonggi","Female","45-49",62171,121241,0.661030903103396,0.722022036453913,0.949997494362769,0.0500025056372314,0.722022036453913,0.0361029109479921,3.51985290489959,30.6609572218687,42.4654036495267
"3","Gyeonggi","Female","50-54",69605,117494,0.627977701644584,0.685919125505921,0.959481604501828,0.0405183954981723,0.685919125505921,0.0277923424070094,3.36011477151208,27.1411043169691,39.5689569042857
"3","Gyeonggi","Female","55-59",70077,106232,0.602533052765315,0.658126783098912,0.959997718747413,0.0400022812525865,0.658126783098912,0.0263265726773827,3.2248174838011,23.7809895454571,36.1343591480655
"3","Gyeonggi","Female","60-64",48795,66951,0.578430356124618,0.631800210421529,1.01717993329877,-0.0171799332987663,0.631800210421529,-0.0108542854731884,3.18613676579062,20.556172061656,32.5358740351497
"3","Gyeonggi","Female","65-69",36378,51997,0.58836775106082,0.642654495894718,1.02814569707238,-0.0281456970723801,0.642654495894718,-0.0180879587636559,3.25849237638273,17.3700352958653,27.0285750847855
"3","Gyeonggi","Female","70-74",30658,46943,0.604927771549336,0.660742454658373,1.04524818475068,-0.0452481847506789,0.660742454658373,-0.0298973966609992,3.37845576494437,14.1115429194826,21.3571003648899
"3","Gyeonggi","Female","75-79",25268,43451,0.632299655117217,0.690639851319373,1.04006332969425,-0.0400633296942483,0.690639851319373,-0.0276693320633947,3.52237258675535,10.7330871545383,15.5407874799495
"3","Gyeonggi","Female","80-84",14488,27829,0.657631684665737,0.718309183382767,1.0051273619762,-0.00512736197619912,0.718309183382767,-0.00368303119403144,3.60075349489891,7.21071456778291,10.0384552148215
"3","Gyeonggi","Female","85+",9039,17625,0.661003600360036,0.721992214576799,1,0,0.721992214576799,0,3.60996107288399,3.60996107288399,5
"3","Gyeonggi","Male","0-4",25900,271243,0.912836580367029,1,0.933646442405698,0.0663535575943018,1,0.0663535575943018,4.83411610601425,71.084759792476,71.084759792476
"3","Gyeonggi","Male","5-9",42372,244442,0.85226662575746,0.933646442405698,0.973300106283722,0.0266998937162783,0.933646442405698,0.0249282607808135,4.60591156007646,66.2506436864617,70.9590276119467
"3","Gyeonggi","Male","10-14",48806,237465,0.829511197431804,0.908718181624885,0.970900305452974,0.029099694547026,0.908718181624885,0.026443421514613,4.47748235433789,61.6447321263853,67.8370185310455
"3","Gyeonggi","Male","15-19",58178,240742,0.805372674963201,0.882274760110272,0.909350121985034,0.0906498780149663,0.882274760110272,0.0799780993796797,4.21142855210216,57.1672497720474,64.7952909419083
"3","Gyeonggi","Male","20-24",64392,176205,0.7323657402212,0.802296660730592,0.951049327212954,0.0489506727870462,0.802296660730592,0.0392729613175631,3.91330090035905,52.9558212199452,66.0052868370688
"3","Gyeonggi","Male","25-29",73004,167549,0.696515944511189,0.763023699413029,1.00848005587498,-0.00848005587498468,0.763023699413029,-0.00647048360496,3.83129470607754,49.0425203195862,64.2739148958454
"3","Gyeonggi","Male","30-34",63190,149158,0.702422438638461,0.769494183017989,1.00591892706393,-0.00591892706392816,0.769494183017989,-0.00455457994540046,3.85885736495345,45.2112256135086,58.7544735376534
"3","Gyeonggi","Male","35-39",54773,131898,0.706580025820829,0.774048762963389,1.05095469120651,-0.0509546912065066,0.774048762963389,-0.039441415695578,3.96884735405589,41.3523682485552,53.4234666175819
"3","Gyeonggi","Male","40-44",47777,137825,0.742583592849215,0.813490178658967,0.97694810242913,0.0230518975708695,0.813490178658967,0.0187524922733548,4.02056966261145,37.3835208944993,45.9544833794131
"3","Gyeonggi","Male","45-49",49526,130874,0.725465631929047,0.794737686385612,0.960087952967183,0.0399120470328168,0.794737686385612,0.0317196079177746,3.89438941213363,33.3629512318878,41.9798278141549
"3","Gyeonggi","Male","50-54",57198,131270,0.696510813506802,0.763018078467838,1.00434415772071,-0.00434415772070817,0.763018078467838,-0.00331467087661597,3.82337706953073,29.4685618197542,38.6210532244897
"3","Gyeonggi","Male","55-59",50830,118342,0.699536566334855,0.766332749344454,0.955870259920085,0.0441297400799148,0.766332749344454,0.0338180650432972,3.74711858411403,25.6451847502235,33.4648163896965
"3","Gyeonggi","Male","60-64",35461,71564,0.668666199486101,0.732514684301157,0.972048469412885,0.0279515305871147,0.732514684301157,0.0204749066037545,3.6113861549964,21.8980661661095,29.8943715879238
"3","Gyeonggi","Male","65-69",29115,54065,0.649975955758596,0.712039777697402,0.961081937810237,0.0389180621897626,0.712039777697402,0.0277112083500122,3.49092086761198,18.2866800111131,25.6821045451261
"3","Gyeonggi","Male","70-74",24642,41014,0.624680151090532,0.68432856934739,1.0508114595655,-0.0508114595654958,0.68432856934739,-0.0347717334309085,3.50857218031422,14.7957591435011,21.6208409326109
"3","Gyeonggi","Male","75-79",16633,31778,0.656421061329037,0.719100302778298,1.09995774023067,-0.0999577402306737,0.719100302778298,-0.071879641264912,3.77520061705377,11.2871869631869,15.6962622871635
"3","Gyeonggi","Male","80-84",6779,17609,0.722035427259308,0.79097994404321,0.932941730942753,0.0670582690572467,0.79097994404321,0.0530417459065355,3.82229535544971,7.51198634613309,9.49706298207065
"3","Gyeonggi","Male","85+",3475,7172,0.673616981309289,0.737938198136675,1,0,0.737938198136675,0,3.68969099068337,3.68969099068337,5
"3","Gyeongnam","Female","0-4",4973,66161,0.93008968988107,1,0.951713183960389,0.0482868160396114,1,0.0482868160396114,4.87928295990097,55.6889087615057,55.6889087615057
"3","Gyeongnam","Female","5-9",8421,64919,0.885178620125443,0.951713183960389,0.967916233920094,0.0320837660799065,0.951713183960389,0.0305345431693481,4.68222956187857,50.8096258016047,53.3875401307033
"3","Gyeongnam","Female","10-14",10733,64207,0.856778756338404,0.92117864079104,0.923388688486868,0.0766113115131325,0.92117864079104,0.0705727038088864,4.42946144443299,46.1273962397261,50.0743223921424
"3","Gyeongnam","Female","15-19",18500,70076,0.791139812138728,0.850605936982154,0.768886677894221,0.231113322105779,0.850605936982154,0.196586363898844,3.76156377516366,41.6979347952931,49.0214481023167
"3","Gyeongnam","Female","20-24",33652,52260,0.608296861905205,0.65401957308331,0.919194954989775,0.0808050450102253,0.65401957308331,0.0528480810405652,3.13797766281514,37.9363710201295,58.004947529754
"3","Gyeongnam","Female","25-29",40576,51463,0.559143406599376,0.601171492042745,0.935708016825617,0.0642919831743826,0.601171492042745,0.0386505074513306,2.9092311915854,34.7983933573143,57.8843039264412
"3","Gyeongnam","Female","30-34",54125,59391,0.523194968110222,0.562520984591414,1.01544357710103,-0.015443577101028,0.562520984591414,-0.00868733619648366,2.83432326344828,31.889162165729,56.6897289865401
"3","Gyeongnam","Female","35-39",60421,68484,0.531274969939102,0.571208320787898,0.965797265841893,0.0342027341581073,0.571208320787898,0.0195368863448073,2.80719938807747,29.0548389022807,50.8655736355587
"3","Gyeongnam","Female","40-44",77973,82170,0.513103913377419,0.55167143444309,0.889700927577198,0.110299072422802,0.55167143444309,0.0608488475012294,2.60623505346238,26.2476395142032,47.5783915487668
"3","Gyeongnam","Female","45-49",106890,89783,0.45650902767538,0.490822586941861,0.929984102673168,0.0700158973268317,0.490822586941861,0.0343653838530113,2.36819947507678,23.6414044607408,48.1669040702505
"3","Gyeongnam","Female","50-54",116267,85777,0.424546138464889,0.45645720308885,0.982357235496705,0.0176427645032947,0.45645720308885,0.00805316693992915,2.26215309809443,21.273204985664,46.6050373215891
"3","Gyeongnam","Female","55-59",118045,84453,0.41705597092317,0.448404036148921,0.981344344280489,0.0186556557195107,0.448404036148921,0.00836527132163328,2.22110700244052,19.0110518875696,42.397147115009
"3","Gyeongnam","Female","60-64",94396,65401,0.409275518313861,0.440038764827287,1.05537601328772,-0.0553760132877199,0.440038764827287,-0.0243675924881877,2.26111280535691,16.7899448851291,38.1556040675622
"3","Gyeongnam","Female","65-69",72113,54833,0.431939564854348,0.464406357315475,1.12496510717789,-0.124965107177889,0.464406357315475,-0.0580345902160215,2.46711826211743,14.5288320797722,31.2847398639348
"3","Gyeongnam","Female","70-74",55084,52066,0.485916938870742,0.522440947531497,1.10860574456424,-0.108605744564235,0.522440947531497,-0.0567400880975029,2.75405495790124,12.0617138176548,23.0872290440588
"3","Gyeongnam","Female","75-79",41260,48181,0.538690309813173,0.579181035629,1.07356053127353,-0.0735605312735279,0.579181035629,-0.0426048646844213,3.00241733985605,9.30765885975352,16.0703791857502
"3","Gyeongnam","Female","80-84",23893,32768,0.578316655194931,0.621785900313421,1.01873796467438,-0.0187379646743813,0.621785900313421,-0.0116510022351012,3.13805700715486,6.30524151989747,10.1405347350579
"3","Gyeongnam","Female","85+",14166,20314,0.58915313225058,0.633436902548522,1,0,0.633436902548522,0,3.16718451274261,3.16718451274261,5
"3","Gyeongnam","Male","0-4",5038,73195,0.935602622934056,1,0.936743642754216,0.0632563572457843,1,0.0632563572457843,4.84185910688554,56.3247920550619,56.3247920550619
"3","Gyeongnam","Male","5-9",9520,67515,0.876419809177647,0.936743642754216,0.973071994647922,0.0269280053520783,0.936743642754216,0.0252246378256108,4.62065661920705,51.4829329481764,54.9594687366184
"3","Gyeongnam","Male","10-14",12032,69718,0.852819571865443,0.911519004928605,0.944944336170797,0.055055663829203,0.911519004928605,0.0501842839092789,4.43213431486983,46.8622763289693,51.4111895370079
"3","Gyeongnam","Male","15-19",17954,74529,0.805867024209855,0.861334721019326,0.836483429465675,0.163516570534325,0.861334721019326,0.14084249966322,3.95456735593858,42.4301420140995,49.2609214265583
"3","Gyeongnam","Male","20-24",27657,57205,0.674094412104358,0.720492221356106,0.854585339976975,0.145414660023025,0.720492221356106,0.104770131417732,3.3405357782362,38.4755746581609,53.4017904950346
"3","Gyeongnam","Male","25-29",39486,53657,0.576071202344782,0.615722089938374,1.00467053355724,-0.00467053355724389,0.615722089938374,-0.00287575068299352,3.08579982639936,35.1350388799247,57.0631449708768
"3","Gyeongnam","Male","30-34",48974,67288,0.578761762226695,0.618597840621368,0.954830096358473,0.0451699036415274,0.618597840621368,0.0279420048537241,3.02313419097253,32.0492390535254,51.8094906722154
"3","Gyeongnam","Male","35-39",58725,72539,0.552619149195514,0.590655835767644,0.975221393520916,0.0247786064790837,0.590655835767644,0.0146356285190607,2.91669010754057,29.0261048625528,49.1421621608617
"3","Gyeongnam","Male","40-44",76512,89431,0.538926016764793,0.576020207248583,0.921524201558629,0.0784757984413714,0.576020207248583,0.0452036456821968,2.76709192203742,26.1094147550123,45.3272548887242
"3","Gyeongnam","Male","45-49",98307,96992,0.496633367298348,0.530816561566386,0.92670136520502,0.07329863479498,0.530816561566386,0.0389081292893816,2.55681248460848,23.3423228329748,43.9743680266757
"3","Gyeongnam","Male","50-54",111546,95109,0.460230819481745,0.491908432277005,1.02722775553038,-0.0272277555303782,0.491908432277005,-0.0133935625373699,2.49302606772845,20.7855103483664,42.254836438058
"3","Gyeongnam","Male","55-59",103345,92667,0.472761871722139,0.505301994814374,0.925034916653526,0.0749650833464743,0.505301994814374,0.0378800061563993,2.43180995868087,18.2924842806379,36.2010925513123
"3","Gyeongnam","Male","60-64",88331,68652,0.437321238605454,0.467421988657975,1.00245032692085,-0.00245032692085045,0.467421988657975,-0.00114533668220609,2.33997328499539,15.860674321957,33.9322383345614
"3","Gyeongnam","Male","65-69",65065,50790,0.438392818609469,0.468567325340181,1.00406312815652,-0.00406312815652221,0.468567325340181,-0.00190384909281599,2.34759624943295,13.5207010369617,28.8554073358521
"3","Gyeongnam","Male","70-74",47471,37325,0.440174064814378,0.470471174432997,1.13309007085042,-0.133090070850417,0.470471174432997,-0.0626150419383665,2.5088934770109,11.1731047875287,23.7487552792035
"3","Gyeongnam","Male","75-79",30039,29890,0.49875686228704,0.533086216371364,1.04417477556744,-0.0441747755674364,0.533086216371364,-0.0235489639662989,2.72430349177257,8.6642113105178,16.2529269083222
"3","Gyeongnam","Male","80-84",14522,15782,0.520789334741288,0.556635180337663,1.08947955586566,-0.0894795558656589,0.556635180337663,-0.049807468715815,2.90769457347785,5.93990781874524,10.6710966689924
"3","Gyeongnam","Male","85+",5248,6883,0.567389333113511,0.606442649053478,1,0,0.606442649053478,0,3.03221324526739,3.03221324526739,5
"3","Incheon","Female","0-4",6545,54515,0.892810350474943,1,0.934582253779201,0.0654177462207989,1,0.0654177462207989,4.836455634448,64.1818328083427,64.1818328083427
"3","Incheon","Female","5-9",9789,49325,0.83440470954427,0.934582253779201,0.949167272547252,0.0508327274527477,0.934582253779201,0.0475073649885328,4.55414285642467,59.3453771738947,63.4993623449599
"3","Incheon","Female","10-14",12371,47102,0.791989642358717,0.887074888790668,0.927554579867833,0.0724454201321674,0.887074888790668,0.0642645130071356,4.2747131614355,54.79123431747,61.7661879620624
"3","Incheon","Female","15-19",20245,56040,0.734613619977715,0.822810375783533,0.927675998609569,0.0723240013904314,0.822810375783533,0.0595089387622296,3.96527953201209,50.5165211560345,61.3950949608887
"3","Incheon","Female","20-24",26728,57186,0.681483423505017,0.763301437021303,0.88805911224039,0.11194088775961,0.763301437021303,0.0854446404883505,3.60289558388564,46.5512416240225,60.9867076966125
"3","Incheon","Female","25-29",27877,42733,0.605197564084407,0.677856796532952,0.97787208909608,0.0221279109039201,0.677856796532952,0.0149995547992979,3.35178509566652,42.9483460401368,63.3590254753003
"3","Incheon","Female","30-34",30975,44908,0.591805806307078,0.662857241733655,1.03282791333898,-0.0328279133389759,0.662857241733655,-0.021760220087745,3.36868675888764,39.5965609444703,59.7361821693437
"3","Incheon","Female","35-39",22578,35498,0.61123355603003,0.6846174618214,0.99907470961501,0.000925290384990451,0.6846174618214,0.000633469954819909,3.42150363421995,36.2278741855827,52.9169590404541
"3","Incheon","Female","40-44",22795,35754,0.610667987497651,0.68398399186658,1.01993793223201,-0.0199379322320123,0.68398399186658,-0.0136372264776172,3.45401302552694,32.8063705513627,47.9636525729714
"3","Incheon","Female","45-49",19981,32997,0.622843444448639,0.697621218344197,0.907970176182495,0.0920298238175051,0.697621218344197,0.0642019578155697,3.32760119718206,29.3523575258358,42.0749208223677
"3","Incheon","Female","50-54",21862,28456,0.565523271990143,0.633419260528627,1.04998195418443,-0.0499819541844326,0.633419260528627,-0.031659532459279,3.24624513379133,26.0247563286537,41.0861461758117
"3","Incheon","Female","55-59",18444,26961,0.593789230260985,0.665078792987906,0.933412630001139,0.0665873699988607,0.665078792987906,0.0442858476670814,3.21467934577183,22.7785111948624,34.2493422358704
"3","Incheon","Female","60-64",14268,17741,0.554250367084258,0.620792945320825,1.02683290865511,-0.0268329086551113,0.620792945320825,-0.0166576803955312,3.14560892759295,19.5638318490906,31.5142625194943
"3","Incheon","Female","65-69",10410,13750,0.569122516556291,0.637450625716356,0.977534298375185,0.0224657016248154,0.637450625716356,0.0143207755578956,3.15145118968704,16.4182229214976,25.7560699749052
"3","Incheon","Female","70-74",7509,9416,0.556336779911374,0.623129850158461,0.992644616617097,0.0073553833829032,0.623129850158461,0.0045833589452465,3.10419085342919,13.2667717318106,21.2905411744227
"3","Incheon","Female","75-79",6792,8377,0.552244709605116,0.618546491213214,1.1099236583744,-0.109923658374402,0.618546491213214,-0.0679928931888065,3.26271468903809,10.1625808783814,16.4297769411779
"3","Incheon","Female","80-84",3240,5131,0.612949468402819,0.68653938440202,1.00669490026963,-0.00669490026962971,0.68653938440202,-0.0045963127097445,3.44418770378446,6.89986618934329,10.0502117520222
"3","Incheon","Female","85+",2048,3300,0.617053103964099,0.691135697111765,1,0,0.691135697111765,0,3.45567848555882,3.45567848555882,5
"3","Incheon","Male","0-4",7848,59777,0.883948243992606,1,0.903074659763748,0.0969253402362515,1,0.0969253402362515,4.75768664940937,67.1631163914541,67.1631163914541
"3","Incheon","Male","5-9",12696,50240,0.798271259692386,0.903074659763748,0.989365718195073,0.0106342818049271,0.903074659763748,0.00960355042281636,4.4913644227617,62.4054297420447,69.103289597751
"3","Incheon","Male","10-14",13340,50118,0.789782218160043,0.893471109340932,0.959554298966025,0.0404457010339753,0.893471109340932,0.0361370653708976,4.37701288327742,57.914065319283,64.8191807365806
"3","Incheon","Male","15-19",19547,61172,0.757838922682392,0.857334043970035,0.87197108813408,0.128028911865919,0.857334043970035,0.109763544755092,4.01226135796244,53.5370524360056,62.4459658549111
"3","Incheon","Male","20-24",25363,49413,0.660813630041725,0.747570499214943,0.97209309314317,0.0279069068568301,0.747570499214943,0.0208623802905054,3.68569654534845,49.5247910780432,66.2476530709162
"3","Incheon","Male","25-29",27032,48555,0.642372365618426,0.726708118924437,0.936264360874358,0.0637356391256422,0.726708118924437,0.0463172064174422,3.51774757857858,45.8390945326947,63.0777245210068
"3","Incheon","Male","30-34",30373,45832,0.601430352339085,0.680390912506995,1.02712094161159,-0.0271209416115892,0.680390912506995,-0.0184528422111581,3.44808666806287,42.3213469541162,62.2015170634441
"3","Incheon","Male","35-39",24588,39735,0.617741709808311,0.698843754718153,0.987108366511503,0.0128916334884966,0.698843754718153,0.00900923755155128,3.47169567971189,38.8732602860533,55.6251093661573
"3","Incheon","Male","40-44",23889,37330,0.609778010094905,0.689834517166602,1.08949549295388,-0.0894954929538843,0.689834517166602,-0.0617370801704298,3.60351528625908,35.4015646063414,51.3189231987816
"3","Incheon","Male","45-49",17051,33749,0.664350393700787,0.751571597337032,0.998046016899699,0.00195398310030126,0.751571597337032,0.00146855819986298,3.7541865911855,31.7980493200823,42.3087426836633
"3","Incheon","Male","50-54",17091,33632,0.663052264258817,0.750103039137169,0.981321481513393,0.0186785184866073,0.750103039137169,0.0140108134833839,3.71548816197738,28.0438627288968,37.3866805834505
"3","Incheon","Male","55-59",15859,29539,0.650667430283272,0.736092225653785,0.990222951379604,0.00977704862039597,0.736092225653785,0.00719680947931253,3.66246910457064,24.3283745669194,33.0507152759444
"3","Incheon","Male","60-64",10891,19728,0.644305823181685,0.728895416174472,0.959399917674057,0.0406000823259434,0.728895416174472,0.0295932139036863,3.57049404611315,20.6659054623488,28.3523603026776
"3","Incheon","Male","65-69",8762,14184,0.618146953717424,0.699302202270786,0.949153115904732,0.0508468840952684,0.699302202270786,0.0355573380264286,3.40761766628786,17.0954114162356,24.4463857838902
"3","Incheon","Male","70-74",6353,9019,0.58671610720791,0.663744864244357,1.04829753750041,-0.048297537500408,0.663744864244357,-0.0320572424715451,3.39886742740065,13.6877937499478,20.6220710506449
"3","Incheon","Male","75-79",3483,5565,0.615053050397878,0.695802106715902,1.23324459507827,-0.233244595078273,0.695802106715902,-0.16229208063556,3.88474073516841,10.2889263225471,14.7871445389977
"3","Incheon","Male","80-84",1213,3810,0.758510850089588,0.858094187351463,0.661768864347392,0.338231135652608,0.858094187351463,0.290234171484787,3.56488550804535,6.40418558737873,7.46326648260544
"3","Incheon","Male","85+",1017,1025,0.501958863858962,0.567860015866676,1,0,0.567860015866676,0,2.83930007933338,2.83930007933338,5
"3","Jeju","Female","0-4",668,13016,0.951183864367144,1,0.947958509245327,0.0520414907546731,1,0.0520414907546731,4.86989627311332,69.9509694608463,69.9509694608463
"3","Jeju","Female","5-9",1297,11895,0.901682838083687,0.947958509245327,0.995366397759022,0.00463360224097775,0.947958509245327,0.00439246267279308,4.72881138954465,65.081073187733,68.6539258343113
"3","Jeju","Female","10-14",1602,14028,0.897504798464491,0.943566046572534,0.984246491640705,0.0157535083592948,0.943566046572534,0.0148644756022271,4.6806690438571,60.3522617981883,63.9618837678777
"3","Jeju","Female","15-19",2086,15799,0.883365949119374,0.928701570970307,0.83260079560349,0.16739920439651,0.928701570970307,0.155463904102218,4.25484809459599,55.6715927543312,59.9456213863896
"3","Jeju","Female","20-24",4895,13611,0.735491192045823,0.773237666868089,0.871846976948941,0.128153023051059,0.773237666868089,0.0990927445460935,3.61845647297521,51.4167446597352,66.4953957403458
"3","Jeju","Female","25-29",5516,9859,0.641235772357724,0.674144922321995,0.971212968937384,0.0287870310626165,0.674144922321995,0.0194066308195885,3.322208034561,47.79828818676,70.9020962764589
"3","Jeju","Female","30-34",7698,12709,0.622776498260401,0.654738291502407,1.01496906297556,-0.0149690629755581,0.654738291502407,-0.00980081871800885,3.29819350430706,44.476080152199,67.929554036226
"3","Jeju","Female","35-39",8007,13757,0.632098878882558,0.664539110220416,1.00285257160846,-0.00285257160846197,0.664539110220416,-0.00189564539852734,3.3274346645984,41.1778866478919,61.9645796832544
"3","Jeju","Female","40-44",10451,18096,0.6339019861982,0.666434755618943,1.02256230062053,-0.0225623006205291,0.666434755618943,-0.0150363013002434,3.36976453134532,37.8504519832935,56.7954352082679
"3","Jeju","Female","45-49",9286,17110,0.648204273374754,0.681471056919186,0.95887579627555,0.0411242037244498,0.681471056919186,0.0280249545770608,3.33729289815328,34.4806874519482,50.5974349194366
"3","Jeju","Female","50-54",9783,16067,0.621547388781431,0.653446102342126,1.1127822784153,-0.112782278415297,0.653446102342126,-0.0736971402437403,3.45147336231998,31.1433945537949,47.660234627108
"3","Jeju","Female","55-59",6246,14010,0.69164691943128,0.727143242585866,0.992299507890828,0.00770049210917212,0.727143242585866,0.00559936080177029,3.6217178109249,27.691921191475,38.0831720212334
"3","Jeju","Female","60-64",5171,11314,0.686320897785866,0.721543881784096,1.00633752646083,-0.00633752646082786,0.721543881784096,-0.00457280344345515,3.61915141752912,24.0702033805501,33.3593063266421
"3","Jeju","Female","65-69",4549,10157,0.690670474636203,0.726116685227551,1.0648012532183,-0.0648012532182964,0.726116685227551,-0.0470532711854606,3.74821660410141,20.4510519630209,28.1649662913502
"3","Jeju","Female","70-74",3050,8478,0.735426786953504,0.773169956413011,1.06908689660529,-0.0690868966052889,0.773169956413011,-0.0534159128370214,3.99938956415761,16.7028353589195,21.6030579310265
"3","Jeju","Female","75-79",2140,7871,0.786235141344521,0.826585869250033,1.04647342099051,-0.0464734209905056,0.826585869250033,-0.0384142730864597,4.22896502896631,12.7034457947619,15.3685736320267
"3","Jeju","Female","80-84",1477,6857,0.822774178065755,0.865000142336493,0.9729447971195,0.0270552028804998,0.865000142336493,0.023402754342575,4.26649382582602,8.47448076579561,9.79708597839625
"3","Jeju","Female","85+",1087,4362,0.800513855753349,0.841597387993918,1,0,0.841597387993918,0,4.20798693996959,4.20798693996959,5
"3","Jeju","Male","0-4",992,13171,0.929958342159147,1,0.96527734005861,0.0347226599413902,1,0.0347226599413902,4.91319335014652,72.244002620109,72.244002620109
"3","Jeju","Male","5-9",1562,13702,0.897667714884696,0.96527734005861,1.01369327784423,-0.0136932778442256,0.96527734005861,-0.0132178108141576,4.85943122732844,67.3308092699625,69.7528124568575
"3","Jeju","Male","10-14",1498,15139,0.909959728316403,0.978495150872767,0.946457790964076,0.0535422090359238,0.978495150872767,0.0523907919086675,4.76149877459217,62.471378042634,63.8443409626637
"3","Jeju","Male","15-19",2754,17093,0.861238474328614,0.9261043589641,0.832940591928101,0.167059408071899,0.9261043589641,0.154714446021348,4.24373567976713,57.7098792680419,62.314661095639
"3","Jeju","Male","20-24",4386,11132,0.717360484598531,0.771389912942752,0.997013968440187,0.00298603155981281,0.771389912942752,0.00230339462496831,3.85119107815134,53.4661435882747,69.3114373045252
"3","Jeju","Male","25-29",4798,12050,0.715218423551757,0.769086518317784,0.925802267090104,0.074197732909896,0.769086518317784,0.0570644760707447,3.70277140141206,49.6149525101234,64.5115358654911
"3","Jeju","Male","30-34",7257,14223,0.662150837988827,0.712022042247039,1.06949522274817,-0.0694952227481698,0.712022042247039,-0.0494821304275647,3.68381553730411,45.9121811087113,64.4814042045933
"3","Jeju","Male","35-39",6732,16336,0.708167157967748,0.761504172674604,0.97463026399477,0.0253697360052298,0.761504172674604,0.0193191598276357,3.75922296380393,42.2283655714072,55.4538859886874
"3","Jeju","Male","40-44",8394,18701,0.690201144122532,0.742185012846968,1.00485858513135,-0.00485858513135451,0.742185012846968,-0.00360596906813244,3.71993998690517,38.4691426076033,51.8322816302076
"3","Jeju","Male","45-49",8829,19982,0.693554545139009,0.745790981915101,1.01731528859558,-0.0173152885955761,0.745790981915101,-0.012913586083838,3.7612388747851,34.7492026206981,46.5937554399845
"3","Jeju","Male","50-54",7282,17450,0.705563642244865,0.758704567998939,1.04072184995991,-0.040721849959908,0.758704567998939,-0.0308958535819496,3.87076247394957,30.987963745913,40.843254479992
"3","Jeju","Male","55-59",5431,15009,0.734295499021526,0.789600421580888,0.953997097354154,0.0460029026458464,0.789600421580888,0.0363239113231049,3.85719232959668,27.1172012719635,34.3429417345942
"3","Jeju","Male","60-64",4471,10458,0.700515774666756,0.753276510257783,1.09441522713767,-0.0944152271376726,0.753276510257783,-0.071120772813462,3.94418448332257,23.2600089423668,30.8784471912005
"3","Jeju","Male","65-69",2697,8861,0.76665513064544,0.824397283071245,1.02891270382949,-0.0289127038294896,0.824397283071245,-0.0238355544832748,4.18157530156441,19.3158244590442,23.4302378909889
"3","Jeju","Male","70-74",1976,7381,0.788821203377151,0.84823283755452,0.98662640048545,0.0133735995145504,0.84823283755452,0.0113439262645449,4.21280437211124,15.1342491574798,17.8420929813473
"3","Jeju","Male","75-79",1496,5251,0.778271824514599,0.836888911289975,0.900442987395613,0.0995570126043873,0.836888911289975,0.0833181598897681,3.97614915672546,10.9214447853686,13.0500531648033
"3","Jeju","Male","80-84",1175,2752,0.70078940667176,0.753570751400207,0.895535243945896,0.104464756054104,0.753570751400207,0.0787215847145302,3.57104979521471,6.9452956286431,9.21651432959422
"3","Jeju","Male","85+",559,942,0.627581612258494,0.674849166685677,1,0,0.674849166685677,0,3.37424583342839,3.37424583342839,5
"3","Jeonbuk","Female","0-4",2897,35280,0.924116614715667,1,0.955809547162969,0.0441904528370314,1,0.0441904528370314,4.88952386790742,50.112144007244,50.112144007244
"3","Jeonbuk","Female","5-9",4335,32805,0.883279483037157,0.955809547162969,0.956726982737679,0.0432730172623209,0.955809547162969,0.0413607630338743,4.67564582823016,45.2226201393366,47.3134216681202
"3","Jeonbuk","Female","10-14",6826,37229,0.845057314720236,0.914448784129094,0.884891108831153,0.115108891168847,0.914448784129094,0.1052611855718,4.30909095671597,40.5469743111064,44.3403447134797
"3","Jeonbuk","Female","15-19",13713,40657,0.747783704248667,0.809187598557294,0.826438523411168,0.173561476588832,0.809187598557294,0.140443794442975,3.69482850667903,36.2378833543904,44.7830434116875
"3","Jeonbuk","Female","20-24",21752,35190,0.617997260370201,0.668743804114319,0.864622657568761,0.135377342431239,0.668743804114319,0.0905327589683536,3.11738712315071,32.5430548477114,48.6629627781169
"3","Jeonbuk","Female","25-29",27227,31242,0.534334433631497,0.578211045145965,0.826080458261696,0.173919541738304,0.578211045145965,0.100562199999812,2.6396497257303,29.4256677245607,50.8908779442848
"3","Jeonbuk","Female","30-34",48470,38301,0.441403233799311,0.477648845146153,0.81042620777181,0.18957379222819,0.477648845146153,0.0905497029277718,2.16186996841134,26.7860179988304,56.0788919957176
"3","Jeonbuk","Female","35-39",75766,42199,0.357724748866189,0.387099142218382,1.02391575693285,-0.0239157569328463,0.387099142218382,-0.00925776899420812,1.95864013357743,24.624148030419,63.6119932720682
"3","Jeonbuk","Female","40-44",90416,52259,0.366280007008936,0.39635691121259,0.849621387451212,0.150378612548788,0.39635691121259,0.0596036023822723,1.83277555010727,22.6655078968416,57.184591098715
"3","Jeonbuk","Female","45-49",118856,53699,0.311199327750572,0.336753308830317,1.00336708665463,-0.00336708665463314,0.336753308830317,-0.00113387757206612,1.68660123808175,20.8327323467344,61.8634822597438
"3","Jeonbuk","Female","50-54",115266,52332,0.312247162853972,0.337887186402384,1.0548527470084,-0.0548527470084041,0.337887186402384,-0.0185340403531114,1.7357710328947,19.1461311086526,56.6642710323197
"3","Jeonbuk","Female","55-59",111134,54583,0.329374777482093,0.356421226755495,1.04475872833591,-0.0447587283359112,0.356421226755495,-0.0159529608615014,1.82198853593123,17.4103600757579,48.8477081857457
"3","Jeonbuk","Female","60-64",81500,42760,0.344117173668115,0.372374187616996,1.1385778310461,-0.138577831046102,0.372374187616996,-0.0516028072575175,1.99087795622878,15.5883715398267,41.8621162749874
"3","Jeonbuk","Female","65-69",62691,40386,0.391804185220757,0.423976994874514,1.13693437670877,-0.136934376708774,0.423976994874514,-0.0580570255320007,2.26502753820257,13.5974935835979,32.0713004431347
"3","Jeonbuk","Female","70-74",45761,36759,0.445455647115851,0.482034020406515,1.13451860431807,-0.134518604318065,0.482034020406515,-0.06484254365891,2.57227646117985,11.3324660453953,23.5096809885707
"3","Jeonbuk","Female","75-79",34813,35570,0.505377719051476,0.546876564065425,1.1197939999906,-0.119793999990597,0.546876564065425,-0.0655125311105112,2.8981641481034,8.76018958421548,16.0185865693222
"3","Jeonbuk","Female","80-84",21441,27953,0.565918937522776,0.612389095175936,0.942984938233963,0.0570150617660373,0.612389095175936,0.0349154020863037,2.97465697066392,5.86202543611208,9.57238703675472
"3","Jeonbuk","Female","85+",13809,15802,0.533653034345345,0.577473693089632,1,0,0.577473693089632,0,2.88736846544816,2.88736846544816,5
"3","Jeonbuk","Male","0-4",3048,34242,0.918262268704747,1,0.955834205397502,0.0441657946024983,1,0.0441657946024983,4.88958551349375,53.3982582681227,53.3982582681227
"3","Jeonbuk","Male","5-9",5089,36524,0.877706485953909,0.955834205397502,0.963373744732728,0.0366262552672719,0.955834205397502,0.0350086276000789,4.69164945798731,48.5086727546289,50.7500908428525
"3","Jeonbuk","Male","10-14",7754,42453,0.845559384149621,0.920825577797423,0.947068648272845,0.0529313517271546,0.920825577797423,0.0487405425377557,4.48227653264273,43.8170232966416,47.5844984687004
"3","Jeonbuk","Male","15-19",11166,44889,0.800802782981001,0.872085035259667,0.839916415208222,0.160083584791778,0.872085035259667,0.139606498687632,4.01140892957926,39.3347467639989,45.1042560915941
"3","Jeonbuk","Male","20-24",16735,34381,0.67260740277017,0.732478536572035,0.813012040637183,0.186987959362817,0.732478536572035,0.136964666830667,3.31998101578351,35.3233378344196,48.224399857136
"3","Jeonbuk","Male","25-29",29214,35253,0.546837917073852,0.595513869741368,0.833482864843134,0.166517135156866,0.595513869741368,0.0991632635355116,2.72966118986806,32.0033568186361,53.7407413072263
"3","Jeonbuk","Male","30-34",48730,40811,0.455780033727566,0.496350606205857,0.911422746328416,0.0885772536715839,0.496350606205857,0.0439653735559406,2.37183959713943,29.2736956287681,58.9778581163394
"3","Jeonbuk","Male","35-39",71039,50480,0.415408290061636,0.452385232649916,0.906556325803777,0.093443674196223,0.452385232649916,0.0422725382909213,2.15624481752228,26.9018560316286,59.4666980485788
"3","Jeonbuk","Male","40-44",95313,57577,0.376591013146707,0.410112694358995,0.926002432223157,0.0739975677768426,0.410112694358995,0.0303473418969733,1.97469511705254,24.7456112141064,60.3385643860249
"3","Jeonbuk","Male","45-49",110698,59273,0.348724194127233,0.379765352462021,0.993443375961454,0.00655662403854573,0.379765352462021,0.00248997863895928,1.89260181571271,22.7709160970538,59.9604886265422
"3","Jeonbuk","Male","50-54",109971,58293,0.346437740693196,0.377275373823062,1.04593152559983,-0.0459315255998258,0.377275373823062,-0.0173288334909378,1.92969895284266,20.8783142813411,55.3397219377822
"3","Jeonbuk","Male","55-59",101225,57522,0.362350154648592,0.394604207314,1.06204455027544,-0.0620445502754414,0.394604207314,-0.0244830405795942,2.03422863801899,18.9486153284985,48.0192937056558
"3","Jeonbuk","Male","60-64",72743,45506,0.384832007036,0.419087247893594,1.07758823344062,-0.0775882334406186,0.419087247893594,-0.0325162392215546,2.17672683752186,16.9143866904795,40.3600605255687
"3","Jeonbuk","Male","65-69",57310,40604,0.414690442633331,0.451603487115149,1.05740790098714,-0.0574079009871422,0.451603487115149,-0.0259256082737546,2.32283145626013,14.7376598529576,32.6340700934398
"3","Jeonbuk","Male","70-74",38299,29909,0.43849695050434,0.477529095388903,1.1364911571305,-0.136491157130505,0.477529095388903,-0.0651784987931147,2.5505917239273,12.4148283966975,25.9980564882371
"3","Jeonbuk","Male","75-79",24899,24735,0.498347906676875,0.542707594182018,1.15029230654205,-0.150292306542049,0.542707594182018,-0.081564776107502,2.91744991117884,9.86423667277018,18.175969488022
"3","Jeonbuk","Male","80-84",11306,15187,0.573245763031744,0.62427237028952,1.15037518711469,-0.15037518711469,0.62427237028952,-0.0938750744928177,3.35604953767964,6.94678676159133,11.1278139033602
"3","Jeonbuk","Male","85+",3601,6973,0.659447701910346,0.718147444782338,1,0,0.718147444782338,0,3.59073722391169,3.59073722391169,5
"3","Jeonnam","Female","0-4",2219,32655,0.936370935367322,1,0.936190398889936,0.0638096011100644,1,0.0638096011100644,4.84047599722484,41.8660432967638,41.8660432967638
"3","Jeonnam","Female","5-9",4223,30005,0.876621479490476,0.936190398889936,0.926352554522163,0.0736474454778371,0.936190398889936,0.0689480313591211,4.50858191605188,37.0255672995389,39.549185019886
"3","Jeonnam","Female","10-14",7698,33262,0.812060546875,0.867242367530815,0.861226910837998,0.138773089162002,0.867242367530815,0.120349902394419,4.03533708166802,32.5169853834871,37.4946919118682
"3","Jeonnam","Female","15-19",15279,35544,0.699368396198571,0.746892465136395,0.675852630404135,0.324147369595865,0.746892465136395,0.242103227944934,3.12920425581964,28.481648301819,38.1335327792038
"3","Jeonnam","Female","20-24",27775,24896,0.472669970192326,0.504789237191461,0.82711578567028,0.17288421432972,0.504789237191461,0.0872700906739445,2.30577095927245,25.3524440459994,50.2238205137949
"3","Jeonnam","Female","25-29",38641,24804,0.390952793758373,0.417519146517517,0.756780771298736,0.243219228701264,0.417519146517517,0.101548684784,1.83372402062758,23.0466730867269,55.1990807582282
"3","Jeonnam","Female","30-34",71564,30070,0.295865556801858,0.315970461733517,0.879130883654171,0.120869116345829,0.315970461733517,0.0381910705011137,1.4843746324148,21.2129490660994,67.1358612122103
"3","Jeonnam","Female","35-39",109836,38612,0.26010454839405,0.277779391232403,0.867200058533659,0.132799941466341,0.277779391232403,0.0368890868962189,1.29667423892147,19.7285744336846,71.0224554318313
"3","Jeonnam","Female","40-44",151466,44116,0.225562679592192,0.240890304336184,0.907406457268704,0.0925935427312964,0.240890304336184,0.0223048866881074,1.14868930496065,18.4319001947631,76.515741243947
"3","Jeonnam","Female","45-49",188754,48576,0.204677031980786,0.218585417648077,1.04136371516465,-0.0413637151646509,0.218585417648077,-0.00904150495474129,1.11553085062724,17.2832108898024,79.0684533111376
"3","Jeonnam","Female","50-54",190679,51651,0.213143234432386,0.227626922602818,1.13551979180613,-0.135519791806131,0.227626922602818,-0.0308479531606041,1.2152544959156,16.1676800391752,71.0270993180623
"3","Jeonnam","Female","55-59",172434,55060,0.242028361187548,0.258474875763422,1.10492535435024,-0.10492535435024,0.258474875763422,-0.0271205679301113,1.36017579864239,14.9524255432596,57.8486613025606
"3","Jeonnam","Female","60-64",128776,47009,0.267423272747959,0.285595443693533,1.18064133254179,-0.180641332541793,0.285595443693533,-0.0515903415166643,1.55695307225933,13.5922497446172,47.592670137983
"3","Jeonnam","Female","65-69",102186,47150,0.315730969089838,0.337185785210197,1.19740404475428,-0.197404044754278,0.337185785210197,-0.0665618378341403,1.85233352063634,12.0352966723579,35.6933690572254
"3","Jeonnam","Female","70-74",77068,46847,0.37805753944236,0.403747623044338,1.2627111312728,-0.262711131272797,0.403747623044338,-0.106068994798681,2.28391060221839,10.1829631517216,25.2211098481274
"3","Jeonnam","Female","75-79",52961,48376,0.477377463315472,0.509816617843019,1.05277150063886,-0.0527715006388589,0.509816617843019,-0.0269037879742038,2.6163425591506,7.89905254950317,15.4939095216693
"3","Jeonnam","Female","80-84",33299,33643,0.502569388425801,0.536720405817222,0.979009786870067,0.020990213129933,0.536720405817222,0.0112658757092876,2.65543733981289,5.28270999035257,9.8425734015255
"3","Jeonnam","Female","85+",21867,21180,0.492020349850164,0.525454530107935,1,0,0.525454530107935,0,2.62727265053967,2.62727265053967,5
"3","Jeonnam","Male","0-4",3129,34366,0.916548873183091,1,0.942240000529393,0.0577599994706065,1,0.0577599994706065,4.85560000132348,44.815634597783,44.815634597783
"3","Jeonnam","Male","5-9",5213,33008,0.863609010753251,0.942240000529393,0.950533896919924,0.0494661030800762,0.942240000529393,0.046608940992358,4.59467765016607,39.9600345964595,42.4096138712092
"3","Jeonnam","Male","10-14",8178,37481,0.820889638406448,0.895631059537035,0.867849453457517,0.132150546542483,0.895631059537035,0.118358134018243,4.18225996263957,35.3653569462935,39.4865235743101
"3","Jeonnam","Male","15-19",15540,38495,0.712408624039974,0.777272925518793,0.788409258699409,0.211590741300591,0.777272925518793,0.164463754503401,3.47520524133546,31.1830969836539,40.1185940740708
"3","Jeonnam","Male","20-24",21245,27223,0.561669555170422,0.612809171015392,0.737765224797418,0.262234775202582,0.612809171015392,0.160699875203302,2.6622961670687,27.7078917423184,45.2145513690794
"3","Jeonnam","Male","25-29",39551,27986,0.414380265632172,0.45210929581209,0.815168545431672,0.184831454568328,0.45210929581209,0.0835640187688112,2.05163643213842,25.0455955752497,55.397214362209
"3","Jeonnam","Male","30-34",72961,37217,0.337789758390967,0.368545277043279,0.905517400756948,0.0944825992430519,0.368545277043279,0.0348211157137997,1.7556735959319,22.9939591431113,62.3911377391252
"3","Jeonnam","Male","35-39",98840,43555,0.305874504020506,0.333724161329479,0.897635967552016,0.102364032447984,0.333724161329479,0.0341613508790071,1.58321742944988,21.2382855471794,63.6402394797279
"3","Jeonnam","Male","40-44",146570,55474,0.27456395636594,0.299562810450472,0.92587136399378,0.0741286360062202,0.299562810450472,0.0222061825368834,1.44229859591015,19.6550681177295,65.6125107391432
"3","Jeonnam","Male","45-49",176312,60098,0.254210904784062,0.277356627913589,0.982978710327583,0.0170212896724167,0.277356627913589,0.00472096750628188,1.37498072080224,18.2127695218194,65.6655283806436
"3","Jeonnam","Male","50-54",185764,61883,0.249883907335845,0.272635660407307,1.0691140323723,-0.0691140323723032,0.272635660407307,-0.0188429498592349,1.41028567668462,16.8377888010171,61.7593046187066
"3","Jeonnam","Male","55-59",161377,58829,0.267154391796772,0.291478610266542,1.07783685983288,-0.077836859832882,0.291478610266542,-0.0226877797316001,1.51411250066171,15.4275031243325,52.9284228102531
"3","Jeonnam","Male","60-64",115489,46703,0.287948850744796,0.314166389998142,1.10632309175112,-0.106323091751124,0.314166389998142,-0.0334031419088917,1.65433980476294,13.9133906236708,44.2866935057983
"3","Jeonnam","Male","65-69",91957,42989,0.318564462822166,0.347569531907033,1.12217709173497,-0.122177091734969,0.347569531907033,-0.042465034584086,1.84401024599538,12.2590508189079,35.2707866873293
"3","Jeonnam","Male","70-74",62640,34852,0.357485742419891,0.390034566491119,1.30701642743866,-0.307016427438662,0.390034566491119,-0.119747019181691,2.24954038040982,10.4150405729125,26.7028655091
"3","Jeonnam","Male","75-79",38054,33374,0.467239737917903,0.50978158567281,1.01336323939755,-0.0133632393975482,0.50978158567281,-0.00681233336980751,2.56593876178857,8.16550019250265,16.017644461845
"3","Jeonnam","Male","80-84",18784,16892,0.473483574391748,0.516593919042617,1.11191827192276,-0.111918271922757,0.516593919042617,-0.0578162987050545,2.72751034197572,5.59956143071408,10.8393870394207
"3","Jeonnam","Male","85+",6886,7656,0.526475037821483,0.574410217747672,1,0,0.574410217747672,0,2.87205108873836,2.87205108873836,5
"3","Sejong","Female","0-4",475,2290,0.828209764918626,1,0.976866980922911,0.0231330190770891,1,0.0231330190770891,4.94216745230728,44.3915807622695,44.3915807622695
"3","Sejong","Female","5-9",346,1466,0.809050772626932,0.976866980922911,1.01201774495732,-0.0120177449573218,0.976866980922911,-0.0117397382339605,4.91368425019946,39.4494133099622,40.3836080862225
"3","Sejong","Female","10-14",334,1509,0.818773738469886,0.988606719156871,0.748803753039413,0.251196246960587,0.988606719156871,0.248334297572225,4.32219785185379,34.5357290597627,34.9337389586188
"3","Sejong","Female","15-19",821,1301,0.613100848256362,0.740272421584647,0.693373300379019,0.306626699620981,0.740272421584647,0.226987289450932,3.1338938842959,30.2135312079089,40.8140710459442
"3","Sejong","Female","20-24",1067,789,0.42510775862069,0.513285132133715,1.14127720378591,-0.141277203785913,0.513285132133715,-0.0725154882127342,2.74771438120041,27.079637323613,52.7574940872407
"3","Sejong","Female","25-29",1180,1112,0.485165794066318,0.585800620346449,0.745212323912105,0.254787676087895,0.585800620346449,0.149254778708919,2.55586615495995,24.3319229424126,41.5361850044174
"3","Sejong","Female","30-34",2255,1277,0.361551528878822,0.43654584163753,0.923284794111922,0.0767152058880776,0.43654584163753,0.0334897041208072,2.09900494788563,21.7760567874527,49.882634789896
"3","Sejong","Female","35-39",2766,1386,0.333815028901734,0.403056137516723,0.691909120719841,0.308090879280159,0.403056137516723,0.124177919806792,1.70483588806663,19.677051839567,48.8196308355449
"3","Sejong","Female","40-44",4132,1241,0.230969663130467,0.278878217709931,0.793768731373767,0.206231268626233,0.278878217709931,0.0575134086305417,1.2506075669733,17.9722159515004,64.4446744499558
"3","Sejong","Female","45-49",4303,966,0.183336496488897,0.221364809079389,1.07165542813336,-0.0716554281333603,0.221364809079389,-0.0158619901682432,1.14647902081755,16.7216083845271,75.538693137671
"3","Sejong","Female","50-54",4785,1170,0.19647355163728,0.237226799247632,1.26215109386787,-0.262151093867874,0.237226799247632,-0.0621892649175413,1.34160715853201,15.5751293637095,65.6550162675813
"3","Sejong","Female","55-59",4652,1534,0.247979308115099,0.299416064165174,0.992985243799197,0.00701475620080338,0.299416064165174,0.0021003306927228,1.49182949409406,14.2335222051775,47.5376037183014
"3","Sejong","Female","60-64",3508,1146,0.246239793725827,0.297315733472451,0.9666634892952,0.0333365107047999,0.297315733472451,0.0099114691316098,1.46179999453323,12.7416927110835,42.8557633404359
"3","Sejong","Female","65-69",3390,1059,0.238031018206339,0.287404264340841,0.966394844735675,0.033605155264325,0.287404264340841,0.00965826492680305,1.4128756593872,11.2798927165502,39.2474786079482
"3","Sejong","Female","70-74",2892,864,0.230031948881789,0.277745999414038,1.56692169642014,-0.566921696420138,0.277745999414038,-0.157460233161713,1.78238057997447,9.86701705716304,35.5253255779724
"3","Sejong","Female","75-79",2257,1272,0.360442051572683,0.435206232575751,1.37593200131977,-0.375932001319768,0.435206232575751,-0.163607949999039,2.58505103787635,8.08463647718857,18.5765641023566
"3","Sejong","Female","80-84",932,917,0.495943753380206,0.59881418257479,0.89121691933771,0.10878308066229,0.59881418257479,0.0651408515247569,2.83121878406206,5.49958543931222,9.18412689503282
"3","Sejong","Female","85+",683,541,0.441993464052288,0.533673331050033,1,0,0.533673331050033,0,2.66836665525016,2.66836665525016,5
"3","Sejong","Male","0-4",141,2358,0.943577430972389,1,0.755644919536898,0.244355080463102,1,0.244355080463102,4.38911229884225,44.880807203629,44.880807203629
"3","Sejong","Male","5-9",514,1277,0.713009491903964,0.755644919536898,0.998242006116,0.00175799388399944,0.755644919536898,0.00132841914702112,3.77490354981694,40.4916949047867,53.585611254559
"3","Sejong","Male","10-14",586,1447,0.711756025577964,0.754316500389877,1.02970038987483,-0.0297003898748294,0.754316500389877,-0.0224034941505962,3.82759123732588,36.7167913549698,48.6755776070022
"3","Sejong","Male","15-19",488,1339,0.732895457033388,0.776719994540474,0.659134830815189,0.340865169184811,0.776719994540474,0.264756792348264,3.22170799183171,32.8892001176439,42.3437021691478
"3","Sejong","Male","20-24",840,785,0.483076923076923,0.51196320219221,1.07682984780514,-0.0768298478051417,0.51196320219221,-0.0393340549062605,2.6581511482267,29.6674921258122,57.9484853574964
"3","Sejong","Male","25-29",1402,1520,0.520191649555099,0.55129725709847,0.679776421462515,0.320223578537485,0.55129725709847,0.176538380505972,2.31514033422742,27.0093409775855,48.9923369467467
"3","Sejong","Male","30-34",2656,1453,0.353614018009248,0.374758876592498,0.981737464966566,0.0182625350334344,0.374758876592498,0.00684404711286103,1.85668426518034,24.6942006433581,65.8935710019481
"3","Sejong","Male","35-39",2881,1532,0.347156129617041,0.367914829479637,0.917857950599077,0.0821420494009231,0.367914829479637,0.0302212780984485,1.76402095215206,22.8375163781778,62.0728346570812
"3","Sejong","Male","40-44",3988,1865,0.318640013668204,0.337693551381189,0.869347034622201,0.130652965377799,0.337693551381189,0.0441206638769123,1.57816609721366,21.0734954260257,62.4041985398706
"3","Sejong","Male","45-49",4544,1741,0.277008750994431,0.293572887504276,1.08857551516951,-0.0885755151695073,0.293572887504276,-0.0260033697504911,1.53287286189761,19.495329328812,66.4071178184942
"3","Sejong","Male","50-54",4973,2147,0.301544943820225,0.319576257254767,1.01009051876399,-0.0100905187639939,0.319576257254767,-0.00322469022035618,1.60594301182473,17.9624564669144,56.2071056880633
"3","Sejong","Male","55-59",4790,2098,0.30458768873403,0.322800947475124,0.91659185082389,0.0834081491761103,0.322800947475124,0.0269242295811949,1.54669416342263,16.3565134550897,50.6705868834236
"3","Sejong","Male","60-64",4903,1899,0.279182593354896,0.295876717893929,1.31130207951902,-0.311302079519022,0.295876717893929,-0.092107037561643,1.70965118337375,14.8098192916671,50.0540204619153
"3","Sejong","Male","65-69",2393,1382,0.366092715231788,0.387983755455572,0.816143031800207,0.183856968199793,0.387983755455572,0.0713335169888312,1.76158498480578,13.1001681082933,33.7647335077497
"3","Sejong","Male","70-74",2422,1032,0.298784018529241,0.316650238466741,1.49786282223661,-0.497862822236608,0.316650238466741,-0.157648381384947,1.97737214579607,11.3385831234875,35.8079096304817
"3","Sejong","Male","75-79",1290,1045,0.447537473233405,0.474298619851687,1.21879077859939,-0.218790778599391,0.474298619851687,-0.103772164325967,2.63092351007335,9.36121097769146,19.7369559722074
"3","Sejong","Male","80-84",475,570,0.545454545454545,0.578070784177654,1.21902268760908,-0.219022687609075,0.578070784177654,-0.126610616778875,3.20688046283546,6.73028746761811,11.6426701570681
"3","Sejong","Male","85+",192,381,0.664921465968586,0.70468140095653,1,0,0.70468140095653,0,3.52340700478265,3.52340700478265,5
"3","Seoul","Female","0-4",34846,172538,0.831973537013463,1,0.859455236632409,0.140544763367591,1,0.140544763367591,4.64863809158102,60.6804866441613,60.6804866441613
"3","Seoul","Female","5-9",60179,151008,0.715044013125808,0.859455236632409,0.936858967671369,0.0631410323286307,0.859455236632409,0.0542668908812178,4.161608955959,56.0318485525803,65.1946095204784
"3","Seoul","Female","10-14",77600,157477,0.669895395976637,0.805188345751191,0.977758639086917,0.0222413609130827,0.805188345751191,0.0179084846008603,3.9811705172538,51.8702395966213,64.4200079029082
"3","Seoul","Female","15-19",102914,195384,0.654996010700709,0.787279861150331,0.922853706584079,0.0771462934159209,0.787279861150331,0.0607357231687489,3.78455999782978,47.8890690793675,60.8285203807888
"3","Seoul","Female","20-24",135946,207756,0.604465496272934,0.726544137981582,0.976743383205987,0.0232566167940135,0.726544137981582,0.0168969586009745,3.59047829340547,44.1045090815377,60.7045143933923
"3","Seoul","Female","25-29",138348,199422,0.590407673860911,0.709647179380607,0.928618500539515,0.0713814994604847,0.709647179380607,0.0506556797520913,3.42159669752281,40.5140307881322,57.0903851453247
"3","Seoul","Female","30-34",185441,225066,0.548263488807743,0.658991499628516,0.924322306720868,0.0756776932791319,0.658991499628516,0.049870956582442,3.17028010668647,37.0924340906094,56.2866654752285
"3","Seoul","Female","35-39",193914,199239,0.506772172665603,0.609120543046074,0.950049426264335,0.0499505737356654,0.609120543046074,0.0304259205993314,2.96953791373204,33.9221539839229,55.6903791395475
"3","Seoul","Female","40-44",213302,198048,0.481458611887687,0.578694622446743,1.00789228666378,-0.00789228666377739,0.578694622446743,-0.00456722385113612,2.90489117186155,30.9526160701909,53.4869599087029
"3","Seoul","Female","45-49",162437,153133,0.485258421269449,0.583261846297879,0.990487816717421,0.00951218328257941,0.583261846297879,0.00554809358372108,2.90243899753009,28.0477248983293,48.0877072216464
"3","Seoul","Female","50-54",119527,110617,0.480642554226919,0.577713752714158,1.00562741048485,-0.00562741048485438,0.577713752714158,-0.00325103242926822,2.89669634464396,25.1452859007993,43.5255103114028
"3","Seoul","Female","55-59",103376,96712,0.483347327176043,0.580964785143426,1.05927557543072,-0.0592755754307162,0.580964785143426,-0.0344370219443589,2.99091648057803,22.2485895561553,38.295934839945
"3","Seoul","Female","60-64",57126,59935,0.511998018127301,0.615401807087785,1.03754840902227,-0.0375484090222677,0.615401807087785,-0.0231073587655749,3.13477743235286,19.2576730755773,31.2928445347094
"3","Seoul","Female","65-69",42437,48090,0.531222729130536,0.63850916585336,0.984704988814935,0.0152950111850648,0.63850916585336,0.00976600483349355,3.16813081718306,16.1228956432244,25.2508444756253
"3","Seoul","Female","70-74",29350,32193,0.523097671546723,0.628743161019866,0.92855606168099,0.0714439383190099,0.628743161019866,0.0449198876144026,3.03141608606332,12.9547648260413,20.6042238376443
"3","Seoul","Female","75-79",22247,21012,0.485725513765922,0.583823273405464,1.09055676753246,-0.0905567675324623,0.583823273405464,-0.0528691484498198,3.05128923815187,9.92334873997802,16.9971790985562
"3","Seoul","Female","80-84",12378,13942,0.529711246200608,0.636692421855283,1.10578321461225,-0.105783214612247,0.636692421855283,-0.067351371103109,3.35184053703419,6.87205950182615,10.7933741095919
"3","Seoul","Female","85+",6196,8761,0.585745804639968,0.704043792958392,1,0,0.704043792958392,0,3.52021896479196,3.52021896479196,5
"3","Seoul","Male","0-4",35527,180583,0.835606866873352,1,0.855704744718735,0.144295255281265,1,0.144295255281265,4.63926186179684,60.7598086108524,60.7598086108524
"3","Seoul","Male","5-9",64412,161621,0.715032760703083,0.855704744718735,0.952497941665025,0.0475020583349754,0.855704744718735,0.0406477367011446,4.17690438184081,56.1205467490556,65.5840079132693
"3","Seoul","Male","10-14",79922,170670,0.681067232792747,0.81505700801759,0.958050691874772,0.0419493081252276,0.81505700801759,0.034191077568956,3.98980734616556,51.9436423672148,63.7300726897053
"3","Seoul","Male","15-19",109076,204809,0.652496933590328,0.780865930448634,0.902536643388111,0.0974633566118892,0.780865930448634,0.0761058146453899,3.7140651156297,47.9538350210492,61.4110990775306
"3","Seoul","Male","20-24",126512,181230,0.588902392263649,0.704760115803244,0.982823130825915,0.017176869174085,0.704760115803244,0.0121055723082653,3.49353664824556,44.2397699054195,62.7728058291119
"3","Seoul","Male","25-29",156658,215263,0.578786892915431,0.692654543494979,0.964260467541005,0.0357395324589952,0.692654543494979,0.0247551495401093,3.40138484362462,40.7462332571739,58.8261979075133
"3","Seoul","Male","30-34",189050,238763,0.558101319969239,0.66789939395487,0.918020024417567,0.0819799755824331,0.66789939395487,0.0547543760079421,3.20261102975449,37.3448484135493,55.9138827667101
"3","Seoul","Male","35-39",202810,213081,0.512348187385637,0.613145017946928,0.946458248657823,0.053541751342177,0.613145017946928,0.032828858087609,2.98365294451562,34.1422373837948,55.6837883118054
"3","Seoul","Male","40-44",209396,197132,0.48491616813602,0.580316159859319,0.99490243380258,0.00509756619741986,0.580316159859319,0.00295820004031536,2.8941852991958,31.1585844392792,53.6924293937166
"3","Seoul","Male","45-49",160331,149454,0.482444275868748,0.577357959819003,0.970142585616173,0.0298574143838274,0.577357959819003,0.0172384158541171,2.84369375945972,28.2643991400834,48.9547232516618
"3","Seoul","Male","50-54",117002,102943,0.468039737207029,0.560119543964886,1.0352970067526,-0.0352970067526051,0.560119543964886,-0.0197705433255946,2.85002407813842,25.4207053806237,45.384428475178
"3","Seoul","Male","55-59",99400,93445,0.484560138971713,0.579890087290481,1.05558025359401,-0.0555802535940062,0.579890087290481,-0.0322304381082553,2.98002653172304,22.5706813024853,38.9223437288713
"3","Seoul","Male","60-64",51201,53610,0.511492114377308,0.612120525398736,0.993708203931794,0.00629179606820607,0.612120525398736,0.003851337514972,3.05097428320625,19.5906547707622,32.0045709266175
"3","Seoul","Male","65-69",39789,41128,0.50827391030315,0.608269187883764,1.03183503624578,-0.0318350362457818,0.608269187883764,-0.0193642716434719,3.0897566185275,16.539680487556,27.1913830537748
"3","Seoul","Male","70-74",24424,26936,0.524454828660436,0.627633459527236,1.06669731233344,-0.0666973123334367,0.627633459527236,-0.0418614648810035,3.24282095983869,13.4499238690285,21.4295838834972
"3","Seoul","Male","75-79",15396,19550,0.55943455617238,0.669494924408239,1.06553626623092,-0.0655362662309151,0.669494924408239,-0.0438761976062648,3.45716511605686,10.2071029091898,15.2459750433683
"3","Seoul","Male","80-84",6376,9410,0.596097808184467,0.713371122014504,0.928270449014275,0.0717295509857251,0.713371122014504,0.0511697902682833,3.43893113440181,6.74993779313292,9.46202836760706
"3","Seoul","Male","85+",2688,3330,0.553339980059821,0.662201331746221,1,0,0.662201331746221,0,3.3110066587311,3.3110066587311,5
"3","Ulsan","Female","0-4",1814,25230,0.932924123650348,1,0.963451738672348,0.0365482613276515,1,0.0365482613276515,4.90862934668087,60.5102219982944,60.5102219982944
"3","Ulsan","Female","5-9",2666,23685,0.898827368980304,0.963451738672348,0.969271829723366,0.030728170276634,0.963451738672348,0.029605109079243,4.74324592066363,55.6015926516136,57.7108228879564
"3","Ulsan","Female","10-14",3354,22688,0.871208048536979,0.933846629593105,0.889795339709328,0.110204660290672,0.933846629593105,0.102914250577898,4.41194752152078,50.8583467309499,54.4611343225706
"3","Ulsan","Female","15-19",7965,27466,0.775196861505461,0.830932379015208,0.731765068798367,0.268234931201633,0.830932379015208,0.222885089518353,3.59744917128016,46.4463992094292,55.8967256330483
"3","Ulsan","Female","20-24",16113,21122,0.567261984691822,0.608047289496854,0.988947708178188,0.011052291821812,0.608047289496854,0.00672031608498104,3.02343565727182,42.848950038149,70.4697657210273
"3","Ulsan","Female","25-29",14633,18699,0.560992439697588,0.601326973411873,0.887371922151184,0.112628077848816,0.601326973411873,0.0677263011740252,2.8373191141243,39.8255143808772,66.2293829177675
"3","Ulsan","Female","30-34",19482,19312,0.497808939526731,0.533600672237848,1.09647462726401,-0.0964746272640147,0.533600672237848,-0.0514789259619741,2.79670067609418,36.9881952667529,69.3181196935706
"3","Ulsan","Female","35-39",14764,17744,0.545834871416267,0.585079598199822,1.01711860645466,-0.0171186064546571,0.585079598199822,-0.0100157473862317,2.95043735946469,34.1914945906587,58.4390477737719
"3","Ulsan","Female","40-44",11282,14081,0.55517880376927,0.595095345586054,1.13775814525301,-0.137758145253007,0.595095345586054,-0.0819792310566319,3.18042480557185,31.241057231194,52.4975660840157
"3","Ulsan","Female","45-49",7488,12841,0.631659206060308,0.677074576642686,0.990039516538907,0.00996048346109313,0.677074576642686,0.0067439901225761,3.36851290790699,28.0606324256222,41.4439315751043
"3","Ulsan","Female","50-54",7644,12760,0.625367574985297,0.67033058652011,0.888398121918685,0.111601878081315,0.67033058652011,0.0748101523909934,3.16462755162307,24.6921195177152,36.8357345081022
"3","Ulsan","Female","55-59",7473,9342,0.555575379125781,0.595520434129116,0.977458950846023,0.0225410491539774,0.595520434129116,0.0134236553779024,2.94404303220083,21.5274919660921,36.1490399528837
"3","Ulsan","Female","60-64",6294,7480,0.543052127196167,0.582096778751214,1.01926072648579,-0.0192607264857902,0.582096778751214,-0.0112116068437867,2.93851291086554,18.5834489338913,31.9250159290673
"3","Ulsan","Female","65-69",5073,6289,0.553511705685619,0.593308385595001,0.940371149066079,0.0596288509339209,0.593308385595001,0.0353782972824896,2.87809618476878,15.6449360230257,26.3689784315726
"3","Ulsan","Female","70-74",4431,4810,0.520506438697111,0.557930088312511,0.920992752884836,0.0790072471151642,0.557930088312511,0.044080520360292,2.67944914066183,12.766839838257,22.8825082312211
"3","Ulsan","Female","75-79",4419,4069,0.479382657869934,0.513849567952219,1.25527233043252,-0.255272330432521,0.513849567952219,-0.131171576702907,2.89717678151836,10.0873906975951,19.6310191284098
"3","Ulsan","Female","80-84",1996,3016,0.601755786113328,0.645021144655126,1.15296707209418,-0.152967072094185,0.645021144655126,-0.0986669959367343,3.47177321311747,7.19021391607677,11.1472530407064
"3","Ulsan","Female","85+",771,1747,0.693804606830818,0.743688140591861,1,0,0.743688140591861,0,3.7184407029593,3.7184407029593,5
"3","Ulsan","Male","0-4",2214,27650,0.925863916421109,1,0.943883200172967,0.0561167998270331,1,0.0561167998270331,4.85970800043242,62.7018504407697,62.7018504407697
"3","Ulsan","Male","5-9",3592,24895,0.873907396356233,0.943883200172967,0.962069280457205,0.0379307195427953,0.943883200172967,0.0358021689469169,4.62991057849754,57.8421424403372,61.2810381938546
"3","Ulsan","Male","10-14",4789,25285,0.84075945999867,0.90808103122605,0.922623850941478,0.0773761490585222,0.90808103122605,0.0702638132293634,4.36474562305684,53.2122318618397,58.5985501646202
"3","Ulsan","Male","15-19",8283,28646,0.77570473069945,0.837817217996687,0.813222166148476,0.186777833851524,0.837817217996687,0.156485685140931,3.7978718771311,48.8474862387829,58.3032733029557
"3","Ulsan","Male","20-24",13907,23763,0.630820281391027,0.681331532855756,0.972711667348739,0.0272883326512606,0.681331532855756,0.0185924015143612,3.36017666049287,45.0496143616518,66.1199609723468
"3","Ulsan","Male","25-29",13705,21764,0.613606247709267,0.662739131341394,0.8882021824176,0.1117978175824,0.662739131341394,0.0740927885104233,3.12846368543091,41.6894377011589,62.9047474785121
"3","Ulsan","Male","30-34",18460,22112,0.545006408360446,0.588646342830971,1.08734088639391,-0.0873408863939069,0.588646342830971,-0.0514128933553886,3.07176394754333,38.560974015728,65.5078800460682
"3","Ulsan","Male","35-39",12940,18823,0.592607751157007,0.64005923618636,1.07078318264358,-0.0707831826435841,0.64005923618636,-0.045305429817692,3.31355975547603,35.4892100681846,55.4467587713266
"3","Ulsan","Male","40-44",9567,16612,0.634554413843157,0.685364666004052,1.05164234373084,-0.0516423437308404,0.685364666004052,-0.0353938376627539,3.51530792417714,32.1756503127086,46.9467597451521
"3","Ulsan","Male","45-49",6745,13530,0.667324290998767,0.720758503666806,1.05316988709165,-0.0531698870916506,0.720758503666806,-0.0383226482603111,3.69959913898481,28.6603423885315,39.7641404752411
"3","Ulsan","Male","50-54",5529,13075,0.702805848204687,0.759081151927117,0.996756836245594,0.00324316375440614,0.759081151927117,0.00246182447858289,3.78925119843913,24.9607432495467,32.8828389246362
"3","Ulsan","Male","55-59",5062,11841,0.700526533751405,0.756619327448534,0.897175934514602,0.102824065485398,0.756619327448534,0.0777986752730855,3.58859994905996,21.1714920511075,27.9816960564593
"3","Ulsan","Male","60-64",4756,8046,0.628495547570692,0.678820652175448,0.97207092651902,0.0279290734809798,0.678820652175448,0.0189588318750148,3.3467061811897,17.5828921020476,25.902117217116
"3","Ulsan","Male","65-69",3584,5628,0.610942249240122,0.659861820300434,0.969964989865487,0.0300350101345126,0.659861820300434,0.0198189564601015,3.24976171035191,14.2361859208579,21.5744955729916
"3","Ulsan","Male","70-74",2926,4256,0.592592592592593,0.640042863840332,0.891829608938548,0.108170391061452,0.640042863840332,0.0692336868777006,3.02713010200741,10.986424210506,17.1651381980671
"3","Ulsan","Male","75-79",2532,2838,0.528491620111732,0.570809176962632,1.01463145219986,-0.0146314521998605,0.570809176962632,-0.00835176718797046,2.87492530278308,7.95929410849855,13.9438790224979
"3","Ulsan","Male","80-84",1754,2028,0.536224219989424,0.579160944150602,0.837180403148491,0.162819596851509,0.579160944150602,0.0942987514387404,2.66005784215616,5.08436880571547,8.77885302361368
"3","Ulsan","Male","85+",534,435,0.448916408668731,0.484862192711862,1,0,0.484862192711862,0,2.42431096355931,2.42431096355931,5
"4","Abroad","Female","0-4",6223,0,0,NA,1,0,NA,NA,NA,NA,NA
"4","Abroad","Female","5-9",9500,0,0,NA,1,0,NA,NA,NA,NA,NA
"4","Abroad","Female","10-14",11397,0,0,NA,1,0,NA,NA,NA,NA,NA
"4","Abroad","Female","15-19",10681,0,0,NA,1,0,NA,NA,NA,NA,NA
"4","Abroad","Female","20-24",20443,0,0,NA,1,0,NA,NA,NA,NA,NA
"4","Abroad","Female","25-29",38417,0,0,NA,1,0,NA,NA,NA,NA,NA
"4","Abroad","Female","30-34",62951,0,0,NA,1,0,NA,NA,NA,NA,NA
"4","Abroad","Female","35-39",54727,0,0,NA,1,0,NA,NA,NA,NA,NA
"4","Abroad","Female","40-44",42135,0,0,NA,1,0,NA,NA,NA,NA,NA
"4","Abroad","Female","45-49",37665,0,0,NA,1,0,NA,NA,NA,NA,NA
"4","Abroad","Female","50-54",32895,0,0,NA,1,0,NA,NA,NA,NA,NA
"4","Abroad","Female","55-59",25716,0,0,NA,1,0,NA,NA,NA,NA,NA
"4","Abroad","Female","60-64",16629,0,0,NA,1,0,NA,NA,NA,NA,NA
"4","Abroad","Female","65-69",12170,0,0,NA,1,0,NA,NA,NA,NA,NA
"4","Abroad","Female","70-74",20420,0,0,NA,1,0,NA,NA,NA,NA,NA
"4","Abroad","Female","75-79",41788,0,0,NA,1,0,NA,NA,NA,NA,NA
"4","Abroad","Female","80-84",30223,0,0,NA,1,0,NA,NA,NA,NA,NA
"4","Abroad","Female","85+",28883,0,0,NA,1,0,NA,NA,NA,NA,NA
"4","Abroad","Male","0-4",6463,0,0,NA,1,0,NA,NA,NA,NA,NA
"4","Abroad","Male","5-9",8678,0,0,NA,1,0,NA,NA,NA,NA,NA
"4","Abroad","Male","10-14",10897,0,0,NA,1,0,NA,NA,NA,NA,NA
"4","Abroad","Male","15-19",9687,0,0,NA,1,0,NA,NA,NA,NA,NA
"4","Abroad","Male","20-24",9076,0,0,NA,1,0,NA,NA,NA,NA,NA
"4","Abroad","Male","25-29",11120,0,0,NA,1,0,NA,NA,NA,NA,NA
"4","Abroad","Male","30-34",17860,0,0,NA,1,0,NA,NA,NA,NA,NA
"4","Abroad","Male","35-39",17337,0,0,NA,1,0,NA,NA,NA,NA,NA
"4","Abroad","Male","40-44",12900,0,0,NA,1,0,NA,NA,NA,NA,NA
"4","Abroad","Male","45-49",13933,0,0,NA,1,0,NA,NA,NA,NA,NA
"4","Abroad","Male","50-54",12426,0,0,NA,1,0,NA,NA,NA,NA,NA
"4","Abroad","Male","55-59",10112,0,0,NA,1,0,NA,NA,NA,NA,NA
"4","Abroad","Male","60-64",10365,0,0,NA,1,0,NA,NA,NA,NA,NA
"4","Abroad","Male","65-69",6487,0,0,NA,1,0,NA,NA,NA,NA,NA
"4","Abroad","Male","70-74",18834,0,0,NA,1,0,NA,NA,NA,NA,NA
"4","Abroad","Male","75-79",37067,0,0,NA,1,0,NA,NA,NA,NA,NA
"4","Abroad","Male","80-84",22092,0,0,NA,1,0,NA,NA,NA,NA,NA
"4","Abroad","Male","85+",18132,0,0,NA,1,0,NA,NA,NA,NA,NA
"4","Busan","Female","0-4",4872,44251,0.900820389634184,1,0.926304487335887,0.0736955126641132,1,0.0736955126641132,4.81576121833972,59.1414408927758,59.1414408927758
"4","Busan","Female","5-9",11257,56734,0.834433969201806,0.926304487335887,0.984187821734839,0.0158121782651609,0.926304487335887,0.0146468916815735,4.5949052074755,54.3256796744361,58.6477561289597
"4","Busan","Female","10-14",11293,51881,0.821239750530281,0.911657595654313,0.916795948201346,0.0832040517986535,0.911657595654313,0.0758536058114574,4.36865396374292,49.7307744669606,54.5498383428352
"4","Busan","Female","15-19",17496,53312,0.752909275788047,0.835803989842856,0.926693020252828,0.0733069797471718,0.835803989842856,0.0612702661560156,4.02584428382424,45.3621205032177,54.2736347929453
"4","Busan","Female","20-24",30940,71414,0.697715770756394,0.77453372368684,0.847377975042895,0.152622024957105,0.77453372368684,0.118210905306652,3.57714135516757,41.3362762193935,53.3692400411303
"4","Busan","Female","25-29",51405,74350,0.591228976979047,0.656322818380188,0.839305874397725,0.160694125602275,0.656322818380188,0.105467221412425,3.01794603836988,37.7591348642259,57.5313455616488
"4","Busan","Female","30-34",65405,64424,0.496221953492671,0.550855596967763,0.958256504772175,0.0417434952278251,0.550855596967763,0.0229946379832445,2.6967913898807,34.741188825856,63.0676878243449
"4","Busan","Female","35-39",84160,76300,0.475507914745108,0.527860958984519,0.980720293641203,0.0192797063587974,0.527860958984519,0.0101770042874947,2.61386228420386,32.0443974359753,60.7061327240819
"4","Busan","Female","40-44",87089,76103,0.466340261777538,0.517683954697024,1.05771258909431,-0.0577125890943122,0.517683954697024,-0.0298768813581479,2.66311197688049,29.4305351517715,56.8503908315949
"4","Busan","Female","45-49",78235,76152,0.493253965683639,0.547560836055172,0.991537910160096,0.00846208983990437,0.547560836055172,0.00463350898751201,2.72622040780708,26.767423174891,48.8848387472947
"4","Busan","Female","50-54",64754,61986,0.489080006312135,0.54292732706766,1.00888165024358,-0.00888165024357601,0.54292732706766,-0.00482209062669455,2.72669186190504,24.0412027670839,44.2807012439952
"4","Busan","Female","55-59",48954,47683,0.493423843869325,0.547749417694354,1.03974028184555,-0.0397402818455463,0.547749417694354,-0.0217677162399075,2.79316637907154,21.3145109051788,38.9128864707847
"4","Busan","Female","60-64",46912,49423,0.513032646494005,0.569517133934262,0.992229356377864,0.00777064362213609,0.569517133934262,0.0044255146845035,2.83652188296005,18.5213445261073,32.5211366305358
"4","Busan","Female","65-69",34029,35283,0.509046052631579,0.565091619249758,1.02803416585925,-0.0280341658592473,0.565091619249758,-0.0158418721797184,2.86506277669809,15.6848226431473,27.7562471444385
"4","Busan","Female","70-74",18379,20177,0.523316734101048,0.580933491429477,1.12004487733771,-0.120044877337709,0.580933491429477,-0.0697380897200185,3.07901268144743,12.8197598664492,22.0675172899813
"4","Busan","Female","75-79",10599,15011,0.586138227254979,0.650671581149495,0.997403547991872,0.00259645200812775,0.650671581149495,0.00168943753350726,3.24913431191371,9.74074718500174,14.9702975620872
"4","Busan","Female","80-84",6637,9341,0.584616347477782,0.648982143615988,1.00036805058419,-0.00036805058419076,0.648982143615988,-0.000238858257087236,3.24550786372266,6.49161287308803,10.0027603793814
"4","Busan","Female","85+",4226,5953,0.584831515865999,0.649221001873075,1,0,0.649221001873075,0,3.24610500936538,3.24610500936538,5
"4","Busan","Male","0-4",5153,48748,0.904398805216972,1,0.950247068039182,0.0497529319608176,1,0.0497529319608176,4.87561767009796,60.9641633307006,60.9641633307006
"4","Busan","Male","5-9",10054,61455,0.859402312995567,0.950247068039182,0.915874975448314,0.0841250245516862,0.950247068039182,0.0799395579289641,4.5513864453735,56.0885456606027,59.0252235940495
"4","Busan","Male","10-14",15559,57524,0.787105072315039,0.870307510110218,0.986918043925328,0.0130819560746722,0.870307510110218,0.0113853246187192,4.32307423900429,51.5371592152292,59.2171831410513
"4","Busan","Male","15-19",16574,57685,0.776808198332862,0.858922185491499,0.876013775267315,0.123986224732685,0.858922185491499,0.106494519118238,4.0283746296619,47.2140849762249,54.9689899431433
"4","Busan","Male","20-24",30253,64434,0.680494682480172,0.752427666373261,0.838652387887025,0.161347612112975,0.752427666373261,0.121402407257064,3.45863231372364,43.185710346563,57.3951653781157
"4","Busan","Male","25-29",61910,82301,0.570698490406418,0.631025259116197,0.881174451786086,0.118825548213914,0.631025259116197,0.0749819223513094,2.96767148970271,39.7270780328393,62.9563990647227
"4","Busan","Male","30-34",68495,69290,0.502884929419022,0.556043336764887,0.97646412288611,0.0235358771138897,0.556043336764887,0.0130869676440956,2.7474992647142,36.7594065431366,66.1088877658463
"4","Busan","Male","35-39",83613,80672,0.491049091517789,0.542956369120792,0.961785605877419,0.0382143941225813,0.542956369120792,0.0207487486809477,2.66290997390159,34.0119072784224,62.6420633641297
"4","Busan","Male","40-44",87156,78001,0.472283948000993,0.522207620439844,1.03638907477597,-0.0363890747759679,0.522207620439844,-0.0190026521487657,2.65854473257114,31.3489973045208,60.0316733756514
"4","Busan","Male","45-49",77888,74675,0.48946992390029,0.54121027258861,1.05503372812973,-0.0550337281297288,0.54121027258861,-0.029784819002658,2.78051341044969,28.6904525719497,53.0116555894684
"4","Busan","Male","50-54",57298,61186,0.516407278619898,0.570995091591268,0.998239445069996,0.00176055493000382,0.570995091591268,0.00100526822350899,2.85246228739757,25.9099391615,45.376815918493
"4","Busan","Male","55-59",44986,47864,0.515498115239634,0.569989823367759,1.05786689169318,-0.0578668916931773,0.569989823367759,-0.0329835393750353,2.93240796527638,23.0574768741024,40.4524360415216
"4","Busan","Male","60-64",38989,46763,0.545328388842243,0.602973362742794,0.967229556631316,0.0327704433686835,0.602973362742794,0.0197597044365874,2.9654675526225,20.1250689088261,33.3763813666354
"4","Busan","Male","65-69",29489,32916,0.527457735758353,0.583213658306207,1.15824589736091,-0.15824589736091,0.583213658306207,-0.0922911687118051,3.14679621331055,17.1596013562036,29.4224957043002
"4","Busan","Male","70-74",12478,19593,0.610925758473387,0.675504827018012,1.01879780783769,-0.0187978078376936,0.675504827018012,-0.012698009931719,3.40926915991936,14.012805142893,20.7441969064114
"4","Busan","Male","75-79",6888,11354,0.622409823484267,0.688202836949731,1.04425385947831,-0.0442538594783128,0.688202836949731,-0.0304556316389496,3.51715326384603,10.6035359829737,15.4075737757358
"4","Busan","Male","80-84",3414,6339,0.649953860350661,0.71865846858868,0.981409441593592,0.0185905584064079,0.71865846858868,0.0133602622345575,3.55989168735701,7.08638271912762,9.86057081195194
"4","Busan","Male","85+",1245,2193,0.637870855148342,0.705298206354123,1,0,0.705298206354123,0,3.52649103177062,3.52649103177062,5
"4","Chungbuk","Female","0-4",1836,22169,0.923515934180379,1,0.895146084638096,0.104853915361904,1,0.104853915361904,4.73786521159524,48.7264906115462,48.7264906115462
"4","Chungbuk","Female","5-9",6006,28647,0.82668167258246,0.895146084638096,0.973889513091974,0.0261104869080258,0.895146084638096,0.0233727001237135,4.4172986728812,43.9886253999509,49.1412811326046
"4","Chungbuk","Female","10-14",6264,25875,0.805096611593391,0.871773384514383,0.985248760915742,0.0147512390842578,0.871773384514383,0.0128597376222643,4.32671757851625,39.5713267270697,45.3917582596454
"4","Chungbuk","Female","15-19",7009,26887,0.793220438989851,0.858913646892119,0.808042556082634,0.191957443917366,0.858913646892119,0.164874868203154,3.88238106395271,35.2446091485535,41.033937784179
"4","Chungbuk","Female","20-24",16362,29209,0.640955871058349,0.694038778688965,0.870127875635337,0.129872124364663,0.694038778688965,0.0901362905797919,3.24485316699534,31.3622280846008,45.1880054077725
"4","Chungbuk","Female","25-29",21201,26734,0.557713570459998,0.603902488109173,0.862842895402435,0.137157104597565,0.603902488109173,0.0828295167283194,2.81243864872506,28.1173749176054,46.5594619516163
"4","Chungbuk","Female","30-34",24101,22356,0.481219191940935,0.521072971380853,0.934033229332003,0.0659667706679966,0.521072971380853,0.0343735012043723,2.51943110389334,25.3049362688804,48.5631334932261
"4","Chungbuk","Female","35-39",32018,26141,0.449474715865128,0.486699470176481,0.925763284292693,0.0742367157073072,0.486699470176481,0.0361309702023884,2.34316992537643,22.785505164987,46.8163755278485
"4","Chungbuk","Female","40-44",40528,28882,0.416107189165826,0.450568499974093,0.943356028952398,0.0566439710476017,0.450568499974093,0.0255219890674938,2.18903752720173,20.4423352396106,45.3700940939857
"4","Chungbuk","Female","45-49",51607,33348,0.392537225590018,0.425046510906599,0.862223344960463,0.137776655039537,0.425046510906599,0.0585614865089371,1.97882883826065,18.2532977124089,42.9442360871888
"4","Chungbuk","Female","50-54",69064,35334,0.338454759669725,0.366485024397662,0.87990669182743,0.120093308172569,0.366485024397662,0.04401239897562,1.72239412454926,16.2744688741482,44.4069137637921
"4","Chungbuk","Female","55-59",80172,34002,0.297808607914236,0.322472625422042,1.06340501832239,-0.0634050183223882,0.322472625422042,-0.0204463827233532,1.66347908391859,14.552074749599,45.1265428516721
"4","Chungbuk","Female","60-64",72510,33606,0.316691168155603,0.342919008145395,0.989523978235276,0.0104760217647238,0.342919008145395,0.00359242699286867,1.7056139732448,12.8885956656804,37.5849555129231
"4","Chungbuk","Female","65-69",54582,24911,0.313373504585309,0.339326581152526,1.1001634753331,-0.100163475333104,0.339326581152526,-0.0339881296411375,1.78160322986547,11.1829816924356,32.9563975048829
"4","Chungbuk","Female","70-74",34839,18331,0.344762083881888,0.373314710793664,1.10304213017077,-0.103042130170768,0.373314710793664,-0.0384671430242632,1.96274141152898,9.40137846257009,25.1835199383995
"4","Chungbuk","Female","75-79",32248,19789,0.380287103407191,0.411781853817927,1.14671533297121,-0.146715332971206,0.411781853817927,-0.0604147117943976,2.20994604857563,7.43863705104111,18.064509113435
"4","Chungbuk","Female","80-84",21262,16442,0.436081052408233,0.472196565612324,1.1430831658521,-0.143083165852097,0.472196565612324,-0.0675633795122987,2.52989127684237,5.22869100246549,11.0731237438907
"4","Chungbuk","Female","85+",12348,12273,0.498476909954917,0.539759945124623,1,0,0.539759945124623,0,2.69879972562312,2.69879972562312,5
"4","Chungbuk","Male","0-4",2737,26529,0.906478507483086,1,0.949976856737482,0.0500231432625179,1,0.0500231432625179,4.87494214184371,54.0017497312668,54.0017497312668
"4","Chungbuk","Male","5-9",4802,29778,0.861133603238866,0.949976856737482,0.97853150892904,0.0214684910709605,0.949976856737482,0.0203945696664878,4.69889785952119,49.1268075894231,51.7136888556843
"4","Chungbuk","Male","10-14",5663,30326,0.842646364166829,0.929582287070994,0.948771675994585,0.0512283240054149,0.929582287070994,0.0476209425917675,4.52885907887555,44.4279097299019,47.7934125335898
"4","Chungbuk","Male","15-19",6389,25473,0.799479003201306,0.881961344479227,0.829180143342224,0.170819856657776,0.881961344479227,0.150656510441641,4.03316544629203,39.8990506510264,45.2390015739132
"4","Chungbuk","Male","20-24",13946,27426,0.662912114473557,0.731304834037586,0.856489424153557,0.143510575846443,0.731304834037586,0.104949977852022,3.39414922555788,35.8658852047343,49.0436867574309
"4","Chungbuk","Male","25-29",21341,28034,0.567777215189873,0.626354856185564,0.899603070221792,0.100396929778208,0.626354856185564,0.0628841045127019,2.97456401964607,32.4717359791765,51.8423951830212
"4","Chungbuk","Male","30-34",24293,25363,0.510774125986789,0.563470751672862,0.963775197941413,0.036224802058587,0.563470751672862,0.0204116164451527,2.76632471725143,29.4971719595304,52.3490737930187
"4","Chungbuk","Male","35-39",31238,30287,0.49227143437627,0.54305913522771,0.915940027693388,0.0840599723066118,0.54305913522771,0.0456495358680938,2.60117183646831,26.730847242279,49.2227190526322
"4","Chungbuk","Male","40-44",39314,32282,0.450891111235265,0.497409599359616,0.937270395534085,0.062729604465915,0.497409599359616,0.031202307425378,2.40904222823463,24.1296754058107,48.5106749786818
"4","Chungbuk","Male","45-49",51168,37451,0.42260689017028,0.466207291934238,0.931930655296117,0.0680693447038828,0.466207291934238,0.0317344248581354,2.25170039752585,21.720633177576,46.5900760313287
"4","Chungbuk","Male","50-54",65815,42762,0.393840316089043,0.434472867076103,0.95202092075534,0.0479790792446596,0.434472867076103,0.0208456081190988,2.12025031508277,19.4689327800502,44.8104686285046
"4","Chungbuk","Male","55-59",71437,42852,0.374944220353665,0.413627258957004,1.05525058404092,-0.0552505840409221,0.413627258957004,-0.0228531476326202,2.12526916386657,17.3486824649674,41.9427929114575
"4","Chungbuk","Male","60-64",61271,40114,0.395660107510973,0.436480406589624,1.02282928212816,-0.0228292821281566,0.436480406589624,-0.00996453434544703,2.20731336881174,15.2234133011008,34.8776556089808
"4","Chungbuk","Male","65-69",42218,28700,0.404692743732198,0.446444940935071,1.09204019848799,-0.0920401984879853,0.446444940935071,-0.0410908809776208,2.33495190711941,13.0160999322891,29.1549948018833
"4","Chungbuk","Male","70-74",26351,20868,0.441940744191957,0.487535821912692,0.945859929307395,0.0541400706926047,0.487535821912692,0.0263952238635303,2.37169104990463,10.6811480251697,21.908437380592
"4","Chungbuk","Male","75-79",21885,15719,0.418014041059462,0.461140598049162,1.17391977477239,-0.173919774772388,0.461140598049162,-0.0802014689511145,2.50620666262359,8.30945697526505,18.0193568087865
"4","Chungbuk","Male","80-84",12067,11627,0.490714948932219,0.541342067000276,1.0960156042799,-0.0960156042798952,0.541342067000276,-0.051977285685159,2.83665354921428,5.80325031264145,10.7201170320992
"4","Chungbuk","Male","85+",5302,6170,0.537831241283124,0.593319352685435,1,0,0.593319352685435,0,2.96659676342718,2.96659676342718,5
"4","Chungnam","Female","0-4",2462,32538,0.929657142857143,1,0.934147187125996,0.0658528128740045,1,0.0658528128740045,4.83536796781499,44.4231348983533,44.4231348983533
"4","Chungnam","Female","5-9",5788,38206,0.86843660499159,0.934147187125996,0.960754182715339,0.0392458172846609,0.934147187125996,0.0366613698229268,4.57908251107266,39.5877669305383,42.3785110913135
"4","Chungnam","Female","10-14",7059,35556,0.834354100668779,0.897485817303069,0.935703416484959,0.0642965835150411,0.897485817303069,0.0577052718057917,4.34316590700086,35.0086844194656,39.0075071321641
"4","Chungnam","Female","15-19",8648,30788,0.780707982554012,0.839780545497277,0.735130764683455,0.264869235316545,0.839780545497277,0.222432030919575,3.64282265018745,30.6655185124647,36.5161096870923
"4","Chungnam","Female","20-24",21649,29161,0.573922456209408,0.617348514577702,0.827421444277801,0.172578555722199,0.617348514577702,0.106541115023065,2.82038978533085,27.0226958622773,43.7721890053663
"4","Chungnam","Female","25-29",24935,22549,0.474875747620251,0.510807399554637,0.849428090448724,0.150571909551276,0.510807399554637,0.0769132455638634,2.36175388386353,24.2023060769464,47.3804923304712
"4","Chungnam","Female","30-34",30638,20714,0.40337279950148,0.433894153990774,0.89408076541109,0.10591923458891,0.433894153990774,0.0459577366833054,2.05457642824561,21.8405521930829,50.3361291969546
"4","Chungnam","Female","35-39",50567,28524,0.360647861324297,0.387936417307468,0.861004989712258,0.138995010287742,0.387936417307468,0.0539212263146413,1.80487902075074,19.7859757648373,51.0031409326427
"4","Chungnam","Female","40-44",70871,31918,0.310519608129275,0.334015190992827,0.900955188979108,0.0990448110208925,0.334015190992827,0.0330824714699919,1.58736977628916,17.9810967440866,53.8331705532301
"4","Chungnam","Female","45-49",98619,38307,0.279764252223829,0.300932719522835,0.854057643222592,0.145942356777408,0.300932719522835,0.0439188303185973,1.39486652181768,16.3937269677974,54.4763859303556
"4","Chungnam","Female","50-54",120004,37675,0.238934797912214,0.257013889204238,0.98000184528724,0.0199981547127605,0.257013889204238,0.00513980351963462,1.2722199372221,14.9988604459797,58.3581708071068
"4","Chungnam","Female","55-59",136229,41652,0.234156542857303,0.251874085684603,1.10403325336999,-0.10403325336999,0.251874085684603,-0.0262032805733609,1.32487862985642,13.7266405087576,54.498026152425
"4","Chungnam","Female","60-64",122585,42739,0.258516609808618,0.278077366257964,1.15799384926754,-0.157993849267545,0.278077366257964,-0.0439345134892766,1.50022311501301,12.4017618789012,44.5982427329108
"4","Chungnam","Female","65-69",88764,37926,0.299360644091878,0.322011879747241,1.04289493190319,-0.0428949319031902,0.322011879747241,-0.0138126776537762,1.64459109287064,10.9015387638882,33.854461433054
"4","Chungnam","Female","70-74",69892,31725,0.312201698534694,0.335824557401017,1.18325686451385,-0.183256864513846,0.335824557401017,-0.0615421554160604,1.83297817554524,9.25694767101756,27.5648324906853
"4","Chungnam","Female","75-79",51766,30326,0.369414802904059,0.397366712817077,1.19848306329335,-0.198483063293352,0.397366712817077,-0.0788705624107431,2.18400997011224,7.42396949547232,18.6829174563745
"4","Chungnam","Female","80-84",34168,27146,0.442737384610366,0.47623727522782,1.13371115560086,-0.133711155600859,0.47623727522782,-0.0636782364109162,2.54038196716639,5.23995952536008,11.0028336670064
"4","Chungnam","Female","85+",22507,22682,0.50193631193432,0.539915511638737,1,0,0.539915511638737,0,2.69957755819368,2.69957755819368,5
"4","Chungnam","Male","0-4",2636,33594,0.927242616616064,1,0.936300378955164,0.0636996210448355,1,0.0636996210448355,4.84075094738791,47.9994633711054,47.9994633711054
"4","Chungnam","Male","5-9",5985,39417,0.868177613320999,0.936300378955164,0.96195847100069,0.0380415289993099,0.936300378955164,0.0356182980180877,4.5924561497306,43.1587124237175,46.0949428129882
"4","Chungnam","Male","10-14",7362,37297,0.835150809467297,0.900682080937077,0.936006010148334,0.0639939898516662,0.900682080937077,0.0576382399470649,4.35931480481772,38.5662562739869,42.8189447644636
"4","Chungnam","Male","15-19",9107,32612,0.781706177041636,0.843043840990012,0.78733240635372,0.21266759364628,0.843043840990012,0.179288105001663,3.7669989424459,34.2069414691691,40.5755190963721
"4","Chungnam","Male","20-24",17826,28531,0.615462605431758,0.663755735988349,0.858996312806304,0.141003687193696,0.663755735988349,0.0935920061703225,3.08479866451594,30.4399425267232,45.8601573987115
"4","Chungnam","Male","25-29",24100,27033,0.528680108736041,0.570163729818026,0.891314992958916,0.108685007041084,0.570163729818026,0.0619682489898431,2.69589802661552,27.3551438622073,47.9776990916942
"4","Chungnam","Male","30-34",27992,24945,0.471220507395583,0.508195480828183,0.898494938175214,0.101505061824786,0.508195480828183,0.0515844137005417,2.41201636988956,24.6592458355918,48.5231505707326
"4","Chungnam","Male","35-39",47718,35038,0.423389240659288,0.456611067127642,0.902167530179567,0.0978324698204329,0.456611067127642,0.0446713884444407,2.17137686452711,22.2472294657022,48.7224928770358
"4","Chungnam","Male","40-44",67342,41620,0.381968025550192,0.411939678683201,0.924209802341988,0.0757901976580124,0.411939678683201,0.0312209896705779,1.98164591923956,20.0758526011751,48.7349329041311
"4","Chungnam","Male","45-49",88487,48282,0.353018593394702,0.380718689012623,0.883728170282211,0.116271829717789,0.380718689012623,0.0442668585792555,1.79292629861498,18.0942066819356,47.5264472276422
"4","Chungnam","Male","50-54",108987,49418,0.3119724756163,0.336451830433368,0.938554292071621,0.061445707928379,0.336451830433368,0.0206735209047772,1.63057534990489,16.3012803833206,48.4505623355465
"4","Chungnam","Male","55-59",123862,51283,0.292803105997887,0.31577830952859,1.08091713607658,-0.0809171360765828,0.31577830952859,-0.0255518764421582,1.64277123874835,14.6707050334157,46.4588750738354
"4","Chungnam","Male","60-64",112135,51924,0.316495894769565,0.341330185970749,0.969056004100473,0.0309439958995269,0.341330185970749,0.0105621198750636,1.68024563016608,13.0279337946673,38.1681267293008
"4","Chungnam","Male","65-69",85216,37698,0.306702247099598,0.330768066095685,1.1949864221603,-0.1949864221603,0.330768066095685,-0.0644952817728792,1.81507853491062,11.3476881645013,34.3070850171449
"4","Chungnam","Male","70-74",55389,32045,0.366505020930073,0.395263347868564,0.977848730661615,0.0221512693383846,0.395263347868564,0.00875558487822818,1.95442777714725,9.53260962959063,24.1171099748932
"4","Chungnam","Male","75-79",42564,23775,0.358386469497581,0.386507762990336,1.23952068254222,-0.23952068254222,0.386507762990336,-0.092576603199312,2.16398032294996,7.57818185244339,19.6068037387204
"4","Chungnam","Male","80-84",22481,17969,0.444227441285538,0.479084366189648,1.17348589979527,-0.173485899795274,0.479084366189648,-0.0831143823462595,2.60320778681389,5.41420152949343,11.3011442484646
"4","Chungnam","Male","85+",10161,11065,0.521294638650711,0.562198748535907,1,0,0.562198748535907,0,2.81099374267954,2.81099374267954,5
"4","Daegu","Female","0-4",3937,33675,0.895325959800064,1,0.947677000495461,0.0523229995045392,1,0.0523229995045392,4.86919250123865,62.984145221357,62.984145221357
"4","Daegu","Female","5-9",8218,46019,0.848479820049044,0.947677000495461,0.993715374998383,0.0062846250016173,0.947677000495461,0.00595579457077147,4.72349551605037,58.1149527201184,61.3235867175577
"4","Daegu","Female","10-14",8151,43815,0.843147442558596,0.941721205924689,0.94686078149127,0.0531392185087302,0.941721205924689,0.0500423289359369,4.5835002072836,53.391457204068,56.6956089213709
"4","Daegu","Female","15-19",10273,40670,0.798343246373398,0.891678876988752,0.864651741523553,0.135348258476447,0.891678876988752,0.120687183120662,4.15667642714211,48.8079569967844,54.7371461367477
"4","Daegu","Female","20-24",24723,55103,0.690288878310325,0.77099169386809,0.844194316287664,0.155805683712336,0.77099169386809,0.12012488799965,3.55464624934133,44.6512805696423,57.9140876935073
"4","Daegu","Female","25-29",37027,51711,0.582737947666163,0.65086680586844,0.961093225032497,0.0389067749675026,0.65086680586844,0.0253231283497406,3.19102620846785,41.096634320301,63.1413892208966
"4","Daegu","Female","30-34",31974,40705,0.560065493471292,0.6255436775187,0.960626819585252,0.0393731804147481,0.6255436775187,0.0246296440722488,3.06614427741288,37.9056081118331,60.5962612589909
"4","Daegu","Female","35-39",41047,47802,0.538013933752772,0.600914033446451,1.00095055122384,-0.000950551223841911,0.600914033446451,-0.000571199569916303,3.00599816615705,34.8394638344202,57.9774508420178
"4","Daegu","Female","40-44",41170,48044,0.538525343555944,0.601485233016367,1.03634342482296,-0.0363434248229599,0.601485233016367,-0.0218600333482509,3.06207624845246,31.8334656682632,52.9247667621409
"4","Daegu","Female","45-49",40781,51504,0.558097198894728,0.623345266364618,1.00807883864107,-0.00807883864106596,0.623345266364618,-0.00503590582463203,3.12931609638467,28.7713894198107,46.1564256156254
"4","Daegu","Female","50-54",34824,44793,0.56260597611063,0.62838117218925,0.986670508991349,0.0133294910086513,0.62838117218925,0.00837600118470239,3.1209658579845,25.6420733234261,40.8065589140589
"4","Daegu","Female","55-59",29076,36279,0.55510672481065,0.620005171004548,0.962340894912006,0.0376591050879937,0.620005171004548,0.0233488398899598,3.04165375529784,22.5211074654416,36.3240639250674
"4","Daegu","Female","60-64",29138,33417,0.534201902325953,0.596656331114588,0.994658427400247,0.0053415725997531,0.596656331114588,0.0031870831097509,2.97531394779856,19.4794537101437,32.6476946515509
"4","Daegu","Female","65-69",20683,23450,0.531348424081753,0.593469248004837,1.03829679002394,-0.0382967900239417,0.593469248004837,-0.0227279671765078,3.02416615796546,16.5041397623452,27.8095955566861
"4","Daegu","Female","70-74",14434,17763,0.551697363108364,0.616197215181345,1.06650023448397,-0.0665002344839727,0.616197215181345,-0.0409772592979304,3.18342922415155,13.4799736043797,21.8760703103999
"4","Daegu","Female","75-79",9519,13607,0.58838536711926,0.657174474479275,0.921027376283171,0.0789726237168286,0.657174474479275,0.0518987924893564,3.15612539117299,10.2965443802282,15.6679006566511
"4","Daegu","Female","80-84",7185,8500,0.541919030921262,0.605275681989919,1.23959598389506,-0.239595983895065,0.605275681989919,-0.145021622554131,3.38893246633492,7.14041898905517,11.796969879213
"4","Daegu","Female","85+",3050,6242,0.671760654326302,0.75029730454405,1,0,0.75029730454405,0,3.75148652272025,3.75148652272025,5
"4","Daegu","Male","0-4",3580,36395,0.910444027517198,1,0.931454280414838,0.0685457195851615,1,0.0685457195851615,4.8286357010371,64.054001104753,64.054001104753
"4","Daegu","Male","5-9",8020,44756,0.848036986509019,0.931454280414838,0.981841056808692,0.0181589431913076,0.931454280414838,0.0169142253633534,4.61498583866581,59.2253654037159,63.5837599858781
"4","Daegu","Male","10-14",9501,47268,0.832637531046874,0.914540055051485,1.01000794162155,-0.0100079416215475,0.914540055051485,-0.0091526634815221,4.59558193396123,54.6103795650501,59.7134912390204
"4","Daegu","Male","15-19",10179,53828,0.840970518849501,0.923692718533007,0.838065700501145,0.161934299498855,0.923692718533007,0.149577533327836,4.24451975934545,50.0147976310889,54.1465756171831
"4","Daegu","Male","20-24",21528,51396,0.704788546980418,0.774115185205171,0.86830951540367,0.131690484596329,0.774115185205171,0.101943603873046,3.61571691634324,45.7702778717434,59.1259269247024
"4","Daegu","Male","25-29",39844,62840,0.611974601690624,0.672171581332125,0.873279593325441,0.126720406674559,0.672171581332125,0.0851778561414881,3.1479132663069,42.1545609554002,62.7139886989232
"4","Daegu","Male","30-34",39978,45890,0.534424931289887,0.586993725190637,0.973695159209361,0.0263048407906393,0.586993725190637,0.015440776486244,2.89636668473757,39.0066476890933,66.4515581941275
"4","Daegu","Male","35-39",44909,48723,0.520366968557758,0.571552948704393,1.02113829440323,-0.0211382944032272,0.571552948704393,-0.0120816544967461,2.88796887976383,36.1102810043557,63.1792401495105
"4","Daegu","Male","40-44",43066,48831,0.531366638736847,0.583634603201139,1.03402152776274,-0.0340215277627443,0.583634603201139,-0.0198561408561058,2.96781336814596,33.2223121245919,56.9231363979672
"4","Daegu","Male","45-49",40395,49261,0.549444543588828,0.603490744057245,1.07658993972926,-0.0765899397292584,0.603490744057245,-0.0462213197145097,3.1330070195725,30.2544987564459,50.1324983926781
"4","Daegu","Male","50-54",30495,44161,0.591526468066867,0.649712063771754,0.939583593864101,0.0604164061358986,0.649712063771754,0.0392532679162272,3.1504271490682,27.1214917368734,41.7438635499945
"4","Daegu","Male","55-59",28808,36044,0.555788564732005,0.610458795855527,1.05122582324646,-0.051225823246464,0.610458795855527,-0.0312712543757445,3.130472115217,23.9710645878052,39.2672933055391
"4","Daegu","Male","60-64",23871,33547,0.584259291511373,0.641730050231271,0.948543209887737,0.0514567901122626,0.641730050231271,0.0330213685034823,3.12609682989765,20.8405924725882,32.4756374819561
"4","Daegu","Male","65-69",17587,21863,0.554195183776933,0.608708681727789,1.12248796545097,-0.122487965450975,0.608708681727789,-0.0745594879771817,3.2299421285819,17.7144956426906,29.1017627552294
"4","Daegu","Male","70-74",9860,16230,0.622077424300498,0.683268169704971,1.03156366456943,-0.0315636645694279,0.683268169704971,-0.0215664473195347,3.47025696682369,14.4845535141087,21.1989291413399
"4","Daegu","Male","75-79",6193,11092,0.641712467457333,0.704834617024506,1.02860405824402,-0.0286040582440215,0.704834617024506,-0.0201611304377715,3.57457591121696,11.014296547285,15.6267814906458
"4","Daegu","Male","80-84",3297,6402,0.660068048252397,0.724995747462277,1.03489917692336,-0.0348991769233566,0.724995747462277,-0.0253017548593672,3.6882331244598,7.43972063606803,10.2617438269252
"4","Daegu","Male","85+",1266,2729,0.683103879849812,0.750297502321644,1,0,0.750297502321644,0,3.75148751160822,3.75148751160822,5
"4","Daejeon","Female","0-4",3294,21418,0.866704435092263,1,0.884379932803956,0.115620067196044,1,0.115620067196044,4.71094983200989,60.2850601229393,60.2850601229393
"4","Daejeon","Female","5-9",8164,26799,0.766496010067786,0.884379932803956,0.981410803758966,0.0185891962410342,0.884379932803956,0.0164399121225253,4.38079988371347,55.5741102909294,62.8396328654019
"4","Daejeon","Female","10-14",8626,26191,0.752247465318666,0.86794002068143,1.01438579077568,-0.0143857907756761,0.86794002068143,-0.0124860035433591,4.37091511226555,51.1933104072159,58.9825439401025
"4","Daejeon","Female","15-19",8149,26245,0.763069139966273,0.88042602422479,0.84111161209492,0.15888838790508,0.88042602422479,0.139889471658756,4.05240644197706,46.8223952949504,53.1815212256785
"4","Daejeon","Female","20-24",16976,30420,0.641826314456916,0.740536552566034,0.858303394891311,0.141696605108689,0.740536552566034,0.104931515457499,3.44035397418642,42.7699888529733,57.755405462122
"4","Daejeon","Female","25-29",22005,26991,0.550881704628949,0.635605037108535,0.899136100247889,0.100863899752111,0.635605037108535,0.0641096027448519,3.01775117868054,39.3296348787869,61.8774751340919
"4","Daejeon","Female","30-34",18916,18565,0.495317627597983,0.571495434363683,1.02024080785224,-0.0202408078522391,0.571495434363683,-0.0115675292753872,2.88639599500688,36.3118837001063,63.5383618427974
"4","Daejeon","Female","35-39",20737,21185,0.505343256524021,0.58306296363907,0.981168941980456,0.0188310580195441,0.58306296363907,0.0109796924973347,2.88786558695201,33.4254877050995,57.3274067975112
"4","Daejeon","Female","40-44",19573,19249,0.495827108340632,0.572083271141735,1.00664086776068,-0.00664086776067685,0.572083271141735,-0.0037991293517477,2.86991417908805,30.5376221181474,53.3796802993417
"4","Daejeon","Female","45-49",19633,19564,0.499119830599281,0.575882400493483,1.01211429750956,-0.0121142975095565,0.575882400493483,-0.00697641073009562,2.89685302929265,27.6677079390594,48.0440241190745
"4","Daejeon","Female","50-54",17911,18285,0.50516631672008,0.582858811223579,1.03153719626779,-0.0315371962677906,0.582858811223579,-0.0183817327259691,2.96024838793282,24.7708549097668,42.4988941280068
"4","Daejeon","Female","55-59",15163,16499,0.521097845998358,0.601240543949548,0.924519072813566,0.075480927186434,0.601240543949548,0.0453821937193878,2.89274723544927,21.8106065218339,36.2760075668885
"4","Daejeon","Female","60-64",15915,14795,0.481764897427548,0.55585835023016,0.935837667558142,0.0641623324418581,0.55585835023016,0.0356651682580503,2.69012883050567,18.9178592863847,34.0335973698182
"4","Daejeon","Female","65-69",10967,9004,0.450853737919984,0.52019318197211,1.05531052003714,-0.0553105200371411,0.52019318197211,-0.0287721554146526,2.67289629839718,16.227730455879,31.1955846755966
"4","Daejeon","Female","70-74",7243,6574,0.475790692625027,0.548965337386762,1.11161900085977,-0.111619000859767,0.548965337386762,-0.0612749624657553,2.8980140930982,13.5548341574818,24.691602974437
"4","Daejeon","Female","75-79",5070,5692,0.528897974354209,0.610240299852517,1.25441739057444,-0.254417390574443,0.610240299852517,-0.155255744711843,3.4393408610422,10.6568200643836,17.4633174291491
"4","Daejeon","Female","80-84",2378,4688,0.663458816869516,0.765496044564361,0.923799955961687,0.0762000440383134,0.765496044564361,0.058330832306959,3.68165314205441,7.21747920334142,9.42849966971265
"4","Daejeon","Female","85+",1608,2546,0.612903225806452,0.707165212257402,1,0,0.707165212257402,0,3.53582606128701,3.53582606128701,5
"4","Daejeon","Male","0-4",2890,22422,0.885824905183312,1,0.863788488584299,0.136211511415701,1,0.136211511415701,4.65947122146075,59.6519099824594,59.6519099824594
"4","Daejeon","Male","5-9",8869,28898,0.765165355998623,0.863788488584299,1.00311609877957,-0.00311609877956709,0.863788488584299,-0.00269165025508163,4.3256715685592,54.9924387609986,63.6642412902818
"4","Daejeon","Male","10-14",8573,28308,0.767549686830617,0.86648013883938,1.02956677911063,-0.02956677911063,0.86648013883938,-0.025619026868812,4.39644826136893,50.6667671924394,58.4742395368759
"4","Daejeon","Male","15-19",8402,31654,0.790243658877571,0.892099165708192,0.81062048133738,0.189379518662619,0.892099165708192,0.168945310601142,4.03813255203811,46.2703189310705,51.8667887043015
"4","Daejeon","Male","20-24",15656,27904,0.64058769513315,0.72315385510705,0.80907631758342,0.19092368241658,0.72315385510705,0.138067196970784,3.27060128310829,42.2321863790324,58.4000017157907
"4","Daejeon","Male","25-29",23922,25738,0.51828433346758,0.585086658136267,0.972712980643067,0.0272870193569329,0.585086658136267,0.0159652709660475,2.88552011326622,38.9615850959241,66.5911357815476
"4","Daejeon","Male","30-34",20771,21118,0.504141898827855,0.569121387170219,0.959557725954756,0.0404422740452441,0.569121387170219,0.0230165631049475,2.78806552808873,36.0760649826579,63.3890516081903
"4","Daejeon","Male","35-39",22211,20813,0.483753253997769,0.546104824065272,1.06806013761649,-0.0680601376164851,0.546104824065272,-0.0371679694789088,2.82344404402363,33.2879994545691,60.9553294306561
"4","Daejeon","Male","40-44",18475,19750,0.516677567037279,0.58327279354418,1.0443843793683,-0.0443843793682972,0.58327279354418,-0.0258882009438714,2.98108447008058,30.4645554105455,52.2303727307966
"4","Daejeon","Male","45-49",20445,23963,0.539609980183751,0.609160994488052,1.0644779113228,-0.0644779113227973,0.609160994488052,-0.0392774285839076,3.14399854390003,27.4834709404649,45.116925064387
"4","Daejeon","Male","50-54",15004,20250,0.574402904634935,0.64843842307196,0.87786592709156,0.12213407290844,0.64843842307196,0.0791964256401043,3.04420105125954,24.3394723965649,37.5355184556419
"4","Daejeon","Male","55-59",15227,15488,0.504248738401432,0.569241997431855,1.07775197507864,-0.0777519750786433,0.569241997431855,-0.0442596895980387,2.95685921115437,21.2952713453054,37.409873904911
"4","Daejeon","Male","60-64",12413,14776,0.543455073743058,0.613501687029894,1.03315203454755,-0.0331520345475531,0.613501687029894,-0.0203388291233972,3.11835550795796,18.338412134151,29.891380124693
"4","Daejeon","Male","65-69",7783,9965,0.561471715122831,0.633840516153291,1.03698221460066,-0.0369822146006644,0.633840516153291,-0.0234408259909769,3.2278046457439,15.220056626193,24.0124388364472
"4","Daejeon","Male","70-74",6251,8712,0.582236182583706,0.657281342144268,0.970454603622217,0.0295453963777826,0.657281342144268,0.0194196377853734,3.23785761625791,11.9922519804491,18.2452341356997
"4","Daejeon","Male","75-79",3605,4683,0.565033783783784,0.637861704358895,0.669164813655838,0.330835186344162,0.637861704358895,0.21102709582338,2.66174078223602,8.75439436419121,13.7245962633705
"4","Daejeon","Male","80-84",2482,1509,0.378100726634929,0.426834608535515,1.56987178331495,-0.569871783314949,0.426834608535515,-0.243240999546672,2.74227554154425,6.09265358195519,14.2740383748621
"4","Daejeon","Male","85+",986,1440,0.593569661995054,0.670075608082187,1,0,0.670075608082187,0,3.35037804041093,3.35037804041093,5
"4","Gangwon","Female","0-4",1731,19110,0.91694256513603,1,0.930457841109073,0.0695421588909269,1,0.0695421588909269,4.82614460277268,48.0696220369321,48.0696220369321
"4","Gangwon","Female","5-9",3892,22616,0.853176399577486,0.930457841109073,0.958697845481948,0.0413021545180523,0.930457841109073,0.0384299135260203,4.55621442173032,43.2434774341594,46.4754828468259
"4","Gangwon","Female","10-14",5507,24741,0.817938376090981,0.892027927583053,0.931257979885408,0.0687420201145917,0.892027927583053,0.0613198017406918,4.30684013356353,38.6872630124291,43.3700132206086
"4","Gangwon","Female","15-19",7462,23853,0.761711639789238,0.830708125842361,0.79610878502063,0.20389121497937,0.830708125842361,0.169374089071234,3.73010540653372,34.3804228788655,41.3868864518483
"4","Gangwon","Female","20-24",17611,27133,0.606405328088682,0.661334036771127,0.723332075841293,0.276667924158707,0.661334036771127,0.182969915128966,2.84924539603322,30.6503174723318,46.3461968810464
"4","Gangwon","Female","25-29",24941,19488,0.438632424767607,0.478364121642161,0.846877003609082,0.153122996390918,0.478364121642161,0.0732485476717574,2.20869923903141,27.8010720762986,58.1169674282034
"4","Gangwon","Female","30-34",30739,18167,0.371467713572977,0.405115573970403,0.868905360834336,0.131094639165664,0.405115573970403,0.0531084799900409,1.89280666987691,25.5923728372672,63.1730164961194
"4","Gangwon","Female","35-39",49880,23773,0.322770287700433,0.352007093980362,1.02490957877568,-0.024909578775681,0.352007093980362,-0.00876834843710239,1.78195634099457,23.6995661673903,67.3269561116073
"4","Gangwon","Female","40-44",59325,29327,0.330810359608356,0.360775442417465,0.988003771814427,0.0119962281855734,0.360775442417465,0.00432794453099112,1.79305735075985,21.9176098263957,60.7513906144258
"4","Gangwon","Female","45-49",76530,37158,0.326841883048343,0.356447497886474,0.851476392358804,0.148523607641196,0.356447497886474,0.0529408683207768,1.64988531863043,20.1245524756359,56.4586723008655
"4","Gangwon","Female","50-54",93770,36159,0.278298147449761,0.303506629565697,1.08051606728074,-0.0805160672807359,0.303506629565697,-0.024437160206261,1.57862604834414,18.4746671570054,60.8707202984059
"4","Gangwon","Female","55-59",88995,38269,0.30070561981393,0.327943789771958,1.17666384704439,-0.176663847044391,0.327943789771958,-0.0579358115154311,1.78455847764837,16.8960411086613,51.5211497690207
"4","Gangwon","Female","60-64",77282,42318,0.353829431438127,0.385879601287389,1.10336125342623,-0.103361253426234,0.385879601287389,-0.0398849992606798,2.02911050458865,15.1114826310129,39.1611336297573
"4","Gangwon","Female","65-69",44572,28545,0.390401684970663,0.425764600548069,1.15142379871155,-0.151423798711555,0.425764600548069,-0.0644708931718964,2.29000023567009,13.0823721264243,30.7267727509142
"4","Gangwon","Female","70-74",26656,21767,0.449517791132313,0.490235493719965,1.03925592679025,-0.0392559267902508,0.490235493719965,-0.0192446486514534,2.49928909022846,10.7923718907542,22.0146685195321
"4","Gangwon","Female","75-79",26426,23169,0.467164028631919,0.509480142371419,1.09821560340524,-0.0982156034052395,0.509480142371419,-0.0500388996059962,2.67249796087208,8.29308280052573,16.2775388299235
"4","Gangwon","Female","80-84",17710,18659,0.513046825593225,0.559519041977415,1.00605148778964,-0.00605148778964448,0.559519041977415,-0.00338592265059991,2.80606001651357,5.62058483965365,10.0453861584223
"4","Gangwon","Female","85+",12492,13326,0.516151522193818,0.562904964628015,1,0,0.562904964628015,0,2.81452482314007,2.81452482314007,5
"4","Gangwon","Male","0-4",1681,20081,0.922755261464939,1,0.932686718920481,0.0673132810795186,1,0.0673132810795186,4.8317167973012,52.6508238823939,52.6508238823939
"4","Gangwon","Male","5-9",4114,25407,0.860641577182345,0.932686718920481,0.933364899300611,0.0666351006993892,0.932686718920481,0.0621496734362492,4.50805941101178,47.8191070850927,51.2702776988611
"4","Gangwon","Male","10-14",6010,24543,0.803292639020718,0.870537045484232,0.987682153062665,0.0123178469373346,0.870537045484232,0.0107231420795543,4.32587737222228,43.3110476740809,49.7521017614929
"4","Gangwon","Male","15-19",6922,26582,0.793397803247373,0.859813903404678,0.819777386775792,0.180222613224208,0.859813903404678,0.154957908558098,3.91167474562815,38.9851703018586,45.3414048638731
"4","Gangwon","Male","20-24",13870,25805,0.650409577819786,0.70485599484658,0.798865245457743,0.201134754542257,0.70485599484658,0.141771037511105,3.16985238045514,35.0734955562305,49.7598031550609
"4","Gangwon","Male","25-29",24536,26537,0.51958960703307,0.563084957335475,0.727293075354501,0.272706924645499,0.563084957335475,0.153557167029099,2.43153186910463,31.9036431757753,56.6586671516564
"4","Gangwon","Male","30-34",33804,20534,0.377893923221318,0.409527790306376,0.989345063886098,0.0106549361139021,0.409527790306376,0.00436349244258193,2.03673022042542,29.4721113066707,71.966083875827
"4","Gangwon","Male","35-39",46372,27689,0.373867487611563,0.405164297863794,0.926833582766675,0.0731664172333251,0.405164297863794,0.0296444200655495,1.9517104391551,27.4353810862453,67.7142118170254
"4","Gangwon","Male","40-44",56624,30025,0.346512943023001,0.375519877798244,1.03911560340345,-0.0391156034034512,0.375519877798244,-0.0146886866100686,1.91432110551639,25.4836706470902,67.8623746804205
"4","Gangwon","Male","45-49",71437,40195,0.360067005876451,0.390208564408313,1.00043879296629,-0.000438792966292345,0.390208564408313,-0.000171220773449401,1.95147087397519,23.5693495415738,60.4019278185573
"4","Gangwon","Male","50-54",85758,48286,0.360225000746024,0.390379785181762,0.998734503326744,0.00126549667325593,0.390379785181762,0.000494024319453884,1.95066386511018,21.6178786675986,55.3765320034009
"4","Gangwon","Male","55-59",80534,45255,0.359769137205956,0.389885760862308,1.14990061416926,-0.149900614169263,0.389885760862308,-0.0584441150091105,2.09553909183432,19.6672148024884,50.4435318668488
"4","Gangwon","Male","60-64",65997,46568,0.413698751832275,0.448329875871419,1.16423842736638,-0.16423842736638,0.448329875871419,-0.0736329937544863,2.42573186374331,17.5716757106541,39.1936309765216
"4","Gangwon","Male","65-69",32489,30188,0.481643984236642,0.521962869625905,1.022479230046,-0.0224792300460046,0.521962869625905,-0.0117333234217934,2.63914765668401,15.1459438469108,29.0172821253857
"4","Gangwon","Male","70-74",20324,19721,0.492470970158572,0.533696193047699,1.09082438836097,-0.0908243883609732,0.533696193047699,-0.0484726303041371,2.78966254099884,12.5067961902268,23.4342990509378
"4","Gangwon","Male","75-79",16105,18694,0.537199344808759,0.582168823351836,1.12499144022891,-0.124991440228915,0.582168823351836,-0.0727661196871187,3.09275941597698,9.71713364922796,16.691264216592
"4","Gangwon","Male","80-84",8706,13298,0.604344664606435,0.654934943038954,1.01527374154412,-0.0152737415441242,0.654934943038954,-0.0100033070481927,3.29968298281525,6.62437423325099,10.1145530615809
"4","Gangwon","Male","85+",3450,5478,0.613575268817204,0.664938250087147,1,0,0.664938250087147,0,3.32469125043573,3.32469125043573,5
"4","Gwangju","Female","0-4",2759,22412,0.890389734217949,1,1.00550820597118,-0.00550820597117885,1,-0.00550820597117885,5.01377051492795,59.1615487952947,59.1615487952947
"4","Gwangju","Female","5-9",3698,31620,0.895294184268645,1.00550820597118,0.930555995940877,0.0694440040591228,1.00550820597118,0.0698265159369438,4.85297474001353,54.1477782803668,53.8511550266939
"4","Gwangju","Female","10-14",6036,30134,0.833121371302184,0.935681690034235,0.977165762641987,0.0228342373580128,0.935681690034235,0.0213655778017883,4.6249945056667,49.2948035403532,52.6833046594613
"4","Gwangju","Female","15-19",7076,30987,0.814097680161837,0.914316112232447,0.845306538373003,0.154693461626997,0.914316112232447,0.141438724422575,4.2179837501058,44.6698090346865,48.8559792800962
"4","Gwangju","Female","20-24",15837,34949,0.688162091915095,0.772877387809872,0.836312011033154,0.163687988966846,0.772877387809872,0.126510745328547,3.54811007572799,40.4518252845807,52.3392531889313
"4","Gwangju","Female","25-29",21174,28708,0.575518223006295,0.646366642481325,0.843003631730973,0.156996368269027,0.646366642481325,0.101477215439812,2.97814017380709,36.9037152088527,57.094089922685
"4","Gwangju","Female","30-34",21463,20226,0.485163952121663,0.544889427041512,1.09655598284472,-0.0965559828447242,0.544889427041512,-0.0526123341696919,2.85597797063179,33.9255750350456,62.2613935073859
"4","Gwangju","Female","35-39",22223,25263,0.532009434359601,0.597501761211204,0.883487959465331,0.116512040534669,0.597501761211204,0.069616149421776,2.81346843250158,31.0695970644139,51.9991723562994
"4","Gwangju","Female","40-44",24805,21999,0.470023929578669,0.527885611789428,1.09258899637356,-0.0925889963735553,0.527885611789428,-0.0488763989956234,2.7616190564362,28.2561286319123,53.5269914558375
"4","Gwangju","Female","45-49",23653,24970,0.513542973489912,0.576762010785052,0.919421265367034,0.0805787346329657,0.576762010785052,0.0464747530134244,2.7676231713917,25.4945095754761,44.2028238662504
"4","Gwangju","Female","50-54",22033,19709,0.472162330506444,0.530287257771627,0.955600887981044,0.0443991120189562,0.530287257771627,0.0235442833600276,2.59257558045807,22.7268864040844,42.8576890562811
"4","Gwangju","Female","55-59",20945,17220,0.451198742303157,0.5067429744116,0.996033579290903,0.00396642070909714,0.5067429744116,0.00200995582789565,2.52868998248826,20.1343108236263,39.7327873109737
"4","Gwangju","Female","60-64",20406,16656,0.449409098267768,0.504733018583704,0.999915651968251,8.43480317485046e-05,0.504733018583704,4.25732366760168e-05,2.52355865982683,17.605620841138,34.8810563068371
"4","Gwangju","Female","65-69",12741,10398,0.449371191494879,0.504690445347028,1.05225887485521,-0.0522588748552091,0.504690445347028,-0.0263745548240101,2.58938861379517,15.0820621813112,29.8837878155999
"4","Gwangju","Female","70-74",10069,9032,0.472854824354746,0.531065000171038,1.06744334742173,-0.0674433474217349,0.531065000171038,-0.035816801310059,2.74486700413034,12.4926735675161,23.5238126472138
"4","Gwangju","Female","75-79",6418,6541,0.504745736553746,0.566881801481097,1.15828922680758,-0.158289226807584,0.566881801481097,-0.0897312820477329,3.05873721252482,9.74780656338572,17.195483322833
"4","Gwangju","Female","80-84",3175,4469,0.584641548927263,0.65661308352883,1.02496417218532,-0.0249641721853175,0.65661308352883,-0.016391802076346,3.32404492283502,6.6890693508609,10.1872312913899
"4","Gwangju","Female","85+",2100,3140,0.599236641221374,0.673004885605176,1,0,0.673004885605176,0,3.36502442802588,3.36502442802588,5
"4","Gwangju","Male","0-4",2095,24252,0.920484305613542,1,0.920301515506504,0.079698484493496,1,0.079698484493496,4.80075378876626,59.2184537424958,59.2184537424958
"4","Gwangju","Male","5-9",5848,32405,0.847123101456095,0.920301515506504,0.971072445568664,0.0289275544313362,0.920301515506504,0.0266220721830556,4.53495239707488,54.4176999537295,59.1302948401425
"4","Gwangju","Male","10-14",7372,34188,0.822617901828681,0.893679443323448,0.977007310340644,0.0229926896593564,0.893679443323448,0.0205480940952824,4.41702698137904,49.8827475566547,55.8172708674475
"4","Gwangju","Male","15-19",7791,31899,0.803703703703704,0.873131349228166,0.820934840025551,0.179065159974449,0.873131349228166,0.156347404728248,3.97478823432021,45.4657205752756,52.0720285847789
"4","Gwangju","Male","20-24",15465,29992,0.659788371427943,0.716783944499918,0.910548164432032,0.0894518355679684,0.716783944499918,0.0641176395411665,3.42362562364667,41.4909323409554,57.8848517176296
"4","Gwangju","Male","25-29",24086,36245,0.600769090517313,0.652666304958752,0.863991759690838,0.136008240309162,0.652666304958752,0.0887679956465226,3.04141153567745,38.0673067173087,58.325834240385
"4","Gwangju","Male","30-34",20742,22386,0.519059543683918,0.563898309312229,0.979007422302139,0.0209925776978607,0.563898309312229,0.0118376790719292,2.78989734888132,35.0258951816313,62.1138503223239
"4","Gwangju","Male","35-39",25215,26052,0.508163145883317,0.5520606302403,1.02365167443993,-0.0236516744399287,0.5520606302403,-0.0130571582975454,2.79294604694536,32.23599783275,58.3921331588495
"4","Gwangju","Male","40-44",22455,24344,0.520182055172119,0.565117788537845,1.03495551303933,-0.0349555130393251,0.565117788537845,-0.0197539822259892,2.8749738982542,29.4430517858046,52.1007343654567
"4","Gwangju","Male","45-49",20660,24094,0.538365285784511,0.584871770763834,0.959750088034201,0.0402499119657985,0.584871770763834,0.023541037284525,2.86550626060786,26.5680778875504,45.4254748059611
"4","Gwangju","Male","50-54",19684,21044,0.516696130426242,0.561330733479309,1.02687122580198,-0.0268712258019828,0.561330733479309,-0.0150836448889151,2.84436277961883,23.7025716269425,42.2256794671233
"4","Gwangju","Male","55-59",16540,18695,0.530580388817937,0.576414378368224,0.921247376299655,0.0787526237003446,0.576414378368224,0.0453941446351009,2.76858653025337,20.8582088473237,36.1861355824804
"4","Gwangju","Male","60-64",15741,15051,0.488795791114575,0.531020233733124,1.04308080968663,-0.0430808096866322,0.531020233733124,-0.0228767816292076,2.71229312273864,18.0896223170703,34.0657872674616
"4","Gwangju","Male","65-69",10272,10685,0.509853509567209,0.553897015362331,0.997135665048255,0.00286433495174487,0.553897015362331,0.00158654658076949,2.76551871035973,15.3773291943317,27.7620726738754
"4","Gwangju","Male","70-74",7058,7299,0.508393118339486,0.552310468781562,1.18636986513511,-0.186369865135112,0.552310468781562,-0.10293402757953,3.01888741285663,12.611810483972,22.8346395674784
"4","Gwangju","Male","75-79",4092,6219,0.603142275240035,0.655244496361092,0.938793089977005,0.0612069100229953,0.655244496361092,0.0401054909318362,3.17595875447587,9.59292307111534,14.6402192225799
"4","Gwangju","Male","80-84",2263,2954,0.566225800268353,0.615139005429256,1.05756406492472,-0.0575640649247158,0.615139005429256,-0.0354099016462548,3.16421978126192,6.41696431663947,10.4317304869354
"4","Gwangju","Male","85+",952,1421,0.59882005899705,0.65054890707551,1,0,0.65054890707551,0,3.25274453537755,3.25274453537755,5
"4","Gyeongbuk","Female","0-4",2550,35670,0.933281004709576,1,0.915894165752598,0.0841058342474025,1,0.0841058342474025,4.78973541438149,47.037590136224,47.037590136224
"4","Gyeongbuk","Female","5-9",7510,44207,0.854786627221223,0.915894165752598,0.942108402045615,0.0578915979543846,0.915894165752598,0.0530225768125159,4.4469143867317,42.2478547218425,46.1274416865917
"4","Gyeongbuk","Female","10-14",9820,40617,0.805301663461348,0.862871588940082,0.932140643042265,0.0678593569577349,0.862871588940082,0.0585539111625729,4.16797316679398,37.8009403351108,43.8083033670676
"4","Gyeongbuk","Female","15-19",12288,36993,0.750654410421866,0.804317677777509,0.757391289308062,0.242608710691938,0.804317677777509,0.195134474792335,3.53375220190671,33.6329671683168,41.8155264984992
"4","Gyeongbuk","Female","20-24",31699,41770,0.568539111734201,0.609183202985174,0.816279837683494,0.183720162316506,0.609183202985174,0.111919236932925,2.76611792259356,30.0992149664101,49.4091347543977
"4","Gyeongbuk","Female","25-29",40649,35201,0.464087013843111,0.497263966052249,0.873265314358318,0.126734685641682,0.497263966052249,0.0630205924185676,2.32876834921483,27.3330970438165,54.9669771184356
"4","Gyeongbuk","Female","30-34",46553,31723,0.405271092033318,0.434243373633681,0.978368121629432,0.0216318783705678,0.434243373633681,0.00939349984166882,2.14773311856423,25.0043286946017,57.5813707538456
"4","Gyeongbuk","Female","35-39",68918,45280,0.396504317063346,0.424849873792013,0.862694496122078,0.137305503877922,0.424849873792013,0.058334225993484,1.97841380397635,22.8565955760375,53.7992288241258
"4","Gyeongbuk","Female","40-44",95853,49834,0.342062092019192,0.366515647798529,1.00008908092923,-8.90809292346528e-05,0.366515647798529,-3.26495544849337e-05,1.83265986287886,20.8781817720611,56.9639574666611
"4","Gyeongbuk","Female","45-49",124057,64506,0.342092563228205,0.366548297353014,0.912901444633867,0.0870985553661325,0.366548297353014,0.0319258271713631,1.75292691883666,19.0455219091823,51.9591061988756
"4","Gyeongbuk","Female","50-54",153985,69927,0.312296795169531,0.33462247018165,0.958933746269208,0.041066253730792,0.33462247018165,0.013741691264504,1.63875812274699,17.2925949903456,51.6779252181071
"4","Gyeongbuk","Female","55-59",169539,72477,0.299471935739786,0.320880778917146,1.07325401972208,-0.0732540197220795,0.320880778917146,-0.0235058069072329,1.66316841185381,15.6538368675986,48.7839655601201
"4","Gyeongbuk","Female","60-64",162308,76876,0.321409458826677,0.344386585824379,1.10501228520745,-0.105012285207453,0.344386585824379,-0.0361648223722107,1.81234498505242,13.9906684557448,40.6248937433334
"4","Gyeongbuk","Female","65-69",120737,66499,0.355161400585358,0.38055140819659,1.06666120752989,-0.0666612075298938,0.38055140819659,-0.0253680163975862,1.96617708197692,12.1783234706924,32.0017826984393
"4","Gyeongbuk","Female","70-74",82383,50244,0.378836888416386,0.405919424594176,1.15279296156639,-0.152792961566387,0.405919424594176,-0.0620216310410677,2.18465120057355,10.2121463887154,25.158062832113
"4","Gyeongbuk","Female","75-79",67700,52489,0.43672049854812,0.467941055635244,1.11746511269361,-0.117465112693615,0.467941055635244,-0.054966748834163,2.47712215026163,8.0274951881419,17.1549281506072
"4","Gyeongbuk","Female","80-84",42971,40960,0.488019921125687,0.522907804469407,1.08192521140184,-0.0819252114018374,0.522907804469407,-0.0428393324248268,2.7216373534091,5.55037303788027,10.6144390855138
"4","Gyeongbuk","Female","85+",28597,31990,0.528001056332217,0.565747136894234,1,0,0.565747136894234,0,2.82873568447117,2.82873568447117,5
"4","Gyeongbuk","Male","0-4",2576,36807,0.934591067211741,1,0.90848098658272,0.0915190134172805,1,0.0915190134172805,4.7712024664568,47.8879844487614,47.8879844487614
"4","Gyeongbuk","Male","5-9",8839,49720,0.849058214791919,0.90848098658272,0.965069956364399,0.0349300436356014,0.90848098658272,0.0317332805034486,4.46307173165498,43.1167819823046,47.4603019976123
"4","Gyeongbuk","Male","10-14",10063,45657,0.819400574300072,0.876747706079271,0.934050025753428,0.0659499742465723,0.876747706079271,0.0578214886366693,4.23918480880468,38.6537102506497,44.087609220565
"4","Gyeongbuk","Male","15-19",13102,42737,0.765361127527355,0.818926217442602,0.811284996488837,0.188715003511163,0.818926217442602,0.154543664000064,3.70827192721285,34.414525441845,42.0239634643973
"4","Gyeongbuk","Male","20-24",26658,43666,0.620925999658723,0.664382553442537,0.814098582032358,0.185901417967642,0.664382553442537,0.12350965875793,3.01313862031786,30.7062535146321,46.2177300645929
"4","Gyeongbuk","Male","25-29",46211,47238,0.505494975869191,0.540872894684607,0.87349819738583,0.12650180261417,0.540872894684607,0.0684213961627469,2.53331098301617,27.6931148943143,51.2007814894526
"4","Gyeongbuk","Male","30-34",53489,42292,0.441548950209332,0.47245149852186,0.919783806375623,0.0802161936243772,0.47245149852186,0.0378982608835567,2.26751184040041,25.1598039112981,53.2537286684761
"4","Gyeongbuk","Male","35-39",72122,49322,0.406129574124699,0.434553237638304,0.949797813832621,0.0502021861673793,0.434553237638304,0.0218155225355555,2.11822738185263,22.8922920708977,52.6800633112573
"4","Gyeongbuk","Male","40-44",93024,58417,0.385740981636413,0.412737715102748,0.930730046621089,0.0692699533789112,0.412737715102748,0.0285903222828857,1.99221276980653,20.7740646890451,50.3323634571983
"4","Gyeongbuk","Male","45-49",124782,69892,0.359020721822123,0.384147392819862,0.967553822450754,0.0324461775492462,0.384147392819862,0.0124641145125133,1.88957667781803,18.7818519192385,48.8923061051357
"4","Gyeongbuk","Male","50-54",151304,80534,0.347371871738024,0.371683278307349,0.962786878951116,0.0372131210488837,0.371683278307349,0.0138314948274973,1.823837654468,16.8922752414205,45.4480366142598
"4","Gyeongbuk","Male","55-59",169819,85335,0.33444508022606,0.357851783479852,1.07089263048437,-0.0708926304843662,0.357851783479852,-0.0253690542544086,1.85268155303528,15.0684375869525,42.1080410454372
"4","Gyeongbuk","Male","60-64",155763,86917,0.35815477171584,0.38322083773426,1.02219927701688,-0.0221992770168822,0.38322083773426,-0.0085072255355045,1.93737225251006,13.2157560339172,34.4860058029557
"4","Gyeongbuk","Male","65-69",112631,65050,0.366105548708078,0.391728063269765,1.07086535049047,-0.0708653504904662,0.391728063269765,-0.0277599465005634,2.02804018260023,11.2783837814072,28.7913602289971
"4","Gyeongbuk","Male","70-74",76454,49303,0.39204974673378,0.419488009770328,1.04922693474256,-0.0492269347425591,0.419488009770328,-0.0206501088822499,2.14906532105727,9.25034359880693,22.0515089427027
"4","Gyeongbuk","Male","75-79",53579,37441,0.411349154032081,0.440138118652578,1.04926118242126,-0.0492611824212623,0.440138118652578,-0.0216817241534958,2.25489490364663,7.10127827774967,16.134204189106
"4","Gyeongbuk","Male","80-84",32439,24633,0.431612699747687,0.461819842806074,1.06587993120313,-0.0658799312031335,0.461819842806074,-0.0304246594723061,2.38516086271113,4.84638337410304,10.4940994840235
"4","Gyeongbuk","Male","85+",15292,13029,0.460047314713463,0.49224450227838,1,0,0.49224450227838,0,2.4612225113919,2.4612225113919,5
"4","Gyeonggi","Female","0-4",13650,207845,0.938373326711664,1,0.934980239508139,0.0650197604918609,1,0.0650197604918609,4.83745059877035,68.2336069360529,68.2336069360529
"4","Gyeonggi","Female","5-9",33673,240896,0.877360517756921,0.934980239508139,0.962041403787609,0.037958596212391,0.934980239508139,0.035490537378054,4.58617485409556,63.3961563372826,67.8048087632666
"4","Gyeonggi","Female","10-14",41982,227232,0.844057144130692,0.899489702130085,0.981286477492653,0.0187135225073466,0.899489702130085,0.0168326207859378,4.45536695868558,58.809981483187,65.3814950231435
"4","Gyeonggi","Female","15-19",43272,208693,0.828261861766515,0.882657081344147,0.90987852007038,0.0901214799296203,0.882657081344147,0.0795463624410938,4.214419500618,54.3546145245014,61.5806700850663
"4","Gyeonggi","Female","20-24",74507,227897,0.753617677014854,0.803110718903053,0.933679056393253,0.0663209436067467,0.803110718903053,0.0532630606983432,3.88239594276941,50.1401950238834,62.4324814047664
"4","Gyeonggi","Female","25-29",87433,207587,0.703637041556505,0.74984765820471,0.958317745277963,0.0416822547220369,0.74984765820471,0.0312553410920116,3.67109993829352,46.257799081114,61.6895959798884
"4","Gyeonggi","Female","30-34",75372,156049,0.674307863158486,0.718592317112699,1.02125050300401,-0.0212505030040067,0.718592317112699,-0.0152704481934595,3.63113770604714,42.5866991428205,59.2640613163438
"4","Gyeonggi","Female","35-39",65880,145706,0.688637244430161,0.733862765306158,1.01779250654914,-0.0177925065491447,0.733862765306158,-0.0130572580578832,3.7019569716755,38.9555614367734,53.0828968009047
"4","Gyeonggi","Female","40-44",55968,131147,0.700889827111669,0.746920023364041,0.998287966581089,0.00171203341891146,0.746920023364041,0.00127875204125337,3.73140323671707,35.2536044650979,47.1986335381929
"4","Gyeonggi","Female","45-49",55197,128603,0.699689880304679,0.745641271322788,0.937193513098308,0.0628064869016917,0.745641271322788,0.0468311087406954,3.6111285847622,31.5222012283808,42.275290331582
"4","Gyeonggi","Female","50-54",63481,120920,0.655744817002077,0.698810162582093,0.971016621510979,0.0289833784890208,0.698810162582093,0.0202538794340909,3.44341611432524,27.9110726436186,39.9408510896402
"4","Gyeonggi","Female","55-59",69393,121635,0.636739116778692,0.678556283148002,0.990738484672696,0.0092615153273039,0.678556283148002,0.00628445941681359,3.37707026719797,24.4676565292934,36.05840390392
"4","Gyeonggi","Female","60-64",62638,107040,0.630841947689152,0.672271823731188,0.978934215769389,0.0210657842306113,0.672271823731188,0.0141619331830408,3.32595428569834,21.0905862620954,31.3721109789194
"4","Gyeonggi","Female","65-69",47002,75896,0.617552767335514,0.658109890548147,1.03334148806694,-0.033341488066938,0.658109890548147,-0.021942363062445,3.34540536039685,17.764631976397,26.9934128502471
"4","Gyeonggi","Female","70-74",30950,54581,0.638142895558336,0.680052253610592,0.994416273634657,0.00558372636534277,0.680052253610592,0.00379722569829623,3.39076820380722,14.4192266160002,21.2031157009544
"4","Gyeonggi","Female","75-79",28342,49218,0.63457968024755,0.676255027912296,1.08341544765213,-0.0834154476521278,0.676255027912296,-0.0564101158803064,3.52230042926225,11.028458412193,16.3081351812489
"4","Gyeonggi","Female","80-84",17453,38399,0.687513428346344,0.732665143792602,1.03266731903845,-0.0326673190384548,0.732665143792602,-0.0239342060006283,3.72316123396458,7.50615798293073,10.2450048927884
"4","Gyeonggi","Female","85+",11028,26996,0.709972648853356,0.756599349793231,1,0,0.756599349793231,0,3.78299674896615,3.78299674896615,5
"4","Gyeonggi","Male","0-4",15147,213037,0.933619359814886,1,0.924056221054525,0.0759437789454751,1,0.0759437789454751,4.81014055263631,71.4837221724704,71.4837221724704
"4","Gyeonggi","Male","5-9",40966,257439,0.862716777533889,0.924056221054525,0.984844988184082,0.0151550118159177,0.924056221054525,0.0140040829486536,4.58527089790099,66.673581619834,72.1531656848181
"4","Gyeonggi","Male","10-14",44577,251896,0.849642294576572,0.910052138105871,0.984356274421069,0.0156437255789309,0.910052138105871,0.0142366059110476,4.51466917575174,62.088310721933,68.2250039554437
"4","Gyeonggi","Male","15-19",43090,220217,0.836350723679963,0.895815532194824,0.918283118709788,0.0817168812902118,0.895815532194824,0.0732032515022923,4.29606953221839,57.5736415461813,64.2695281305528
"4","Gyeonggi","Male","20-24",61307,202955,0.768006750876025,0.822612280692531,0.956300707174792,0.0436992928252079,0.822612280692531,0.035947574935595,4.02319246612367,53.2775720139629,64.7663221962967
"4","Gyeonggi","Male","25-29",85934,237668,0.734445398977757,0.786664705756936,0.932923896433009,0.0670761035669912,0.786664705756936,0.0527664032758489,3.80140752059506,49.2543795478393,62.6116554961573
"4","Gyeonggi","Male","30-34",76147,165729,0.685181663331624,0.733898302481087,1.05216406597932,-0.0521640659793203,0.733898302481087,-0.0382831194727346,3.76519931108727,45.4529720272442,61.9336110651592
"4","Gyeonggi","Male","35-39",61924,159965,0.720923524825476,0.772181421953822,1.009244236245,-0.0092442362449987,0.772181421953822,-0.00713822748854016,3.87875267849046,41.6877727161569,53.9870185048947
"4","Gyeonggi","Male","40-44",51779,138297,0.72758791220354,0.779319649442362,1.00940986616805,-0.00940986616805328,0.779319649442362,-0.00733329360338683,3.91493148122028,37.8090200376665,48.5154199110987
"4","Gyeonggi","Male","45-49",49025,135581,0.734434417082868,0.786652943045749,0.982974058333637,0.0170259416663631,0.786652943045749,0.0133935071199698,3.89978094742882,33.8940885564462,43.0864574474426
"4","Gyeonggi","Male","50-54",48791,126672,0.721929979539846,0.773259435925779,0.981333518214794,0.0186664817852064,0.773259435925779,0.0144340331759475,3.83021209668903,29.9943076090174,38.7894492009747
"4","Gyeonggi","Male","55-59",54022,131273,0.708454086726571,0.758825402749832,1.00608649648385,-0.00608649648384563,0.758825402749832,-0.00461858814568959,3.80567348411338,26.1640955123283,34.4797306699471
"4","Gyeonggi","Male","60-64",46093,114379,0.712766090034399,0.763443990895521,0.957065474169516,0.0429345258304841,0.763443990895521,0.0327781057472316,3.73527469010953,22.358422028215,29.2862636877769
"4","Gyeonggi","Male","65-69",35529,76255,0.682163815930724,0.73066588514829,0.980779519111551,0.0192204808884489,0.73066588514829,0.0140437496813343,3.61822005153811,18.6231473381054,25.4879113923949
"4","Gyeonggi","Male","70-74",23907,48331,0.669052299343836,0.716622135466956,1.00744092308689,-0.00744092308688526,0.716622135466956,-0.00533233019236909,3.5964415028157,15.0049272865673,20.9384088823743
"4","Gyeonggi","Male","75-79",18857,38992,0.674030666044357,0.721954465659325,1.05405843057979,-0.0540584305797867,0.721954465659325,-0.0390277253636116,3.70734164170565,11.4084857837516,15.8022234453981
"4","Gyeonggi","Male","80-84",11310,27753,0.710467706013363,0.760982191022936,1.01600076548333,-0.0160007654833287,0.760982191022936,-0.0121762975755477,3.83535169905355,7.70114414204597,10.120005741125
"4","Gyeonggi","Male","85+",5158,13385,0.721835733160761,0.773158488598484,1,0,0.773158488598484,0,3.86579244299242,3.86579244299242,5
"4","Gyeongnam","Female","0-4",3036,47425,0.939834723846139,1,0.953928523381701,0.0460714766182989,1,0.0460714766182989,4.88482130845425,55.3099210116122,55.3099210116122
"4","Gyeongnam","Female","5-9",7319,63420,0.896535150341396,0.953928523381701,0.98943867990416,0.0105613200958404,0.953928523381701,0.0100747444839865,4.74445575569854,50.425099703158,52.8604591090323
"4","Gyeongnam","Female","10-14",7595,59657,0.887066555641468,0.943853778897714,0.954814074808048,0.045185925191952,0.943853778897714,0.0426489062454133,4.61264662887504,45.6806439474594,48.3980092772504
"4","Gyeongnam","Female","15-19",9433,52214,0.84698363261797,0.901204872652301,0.726868308444355,0.273131691555645,0.901204872652301,0.246147611305713,3.89065533499722,41.0679973185844,45.5701012775472
"4","Gyeongnam","Female","20-24",35577,56986,0.615645560321079,0.655057261346588,0.887755369914812,0.112244630085188,0.655057261346588,0.0735266599844644,3.09146965677178,37.1773419835872,56.754339165957
"4","Gyeongnam","Female","25-29",42659,51416,0.546542652139251,0.581530601362124,0.938413738013834,0.0615862619861658,0.581530601362124,0.0358142959684603,2.81811726688947,34.0858723268154,58.6140647576856
"4","Gyeongnam","Female","30-34",43482,45782,0.512883133177989,0.545716305393664,1.00325991366122,-0.0032599136612228,0.545716305393664,-0.00177898803910484,2.73302899706608,31.2677550599259,57.2967213016849
"4","Gyeongnam","Female","35-39",55248,58561,0.514555087910446,0.547495293432768,1.02153289699331,-0.0215328969933104,0.547495293432768,-0.0117891597578101,2.76694936655837,28.5347260628598,52.1186691559457
"4","Gyeongnam","Female","40-44",61056,67655,0.525634949615806,0.559284453190578,0.996628335470881,0.00337166452911897,0.559284453190578,0.00188571955251037,2.79170796707162,25.7677766963015,46.0727569831465
"4","Gyeongnam","Female","45-49",76770,84465,0.523862684900921,0.557398733638068,0.88023303750249,0.11976696249751,0.557398733638068,0.0667579532277901,2.62009878512086,22.9760687292299,41.2201667184783
"4","Gyeongnam","Female","50-54",103129,88248,0.461121242364547,0.490640780410278,0.953388568194074,0.0466114318059263,0.490640780410278,0.0228694692773001,2.39603022885814,20.355969944109,41.4885406123135
"4","Gyeongnam","Female","55-59",111569,87529,0.439627721021808,0.467771311132978,0.95891228283921,0.0410877171607901,0.467771311132978,0.0192196553277637,2.29080741734548,17.9599397152509,38.3947011879598
"4","Gyeongnam","Female","60-64",117305,85492,0.421564421564422,0.448551655805214,1.01269985280403,-0.0126998528040305,0.448551655805214,-0.00569654000373038,2.2569996290354,15.6691322979054,34.9327264655328
"4","Gyeongnam","Female","65-69",89089,66367,0.426918227665706,0.454248195808944,0.983138371122985,0.0168616288770151,0.454248195808944,0.00765936449578413,2.25209256780526,13.41213266887,29.5260009673458
"4","Gyeongnam","Female","70-74",68646,49652,0.419719690949974,0.44658883131316,1.14328407975987,-0.14328407975987,0.44658883131316,-0.0639890697257419,2.39291683088016,11.1600401010647,24.9895190353271
"4","Gyeongnam","Female","75-79",50113,46232,0.479858840624838,0.510577901038902,1.13082237794214,-0.130822377942138,0.510577901038902,-0.066795015138615,2.71987704304105,8.76712327018456,17.1709806717948
"4","Gyeongnam","Female","80-84",32606,38685,0.542635115231937,0.577372916177517,1.06316358288947,-0.0631635828894663,0.577372916177517,-0.0364689420491115,2.97803693601037,6.04724622714351,10.473726871671
"4","Gyeongnam","Female","85+",19749,26929,0.576909893311624,0.613841858226629,1,0,0.613841858226629,0,3.06920929113314,3.06920929113314,5
"4","Gyeongnam","Male","0-4",3083,52239,0.944271718303749,1,0.960827317152608,0.0391726828473918,1,0.0391726828473918,4.90206829288152,55.5510520449626,55.5510520449626
"4","Gyeongnam","Male","5-9",7260,71042,0.907282061760875,0.960827317152608,0.961119884536929,0.0388801154630714,0.960827317152608,0.0373570770309665,4.71074389318562,50.648983752081,52.7139298060116
"4","Gyeongnam","Male","10-14",9894,67407,0.872006830442038,0.923470240121642,0.966125332756912,0.0338746672430883,0.923470240121642,0.0312822470930155,4.53914558287567,45.9382398588954,49.7452303962111
"4","Gyeongnam","Male","15-19",10609,56736,0.842467889227114,0.892187993028626,0.784276663684935,0.215723336315065,0.892187993028626,0.192465770476377,3.97977553895219,41.3990942760197,46.4017612874235
"4","Gyeongnam","Male","20-24",28469,55443,0.660727905424731,0.699722222552249,0.896444864758754,0.103555135241246,0.699722222552249,0.0724598293877037,3.31746153929199,37.4193187370676,53.4773907859892
"4","Gyeongnam","Male","25-29",44384,64482,0.592306137820807,0.627262393164546,0.88028813141281,0.11971186858719,0.627262393164546,0.0750907531802002,2.94858508287223,34.1018571977756,54.3661752551932
"4","Gyeongnam","Male","30-34",46887,51080,0.521400063286617,0.552171639984345,1.03577652832873,-0.035776528328733,0.552171639984345,-0.0197547843202229,2.81024516072228,31.1532721149033,56.419543958807
"4","Gyeongnam","Male","35-39",57123,67072,0.540053947421394,0.571926424304568,0.997929176870856,0.00207082312914386,0.571926424304568,0.00118435846761845,2.8566712253538,28.3430269541811,49.5571208982775
"4","Gyeongnam","Male","40-44",60825,71098,0.538935591216088,0.57074206583695,0.975721152669059,0.0242788473309407,0.57074206583695,0.013856959481801,2.81906793048025,25.4863557288273,44.6547700868228
"4","Gyeongnam","Male","45-49",78741,87327,0.525850856275742,0.556885106355149,0.945077280066459,0.0549227199335415,0.556885106355149,0.0305856447315043,2.70796141994698,22.667287798347,40.7037062756193
"4","Gyeongnam","Male","50-54",96446,95284,0.496969696969697,0.526299461623645,0.93487756713917,0.0651224328608297,0.526299461623645,0.0342739013542766,2.54581255473253,19.9593263784,37.9238966287845
"4","Gyeongnam","Male","55-59",108178,93875,0.464605821244921,0.492025560269368,1.02811052835135,-0.0281105283513483,0.492025560269368,-0.0138310984615401,2.49470554750069,17.4135138236675,35.3914821297783
"4","Gyeongnam","Male","60-64",98824,90373,0.477666136355228,0.505856658730908,0.981072168130197,0.018927831869803,0.505856658730908,0.00957476978667892,2.50534636918784,14.9188082761668,29.4921654557144
"4","Gyeongnam","Male","65-69",77551,68393,0.468624952036398,0.496281888944229,0.938706633679004,0.0612933663209959,0.496281888944229,0.0304187876175344,2.40536247567731,12.413461906979,25.0129254835128
"4","Gyeongnam","Male","70-74",58821,46198,0.439901351184071,0.465863101326695,1.01353896709257,-0.0135389670925703,0.465863101326695,-0.00630730519850486,2.34508376962974,10.0080994313017,21.4829193443318
"4","Gyeongnam","Male","75-79",39051,31420,0.44585716110173,0.4721704065252,1.05696326107986,-0.0569632610798569,0.4721704065252,-0.0268963661410771,2.42809294797869,7.66301566167193,16.2293433806359
"4","Gyeongnam","Male","80-84",24363,21714,0.471254638973892,0.499066772666277,1.06525646143515,-0.0652564614351523,0.499066772666277,-0.0325673316040628,2.57675219234154,5.23492271369324,10.4894234607636
"4","Gyeongnam","Male","85+",10173,10255,0.502007049148228,0.531634104270339,1,0,0.531634104270339,0,2.6581705213517,2.6581705213517,5
"4","Incheon","Female","0-4",4770,42558,0.899213995943205,1,0.88915922432428,0.11084077567572,1,0.11084077567572,4.7228980608107,63.3311680009294,63.3311680009294
"4","Incheon","Female","5-9",12408,49491,0.799544419134396,0.88915922432428,0.990189310004125,0.0098106899958752,0.88915922432428,0.00872326550681837,4.42398795785435,58.6082699401187,65.914257353241
"4","Incheon","Female","10-14",12373,47027,0.791700336700337,0.880435958817462,0.96104922535463,0.0389507746453701,0.880435958817462,0.0342936626215793,4.31644563753336,54.1842819822644,61.5425590465896
"4","Incheon","Female","15-19",14243,45317,0.760862995298858,0.846142296195882,0.873965936309868,0.126034063690132,0.846142296195882,0.106642752049667,3.96410460085524,49.867836344731,58.9355201470588
"4","Incheon","Female","20-24",27355,54294,0.664968340089897,0.739499544146216,0.871245875424256,0.128754124575744,0.739499544146216,0.0952136164307077,3.45946367965431,45.9037317438758,62.0740500886631
"4","Incheon","Female","25-29",41036,56518,0.579350923591037,0.644285927715508,0.951024609643151,0.0489753903568494,0.644285927715508,0.0315541548112919,3.14254425154931,42.4442680642214,65.8779995625843
"4","Incheon","Female","30-34",33344,40915,0.550976985954564,0.612731772904216,1.02083612502359,-0.020836125023586,0.612731772904216,-0.0127669558261558,3.09557625408647,39.3017238126721,64.1418081298289
"4","Incheon","Female","35-39",30677,39435,0.562457211319032,0.625498728730372,1.00277332592465,-0.00277332592465318,0.625498728730372,-0.00173471184022555,3.13183042325242,36.2061475585857,57.883646913362
"4","Incheon","Female","40-44",26942,34854,0.564017088484692,0.627233440570597,1.10195485405009,-0.101954854050087,0.627233440570597,-0.063949493888709,3.29604093757476,33.0743171353332,52.7304748057523
"4","Incheon","Female","45-49",21529,35354,0.621521368422903,0.691182934459306,0.952060494929303,0.0479395050706971,0.691182934459306,0.0331349677912912,3.3730772528183,29.7782761977585,43.083060522976
"4","Incheon","Female","50-54",20606,29865,0.591725941629847,0.658047966668015,0.978834949540562,0.0211650504594384,0.658047966668015,0.0139276184192594,3.25542078729193,26.4051989449402,40.1265565466926
"4","Incheon","Female","55-59",20872,28729,0.579202032217092,0.644120348248756,0.991452624617564,0.00854737538243555,0.644120348248756,0.00550553840794723,3.20683789522391,23.1497781576482,35.9401441370207
"4","Incheon","Female","60-64",20900,28190,0.574251375025463,0.638614809840809,0.926658122679718,0.0733418773202821,0.638614809840809,0.0468372090382599,3.07598102660839,19.9429402624243,31.2284337210965
"4","Incheon","Female","65-69",12907,14680,0.532134701127343,0.591777600802549,1.04607218027185,-0.0460721802718504,0.591777600802549,-0.0272644843050182,3.02704921477529,16.8669592358159,28.5021927375108
"4","Incheon","Female","70-74",10295,12926,0.556651307006589,0.619042085107567,1.01654459627155,-0.0165445962715474,0.619042085107567,-0.0102418013732016,3.12081492897084,13.8399100210407,22.3569775851924
"4","Incheon","Female","75-79",7040,9176,0.565860878145042,0.629283886480768,1.18441577249283,-0.184415772492833,0.629283886480768,-0.116049874042643,3.43654411751045,10.7190950920698,17.0337987708786
"4","Incheon","Female","80-84",3935,7997,0.670214549111633,0.745333760523411,0.969447847444021,0.0305521525559789,0.745333760523411,0.0227715507566327,3.66973992572548,7.28255097455937,9.77085885583016
"4","Incheon","Female","85+",3276,6077,0.649738051961937,0.722562209766779,1,0,0.722562209766779,0,3.61281104883389,3.61281104883389,5
"4","Incheon","Male","0-4",5495,43898,0.888749417933715,1,0.914050891283247,0.0859491087167532,1,0.0859491087167532,4.78512722820812,68.2396367150574,68.2396367150574
"4","Incheon","Male","5-9",12425,53793,0.812362197589779,0.914050891283247,0.983093445102632,0.0169065548973684,0.914050891283247,0.0154534515724687,4.53162082748506,63.4545094868493,69.4211997296614
"4","Incheon","Male","10-14",12622,50058,0.798627951499681,0.898597439710778,0.982896280852162,0.0171037191478379,0.898597439710778,0.0153693582357794,4.45456380296444,58.9228886593643,65.5720638135016
"4","Incheon","Male","15-19",13015,47511,0.784968443313617,0.883228081474999,0.835413889405215,0.164586110594785,0.883228081474999,0.145367074698064,4.05272272062984,54.4683248563998,61.6696026754915
"4","Incheon","Male","20-24",25038,47699,0.655773540288986,0.737861006776935,0.966694284470592,0.0333057155294079,0.737861006776935,0.0245749887919551,3.62786756190479,50.41560213577,68.3266925243703
"4","Incheon","Male","25-29",37124,64289,0.633932533304409,0.71328601798498,0.844277598194926,0.155722401805074,0.71328601798498,0.111074611894598,3.28874356018841,46.7877345738652,65.5946330001529
"4","Incheon","Male","30-34",36474,42001,0.535215036635871,0.602211406090382,1.09802458760605,-0.0980245876060504,0.602211406090382,-0.0590315247336694,3.15863584228608,43.4989910136768,72.2320942010658
"4","Incheon","Male","35-39",31625,45075,0.58767926988266,0.661242930824052,1.0148440489204,-0.0148440489204014,0.661242930824052,-0.0098155224134218,3.33075346015381,40.3403551713907,61.0068604001829
"4","Incheon","Male","40-44",25626,37868,0.596402809714304,0.671058453237473,1.07094011506341,-0.070940115063409,0.671058453237473,-0.0476049638869396,3.47430467590472,37.0096017112369,55.1510848759698
"4","Incheon","Male","45-49",19653,34744,0.638711693659577,0.718663417124413,1.00228722015644,-0.00228722015643901,0.718663417124413,-0.00164374145334229,3.59742643925542,33.5352970353322,46.6634257932829
"4","Incheon","Male","50-54",18516,32942,0.640172567919468,0.720307158577755,0.997844343830509,0.00215565616949143,0.720307158577755,0.00155273457031698,3.59765395646298,29.9378705960768,41.5626448238957
"4","Incheon","Male","55-59",17710,31320,0.638792575973893,0.718754424007438,1.03150591129288,-0.0315059112928771,0.718754424007438,-0.0226450131241413,3.65038465284754,26.3402166396138,36.6470323657322
"4","Incheon","Male","60-64",14732,28460,0.658918318207075,0.741399437131579,1.02456109078837,-0.0245610907883742,0.741399437131579,-0.0182095788858383,3.75252113287249,22.6898319867662,30.6040588249588
"4","Incheon","Male","65-69",8833,18354,0.675102070842682,0.759609016017418,0.900701138778061,0.0992988612219385,0.759609016017418,0.0754283102644468,3.60947430442597,18.9373108538937,24.9303397597633
"4","Incheon","Male","70-74",8271,12832,0.608065203999431,0.684180705752971,1.02757528602199,-0.0275752860219851,0.684180705752971,-0.0188664786518618,3.46806972539451,15.3278365494678,22.4031990679989
"4","Incheon","Male","75-79",4487,7473,0.624832775919732,0.703047184404833,1.09444407582849,-0.0944440758284941,0.703047184404833,-0.0663986415949393,3.68123252601151,11.8597668240733,16.8690908478827
"4","Incheon","Male","80-84",2546,5507,0.683844529988824,0.769445825999772,1.08388306175812,-0.0838830617581248,0.769445825999772,-0.0645434717418702,4.00858780935353,8.17853429806175,10.6291229631859
"4","Incheon","Male","85+",883,2529,0.741207502930832,0.833989297741642,1,0,0.833989297741642,0,4.16994648870821,4.16994648870821,5
"4","Jeju","Female","0-4",738,11614,0.940252590673575,1,0.97430256316284,0.02569743683716,1,0.02569743683716,4.9357564079071,71.0780627322241,71.0780627322241
"4","Jeju","Female","5-9",1068,11660,0.916090509113765,0.97430256316284,0.990448679896428,0.00955132010357174,0.97430256316284,0.0093058756584987,4.84824812666795,66.142306324317,67.8868236881179
"4","Jeju","Female","10-14",1362,13337,0.907340635417375,0.964996687504341,0.933767992469862,0.0662320075301384,0.964996687504341,0.0639136678733461,4.66519926783834,61.2940581976491,63.517376786201
"4","Jeju","Female","15-19",2174,12058,0.847245643620011,0.901083019630995,0.845054733689162,0.154945266310838,0.901083019630995,0.139618548444899,4.15636872704273,56.6288589298107,62.8453291162905
"4","Jeju","Female","20-24",5231,13186,0.715968941738611,0.761464471186096,0.947495594199337,0.0525044058006633,0.761464471186096,0.0399802395979423,3.70737175693563,52.472490202768,68.9099651898849
"4","Jeju","Female","25-29",6335,13362,0.678377417880896,0.721484231588154,0.958657746434053,0.0413422535659473,0.721484231588154,0.0298277840461501,3.5328516978254,48.7651184458324,67.5899989366213
"4","Jeju","Female","30-34",5059,9409,0.650331766657451,0.691656447542004,1.04240293055477,-0.0424029305547726,0.691656447542004,-0.0293282603128843,3.53160288849223,45.232266748007,65.3970145275918
"4","Jeju","Female","35-39",5893,12403,0.677907739396589,0.720984707854888,0.999331528242671,0.000668471757328981,0.720984707854888,0.000481957914667079,3.60371864448777,41.7006638595148,57.8384859001861
"4","Jeju","Female","40-44",7385,15511,0.677454577218728,0.720502749940221,0.962073909619518,0.0379260903804822,0.720502749940221,0.0273258524136188,3.53419911866706,38.096945215027,52.8755028598958
"4","Jeju","Female","45-49",9836,18409,0.651761373694459,0.693176897526602,1.00668103464219,-0.00668103464218639,0.693176897526602,-0.00463113886553852,3.47746233479686,34.5627460963599,49.8613647103458
"4","Jeju","Female","50-54",8409,16044,0.656115814010551,0.697808036392141,1.01529000362377,-0.0152900036237691,0.697808036392141,-0.010669487405131,3.51571390047353,31.0852837615631,44.5470417943057
"4","Jeju","Female","55-59",7936,15835,0.666147827184384,0.708477523797272,1.01345069598087,-0.0134506959808658,0.708477523797272,-0.00952951578187371,3.56621140844104,27.5695698610895,38.913824271126
"4","Jeju","Female","60-64",7146,14849,0.675107979086156,0.718007039579146,0.965609745110056,0.0343902548899444,0.718007039579146,0.0246924451039012,3.52830408513598,24.0033584526485,33.4305335874114
"4","Jeju","Female","65-69",5026,9412,0.651890843607148,0.693314594475244,1.08744132910025,-0.0874413291002532,0.693314594475244,-0.0606243496255184,3.61813384644002,20.4750543675125,29.5321265853485
"4","Jeju","Female","70-74",3424,8338,0.708893045400442,0.753938944100763,1.14786453957324,-0.147864539573242,0.753938944100763,-0.111480834835796,4.0483968075933,16.8569205210725,22.358469015257
"4","Jeju","Female","75-79",2524,11025,0.813713189165252,0.865419778936559,0.921264983066788,0.0787350169332124,0.865419778936559,0.0681388409489069,4.15675179231053,12.8085237134792,14.800359346095
"4","Jeju","Female","80-84",2295,6872,0.749645467437548,0.797280937987652,1.11354634800055,-0.113546348000552,0.797280937987652,-0.0905283388389527,4.21272553703564,8.65177192116866,10.8515976100041
"4","Jeju","Female","85+",1385,6997,0.834764972560248,0.887809276826605,1,0,0.887809276826605,0,4.43904638413302,4.43904638413302,5
"4","Jeju","Male","0-4",658,11107,0.944071398215045,1,1.01809204265099,-0.0180920426509943,1,-0.0180920426509943,5.04523010662749,72.7568528601754,72.7568528601754
"4","Jeju","Male","5-9",560,13855,0.961151578217135,1.01809204265099,0.966716620795895,0.0332833792041047,1.01809204265099,0.0338855435202346,5.00574635445438,67.711622753548,66.5083508336188
"4","Jeju","Male","10-14",1081,14179,0.92916120576671,0.98420649913076,0.930697734114443,0.0693022658855572,0.98420649913076,0.0682077404890533,4.75051314443116,62.7058763990936,63.7121137225518
"4","Jeju","Male","15-19",2118,13544,0.864768228834121,0.915998758641706,0.837478779445593,0.162521220554407,0.915998758641706,0.148869236280772,4.2078207025066,57.9553632546624,63.2701329645925
"4","Jeju","Male","20-24",5240,13761,0.724225040787327,0.767129522360935,0.882220581649652,0.117779418350348,0.767129522360935,0.0903520689430513,3.60976743944705,53.7475425521558,70.0631913979026
"4","Jeju","Male","25-29",7788,13781,0.638926236728638,0.676777453417883,0.922819585640816,0.0771804143591835,0.676777453417883,0.0522339642837453,3.25330235638005,50.1377751127088,74.0831049549617
"4","Jeju","Male","30-34",7531,10820,0.589613645032968,0.624543489134138,1.15172934878191,-0.151729348781905,0.624543489134138,-0.0947615768923017,3.35962138790144,46.8844727563287,75.0699888350913
"4","Jeju","Male","35-39",7233,15305,0.679075339426746,0.71930506602644,0.99755714532732,0.00244285467267957,0.71930506602644,0.00175715774162478,3.59213243577814,43.5248513684273,60.5095854654073
"4","Jeju","Male","40-44",7182,15082,0.677416457060726,0.717547908284815,1.06466365585167,-0.064663655851672,0.717547908284815,-0.0463992709984164,3.70373771892012,39.9327189326491,55.6516414745072
"4","Jeju","Male","45-49",7500,19403,0.72122068170836,0.763947179283231,1.05471004595531,-0.0547100459553145,0.763947179283231,-0.0417955852860185,3.9242248596312,36.228981213729,47.4234111941098
"4","Jeju","Male","50-54",6869,21833,0.760678698348547,0.80574276456925,0.985345846554523,0.0146541534454769,0.80574276456925,0.0118074781095806,3.9991951275723,32.3047563540978,40.0931386226818
"4","Jeju","Male","55-59",5882,17602,0.749531595980242,0.793935286459669,0.98497298790417,0.0150270120958303,0.793935286459669,0.011930475152936,3.93985024441601,28.3055612265255,35.6522272145708
"4","Jeju","Male","60-64",5003,14112,0.73826837562124,0.782004811306733,1.0407521922271,-0.0407521922271019,0.782004811306733,-0.0318684103928906,3.98969508251589,24.3657109821095,31.1580064851446
"4","Jeju","Male","65-69",3111,10319,0.768354430379747,0.813873221699624,0.886378068194453,0.113621931805547,0.813873221699624,0.0924738476943158,3.83818148926233,20.3760158995936,25.0358598321273
"4","Jeju","Male","70-74",2897,6186,0.681052515688649,0.721399374005308,1.14611152916327,-0.146111529163271,0.721399374005308,-0.105404765673342,3.8705087842099,16.5378344103313,22.9246586651593
"4","Jeju","Male","75-79",1944,6915,0.78056214019641,0.82680413967865,1.03139761539978,-0.0313976153997846,0.82680413967865,-0.02595967838858,4.1989198943647,12.6673256261214,15.3208299501799
"4","Jeju","Male","80-84",1115,4605,0.80506993006993,0.85276381806723,0.990738748891439,0.00926125110856058,0.85276381806723,0.00789765985541549,4.24407494069761,8.46840573175669,9.9305406166858
"4","Jeju","Male","85+",475,1872,0.797613975287601,0.844866158211815,1,0,0.844866158211815,0,4.22433079105907,4.22433079105907,5
"4","Jeonbuk","Female","0-4",1831,23394,0.927413280475719,1,0.935081897578122,0.0649181024218785,1,0.0649181024218785,4.8377047439453,49.925163346491,49.925163346491
"4","Jeonbuk","Female","5-9",4699,30687,0.867207370146386,0.935081897578122,1.00224268560155,-0.00224268560155472,0.935081897578122,-0.00209709470797292,4.68065222466054,45.0874586025457,48.2176574258608
"4","Jeonbuk","Female","10-14",5345,35504,0.869152243628975,0.937178992286094,0.887288599478312,0.112711400521688,0.937178992286094,0.10563075676007,4.4218180695303,40.4068063778851,43.1153565225778
"4","Jeonbuk","Female","15-19",8755,29508,0.771188876982986,0.831548235526025,0.821690161963763,0.178309838036237,0.831548235526025,0.148273231195964,3.78705809964021,35.9849883083548,43.2746854253034
"4","Jeonbuk","Female","20-24",21839,37778,0.633678313232803,0.683275004330061,0.834368548914525,0.165631451085475,0.683275004330061,0.113171830457622,3.13344544550625,32.1979302087146,47.1229446484496
"4","Jeonbuk","Female","25-29",29388,32970,0.528721254690657,0.570103173872439,0.824352175343087,0.175647824656913,0.570103173872439,0.100137382320695,2.60017241356045,29.0644847632084,50.9810962212107
"4","Jeonbuk","Female","30-34",34457,26621,0.43585251645437,0.469965791551743,0.940221956245995,0.0597780437540046,0.469965791551743,0.0280936356502655,2.27959486863305,26.4643123496479,56.3111460990969
"4","Jeonbuk","Female","35-39",53526,37165,0.409798105655467,0.441872155901478,0.899356228301167,0.100643771698833,0.441872155901478,0.0444716803786193,2.09818157856084,24.1847174810149,54.7323861845851
"4","Jeonbuk","Female","40-44",73230,42742,0.368554478667264,0.397400475522858,0.983399089484914,0.0166009105150863,0.397400475522858,0.0065972097328077,1.97050935328227,22.086535902454,55.5775276146685
"4","Jeonbuk","Female","45-49",94844,53916,0.362436138746975,0.390803265790051,0.89031237812366,0.10968762187634,0.390803265790051,0.0428662808460179,1.84685062683521,20.1160265491718,51.473537480566
"4","Jeonbuk","Female","50-54",115388,54972,0.322681380605776,0.347936984944033,0.954340428096153,0.0456595719038465,0.347936984944033,0.0158866537820596,1.69996829026501,18.2691759223366,52.5071398353217
"4","Jeonbuk","Female","55-59",118934,52923,0.307947886905974,0.332050331161973,1.07932790929173,-0.079327909291735,0.332050331161973,-0.0263408585507075,1.72610380218663,16.5692076320715,49.8996871169785
"4","Jeonbuk","Female","60-64",110272,54899,0.332376748945033,0.358391189712681,1.0838554277514,-0.0838554277514008,0.358391189712681,-0.0300530465156902,1.86708856485263,14.8431038298849,41.4159283373693
"4","Jeonbuk","Female","65-69",76561,43112,0.360248343402438,0.388444236228371,1.1609602731444,-0.160960273144401,0.388444236228371,-0.0625240903646867,2.09853140705357,12.9760152650323,33.405091528771
"4","Jeonbuk","Female","70-74",55120,39626,0.418234015156313,0.450968326593057,1.11262237753653,-0.11262237753653,0.450968326593057,-0.0507891251345807,2.38181444580174,10.8774838579787,24.1202834357684
"4","Jeonbuk","Female","75-79",41777,36360,0.465336524309866,0.501757451727638,1.1423285794372,-0.142328579437196,0.501757451727638,-0.0714144253264224,2.68732332195425,8.49566941217697,16.9318250938275
"4","Jeonbuk","Female","80-84",26258,29797,0.531567210775132,0.573171877054061,1.01782532668931,-0.0178253266893127,0.573171877054061,-0.0102169759576152,2.89140182516434,5.80834609022272,10.1336899501698
"4","Jeonbuk","Female","85+",18630,21962,0.541042569964525,0.583388853011676,1,0,0.583388853011676,0,2.91694426505838,2.91694426505838,5
"4","Jeonbuk","Male","0-4",1565,25320,0.941789101729589,1,0.914419985389266,0.0855800146107341,1,0.0855800146107341,4.78604996347316,51.0273991716327,51.0273991716327
"4","Jeonbuk","Male","5-9",6050,37535,0.861190776643341,0.914419985389266,0.993951778216909,0.00604822178309117,0.914419985389266,0.00553061487452527,4.55827338976002,46.2413492081595,50.569049175445
"4","Jeonbuk","Male","10-14",5601,33290,0.855982103828649,0.908889370514741,0.95075051968214,0.04924948031786,0.908889370514741,0.0447623291642779,4.43254102966301,41.6830758183995,45.861550559
"4","Jeonbuk","Male","15-19",8182,35766,0.8138254300537,0.864127041350463,0.839346178799095,0.160653821200905,0.864127041350463,0.138825311195984,3.97357192876235,37.2505347887365,43.1077063975699
"4","Jeonbuk","Male","20-24",17518,37758,0.683081264925103,0.725301730154479,0.817176716797877,0.182823283202123,0.725301730154479,0.132602043619022,3.29500354172484,33.2769628599741,45.8801647321131
"4","Jeonbuk","Male","25-29",30874,39008,0.558198105377637,0.592699686535457,0.892191333590847,0.107808666409153,0.592699686535457,0.0638981627865109,2.80375302571101,29.9819593182493,50.5854145014057
"4","Jeonbuk","Male","30-34",32570,32313,0.498019512044757,0.528801523748946,0.883394611567931,0.116605388432069,0.528801523748946,0.0616611070802156,2.48985485104419,27.1782062925383,51.3958547242036
"4","Jeonbuk","Male","35-39",53597,42103,0.439947753396029,0.46714041666873,0.897122482752815,0.102877517247185,0.46714041666873,0.0480582462726944,2.21555646766191,24.6883514414941,52.849958086589
"4","Jeonbuk","Male","40-44",70660,46073,0.394687020808169,0.419082170396036,0.92693340558605,0.0730665944139496,0.419082170396036,0.0306209069704449,2.01885858455407,22.4727949738322,53.6238393358401
"4","Jeonbuk","Male","45-49",97542,56273,0.365848584338329,0.388461263425591,0.964830620327935,0.0351693796720649,0.388461263425591,0.0136619416613046,1.90815146297469,20.4539363892781,52.6537349153117
"4","Jeonbuk","Male","50-54",110237,60140,0.352981916573246,0.374799321764286,0.971980849867573,0.0280191501324274,0.374799321764286,0.0105015584660455,1.84774271265632,18.5457849263034,49.4819063145664
"4","Jeonbuk","Male","55-59",112443,58727,0.343091663258749,0.364297763298241,1.09522060308379,-0.0952206030837939,0.364297763298241,-0.0346886527233357,1.90821044829954,16.6980422136471,45.8362468725258
"4","Jeonbuk","Male","60-64",96684,58199,0.375761058347269,0.398986416021576,1.01269845816291,-0.0126984581629146,0.398986416021576,-0.00506651231142123,2.00759836088644,14.7898317653476,37.0685095317826
"4","Jeonbuk","Male","65-69",72176,44337,0.380532644425944,0.404052928332998,1.02378507776259,-0.0237850777625896,0.404052928332998,-0.00961043032060241,2.04429071746649,12.7822334044611,31.6350470647418
"4","Jeonbuk","Male","70-74",57500,36698,0.389583642964819,0.4136633586536,1.13582315519814,-0.135823155198137,0.4136633586536,-0.0561850625621904,2.20877944967348,10.7379426869947,25.9581673415425
"4","Jeonbuk","Male","75-79",31922,25337,0.442498122565885,0.46984842121579,1.12513782285406,-0.125137822854063,0.46984842121579,-0.0587958085023629,2.49623162733486,8.52916323732117,18.1530103160737
"4","Jeonbuk","Male","80-84",17692,17542,0.49787137424079,0.528644229718153,1.18827767859499,-0.188277678594991,0.528644229718153,-0.0995319083739709,2.89205091952569,6.03293160998632,11.4120825894624
"4","Jeonbuk","Male","85+",7077,10252,0.591609440821744,0.628176138092124,1,0,0.628176138092124,0,3.14088069046062,3.14088069046062,5
"4","Jeonnam","Female","0-4",1903,23304,0.924505097790296,1,0.960286076083269,0.039713923916731,1,0.039713923916731,4.90071519020817,42.7968548326804,42.7968548326804
"4","Jeonnam","Female","5-9",3742,29606,0.887789372676023,0.960286076083269,0.970508371736863,0.0294916282631374,0.960286076083269,0.0283203999821147,4.73062938046106,37.8961396424722,39.4633855330275
"4","Jeonnam","Female","10-14",4969,30936,0.861607018521097,0.931965676101154,0.862003889443398,0.137996110556602,0.931965676101154,0.128607638474214,4.33830928432024,33.1655102620112,35.5866220317876
"4","Jeonnam","Female","15-19",9007,26000,0.742708601136916,0.803358037626941,0.695180357940847,0.304819642059153,0.803358037626941,0.244879309474788,3.40459191444774,28.8272009776909,35.8833790508206
"4","Jeonnam","Female","20-24",26976,28796,0.516316431184107,0.558478728152153,0.829535476037803,0.170464523962197,0.558478728152153,0.0952008105374702,2.55439161441709,25.4226090632432,45.5211770506629
"4","Jeonnam","Female","25-29",35571,26649,0.428302796528447,0.463277917614683,0.798042946573852,0.201957053426148,0.463277917614683,0.0935622431588633,2.08248398017626,22.8682174488261,49.3617687770865
"4","Jeonnam","Female","30-34",42607,22126,0.341804025767383,0.36971567445582,0.934284059435591,0.0657159405644085,0.36971567445582,0.0242962132882689,1.78783783905843,20.7857334686499,56.2208607986236
"4","Jeonnam","Female","35-39",69892,32791,0.319342052725378,0.345419461167551,0.824223098890132,0.175776901109868,0.345419461167551,0.0607167624670726,1.57530539967007,18.9978956295914,54.9994941378715
"4","Jeonnam","Female","40-44",106789,38149,0.263209096303247,0.284702698700478,0.846720414403518,0.153279585596482,0.284702698700478,0.0436391116750095,1.31441571431487,17.4225902299214,61.1957326342411
"4","Jeonnam","Female","45-49",155410,44568,0.222864515096661,0.241063587025469,0.890232910710818,0.109767089289182,0.241063587025469,0.0264608482813952,1.13916581442386,16.1081745156065,66.8212678421011
"4","Jeonnam","Female","50-54",196354,48599,0.198401325968655,0.214602738744074,1.07956902892571,-0.0795690289257132,0.214602738744074,-0.0170757315266645,1.11570302253703,14.9690087011826,69.7521792535652
"4","Jeonnam","Female","55-59",195158,53194,0.214187926813555,0.231678470270738,1.14167057460928,-0.141670574609283,0.231678470270738,-0.0328220220078551,1.24044740637333,13.8533056786456,59.7953951545723
"4","Jeonnam","Female","60-64",176296,57064,0.244532053479602,0.264500492278593,1.09919465160824,-0.0991946516082387,0.264500492278593,-0.0262370341817827,1.38809504684742,12.6128582722723,47.6855757946469
"4","Jeonnam","Female","65-69",123060,45236,0.268788325331559,0.290737526460376,1.17788421905578,-0.177884219055781,0.290737526460376,-0.0517176178446133,1.58298167691341,11.2247632254249,38.6078926999287
"4","Jeonnam","Female","70-74",96869,44877,0.316601526674474,0.342455144304989,1.27414448680407,-0.274144486804072,0.342455144304989,-0.0938821897889056,1.94698119599721,9.64178154851145,28.1548743210717
"4","Jeonnam","Female","75-79",67529,45660,0.403396089726033,0.436337334093895,1.19067217613885,-0.190672176138852,0.436337334093895,-0.0831973890223083,2.38968014302525,7.69480035251424,17.634980441207
"4","Jeonnam","Female","80-84",41575,38425,0.4803125,0.519534723116203,1.02817212490143,-0.0281721249014342,0.519534723116203,-0.0146363971102617,2.63426460835667,5.30512020948899,10.2112909367608
"4","Jeonnam","Female","85+",27585,26914,0.49384392374172,0.534171120226465,1,0,0.534171120226465,0,2.67085560113232,2.67085560113232,5
"4","Jeonnam","Male","0-4",1852,26755,0.935260600552312,1,0.960370905207319,0.0396290947926806,1,0.0396290947926806,4.9009272630183,44.4802683281924,44.4802683281924
"4","Jeonnam","Male","5-9",3738,32980,0.898197069557165,0.960370905207319,0.964209889466866,0.0357901105331344,0.960370905207319,0.0343717808501763,4.71592507391116,39.5793410651741,41.2125574094
"4","Jeonnam","Male","10-14",4971,32140,0.866050497157177,0.925999124357143,0.876430287480912,0.123569712519088,0.925999124357143,0.114425445589739,4.34393200781137,34.8634159912629,37.64951291446
"4","Jeonnam","Male","15-19",8910,28066,0.759032886196452,0.811573678767404,0.765454420672353,0.234545579327647,0.811573678767404,0.19035101865357,3.58199084720309,30.5194839834515,37.6053151819853
"4","Jeonnam","Male","20-24",23020,31921,0.581005078174769,0.621222660113834,0.820824652531467,0.179175347468533,0.621222660113834,0.111307785981223,2.82784383561611,26.9374931362484,43.3620581891079
"4","Jeonnam","Male","25-29",34980,31891,0.476903291411823,0.509914874132611,0.81149048615092,0.18850951384908,0.509914874132611,0.0961238050271535,2.30926485809517,24.1096493006323,47.2817141128585
"4","Jeonnam","Male","30-34",40475,25553,0.387002483794754,0.413791069105458,0.890977208806897,0.109022791193103,0.413791069105458,0.0451126573246551,1.95617370221565,21.8003844425372,52.6845214172111
"4","Jeonnam","Male","35-39",72272,38035,0.344810392812786,0.368678411780803,0.840391105430239,0.159608894569761,0.368678411780803,0.0588443537560692,1.69628117451384,19.8442107403215,53.82525829074
"4","Jeonnam","Male","40-44",108648,44329,0.289775587179772,0.309834058024733,0.969260000939633,0.0307399990603672,0.309834058024733,0.00952429865255005,1.52535954349229,18.1479295658077,58.5730622433992
"4","Jeonnam","Male","45-49",142619,55702,0.280867885902149,0.300309759372183,0.926734571841883,0.0732654281581168,0.300309759372183,0.022002323100464,1.44654298910976,16.6225700223154,55.3514146761861
"4","Jeonnam","Male","50-54",178512,62815,0.260289979985663,0.278307436271719,0.977899666601184,0.0221003333988159,0.278307436271719,0.0061506871289747,1.37616046353616,15.1760270332056,54.5297216506599
"4","Jeonnam","Male","55-59",180267,61552,0.254537484647608,0.272156749142745,1.07444328278822,-0.0744432827882244,0.272156749142745,-0.0202602418391572,1.41143435031162,13.7998665696695,50.7055827685225
"4","Jeonnam","Male","60-64",160848,60549,0.273486090597434,0.292416990981902,1.03980542606413,-0.0398054260641312,0.292416990981902,-0.0116397829144258,1.49118441219557,12.3884322193578,42.3656374335806
"4","Jeonnam","Male","65-69",117700,46771,0.284372320956278,0.304056773896328,1.15942219713684,-0.159422197136837,0.304056773896328,-0.0484733989488912,1.64146736685387,10.8972478071623,35.8395166386849
"4","Jeonnam","Male","70-74",81466,40072,0.32970758116803,0.352530172845219,1.13371950733414,-0.133719507334142,0.352530172845219,-0.0471401610332825,1.8805012668093,9.25578044030841,26.2552857975429
"4","Jeonnam","Male","75-79",54347,32441,0.37379591648615,0.399670333878501,1.14585662149354,-0.145856621493544,0.399670333878501,-0.0582945646107147,2.14408808091929,7.37527917349911,18.4534065911962
"4","Jeonnam","Male","80-84",28515,21364,0.428316525992903,0.457964898489216,1.18969200764426,-0.189692007644264,0.457964898489216,-0.086872281025021,2.50700519500863,5.23119109257981,11.422690057332
"4","Jeonnam","Male","85+",10896,11321,0.509564747715713,0.544837179514237,1,0,0.544837179514237,0,2.72418589757118,2.72418589757118,5
"4","Sejong","Female","0-4",821,7105,0.896416855917234,1,1.00437464053176,-0.00437464053176084,1,-0.00437464053176084,5.0109366013294,47.8408814628784,47.8408814628784
"4","Sejong","Female","5-9",324,2927,0.900338357428484,1.00437464053176,0.877218472502834,0.122781527497166,1.00437464053176,0.123318652543906,4.71357657129904,42.829944861549,42.6433953359007
"4","Sejong","Female","10-14",519,1950,0.789793438639125,0.881055987987854,0.875944567549506,0.124055432450494,0.881055987987854,0.109299781602931,4.13203048593195,38.11636829025,43.2621408967433
"4","Sejong","Female","15-19",674,1513,0.691815272062186,0.771756206384924,0.813767955076361,0.186232044923639,0.771756206384924,0.143725736497574,3.49946669068068,33.984337804318,44.0350690064524
"4","Sejong","Female","20-24",916,1180,0.562977099236641,0.62803046988735,0.939668813736522,0.0603311862634781,0.62803046988735,0.0378898232579134,3.04542779129196,30.4848711136373,48.5404332676812
"4","Sejong","Female","25-29",901,1012,0.529012023000523,0.590140646629436,0.984756347444713,0.0152436525552866,0.590140646629436,0.00899589897597129,2.92821348570725,27.4394433223454,46.4964470403193
"4","Sejong","Female","30-34",1132,1231,0.520947947524333,0.581144747653465,0.73349712376084,0.26650287623916,0.581144747653465,0.154876746760929,2.518531871365,24.5112298366381,42.1774952550274
"4","Sejong","Female","35-39",2052,1269,0.382113821138211,0.426268000892535,0.891526492744187,0.108473507255813,0.426268000892535,0.0462387850877372,2.01574304174333,21.9926979652731,51.5935935121192
"4","Sejong","Female","40-44",2758,1425,0.340664594788429,0.380029215804798,0.776285120923437,0.223714879076563,0.380029215804798,0.0850181900593314,1.68760060387566,19.9769549235298,52.5668924722644
"4","Sejong","Female","45-49",4275,1537,0.26445285615967,0.295011025745467,0.953281515391955,0.0467184846080446,0.295011025745467,0.013782468065493,1.4405989585636,18.2893543196541,61.9954941461545
"4","Sejong","Female","50-54",4456,1502,0.252098019469621,0.281228557679974,0.82820234896606,0.17179765103394,0.281228557679974,0.0483144056130824,1.28535677436716,16.8487553610905,59.9112533239377
"4","Sejong","Female","55-59",5726,1511,0.208788171894431,0.232914152066891,1.57834569467863,-0.578345694678627,0.232914152066891,-0.13470489707761,1.50133300302848,15.5633985867234,66.8203217735505
"4","Sejong","Female","60-64",4124,2027,0.329539912209397,0.367619049144501,0.837939677082351,0.162060322917649,0.367619049144501,0.059576461815037,1.68915409118491,14.0620655836949,38.2517326466602
"4","Sejong","Female","65-69",3206,1223,0.276134567622488,0.308042587329464,1.30807652470063,-0.308076524700629,0.308042587329464,-0.0949006897642512,1.77746466105795,12.37291149251,40.1662367524418
"4","Sejong","Female","70-74",1887,1067,0.361205145565335,0.402943277093715,1.07063466494845,-0.0706346649484537,0.402943277093715,-0.0284617633707465,2.08587079389544,10.595446831452,26.295132426264
"4","Sejong","Female","75-79",1884,1188,0.38671875,0.431405040464462,1.21536635567374,-0.215366355673743,0.431405040464462,-0.0929101313841147,2.38930053078259,8.50957603755658,19.725258722974
"4","Sejong","Female","80-84",1069,948,0.470004957858205,0.524315171848576,1.22305255448951,-0.223052554489505,0.524315171848576,-0.116949838438429,2.91395045533895,6.12027550677398,11.6728941586713
"4","Sejong","Female","85+",801,1083,0.57484076433121,0.641265010287005,1,0,0.641265010287005,0,3.20632505143503,3.20632505143503,5
"4","Sejong","Male","0-4",802,7477,0.903128397149414,1,1.03239155909388,-0.0323915590938764,1,-0.0323915590938764,5.08097889773469,49.6624578085225,49.6624578085225
"4","Sejong","Male","5-9",218,3006,0.932382133995037,1.03239155909388,0.808343488869171,0.191656511130829,1.03239155909388,0.197864564336849,4.66729638462726,44.5814789107878,43.1827231810348
"4","Sejong","Male","10-14",635,1943,0.753685027152832,0.834526994757027,1.06181355155133,-0.061813551551333,0.834526994757027,-0.0515850774113925,4.30159766731362,39.9141825261606,47.8285097749074
"4","Sejong","Male","15-19",439,1759,0.800272975432211,0.88611207216842,0.789710461953447,0.210289538046553,0.88611207216842,0.186340098313771,3.96471011505767,35.612584858847,40.1897073489799
"4","Sejong","Male","20-24",1100,1889,0.631983941117431,0.699771973854649,0.893508043695124,0.106491956304876,0.699771973854649,0.0745200864631064,3.31255965311548,31.6478747437893,45.225982071644
"4","Sejong","Male","25-29",885,1148,0.56468273487457,0.625251887391542,0.938288632224947,0.0617113677750535,0.625251887391542,0.0385851491748658,3.02979656402055,28.3353150906738,45.3182399958592
"4","Sejong","Male","30-34",1371,1545,0.529835390946502,0.586666738216676,0.724014063560583,0.275985936439417,0.586666738216676,0.161911769124588,2.52855426827191,25.3055185266533,43.1344013188405
"4","Sejong","Male","35-39",2354,1465,0.383608274417387,0.424754969092088,1.05142195730689,-0.0514219573068877,0.424754969092088,-0.0218417318865418,2.1783791751768,22.7769642583814,53.6237735065631
"4","Sejong","Male","40-44",2398,1621,0.403334162727047,0.44659670097863,0.666978493343719,0.333021506656281,0.44659670097863,0.148726306227628,1.86116773932408,20.5985850832046,46.1234600212378
"4","Sejong","Male","45-49",4565,1680,0.269015212169736,0.297870394751002,1.54653467606819,-0.546534676068193,0.297870394751002,-0.162796499705544,1.89634322301887,18.7374173438805,62.904597684317
"4","Sejong","Male","50-54",3502,2495,0.416041354010338,0.460666894456546,0.676809220735927,0.323190779264073,0.460666894456546,0.148883292600572,1.9311262407813,16.8410741208616,36.5580299420674
"4","Sejong","Male","55-59",5636,2209,0.281580624601657,0.311783601855974,1.18266762375834,-0.182667623758342,0.311783601855974,-0.0569527696778479,1.70129993347449,14.9099478800803,47.8214626790021
"4","Sejong","Male","60-64",5610,2801,0.333016288194032,0.368736371533822,1.27469306870803,-0.274693068708032,0.368736371533822,-0.101289325440891,2.09690517127134,13.2086479466058,35.8213861346582
"4","Sejong","Male","65-69",3125,2305,0.424493554327808,0.470025696974713,0.91102388904114,0.0889761109588596,0.470025696974713,0.0418210585675374,2.24557583845472,11.1117427753345,23.6407133628107
"4","Sejong","Male","70-74",2864,1806,0.386723768736617,0.428204638407175,1.05876300346178,-0.0587630034617768,0.428204638407175,-0.0251625906490697,2.20392966865855,8.86616693687976,20.705443476418
"4","Sejong","Male","75-79",1650,1144,0.409448818897638,0.453367229056245,0.865592811746658,0.134407188253342,0.453367229056245,0.0609358145036588,2.11449660902208,6.66223726822121,14.6950128753013
"4","Sejong","Male","80-84",1133,622,0.354415954415954,0.392431414552586,1.21181672025723,-0.211816720257235,0.392431414552586,-0.0831235351564361,2.16996591065402,4.54774065919913,11.5886254019293
"4","Sejong","Male","85+",712,536,0.429487179487179,0.475554949709022,1,0,0.475554949709022,0,2.37777474854511,2.37777474854511,5
"4","Seoul","Female","0-4",23782,119770,0.834331810075791,1,0.84973075201074,0.15026924798926,1,0.15026924798926,4.62432688002685,59.7049159112178,59.7049159112178
"4","Seoul","Female","5-9",57985,141247,0.708957396402184,0.84973075201074,0.978588024441612,0.0214119755583883,0.84973075201074,0.0181944140932648,4.20316772482054,55.0805890311909,64.8212259010896
"4","Seoul","Female","10-14",62723,142105,0.693777217958482,0.831536337917475,0.961167700101196,0.0388322998988044,0.831536337917475,0.032290468450765,4.07695551846046,50.8774213063704,61.1848442291642
"4","Seoul","Female","15-19",72689,145489,0.66683625296776,0.79924586946671,0.966489586401269,0.0335104135987314,0.79924586946671,0.0267830596529072,3.92927169820128,46.8004657879099,58.555780612463
"4","Seoul","Female","20-24",109759,198978,0.644490294328182,0.772462809813803,0.92718402519138,0.0728159748086198,0.772462809813803,0.0562476324999976,3.72169496781902,42.8711940897087,55.4993632638993
"4","Seoul","Female","25-29",151379,224775,0.597561105291981,0.716215177313806,0.88510005191842,0.114899948081579,0.716215177313806,0.0822930866885955,3.37534316984754,39.1494991218896,54.6616441007595
"4","Seoul","Female","30-34",162448,182380,0.528901365318362,0.63392209062521,0.910642001626018,0.0893579983739824,0.63392209062521,0.0566460091433191,3.02799543026775,35.7741559520421,56.4330482895139
"4","Seoul","Female","35-39",206396,191775,0.481639797976246,0.577276081481891,0.983323658720788,0.0166763412792124,0.577276081481891,0.00962685294711842,2.86231327504166,32.7461605217743,56.7253028008949
"4","Seoul","Female","40-44",203429,183030,0.473607808331544,0.567649228534773,0.971211380528259,0.0287886194717409,0.567649228534773,0.0163418376337149,2.79739154858958,29.8838472467327,52.6449182779116
"4","Seoul","Female","45-49",211104,179810,0.459973293358642,0.551307390901058,0.977658281377607,0.0223417186223933,0.551307390901058,0.0123171546019572,2.7257440680004,27.0864556981431,49.1313124858946
"4","Seoul","Female","50-54",165381,135146,0.449696699464607,0.538990236299101,1.03308225820639,-0.0330822582063857,0.538990236299101,-0.0178310141679677,2.73952871691542,24.3607116301427,45.1969441921843
"4","Seoul","Female","55-59",121122,105094,0.464573681790855,0.556821250467068,1.01264303815024,-0.0126430381502443,0.556821250467068,-0.00703991231252186,2.80170603311665,21.6211829132273,38.8296655256802
"4","Seoul","Female","60-64",104548,92879,0.470447304573336,0.56386116277959,1.00330747391141,-0.0033074739114054,0.56386116277959,-0.00186495608554821,2.82396820411182,18.8194768801106,33.3760828416321
"4","Seoul","Female","65-69",61500,54978,0.472003296759903,0.565726118865138,1.04832690216139,-0.0483269021613901,0.565726118865138,-0.0273397907965385,2.89698007131704,15.9955086759988,28.2742976549964
"4","Seoul","Female","70-74",45149,44222,0.494813753902273,0.593065909661677,1.11023748630732,-0.110237486307317,0.593065909661677,-0.0653780950956659,3.12877478604755,13.0985286046818,22.0861263331659
"4","Seoul","Female","75-79",28023,34162,0.549360778322747,0.658444004757343,0.94993879178864,0.0500612082113602,0.658444004757343,0.0329625024176792,3.20981376774252,9.96975381863422,15.1413844557798
"4","Seoul","Female","80-84",19752,21558,0.521859114015977,0.625481502339663,1.10767705106239,-0.107677051062392,0.625481502339663,-0.0673500036660097,3.29578252086334,6.75994005089171,10.8075778829679
"4","Seoul","Female","85+",11550,15823,0.57805136448325,0.692831506005673,1,0,0.692831506005673,0,3.46415753002837,3.46415753002837,5
"4","Seoul","Male","0-4",28420,130697,0.821389292156086,1,0.883116478737671,0.116883521262329,1,0.116883521262329,4.70779119684418,60.2232148835253,60.2232148835253
"4","Seoul","Male","5-9",58005,153216,0.725382419361711,0.883116478737671,0.936867300716834,0.0631326992831658,0.883116478737671,0.0557535270841537,4.27619857597797,55.5154236866811,62.8630820772759
"4","Seoul","Male","10-14",72008,152727,0.679587069214853,0.827362951653517,1.01269513653638,-0.0126951365363779,0.827362951653517,-0.010503485636382,4.16307347235854,51.2392251107031,61.9307705382499
"4","Seoul","Male","15-19",73717,162718,0.688214519846892,0.837866437289899,0.902502350182447,0.0974976498175528,0.837866437289899,0.0816900084967712,3.98510716520757,47.0761516383446,56.1857469677549
"4","Seoul","Male","20-24",101188,165880,0.621115221591505,0.756176428793128,0.918376431409834,0.0816235685901662,0.756176428793128,0.0617218186018628,3.62657759746098,43.091044473137,56.9854373031848
"4","Seoul","Male","25-29",175853,233505,0.570417580699534,0.694454610191265,0.92390306408336,0.07609693591664,0.694454610191265,0.05284586796874,3.34015838103448,39.464466875676,56.8280004143205
"4","Seoul","Male","30-34",174570,194508,0.527010550615317,0.641608742222526,0.92535128265583,0.0746487173441696,0.641608742222526,0.0478952696437175,3.08830553700333,36.1243084946416,56.3027061780788
"4","Seoul","Male","35-39",221426,210768,0.487669888985039,0.593713472578808,0.934636120508465,0.0653638794915345,0.593713472578808,0.0388074158741417,2.87154882320869,33.0360029576382,55.6430070790639
"4","Seoul","Male","40-44",213873,179127,0.455793893129771,0.554906056704666,1.00940288327113,-0.00940288327113459,0.554906056704666,-0.00521771687763957,2.78757457571743,30.1644541344295,54.3595691017727
"4","Seoul","Male","45-49",211848,180521,0.460079669902566,0.560123773582306,0.967672002174071,0.0323279978259294,0.560123773582306,0.0181076801346202,2.75534966757498,27.3768795587121,48.8764820382852
"4","Seoul","Male","50-54",165242,132602,0.445206215334202,0.542016093447686,1.00752432559971,-0.00752432559971261,0.542016093447686,-0.00407830556738465,2.72027623115689,24.6215298911371,45.4258281050718
"4","Seoul","Male","55-59",114134,92839,0.448556091857392,0.54609439901507,1.01741166087875,-0.0174116608787538,0.54609439901507,-0.00950841048343726,2.75424302128395,21.9012536599802,40.1052523144004
"4","Seoul","Male","60-64",99535,83557,0.456366198413912,0.555602809498508,1.04347869361179,-0.0434786936117855,0.555602809498508,-0.0241568843240328,2.83840625830262,19.1470106386963,34.4616879385087
"4","Seoul","Male","65-69",54258,49329,0.476208404529526,0.57975969382254,0.9752960085615,0.0247039914384994,0.57975969382254,0.0143223785125791,2.86299252283126,16.3086043803937,28.1299382384895
"4","Seoul","Male","70-74",41286,35804,0.464444156181087,0.565437315309961,1.14351203454631,-0.143512034546311,0.565437315309961,-0.0811470595285367,3.03005422537115,13.4456118575624,23.7791378345658
"4","Seoul","Male","75-79",21713,24593,0.53109748196778,0.646584374838498,1.02663954449919,-0.0266395444991876,0.646584374838498,-0.0172247132259896,3.27598365725746,10.4155576321913,16.1085823250722
"4","Seoul","Male","80-84",11282,13527,0.545245676972067,0.663809088064488,1.10072837774309,-0.100728377743092,0.663809088064488,-0.0668644125718572,3.48620647175208,7.1395739749338,10.7554628330732
"4","Seoul","Male","85+",5255,7888,0.600167389484897,0.730673500636345,1,0,0.730673500636345,0,3.65336750318172,3.65336750318172,5
"4","Ulsan","Female","0-4",1469,18868,0.927767123961253,1,0.94462173440434,0.0553782655956602,1,0.0553782655956602,4.86155433601085,61.1893420392267,61.1893420392267
"4","Ulsan","Female","5-9",3404,24134,0.876388989759605,0.94462173440434,0.991283562608768,0.00871643739123218,0.94462173440434,0.00823373620633258,4.70252433150587,56.3277877032159,59.6299933102165
"4","Ulsan","Female","10-14",3192,21128,0.86875,0.936387998198007,0.94291645920737,0.0570835407926297,0.936387998198007,0.0534523424928648,4.54830913475787,51.62526337171,55.132342011066
"4","Ulsan","Female","15-19",4544,20583,0.819158673936403,0.882935655705142,0.708843322273602,0.291156677726398,0.882935655705142,0.257072612161288,3.77199674812249,47.0769542369522,53.3186692968639
"4","Ulsan","Female","20-24",14888,20615,0.580655155902318,0.625863043543854,0.951791029077108,0.0482089709228918,0.625863043543854,0.0301722132679182,3.05388468454948,43.3049574888297,69.1923863144594
"4","Ulsan","Female","25-29",17970,22201,0.552662368375196,0.595690830275936,0.942404122392792,0.057595877607208,0.595690830275936,0.0343093361523089,2.89268081099891,40.2510728042802,67.5704086054759
"4","Ulsan","Female","30-34",14687,15964,0.520831294248149,0.561381494123627,0.983090818885875,0.0169091811141254,0.561381494123627,0.00949250135825475,2.7831762172225,37.3583919932813,66.5472452945772
"4","Ulsan","Female","35-39",18830,19758,0.512024463563802,0.551888992765372,1.08330058008844,-0.083300580088441,0.551888992765372,-0.0459726732417809,2.87437664693131,34.5752157760588,62.6488591533804
"4","Ulsan","Female","40-44",13789,17175,0.55467639839814,0.597861666007153,1.15275145623855,-0.152751456238552,0.597861666007153,-0.0913242401117995,3.21761893031527,31.7008391291275,53.0237025244368
"4","Ulsan","Female","45-49",9100,16136,0.639404025994611,0.689185906118953,1.01599031525363,-0.0159903152536323,0.689185906118953,-0.0110202999072023,3.47348028036277,28.4832201988122,41.3287908907064
"4","Ulsan","Female","50-54",7211,13370,0.649628297944706,0.700206206026155,0.90896549747244,0.0910345025275596,0.700206206026155,0.0637429236323009,3.34167372105002,25.0097399184494,35.7176781685297
"4","Ulsan","Female","55-59",7501,10816,0.590489709013485,0.636463282393854,0.936896598259917,0.0631034017400829,0.636463282393854,0.0401629982017112,3.08190891646499,21.6680661973994,34.0444873990246
"4","Ulsan","Female","60-64",7592,9401,0.553227799682222,0.596300284192143,1.05810872580446,-0.0581087258044555,0.596300284192143,-0.0346502497112401,3.06812704523881,18.5861572809344,31.1691236339332
"4","Ulsan","Female","65-69",5432,7669,0.585375162201359,0.630950533903383,0.941798924987933,0.0582010750120674,0.630950533903383,0.0367219993526148,3.06294767113538,15.5180302356956,24.5946859569056
"4","Ulsan","Female","70-74",4622,5679,0.551305698475876,0.594228534550768,1.08319784563674,-0.0831978456367359,0.594228534550768,-0.0494385338904986,3.09473900748009,12.4550825645602,20.9600883168227
"4","Ulsan","Female","75-79",3192,4732,0.597173144876325,0.643667068441267,0.868493027668725,0.131506972331275,0.643667068441267,0.0846467073600586,3.00671857380619,9.36034355708014,14.5422129172269
"4","Ulsan","Female","80-84",2918,3144,0.518640712636094,0.559020361081208,1.18208552570675,-0.182085525706751,0.559020361081208,-0.10178951632825,3.04957559622667,6.35362498327395,11.3656414428006
"4","Ulsan","Female","85+",1574,2494,0.613077679449361,0.660809877409458,1,0,0.660809877409458,0,3.30404938704729,3.30404938704729,5
"4","Ulsan","Male","0-4",1304,20297,0.939632424424795,1,0.926485796068928,0.0735142039310721,1,0.0735142039310721,4.81621449017232,62.4127119127027,62.4127119127027
"4","Ulsan","Male","5-9",3601,24218,0.870556094755383,0.926485796068928,0.979637970573833,0.0203620294261668,0.926485796068928,0.0188651310424811,4.58526615273844,57.5964974225304,62.1666275585788
"4","Ulsan","Male","10-14",4353,25225,0.852829805936845,0.907620665026447,0.929058388518808,0.0709416114811922,0.907620665026447,0.0643880725906074,4.37713314365572,53.011231269792,58.4068138953704
"4","Ulsan","Male","15-19",5555,21194,0.792328685184493,0.843232592435839,0.823986653461728,0.176013346538272,0.843232592435839,0.148420190504775,3.84511248591726,48.6340981261363,57.6757807542132
"4","Ulsan","Male","20-24",12042,22648,0.652868261746901,0.694812401931064,0.888753566574331,0.111246433425669,0.694812401931064,0.0772954016147532,3.28082350561844,44.788985640219,64.4619835738953
"4","Ulsan","Male","25-29",19636,27143,0.580238996130742,0.617517000316311,0.867318528875522,0.132681471124478,0.617517000316311,0.0819330640463429,2.8827523414657,41.5081621346006,67.2178451983327
"4","Ulsan","Male","30-34",20163,20427,0.503252032520325,0.535583936269968,1.02923714720137,-0.0292371472013684,0.535583936269968,-0.0156589463834134,2.71706704730837,38.6254097931349,72.1183127002249
"4","Ulsan","Male","35-39",19667,21133,0.51796568627451,0.551242882653382,1.03626737657029,-0.0362673765702894,0.551242882653382,-0.0199921332068821,2.80619474628411,35.9083427458265,65.1406918362073
"4","Ulsan","Male","40-44",16582,19213,0.536750942869116,0.571235015860264,1.24257666494779,-0.242576664947788,0.571235015860264,-0.138568285048779,3.20259579192327,33.1021479995424,57.9483874070491
"4","Ulsan","Male","45-49",7722,15464,0.666954196497887,0.709803300909043,0.98381373028597,0.0161862697140298,0.709803300909043,0.0114890676724224,3.52029383536416,29.8995522076191,42.1237153579405
"4","Ulsan","Male","50-54",6708,12801,0.656158695986468,0.698314233236621,1.07902733998467,-0.0790273399846728,0.698314233236621,-0.0551859163261265,3.62953595699842,26.379258372255,37.7756275280107
"4","Ulsan","Male","55-59",5320,12900,0.70801317233809,0.753500149562747,0.960638003273757,0.039361996726243,0.753500149562747,0.0296592704203124,3.69335257176296,22.7497224152565,30.1920609152607
"4","Ulsan","Male","60-64",5229,11119,0.680144360166381,0.723840879142435,0.902710504113508,0.0972894958864919,0.723840879142435,0.0704221142338026,3.44314911012767,19.0563698434936,26.3267389181867
"4","Ulsan","Male","65-69",4945,7865,0.613973458235753,0.653418764908632,1.07080250028135,-0.070802500281345,0.653418764908632,-0.0462636822862796,3.38275303025886,15.6132207333659,23.8946623082506
"4","Ulsan","Male","70-74",2922,5608,0.657444314185229,0.699682447194912,0.807522513498677,0.192477486501323,0.699682447194912,0.134673118785171,3.16172943901163,12.2304677031071,17.4800264779259
"4","Ulsan","Male","75-79",2983,3376,0.53090108507627,0.565009328409741,0.982623153110795,0.0173768468892053,0.565009328409741,0.00981808059074876,2.80050144057183,9.06873826409543,16.0505991814685
"4","Ulsan","Male","80-84",2295,2503,0.521675698207587,0.555191247818992,1.17203065265592,-0.172030652655923,0.555191247818992,-0.0955099127111577,3.01473102087285,6.2682368235236,11.2902298949194
"4","Ulsan","Male","85+",769,1210,0.611419909044972,0.65070116053015,1,0,0.65070116053015,0,3.25350580265075,3.25350580265075,5
