"org_admin","sex","agegr","none","native","retention","year","Sx","px","qx","lx","dx","Lx","Tx","ex"
"Busan","Female","0-4",15233,86438,0.850173599158069,2000,1,0.891385645331595,0.108614354668405,1,0.108614354668405,4.72846411332899,30.0366800080005,30.0366800080005
"Busan","Female","5-9",30207,94529,0.7578325423294,2000,0.891385645331595,0.960804620624367,0.0391953793756326,0.891385645331595,0.0349381985387649,4.36958273031106,25.3082158946715,28.3919940008198
"Busan","Female","10-14",35185,94233,0.728129008329599,2000,0.85644744679283,0.999999,1e-06,0.85644744679283,8.5644744679283e-07,4.28223509284553,20.9386331643604,24.4482405111605
"Busan","Female","15-19",38196,124278,0.76491007792016,2000,0.89971045757908,0.948597032484171,0.0514029675158287,0.856446590345383,0.044023896262566,4.1721732110705,16.6563980715149,19.448262459423
"Busan","Female","20-24",44008,116366,0.7255914300323,2000,0.853462670154491,0.823418123763818,0.176581876236182,0.812422694082817,0.143459123617997,3.70346566136909,12.4842248604444,15.3666619007221
"Busan","Female","25-29",60439,89707,0.597465133936302,2000,0.70275663056107,0.850073908169018,0.149926091830982,0.66896357046482,0.10029509369709,3.09408011808137,8.78075919907532,13.1259153513758
"Busan","Female","30-34",58352,60223,0.507889521399958,2000,0.597395075432739,0.999999,1e-06,0.56866847676773,5.68668476767729e-07,2.84334096216746,5.68667908099395,9.9999900000025
"Busan","Female","35+",177442,206917,0.538343059483452,2000,0.633215451546102,0.999999,1e-06,0.568667908099253,5.68667908099253e-07,2.84333811882649,2.84333811882649,4.9999975
"Busan","Male","0-4",17147,100042,0.853680806219014,2000,1,0.907834443422334,0.0921655565776657,1,0.0921655565776657,4.76958610855584,30.9336461471097,30.9336461471097
"Busan","Male","5-9",33499,115386,0.775000839574168,2000,0.907834443422334,0.94653012187453,0.0534698781254703,0.907834443422334,0.0485417970478964,4.41781772449193,26.1640600385539,28.8202989301895
"Busan","Male","10-14",38823,106888,0.733561639135,2000,0.859292646374438,0.999999,1e-06,0.859292646374438,8.59292646374438e-07,4.29646108364057,21.7462423140619,25.3071435043865
"Busan","Male","15-19",39396,126663,0.762759019384676,2000,0.893494399578885,0.951460051582627,0.0485399484173732,0.859291787081792,0.0417099790204226,4.1921839878579,17.4497812304214,20.3071663115528
"Busan","Male","20-24",32877,86996,0.725734735928858,2000,0.850124227512114,0.913469542065087,0.0865304579349127,0.817581808061369,0.0707457282508041,3.91104471967983,13.2575972425635,16.2156216195656
"Busan","Male","25-29",48495,95380,0.662936576889661,2000,0.776562588803927,0.801189820269802,0.198810179730198,0.746836079810565,0.148478615256135,3.36298386091249,9.34655252288363,12.5148647414763
"Busan","Male","30-34",54832,62115,0.531138036888505,2000,0.62217404095207,0.999999,1e-06,0.59835746455443,5.9835746455443e-07,2.99178582687849,5.98356866197115,9.9999900000025
"Busan","Male","35+",148979,205587,0.579827168989694,2000,0.679208393542045,0.999999,1e-06,0.598356866196965,5.98356866196965e-07,2.99178283509266,2.99178283509266,4.9999975
"Busan","Total","0-4",32380,186480,0.85205153979713,2000,1,0.900384856207874,0.0996151437921258,1,0.0996151437921258,4.75096214051969,30.4848505351682,30.4848505351682
"Busan","Total","5-9",63706,209915,0.767174303141937,2000,0.900384856207874,0.952855406601282,0.0471445933987183,0.900384856207874,0.0424482779482837,4.39580358616866,25.7338883946485,28.5809875823891
"Busan","Total","10-14",74008,201121,0.731006182554365,2000,0.85793657825959,0.999999,1e-06,0.85793657825959,8.5793657825959e-07,4.28968074645651,21.3380848084798,24.8714011608716
"Busan","Total","15-19",77592,250941,0.763822812320224,2000,0.896451419478787,0.950027566691823,0.0499724333081774,0.857935720323012,0.0428731355665448,4.1824957626987,17.0484040620233,19.8714235322952
"Busan","Total","20-24",76885,203362,0.725652727772287,2000,0.851653560704862,0.867498502355018,0.132501497644982,0.815062584756467,0.107997013154622,3.80532039089578,12.8659082993246,15.7851783899132
"Busan","Total","25-29",108934,185087,0.629502654572292,2000,0.738808188436786,0.825148909145114,0.174851090854886,0.707065571601845,0.123631186500516,3.22624989175794,9.06058790842884,12.8143531128269
"Busan","Total","30-34",113184,122338,0.519433428724281,2000,0.609626770756092,0.999999,1e-06,0.583434385101329,5.83434385101329e-07,2.91717046692068,5.8343380166709,9.9999900000025
"Busan","Total","35+",326421,412504,0.558248807389113,2000,0.655181971177505,0.999999,1e-06,0.583433801666944,5.83433801666944e-07,2.91716754975022,2.91716754975022,4.9999975
"Chungbuk","Female","0-4",5981,41642,0.874409424017807,2000,1,0.909177695439415,0.0908223045605854,1,0.0908223045605854,4.77294423859854,25.4642497148748,25.4642497148748
"Chungbuk","Female","5-9",9369,36332,0.794993544999015,2000,0.909177695439415,0.974609494212716,0.0253905057872842,0.909177695439415,0.0230844815377242,4.48817727335276,20.6913054762763,22.7582634066666
"Chungbuk","Female","10-14",9513,32731,0.774808256793864,2000,0.88609321390169,0.913703017120898,0.0862969828791025,0.88609321390169,0.0764671709093631,4.23929814223504,16.2031282029235,18.2860312535033
"Chungbuk","Female","15-19",16186,39235,0.707944641922737,2000,0.809626042992327,0.796449471357353,0.203550528642647,0.809626042992327,0.164799809053943,3.63613069232678,11.9638300606885,14.776982736957
"Chungbuk","Female","20-24",28557,36917,0.563842135809634,2000,0.644826233938385,0.740838690096443,0.259161309903557,0.644826233938385,0.167114011447649,2.8063461410728,8.32769936836167,12.9146410770214
"Chungbuk","Female","25-29",48690,34929,0.41771606931439,2000,0.477712222490735,0.724633104032584,0.275366895967416,0.477712222490735,0.13154613187297,2.05969578277125,5.52135322728887,11.5579065540781
"Chungbuk","Female","30-34",70848,30754,0.302690891911577,2000,0.346166090617766,0.999999,1e-06,0.346166090617766,3.46166090617766e-07,1.7308295876736,3.46165744451762,9.9999900000025
"Chungbuk","Female","35+",399897,218745,0.353588990078268,2000,0.404374633170774,0.999999,1e-06,0.346165744451675,3.46165744451675e-07,1.73082785684402,1.73082785684402,4.9999975
"Chungbuk","Male","0-4",6678,45281,0.871475586520141,2000,1,0.920764272857216,0.0792357271427838,1,0.0792357271427838,4.80191068214304,27.1278903623696,27.1278903623696
"Chungbuk","Male","5-9",10924,44366,0.802423584735034,2000,0.920764272857216,0.999999,1e-06,0.920764272857216,9.20764272857216e-07,4.6038190623754,22.3259796802266,24.24722628621
"Chungbuk","Male","10-14",8983,37988,0.808754337782887,2000,0.92802867950931,0.896426578602225,0.103573421397775,0.920763352092943,0.0953666106739506,4.36540023377984,17.7221606178512,19.2472480334581
"Chungbuk","Male","15-19",16081,42393,0.724988883948422,2000,0.831909574017271,0.799340055693458,0.200659944306542,0.825396741418993,0.165624064163936,3.71292354668512,13.3567603840713,16.1822305732742
"Chungbuk","Male","20-24",21415,29514,0.57951265487247,2000,0.664978645226886,0.791394025436873,0.208605974563127,0.659772677255057,0.137632522328915,2.954782080453,9.64383683738621,14.6169084744594
"Chungbuk","Male","25-29",44878,38018,0.458622852731133,2000,0.526260126875664,0.824867978574872,0.175132021425128,0.522140154926142,0.0914434607994446,2.3820921226321,6.68905475693321,12.8108414835082
"Chungbuk","Male","30-34",64907,39496,0.378303305460571,2000,0.434095127060485,0.999999,1e-06,0.430696694126698,4.30696694126698e-07,2.15348239389175,4.30696263430111,9.9999900000025
"Chungbuk","Male","35+",351037,229419,0.395239260167868,2000,0.453528780704098,0.999999,1e-06,0.430696263430003,4.30696263430003e-07,2.15348024040936,2.15348024040936,4.9999975
"Chungbuk","Total","0-4",12659,86923,0.872878632684622,2000,1,0.915432309340317,0.0845676906596833,1,0.0845676906596833,4.78858077335079,26.3850117499352,26.3850117499352
"Chungbuk","Total","5-9",20293,80698,0.799061302492301,2000,0.915432309340317,0.992014756020854,0.00798524397914646,0.915432309340317,0.0073099503364759,4.55888667086039,21.5964309765844,23.5915105423221
"Chungbuk","Total","10-14",18496,70719,0.792680603037606,2000,0.908122359003841,0.904141212708446,0.095858787291554,0.908122359003841,0.0870515080464534,4.32298302490307,17.037544305724,18.7612871071837
"Chungbuk","Total","15-19",32267,81628,0.716695201720883,2000,0.821070850957388,0.796291573221875,0.203708426778125,0.821070850957388,0.167259051321906,3.68720662648217,12.7145612808209,15.4853399874023
"Chungbuk","Total","20-24",49972,66431,0.570698349698891,2000,0.653811799635481,0.767622078503866,0.232377921496134,0.653811799635481,0.15193142704894,2.88923043055506,9.02735465433873,13.8072678703134
"Chungbuk","Total","25-29",93568,72947,0.438080653394589,2000,0.501880372586542,0.778420909172499,0.221579090827501,0.501880372586542,0.111206196661893,2.23138637127798,6.13812422378368,12.2302535804491
"Chungbuk","Total","30-34",135755,70250,0.341011140506298,2000,0.390674175924648,0.999999,1e-06,0.390674175924648,3.90674175924648e-07,1.9533699029378,3.9067378525057,9.9999900000025
"Chungbuk","Total","35+",750934,448164,0.373750936120317,2000,0.428182019957128,0.999999,1e-06,0.390673785250472,3.90673785250472e-07,1.9533679495679,1.9533679495679,4.9999975
"Chungnam","Female","0-4",8116,48391,0.856371776947989,2000,1,0.911968048944544,0.0880319510554556,1,0.0880319510554556,4.77992012236136,22.2441328192726,22.2441328192726
"Chungnam","Female","5-9",10923,38950,0.78098369859443,2000,0.911968048944544,0.948307581028016,0.0516924189719836,0.911968048944544,0.0471418344751039,4.44198565853496,17.4642126969112,19.1500269303549
"Chungnam","Female","10-14",13512,38580,0.740612762036397,2000,0.86482621446944,0.856817289561125,0.143182710438875,0.86482621446944,0.123828161446326,4.01456066873139,13.0222270383763,15.0576229310593
"Chungnam","Female","15-19",28224,49011,0.634569819382404,2000,0.740998053023114,0.616559591778558,0.383440408221442,0.740998053023114,0.284128595942477,2.99466877525938,9.00766636964488,12.1561269059959
"Chungnam","Female","20-24",62949,40458,0.391250108793409,2000,0.456869457080638,0.709537170689288,0.290462829310712,0.456869457080638,0.132703595129291,1.95258829757996,6.0129975943855,13.161303521597
"Chungnam","Female","25-29",100987,38808,0.277606495225151,2000,0.324165861951347,0.802057865652021,0.197942134347979,0.324165861951347,0.0641660825974017,1.46041410326323,4.06040929680553,12.5257153000736
"Chungnam","Female","30-34",122521,35094,0.222656473051423,2000,0.259999779353945,0.999999,1e-06,0.259999779353945,2.59999779353945e-07,1.29999824677028,2.59999519354231,9.9999900000025
"Chungnam","Female","35+",712639,337081,0.321115154517395,2000,0.374971669035863,0.999999,1e-06,0.259999519354166,2.59999519354166e-07,1.29999694677203,1.29999694677203,4.9999975
"Chungnam","Male","0-4",6915,50655,0.879885356956748,2000,1,0.904339178361148,0.0956608216388523,1,0.0956608216388523,4.76084794590287,23.8148615842258,23.8148615842258
"Chungnam","Male","5-9",11899,46348,0.795714800762271,2000,0.904339178361148,0.930077000578758,0.0699229994212421,0.904339178361148,0.0632341078451531,4.36361062219286,19.054013638323,21.069543479088
"Chungnam","Male","10-14",15178,43216,0.740076035209097,2000,0.841105070515995,0.871172041100429,0.128827958899571,0.841105070515995,0.108357849454655,3.93463072894334,14.6904030161301,17.4655979747191
"Chungnam","Male","15-19",28400,51540,0.644733550162622,2000,0.73274722106134,0.726860611333178,0.273139388666822,0.73274722106134,0.200142128008007,3.16338078528668,10.7557722871868,14.6786940680685
"Chungnam","Male","20-24",41451,36557,0.468631422418214,2000,0.532605093053332,0.766656335697018,0.233343664302982,0.532605093053332,0.124280024039495,2.35232540516792,7.59239150190008,14.2551988347956
"Chungnam","Male","25-29",84167,47196,0.359279249103629,2000,0.408325069013837,0.826646634220577,0.173353365779423,0.408325069013837,0.0707845250456639,1.86466403245503,5.24006609673216,12.8330746612929
"Chungnam","Male","30-34",112742,47630,0.296996982016811,2000,0.337540543968173,0.999999,1e-06,0.337540543968173,3.37540543968173e-07,1.6877018759895,3.37540206427713,9.9999900000025
"Chungnam","Male","35+",642630,335167,0.342777693120351,2000,0.389570857623899,0.999999,1e-06,0.337540206427629,3.37540206427629e-07,1.68770018828763,1.68770018828763,4.9999975
"Chungnam","Total","0-4",15031,99046,0.868238119866406,2000,1,0.908644415373421,0.0913555846265791,1,0.0913555846265791,4.77161103843355,23.007374345345,23.007374345345
"Chungnam","Total","5-9",22822,85298,0.788919718830929,2000,0.908644415373421,0.938408654008128,0.0615913459918721,0.908644415373421,0.0559646325708467,4.40331049543999,18.2357633069115,20.0691964847626
"Chungnam","Total","10-14",28690,81796,0.740329091468602,2000,0.852679782802574,0.864128063638408,0.135871936361592,0.852679782802574,0.115855253185767,3.97376078104845,13.8324528114715,16.2223299888819
"Chungnam","Total","15-19",56624,100551,0.639739144265946,2000,0.736824529616807,0.663589035488515,0.336410964511485,0.736824529616807,0.247875850684111,3.06443302137376,9.85869203042301,13.3799726178363
"Chungnam","Total","20-24",104400,77015,0.424523881707687,2000,0.488948678932696,0.747126433132419,0.252873566867581,0.488948678932696,0.123642196456903,2.13563790352122,6.79425900904926,13.8956485655716
"Chungnam","Total","25-29",185154,86004,0.317173013519793,2000,0.365306482475793,0.820211646996393,0.179788353003607,0.365306482475793,0.0656778508258637,1.66233778531431,4.65862110552803,12.7526373853405
"Chungnam","Total","30-34",235263,82724,0.260148999801879,2000,0.29962863164993,0.999999,1e-06,0.29962863164993,2.99628631649929e-07,1.49814240917807,2.99628332021373,9.9999900000025
"Chungnam","Total","35+",1355269,672248,0.331562201451332,2000,0.381879341467233,0.999999,1e-06,0.299628332021298,2.99628332021298e-07,1.49814091103566,1.49814091103566,4.9999975
"Daegu","Female","0-4",10193,68598,0.870632432638246,2000,1,0.921788918157243,0.0782110818427575,1,0.0782110818427575,4.80447229539311,31.2572519818648,31.2572519818648
"Daegu","Female","5-9",16983,69024,0.802539328194217,2000,0.921788918157243,0.989879365310313,0.0101206346896868,0.921788918157243,0.00932908890167108,4.58562186853204,26.4527796864717,28.697220334731
"Daegu","Female","10-14",15466,59764,0.794417120829456,2000,0.912459829255571,0.999999,1e-06,0.912459829255571,9.12459829255571e-07,4.56229686512828,21.8671578179397,23.9650635752151
"Daegu","Female","15-19",16628,71488,0.811294203095919,2000,0.931844682878955,0.954178418752433,0.0458215812475665,0.912458916795742,0.0418103103910226,4.45776880800115,17.3048609528114,18.9650850403001
"Daegu","Female","20-24",17988,61647,0.77411941985308,2000,0.889146086032304,0.798905713072756,0.201094286927244,0.87064860640472,0.175082460669155,3.91553688035071,12.8470921448102,14.7557717893346
"Daegu","Female","25-29",30444,49346,0.618448427121193,2000,0.710343887887488,0.827256553336643,0.172743446663357,0.695566145735564,0.120154493396708,3.17744449518605,8.93155526445952,12.8406986441446
"Daegu","Female","30-34",33910,35523,0.511615514236746,2000,0.587636636377554,0.999999,1e-06,0.575411652338856,5.75411652338856e-07,2.87705682316515,5.75411076927347,9.9999900000025
"Daegu","Female","35+",131589,144549,0.523466527605762,2000,0.601248595827657,0.999999,1e-06,0.575411076927204,5.75411076927203e-07,2.87705394610833,2.87705394610833,4.9999975
"Daegu","Male","0-4",10518,77346,0.88029226987162,2000,1,0.925977325805529,0.0740226741944714,1,0.0740226741944714,4.81494331451382,32.1078946581265,32.1078946581265
"Daegu","Male","5-9",19119,84300,0.815130681983001,2000,0.925977325805529,0.999999,1e-06,0.925977325805529,9.25977325805529e-07,4.62988431408433,27.2929513436127,29.4747512525427
"Daegu","Male","10-14",15365,77148,0.833915233534747,2000,0.947316319904028,0.975567149145569,0.0244328508544306,0.925976399828203,0.0226242432717251,4.5733213909617,22.6630670295283,24.474778227321
"Daegu","Male","15-19",17285,75416,0.813540307008554,2000,0.924170681547845,0.93300373446688,0.06699626553312,0.903352156556478,0.0605212209505744,4.36545773040595,18.0897456385666,20.0251314033761
"Daegu","Male","20-24",14760,46494,0.759036144578313,2000,0.862254697168941,0.863527781958869,0.136472218041131,0.842830935605903,0.115023007215819,3.92659715998997,13.7242879081607,16.2835597607656
"Daegu","Male","25-29",27469,52255,0.655448798354322,2000,0.744580886129912,0.876954152163034,0.123045847836966,0.727807928390084,0.0895537436112239,3.41515528292236,9.79769074817071,13.4619181324986
"Daegu","Male","30-34",29813,40302,0.574798545247094,2000,0.652963299712857,0.999999,1e-06,0.63825418477886,6.3825418477886e-07,3.19126932825884,6.38253546524835,9.9999900000025
"Daegu","Male","35+",102640,147233,0.589231329515394,2000,0.669358745591764,0.999999,1e-06,0.638253546524675,6.38253546524675e-07,3.19126613698951,3.19126613698951,4.9999975
"Daegu","Total","0-4",20711,145944,0.875725300771054,2000,1,0.924278083248002,0.0757219167519982,1,0.0757219167519982,4.81069520812,31.9866575672393,31.9866575672393
"Daegu","Total","5-9",36102,153324,0.80941370244845,2000,0.924278083248002,0.999999,1e-06,0.924278083248002,9.24278083248002e-07,4.6213881055448,27.1759623591193,29.4023658590068
"Daegu","Total","10-14",30831,136912,0.816200974109203,2000,0.932028540674294,0.995399121291543,0.00460087870845738,0.924277158969918,0.00425248710141817,4.61075457709605,22.5545742535745,24.4023927613996
"Daegu","Total","15-19",33913,146904,0.812445732425602,2000,0.927740390405831,0.944754420969078,0.055245579030922,0.9200246718685,0.0508272957201093,4.47305512004223,17.9438196764785,19.5036287886019
"Daegu","Total","20-24",32748,108141,0.767561697506548,2000,0.876486835347488,0.829823791663313,0.170176208336687,0.869197376148391,0.14791671376913,3.97619509631913,13.4707645564362,15.4979351365834
"Daegu","Total","25-29",57913,101601,0.636940958160412,2000,0.72732962905103,0.853079735357978,0.146920264642022,0.721280662379261,0.105970745797934,3.34147644740147,9.49456946011711,13.1634881611795
"Daegu","Total","30-34",63723,75825,0.543361424026142,2000,0.620470167468869,0.999999,1e-06,0.615309916581327,6.15309916581327e-07,3.07654804463184,6.15309301271564,9.9999900000025
"Daegu","Total","35+",234229,291782,0.55470703084156,2000,0.633425836107687,0.999999,1e-06,0.61530930127141,6.1530930127141e-07,3.0765449680838,3.0765449680838,4.9999975
"Daejeon","Female","0-4",7138,38135,0.842334283126808,2000,1,0.921715912597039,0.0782840874029607,1,0.0782840874029607,4.8042897814926,29.9247411627277,29.9247411627277
"Daejeon","Female","5-9",9957,34572,0.776392912483999,2000,0.921715912597039,0.983590595594088,0.0164094044059124,0.921715912597039,0.0151248091571695,4.57076754009227,25.1204513812351,27.2540064003619
"Daejeon","Female","10-14",8383,27086,0.763652767205165,2000,0.90659110343987,0.999999,1e-06,0.90659110343987,9.0659110343987e-07,4.53295325072159,20.5496838411429,22.666981578764
"Daejeon","Female","15-19",7004,30828,0.814865722139987,2000,0.967389952496228,0.891235616025974,0.108764383974026,0.906590196848767,0.098604724277147,4.28643917355097,16.0167305904213,17.6670017457658
"Daejeon","Female","20-24",9038,23976,0.726237353849882,2000,0.862172380250313,0.799047840007771,0.200952159992229,0.80798547257162,0.162366425955609,3.63401129796908,11.7302914168703,14.5179484224335
"Daejeon","Female","25-29",14797,20459,0.580298388926707,2000,0.688916978153372,0.82191931880483,0.17808068119517,0.645619046616011,0.114972279613956,2.94066453404516,8.09628011890124,12.5403365364414
"Daejeon","Female","30-34",17513,15970,0.47695845653018,2000,0.566234173396901,0.962096365363495,0.0379036346365049,0.530646767002055,0.0201134411774885,2.60295023206655,5.15561558485607,9.7157203349853
"Daejeon","Female","35+",68094,57745,0.458879997457068,2000,0.544771840169761,0.999999,1e-06,0.510533325824567,5.10533325824567e-07,2.55266535278952,2.55266535278952,4.9999975
"Daejeon","Male","0-4",6766,42388,0.862350978557188,2000,1,0.913434483508293,0.0865655164917074,1,0.0865655164917074,4.78358620877073,31.9409047791923,31.9409047791923
"Daejeon","Male","5-9",11044,40977,0.787701120701255,2000,0.913434483508293,0.999999,1e-06,0.913434483508293,9.13434483508293e-07,4.56717013395525,27.1573185704216,29.730997746129
"Daejeon","Male","10-14",8119,32773,0.801452606866869,2000,0.929380990797728,0.986344759272038,0.0136552407279624,0.913433570073809,0.01247315528836,4.53598496214815,22.5901484364663,24.731024977154
"Daejeon","Male","15-19",8193,30916,0.790508578588049,2000,0.916690069640392,0.930161911951835,0.0698380880481655,0.900960414785449,0.0629213527756979,4.347498691988,18.0541634743182,20.0387976852652
"Daejeon","Male","20-24",6816,18934,0.735300970873786,2000,0.852670187843968,0.881018961537524,0.118981038462476,0.838039062009751,0.0997107578700396,3.94091841537366,13.7066647823302,16.3556394966357
"Daejeon","Male","25-29",12261,22553,0.647814097776756,2000,0.751218603428298,0.8581474553415,0.1418525446585,0.738328304139712,0.104733748735613,3.42980714885953,9.76574636695654,13.2268346102963
"Daejeon","Male","30-34",12726,15931,0.555920019541473,2000,0.644656332937189,0.999999,1e-06,0.633594555404099,6.33594555404099e-07,3.1679711930341,6.33593921809702,9.9999900000025
"Daejeon","Male","35+",53857,68975,0.561539338283184,2000,0.651172610974134,0.999999,1e-06,0.633593921809543,6.33593921809543e-07,3.16796802506291,3.16796802506291,4.9999975
"Daejeon","Total","0-4",13904,80523,0.852753979264405,2000,1,0.917598484089447,0.082401515910553,1,0.082401515910553,4.79399621022362,31.2534189855111,31.2534189855111
"Daejeon","Total","5-9",21001,75549,0.782485758674262,2000,0.917598484089447,0.999999,1e-06,0.917598484089447,9.17598484089447e-07,4.58799012645103,26.4594227752875,28.8355127368631
"Daejeon","Total","10-14",16502,59859,0.783894920181768,2000,0.91925096715229,0.999999,1e-06,0.917597566490963,9.17597566490963e-07,4.5879855384609,21.8714326488365,23.8355390724022
"Daejeon","Total","15-19",15197,61744,0.802485020990109,2000,0.941051042274047,0.909934705794511,0.0900652942054893,0.917596648893396,0.0826436121445548,4.3813742141056,17.2834471103756,18.8355604079626
"Daejeon","Total","20-24",15854,42910,0.730208971479137,2000,0.856295003289252,0.840640588562152,0.159359411437848,0.834953036748842,0.133057624514539,3.84212112245786,12.90207289627,15.452453405653
"Daejeon","Total","25-29",27058,43012,0.613843299557585,2000,0.719836335547907,0.836325865273756,0.163674134726244,0.701895412234303,0.11488212426577,3.22227175050709,9.05995177381214,12.9078372872849
"Daejeon","Total","30-34",30239,31901,0.513373028644995,2000,0.602017746182593,0.99262903689364,0.0073709631063601,0.587013287968533,0.00432685328855919,2.92424930662127,5.83768002330505,9.94471529512971
"Daejeon","Total","35+",121951,126720,0.509588974991052,2000,0.597580295586107,0.999999,1e-06,0.582686434679974,5.82686434679974e-07,2.91343071668378,2.91343071668378,4.9999975
"Gangwon","Female","0-4",6325,37950,0.857142857142857,2000,1,0.906983798690107,0.0930162013098931,1,0.0930162013098931,4.76745949672527,23.0921614293518,23.0921614293518
"Gangwon","Female","5-9",10762,37588,0.77741468459152,2000,0.906983798690107,0.903996131783076,0.0960038682169235,0.906983798690107,0.0870739530843297,4.31723411073971,18.3247019326265,20.2040013935107
"Gangwon","Female","10-14",15407,36430,0.702779867662095,2000,0.819909845605777,0.883725065546588,0.116274934453412,0.819909845605777,0.0953349635555185,3.86121181914009,14.0074678218868,17.0841561385784
"Gangwon","Female","15-19",26585,43572,0.621064184614507,2000,0.724574882050259,0.709726580442778,0.290273419557222,0.724574882050259,0.210324828737999,3.0970623384063,10.1462560027467,14.0030468266259
"Gangwon","Female","20-24",44580,35139,0.440785759981937,2000,0.514250053312259,0.766025393992525,0.233974606007475,0.514250053312259,0.120321453613059,2.27044663252865,7.04919366434044,13.7077159621801
"Gangwon","Female","25-29",78096,39812,0.337653085456458,2000,0.3939285996992,0.770480451656039,0.229519548343961,0.3939285996992,0.0904143142827294,1.74360721278918,4.7787470318118,12.1309979408979
"Gangwon","Female","30-34",94638,33278,0.260155101785547,2000,0.303514285416471,0.999999,1e-06,0.303514285416471,3.03514285416471e-07,1.51757066829664,3.03513981902262,9.9999900000025
"Gangwon","Female","35+",367567,243336,0.398321828506326,2000,0.464708799924047,0.999999,1e-06,0.303513981902186,3.03513981902186e-07,1.51756915072597,1.51756915072597,4.9999975
"Gangwon","Male","0-4",6407,45382,0.876286470099828,2000,1,0.897880297937627,0.102119702062373,1,0.102119702062373,4.74470074484407,24.3119077974863,24.3119077974863
"Gangwon","Male","5-9",10993,40569,0.786800356851945,2000,0.897880297937627,0.873683188808342,0.126316811191658,0.897880297937627,0.113417376067297,4.20585804951989,19.5672070526423,21.7926677950133
"Gangwon","Male","10-14",17542,38577,0.687414244729949,2000,0.78446292187033,0.910000846429228,0.0899991535707725,0.78446292187033,0.0706009989759847,3.74581211191169,15.3613490031224,19.5819949864521
"Gangwon","Male","15-19",27526,45984,0.625547544551762,2000,0.713861922894345,0.794195795604507,0.205804204395493,0.713861922894345,0.146915785089508,3.20202015174796,11.6155368912107,16.2714056019624
"Gangwon","Male","20-24",33018,32599,0.496807229833732,2000,0.566946137804838,0.777553211124976,0.222446788875024,0.566946137804838,0.126115347819783,2.51944231947473,8.41351673946272,14.8400635941168
"Gangwon","Male","25-29",64147,40377,0.386294056867322,2000,0.440830789985055,0.869630958180191,0.130369041819809,0.440830789985055,0.0574706876950211,2.06047723068772,5.89407441998799,13.370378280945
"Gangwon","Male","30-34",87097,44060,0.335933270812843,2000,0.383360102290034,0.999999,1e-06,0.383360102290034,3.83360102290034e-07,1.91679955304991,3.83359718930027,9.9999900000025
"Gangwon","Male","35+",310737,238137,0.433864602805015,2000,0.495117313354831,0.999999,1e-06,0.383359718929931,3.83359718929931e-07,1.91679763625036,1.91679763625036,4.9999975
"Gangwon","Total","0-4",12732,83332,0.867463357761492,2000,1,0.901776865134142,0.0982231348658581,1,0.0982231348658581,4.75444216283536,23.672609141812,23.672609141812
"Gangwon","Total","5-9",21755,78157,0.782258387380895,2000,0.901776865134142,0.888187757403834,0.111812242596166,0.901776865134142,0.100829693611989,4.25681009164074,18.9181669789766,20.9787672654061
"Gangwon","Total","10-14",32949,75007,0.694792322798177,2000,0.800947171522153,0.897186341888649,0.102813658111351,0.800947171522153,0.0823483086581324,3.79886508596544,14.6613568873359,18.3050236128219
"Gangwon","Total","15-19",54111,89556,0.623358182463614,2000,0.718598862864021,0.747689879068069,0.252310120931931,0.718598862864021,0.181309765990769,3.13971989934318,10.8624918013705,15.1162106743077
"Gangwon","Total","20-24",77598,67738,0.466078604062311,2000,0.537289096873252,0.773496520220871,0.226503479779129,0.537289096873252,0.121697850089177,2.38220085914332,7.72277190202729,14.3735876029681
"Gangwon","Total","25-29",142243,80189,0.360510178391598,2000,0.415591246784075,0.828043689656431,0.171956310343569,0.415591246784075,0.0714635374080732,1.89929739040019,5.34057104288397,12.8505378402706
"Gangwon","Total","30-34",181735,77338,0.298518178274077,2000,0.344127709376001,0.999999,1e-06,0.344127709376001,3.44127709376001e-07,1.72063768656073,3.44127365248378,9.9999900000025
"Gangwon","Total","35+",678304,481473,0.415142738647171,2000,0.478570921679569,0.999999,1e-06,0.344127365248292,3.44127365248292e-07,1.72063596592305,1.72063596592305,4.9999975
"Gwangju","Female","0-4",7986,43789,0.845755673587639,2000,1,0.911552514796113,0.0884474852038869,1,0.0884474852038869,4.77888128699028,29.3018645326769,29.3018645326769
"Gwangju","Female","5-9",11627,39135,0.770950711161893,2000,0.911552514796113,0.999999,1e-06,0.911552514796113,9.11552514796113e-07,4.55776029509928,24.5229832456866,26.902436061154
"Gwangju","Female","10-14",9079,30586,0.771108029749149,2000,0.911738524292909,0.999999,1e-06,0.911551603243598,9.11551603243598e-07,4.55775573733898,19.9652229505873,21.9024604636145
"Gwangju","Female","15-19",9657,33943,0.778509174311927,2000,0.920489449405102,0.871246309179677,0.128753690820323,0.911550691691995,0.117365515925163,4.26433966864707,15.4074672132483,16.9024798660944
"Gwangju","Female","20-24",13564,28596,0.678273244781784,2000,0.801973035433028,0.770831447984161,0.229168552015839,0.794185175766832,0.182002266762929,3.51592021192684,11.1431275446013,14.0308934044783
"Gwangju","Female","25-29",20155,22084,0.522834347404058,2000,0.618186036147094,0.79672331231691,0.20327668768309,0.612182909003903,0.124442513998512,2.74980826002324,7.62720733267442,12.4590334367302
"Gwangju","Female","30-34",22070,15757,0.416554313056811,2000,0.492523226347174,0.999999,1e-06,0.487740395005391,4.87740395005391e-07,2.43870075567597,4.87739907265118,9.9999900000025
"Gwangju","Female","35+",86229,65358,0.431158344712937,2000,0.509790661981601,0.999999,1e-06,0.487739907264996,4.87739907264996e-07,2.43869831697521,2.43869831697521,4.9999975
"Gwangju","Male","0-4",7997,46894,0.854311271428832,2000,1,0.91951499187695,0.08048500812305,1,0.08048500812305,4.79878747969237,30.8271328323465,30.8271328323465
"Gwangju","Male","5-9",12744,46683,0.785552021808269,2000,0.91951499187695,0.970590437732102,0.0294095622678977,0.91951499187695,0.0270425334098706,4.52996862586007,26.0283453526541,28.3066024834723
"Gwangju","Male","10-14",10304,33072,0.762449280708226,2000,0.892472458467079,0.997250929495942,0.00274907050405759,0.892472458467079,0.00245346971125561,4.45622861805726,21.4983767267941,24.0885604063569
"Gwangju","Male","15-19",11180,35472,0.760353253879791,2000,0.890018988755824,0.932112438433461,0.0678875615665393,0.890018988755824,0.06042121889455,4.29904189654274,17.0421481087368,19.148072483892
"Gwangju","Male","20-24",9010,21924,0.708734725544708,2000,0.829597769861274,0.848750840932985,0.151249159067015,0.829597769861274,0.125475965055388,3.8342989366679,12.7431062121941,15.3605839783356
"Gwangju","Male","25-29",15895,23996,0.60153919430448,2000,0.704121804805885,0.827378273303499,0.172621726696501,0.704121804805885,0.121546721750249,3.21674221965381,8.90880727552616,12.6523666995118
"Gwangju","Male","30-34",17584,17423,0.497700459908018,2000,0.582575083055637,0.969403803516259,0.0305961964837409,0.582575083055637,0.0178245817077019,2.86831396100893,5.69206505587235,9.77052610286244
"Gwangju","Male","35+",71470,66629,0.482472718846625,2000,0.564750501347935,0.999999,1e-06,0.564750501347935,5.64750501347935e-07,2.82375109486342,2.82375109486342,4.9999975
"Gwangju","Total","0-4",15983,90683,0.85015843849024,2000,1,0.916094503490626,0.0839054965093735,1,0.0839054965093735,4.79023625872657,30.1137697730357,30.1137697730357
"Gwangju","Total","5-9",24371,85818,0.778825472597083,2000,0.916094503490626,0.984283652482539,0.0157163475174611,0.916094503490626,0.0143976595756947,4.5444783685139,25.3235335143091,27.6429270318924
"Gwangju","Total","10-14",19383,63658,0.766585180814297,2000,0.901696843914932,0.999999,1e-06,0.901696843914932,9.01696843914932e-07,4.50848196533255,20.7790551457952,23.0443915668796
"Gwangju","Total","15-19",20837,69415,0.769124229933963,2000,0.904683403836839,0.898638704371383,0.101361295628617,0.901695942218088,0.0913970689662915,4.27998703867471,16.2705731804627,18.0444121112917
"Gwangju","Total","20-24",22574,50520,0.691164801488494,2000,0.81298352189023,0.811762592934612,0.188237407065388,0.810298873251796,0.152528558848923,3.67017296913667,11.9905861417879,14.797732710239
"Gwangju","Total","25-29",36050,46080,0.561061731401437,2000,0.659949611742726,0.811954274159962,0.188045725840038,0.657770314402873,0.123690896207918,2.97962433149457,8.32041317265127,12.6494203074588
"Gwangju","Total","30-34",39654,33180,0.455556470878985,2000,0.535848907984714,0.999999,1e-06,0.534079418194955,5.34079418194955e-07,2.67039575577623,5.3407888411567,9.9999900000025
"Gwangju","Total","35+",157699,131987,0.455620913678949,2000,0.535924708914336,0.999999,1e-06,0.534078884115537,5.34078884115537e-07,2.67039308538047,2.67039308538047,4.9999975
"Gyeongbuk","Female","0-4",9645,68219,0.876130175690948,2000,1,0.91718599827866,0.0828140017213402,1,0.0828140017213402,4.79296499569665,23.8705049377365,23.8705049377365
"Gyeongbuk","Female","5-9",15717,64298,0.80357432981316,2000,0.91718599827866,0.950687083062084,0.0493129169379161,0.91718599827866,0.0452291169497352,4.47285719901896,19.0775399420399,20.8000776045904
"Gyeongbuk","Female","10-14",18608,60222,0.763947735633642,2000,0.871956881328925,0.84677369831582,0.15322630168418,0.871956881328925,0.133606728154103,4.02576758625937,14.6046827430209,16.7493176047448
"Gyeongbuk","Female","15-19",41425,75890,0.646890849422495,2000,0.738350153174822,0.707529916764036,0.292470083235964,0.738350153174822,0.215945330756327,3.15188743898329,10.5789151567615,14.3277753939285
"Gyeongbuk","Female","20-24",80874,68256,0.457694628847314,2000,0.522404822418495,0.80026260989178,0.19973739010822,0.522404822418495,0.104343775809818,2.35116467256793,7.42702771777824,14.2169968557995
"Gyeongbuk","Female","25-29",118495,68487,0.366275898214801,2000,0.418061046608676,0.771315803939354,0.228684196060646,0.418061046608676,0.0956039543479775,1.85129534717344,5.07586304521031,12.1414398360858
"Gyeongbuk","Female","30-34",158941,62584,0.282514388895159,2000,0.322457092260699,0.999999,1e-06,0.322457092260699,3.22457092260699e-07,1.61228465516076,3.22456769803687,9.9999900000025
"Gyeongbuk","Female","35+",928024,545876,0.370361625619106,2000,0.422724425998711,0.999999,1e-06,0.322456769803607,3.22456769803607e-07,1.61228304287611,1.61228304287611,4.9999975
"Gyeongbuk","Male","0-4",9914,82042,0.892187567967289,2000,1,0.90493124946301,0.0950687505369898,1,0.0950687505369898,4.76232812365753,24.6348465839032,24.6348465839032
"Gyeongbuk","Male","5-9",19466,81587,0.807368410636003,2000,0.90493124946301,0.923314656128236,0.0766853438717644,0.90493124946301,0.0693949640453763,4.35116883720161,19.8725184602457,21.9602521982064
"Gyeongbuk","Male","10-14",25665,75162,0.745455086435181,2000,0.835536285417634,0.849184469026537,0.150815530973463,0.835536285417634,0.126011848532855,3.86265180575603,15.5213496230441,18.5765117493203
"Gyeongbuk","Male","15-19",44598,76932,0.633028881757591,2000,0.709524436884779,0.820985773179098,0.179014226820902,0.709524436884779,0.127014968479465,3.23008476322523,11.6586978172881,16.4317072269934
"Gyeongbuk","Male","20-24",52056,56328,0.519707705934455,2000,0.582509468405314,0.782439778824988,0.217560221175012,0.582509468405314,0.126730888782799,2.59572012006957,8.42861305406282,14.4694867829996
"Gyeongbuk","Male","25-29",105697,72436,0.406639982484997,2000,0.455778579622515,0.823812342139189,0.176187657860811,0.455778579622515,0.0803025604468183,2.07813649699553,5.83289293399325,12.7976460386185
"Gyeongbuk","Male","30-34",154742,77951,0.334995036378404,2000,0.375476019175697,0.999999,1e-06,0.375476019175697,3.75476019175697e-07,1.87737915718844,3.75475643699772,9.9999900000025
"Gyeongbuk","Male","35+",867603,507733,0.369170151875614,2000,0.41378087425799,0.999999,1e-06,0.375475643699678,3.75475643699678e-07,1.87737727980928,1.87737727980928,4.9999975
"Gyeongbuk","Total","0-4",19559,150261,0.884825108938876,2000,1,0.910566140316987,0.0894338596830132,1,0.0894338596830132,4.77641535079247,24.2125484408995,24.2125484408995
"Gyeongbuk","Total","5-9",35183,145885,0.80569178430203,2000,0.910566140316987,0.935307168553448,0.0646928314465519,0.910566140316987,0.0589071018364642,4.40556294699377,19.436133090107,21.3451085314252
"Gyeongbuk","Total","10-14",44273,135384,0.753569301502307,2000,0.851659038480523,0.849075924768426,0.150924075231574,0.851659038480523,0.128535852795284,3.9369555604144,15.0305701431132,17.6485770290536
"Gyeongbuk","Total","15-19",86023,152822,0.639837551550169,2000,0.723123185685238,0.756121697813258,0.243878302186742,0.723123185685238,0.176354054796784,3.17473079143423,11.0936145826988,15.3412513971412
"Gyeongbuk","Total","20-24",132930,124584,0.483795055802791,2000,0.546769130888454,0.797794023977472,0.202205976022528,0.546769130888454,0.110559985770289,2.45744569001655,7.9188837912646,14.4830484091102
"Gyeongbuk","Total","25-29",224192,140923,0.385968804349315,2000,0.436209145118165,0.80161890856327,0.19838109143673,0.436209145118165,0.0865356463032247,1.96470660983276,5.46143810124805,12.5202283408538
"Gyeongbuk","Total","30-34",313683,140535,0.309399891681968,2000,0.34967349881494,0.999999,1e-06,0.34967349881494,3.4967349881494e-07,1.74836661989095,3.49673149141529,9.9999900000025
"Gyeongbuk","Total","35+",1795627,1053609,0.369786497152219,2000,0.417920438080339,0.999999,1e-06,0.349673149141442,3.49673149141442e-07,1.74836487152433,1.74836487152433,4.9999975
"Gyeonggi","Female","0-4",38354,272034,0.876432078559738,2000,1,0.92377929488434,0.0762207051156598,1,0.0762207051156598,4.80944823721085,31.4584209585317,31.4584209585317
"Gyeonggi","Female","5-9",56274,239329,0.809629807545932,2000,0.92377929488434,0.945168642745137,0.0548313572548627,0.92377929488434,0.0506520725424484,4.49226629306558,26.6489727213209,28.8477700993043
"Gyeonggi","Female","10-14",54008,176045,0.765236706324195,2000,0.873127222341892,0.970235723979649,0.0297642760203508,0.873127222341892,0.0259879996466663,4.30066611259279,22.1567064282553,25.3762634600108
"Gyeonggi","Female","15-19",52396,151052,0.742459989776257,2000,0.847139222695225,0.919753162071171,0.0802468379288287,0.847139222695225,0.0679802439067777,4.06574550370918,17.8560403156625,21.07804695768
"Gyeonggi","Female","20-24",54251,116823,0.682879923308042,2000,0.779158978788448,0.947564383311241,0.0524356166887586,0.779158978788448,0.0408556815513557,3.79365569006385,13.7902948119533,17.6989487221164
"Gyeonggi","Female","25-29",59872,109772,0.647072693405013,2000,0.738303297237092,0.925407635237996,0.0745923647620038,0.738303297237092,0.0550717888524993,3.55383701405421,9.99663912188948,13.5400168999641
"Gyeonggi","Female","30-34",64447,96191,0.598806011031014,2000,0.683231508384593,0.923986449104693,0.0760135508953069,0.683231508384593,0.0519348530358696,3.28632040933329,6.44280210783527,9.42989605831908
"Gyeonggi","Female","35+",384874,476698,0.553288639835092,2000,0.631296655348723,0.999999,1e-06,0.631296655348723,6.31296655348723e-07,3.15648169850198,3.15648169850198,4.9999975
"Gyeonggi","Male","0-4",41034,301298,0.880133905097975,2000,1,0.907002290505077,0.0929977094949233,1,0.0929977094949233,4.76750572626269,32.6272898528535,32.6272898528535
"Gyeonggi","Male","5-9",67218,266012,0.798283467875041,2000,0.907002290505077,0.942792049942639,0.0572079500573608,0.907002290505077,0.0518877417371263,4.40529209818257,27.8597841265908,30.7163327129821
"Gyeonggi","Male","10-14",60893,185254,0.752615307113229,2000,0.85511454876795,0.967419531856227,0.032580468143773,0.85511454876795,0.027860032315411,4.20592266305122,23.4544920284082,27.4284796840394
"Gyeonggi","Male","15-19",57074,152830,0.728094748075311,2000,0.82725451645254,0.981989570528846,0.0180104294711536,0.82725451645254,0.0148992091232617,4.09902455945454,19.248569365357,23.2680136312817
"Gyeonggi","Male","20-24",35875,89994,0.714981448966783,2000,0.812355307329278,0.950810269290578,0.0491897307094223,0.812355307329278,0.0399595388078972,3.96187768962665,15.1495448059025,18.6489146672883
"Gyeonggi","Male","25-29",52646,111776,0.679811704029874,2000,0.772395768521381,0.991655306573993,0.00834469342600674,0.772395768521381,0.00644540589185579,3.84586532787726,11.1876671162758,14.4843713187252
"Gyeonggi","Male","30-34",53073,109797,0.674138883772334,2000,0.765950362629525,0.944696150138656,0.0553038498613441,0.765950362629525,0.0423600038561053,3.72385180350736,7.34180178839856,9.58521876429954
"Gyeonggi","Male","35+",298260,523068,0.636856408158495,2000,0.72359035877342,0.999999,1e-06,0.72359035877342,7.2359035877342e-07,3.6179499848912,3.6179499848912,4.9999975
"Gyeonggi","Total","0-4",79388,573332,0.878373575193038,2000,1,0.914892250034803,0.0851077499651967,1,0.0851077499651967,4.78723062508701,32.0148372488294,32.0148372488294
"Gyeonggi","Total","5-9",123492,505341,0.803617176579473,2000,0.914892250034803,0.944122086806158,0.0558779131938422,0.914892250034803,0.0511222697291637,4.44665557585111,27.2276066237424,29.760451706424
"Gyeonggi","Total","10-14",114901,361299,0.758712725745485,2000,0.86376998030564,0.968963826678961,0.031036173321039,0.86376998030564,0.0268081148182763,4.25182961448251,22.7809510478913,26.3738629117793
"Gyeonggi","Total","15-19",109470,303882,0.73516518608837,2000,0.836961865487363,0.947388719970353,0.0526112800296474,0.836961865487363,0.0440336350792918,4.07472523973859,18.5291214334088,22.1385491949735
"Gyeonggi","Total","20-24",90126,206817,0.696487204615027,2000,0.792928230408072,0.952187365513701,0.0478126344862987,0.792928230408072,0.0379119876543688,3.86986118290444,14.4543961936702,18.2291355501763
"Gyeonggi","Total","25-29",112518,221548,0.663186316476385,2000,0.755016242753703,0.960110765409037,0.0398892345909632,0.755016242753703,0.03011702002719,3.69978866370054,10.5845350107657,14.0189500720696
"Gyeonggi","Total","30-34",117520,205988,0.636732321920942,2000,0.724899222726513,0.933003250116781,0.0669967498832186,0.724899222726513,0.0485658919155477,3.50308138384369,6.88474634706519,9.49752204336774
"Gyeonggi","Total","35+",683134,999766,0.594073325806643,2000,0.676333330810965,0.999999,1e-06,0.676333330810965,6.76333330810965e-07,3.3816649632215,3.3816649632215,4.9999975
"Gyeongnam","Female","0-4",8496,84272,0.908416695412211,2000,1,0.930265458002611,0.0697345419973894,1,0.0697345419973894,4.82566364500653,27.4787308363289,27.4787308363289
"Gyeongnam","Female","5-9",14969,81648,0.845068673214859,2000,0.930265458002611,0.935578016024149,0.0644219839758506,0.930265458002611,0.0599295464287315,4.50150342394122,22.6530671913224,24.3511859936853
"Gyeongnam","Female","10-14",18850,71181,0.790627672690518,2000,0.870335911573879,0.914335463970464,0.0856645360295364,0.870335911573879,0.07455692205482,4.16528725273235,18.1515637673812,20.8558138599115
"Gyeongnam","Female","15-19",31326,81723,0.722898919937372,2000,0.795778989519059,0.837873515915458,0.162126484084542,0.795778989519059,0.129016849679075,3.65635282339761,13.9862765146488,17.5755790223887
"Gyeongnam","Female","20-24",49244,75645,0.605697859699413,2000,0.666762139839984,0.821535658850519,0.178464341149481,0.666762139839984,0.118993265989961,3.03632753422502,10.3299236912512,15.4926668357779
"Gyeongnam","Female","25-29",81721,80941,0.497602390232507,2000,0.547768873850023,0.865208520535973,0.134791479464027,0.547768873850023,0.0738345769105888,2.55425792697365,7.29359615702621,13.3150978546166
"Gyeongnam","Female","30-34",105139,79487,0.430529827868231,2000,0.473934296939435,0.999999,1e-06,0.473934296939435,4.73934296939435e-07,2.36967029986143,4.73933823005256,9.9999900000025
"Gyeongnam","Female","35+",678891,546695,0.446068248168631,2000,0.491039244898751,0.999999,1e-06,0.473933823005138,4.73933823005138e-07,2.36966793019113,2.36966793019113,4.9999975
"Gyeongnam","Male","0-4",7959,99328,0.925815802473739,2000,1,0.880110819846357,0.119889180153643,1,0.119889180153643,4.70027704961589,27.7096993547322,27.7096993547322
"Gyeongnam","Male","5-9",21696,95466,0.814820504941875,2000,0.880110819846357,0.98224081004496,0.0177591899550403,0.880110819846357,0.0156300552311377,4.36147896115394,23.0094223051163,26.143778472276
"Gyeongnam","Male","10-14",20310,81418,0.800349952815351,2000,0.86448076461522,0.935998536419429,0.0640014635805706,0.86448076461522,0.0553280341726248,4.18408373764454,18.6479433439624,21.5712646333578
"Gyeongnam","Male","15-19",29650,88537,0.749126384458528,2000,0.809152730442595,0.822102671766729,0.177897328233271,0.809152730442595,0.143946108878394,3.68589838001699,14.4638596063179,17.8753145878978
"Gyeongnam","Male","20-24",35520,56946,0.615858802154305,2000,0.665206621564201,0.868464002305146,0.131535997694854,0.665206621564201,0.0874986166406706,3.10728656621933,10.7779612263009,16.2024262490909
"Gyeongnam","Male","25-29",68522,78790,0.534851200173781,2000,0.57770800492353,0.886713921242294,0.113286078757706,0.57770800492353,0.0654462745447245,2.72492433825584,7.67067466008155,13.2777711139677
"Gyeongnam","Male","30-34",99092,89389,0.47426000498724,2000,0.512261730378806,0.95396474112755,0.0460352588724496,0.512261730378806,0.0235821013684373,2.50235339847294,4.94575032182571,9.65473317354478
"Gyeongnam","Male","35+",599148,495041,0.452427322884803,2000,0.488679629010369,0.999999,1e-06,0.488679629010369,4.88679629010369e-07,2.44339692335277,2.44339692335277,4.9999975
"Gyeongnam","Total","0-4",16455,183600,0.917747619404664,2000,1,0.902743943741058,0.0972560562589422,1,0.0972560562589422,4.75685985935264,27.6274288327212,27.6274288327212
"Gyeongnam","Total","5-9",36665,177114,0.828491105300334,2000,0.902743943741058,0.960523691353979,0.0394763086460208,0.902743943741058,0.035636998551448,4.42462722232667,22.8705689733685,25.3345028032984
"Gyeongnam","Total","10-14",39160,152599,0.795785334717015,2000,0.86710694518961,0.925254592641641,0.0747454073583592,0.86710694518961,0.0648122618414598,4.1735040713444,18.4459417510418,21.2729719827216
"Gyeongnam","Total","15-19",60976,170260,0.736304035703783,2000,0.80229468334815,0.828489922421767,0.171510077578233,0.80229468334815,0.137601623381645,3.66746935828664,14.2724376796974,17.7895204541746
"Gyeongnam","Total","20-24",84764,132591,0.610020473419061,2000,0.664693059966505,0.844733139073632,0.155266860926368,0.664693059966505,0.103204804900541,3.06545328758117,10.6049683214108,15.9546848916178
"Gyeongnam","Total","25-29",150243,159731,0.515304509410467,2000,0.561488255065964,0.878356043240153,0.121643956759847,0.561488255065964,0.0683016530204062,2.6366871427788,7.53951503382964,13.4277341793087
"Gyeongnam","Total","30-34",204231,168876,0.452620829949586,2000,0.493186602045557,0.99214985268003,0.00785014731996991,0.493186602045557,0.003871587482293,2.45625404152205,4.90282789105084,9.94112141472559
"Gyeongnam","Total","35+",1278039,1041736,0.449067689754394,2000,0.489315014563264,0.999999,1e-06,0.489315014563264,4.89315014563264e-07,2.44657384952879,2.44657384952879,4.9999975
"Incheon","Female","0-4",10636,72064,0.871390568319226,2000,1,0.864802348131077,0.135197651868923,1,0.135197651868923,4.66200587032769,31.1115733044561,31.1115733044561
"Incheon","Female","5-9",22814,69768,0.753580609621741,2000,0.864802348131077,0.999999,1e-06,0.864802348131077,8.64802348131077e-07,4.32400957864952,26.4495674341284,30.5845231471544
"Incheon","Female","10-14",16426,54960,0.769898859720393,2000,0.883529025572776,0.95323503552204,0.0467649644779602,0.864801483328729,0.0404424106483553,4.22290139002276,22.1255578554789,25.5845512317057
"Incheon","Female","15-19",18460,50911,0.733894566893947,2000,0.842210822076618,0.98487081257825,0.01512918742175,0.824359072680374,0.0124718829134014,4.09061565611837,17.9026564654562,21.7170612403722
"Incheon","Female","20-24",15695,40923,0.722791338443605,2000,0.829468856700795,0.912401478541493,0.087598521458507,0.811887189766972,0.0711201174146891,3.88163565529814,13.8120408093378,17.012265969244
"Incheon","Female","25-29",18153,35156,0.65947588587293,2000,0.756808611257927,0.879000288843558,0.120999711156442,0.740767072352283,0.0896326017888298,3.47975385728934,9.93040515403965,13.4055704210852
"Incheon","Female","30-34",19278,26587,0.579679494167666,2000,0.66523498789501,0.98757209065666,0.0124279093433405,0.651134470563454,0.0080922401704866,3.23544175239105,6.45065129675031,9.90678821099472
"Incheon","Female","35+",85773,114854,0.572475289965957,2000,0.656967507773432,0.999999,1e-06,0.643042230392967,6.43042230392967e-07,3.21520954435926,3.21520954435926,4.9999975
"Incheon","Male","0-4",12889,75086,0.853492469451549,2000,1,0.900584167070814,0.0994158329291859,1,0.0994158329291859,4.75146041767703,33.6599614926116,33.6599614926116
"Incheon","Male","5-9",24778,82320,0.768641804702235,2000,0.900584167070814,0.986610634599857,0.0133893654001429,0.900584167070814,0.0120582504864945,4.47277520913783,28.9085010749345,32.0997216384123
"Incheon","Male","10-14",18051,56648,0.758350178717252,2000,0.88852591658432,0.999999,1e-06,0.88852591658432,8.8852591658432e-07,4.44262736160681,24.4357258657967,27.5014216352099
"Incheon","Male","15-19",15474,52726,0.773108504398827,2000,0.905817604806313,0.921058652770923,0.0789413472290774,0.888525028058403,0.0701413627616841,4.2672717333878,19.9930985041899,22.5014466366565
"Incheon","Male","20-24",11888,29401,0.712078277507326,2000,0.834311142739086,0.999999,1e-06,0.818383665296719,8.18383665296719e-07,4.09191628052443,15.7258267708021,19.2157143863574
"Incheon","Male","25-29",15234,37836,0.712945166760882,2000,0.835326839168268,0.965449077754493,0.0345509222455075,0.818382846913054,0.02827588211075,4.02122452928839,11.6339104902777,14.2157311020885
"Incheon","Male","30-34",14318,31619,0.688312253738816,2000,0.80646552649858,0.951334554140056,0.0486654458599436,0.790106964802304,0.0384509077191509,3.85440755471364,7.61268596098926,9.63500677771404
"Incheon","Male","35+",66349,125864,0.654815231019754,2000,0.767218522080852,0.999999,1e-06,0.751656057083153,7.51656057083153e-07,3.75827840627562,3.75827840627562,4.9999975
"Incheon","Total","0-4",23525,147150,0.862164933352864,2000,1,0.883425693137562,0.116574306862438,1,0.116574306862438,4.70856423284391,32.7895259651532,32.7895259651532
"Incheon","Total","5-9",47592,152088,0.761658653846154,2000,0.883425693137562,0.999999,1e-06,0.883425693137562,8.83425693137562e-07,4.41712625712358,28.0809617323093,31.786444463232
"Incheon","Total","10-14",34477,111608,0.763993565390013,2000,0.886133889044787,0.986048411761234,0.0139515882387662,0.883424809711869,0.0123251791850104,4.38631110059682,23.6638354751857,26.7864737497057
"Incheon","Total","15-19",33934,103637,0.753334641748624,2000,0.873770913900418,0.953458693902301,0.0465413060976986,0.871099630526859,0.0405421145459427,4.25414286626944,19.2775243745889,22.1301028022816
"Incheon","Total","20-24",27583,70324,0.718273463593001,2000,0.833104474337312,0.955277476902692,0.0447225230973084,0.830557515980916,0.0371446276920996,4.05992601067433,15.0233815083195,18.0883096224545
"Incheon","Total","25-29",33387,72992,0.68615046202728,2000,0.795845940241291,0.9240516609637,0.0759483390363002,0.793412888288817,0.0602583910355292,3.81641846385526,10.9634554976452,13.8180960499526
"Incheon","Total","30-34",33596,58206,0.634038474107318,2000,0.735402762951182,0.966445241205406,0.0335547587945939,0.733154497253287,0.0246008223145058,3.60427043048017,7.14703703378989,9.74833689292744
"Incheon","Total","35+",152122,240718,0.612763466042155,2000,0.710726500623478,0.999999,1e-06,0.708553674938782,7.08553674938782e-07,3.54276660330972,3.54276660330972,4.9999975
"Jeju","Female","0-4",1549,18680,0.923426763557269,2000,1,0.966743190325246,0.0332568096747543,1,0.0332568096747543,4.91685797581311,32.4577744255082,32.4577744255082
"Jeju","Female","5-9",2071,17233,0.892716535433071,2000,0.966743190325246,0.999999,1e-06,0.966743190325246,9.66743190325246e-07,4.83371353476825,27.5409164496951,28.4883480176668
"Jeju","Female","10-14",1171,14288,0.924251245229316,2000,1.00089285009335,0.957702326872244,0.0422976731277558,0.966742223582055,0.0408909465718736,4.73148375148059,22.7072029149268,23.4883740060408
"Jeju","Female","15-19",2110,16263,0.885157568170685,2000,0.958557411484197,0.829807299353158,0.170192700646842,0.925851277010182,0.15757312923169,4.23532356197168,17.9757191634462,19.4153419774875
"Jeju","Female","20-24",5369,14854,0.734510211145725,2000,0.795417936898655,0.917729103062193,0.0822708969378071,0.768278147778491,0.0632069323154536,3.68337340810382,13.7403956014745,17.8846627893888
"Jeju","Female","25-29",7912,16364,0.674081397264788,2000,0.729978189789583,0.941107860685533,0.0588921393144668,0.705071215463038,0.0415231522476697,3.42154819669602,10.0570221933707,14.2638388474929
"Jeju","Female","30-34",9634,16716,0.63438330170778,2000,0.686988212539972,0.999999,1e-06,0.663548063215368,6.63548063215368e-07,3.31773865720668,6.63547399667471,9.9999900000025
"Jeju","Female","35+",36314,93773,0.720848355331432,2000,0.780623200214108,0.999999,1e-06,0.663547399667305,6.63547399667305e-07,3.31773533946803,3.31773533946803,4.9999975
"Jeju","Male","0-4",1356,19166,0.933924568755482,2000,1,0.946015722420022,0.0539842775799778,1,0.0539842775799778,4.86503930605005,34.8182533047657,34.8182533047657
"Jeju","Male","5-9",2600,19719,0.883507325597025,2000,0.946015722420022,0.989872968884388,0.0101270311156121,0.946015722420022,0.00958033065680581,4.7061277854581,29.9532139987156,31.6624906847126
"Jeju","Male","10-14",2067,14411,0.874560019419833,2000,0.936435391763216,0.998050643961984,0.00194935603801594,0.936435391763216,0.00182544598514545,4.67761334385322,25.2470862132575,26.960841543718
"Jeju","Male","15-19",2512,17245,0.872855190565369,2000,0.934609945778071,0.944001927242338,0.055998072757662,0.934609945778071,0.052336355743715,4.54220883953107,20.5694728694043,22.0086175653524
"Jeju","Male","20-24",2753,12887,0.823976982097187,2000,0.882273590034356,0.905384250232033,0.0946157497679666,0.882273590034356,0.0834769772215762,4.20267550711784,16.0272640298733,18.1658662470551
"Jeju","Male","25-29",6566,19286,0.746015782144515,2000,0.79879661281278,0.984241014062364,0.0157589859376362,0.79879661281278,0.0125882245883481,3.96251250259303,11.8245885227554,14.8030028333719
"Jeju","Male","30-34",6964,19242,0.734259329924445,2000,0.786208388224432,0.999999,1e-06,0.786208388224432,7.86208388224432e-07,3.93103997560119,7.8620760201624,9.9999900000025
"Jeju","Male","35+",26954,77344,0.741567431782009,2000,0.794033540385599,0.999999,1e-06,0.786207602016043,7.86207602016043e-07,3.93103604456121,3.93103604456121,4.9999975
"Jeju","Total","0-4",2905,37846,0.928713405805992,2000,1,0.95592287804233,0.0440771219576699,1,0.0440771219576699,4.88980719510583,33.7280512900797,33.7280512900797
"Jeju","Total","5-9",4671,36952,0.887778391754559,2000,0.95592287804233,0.999999,1e-06,0.95592287804233,9.5592287804233e-07,4.77961200040446,28.8382440949738,30.1679609907786
"Jeju","Total","10-14",3238,28699,0.898612894135329,2000,0.967589019946858,0.977932896519741,0.0220671034802593,0.955921922119452,0.0210944279744583,4.72687354066111,24.0586320945694,25.1679886587673
"Jeju","Total","15-19",4622,33508,0.878783110411749,2000,0.946237132917328,0.880225193529668,0.119774806470332,0.934827494144994,0.111968782194362,4.39421551523906,19.3317585539083,20.6794929278255
"Jeju","Total","20-24",8122,27741,0.773527033432786,2000,0.832901763447113,0.919398224040203,0.0806017759597971,0.822858711950632,0.0663238735472121,3.94848387588513,14.9375430386692,18.1532294933828
"Jeju","Total","25-29",14478,35650,0.71117938078519,2000,0.765768402113229,0.962042077444248,0.0379579225557523,0.75653483840342,0.0287164908068456,3.71088296499999,10.9890591627841,14.5255163476347
"Jeju","Total","30-34",16598,35958,0.684184488926098,2000,0.736701424410173,0.999999,1e-06,0.727818347596574,7.27818347596574e-07,3.639089918437,7.27817619778409,9.9999900000025
"Jeju","Total","35+",63268,171117,0.730068050429848,2000,0.786106936613295,0.999999,1e-06,0.727817619778227,7.27817619778227e-07,3.63908627934708,3.63908627934708,4.9999975
"Jeonbuk","Female","0-4",5537,53179,0.905698617072008,2000,1,0.919367245212663,0.0806327547873371,1,0.0806327547873371,4.79841811303166,24.7118591407429,24.7118591407429
"Jeonbuk","Female","5-9",10421,51857,0.83266964257041,2000,0.919367245212663,0.969637892619009,0.0303621073809911,0.919367245212663,0.0279139270217128,4.52705140850903,19.9134410277112,21.6599418038925
"Jeonbuk","Female","10-14",11638,48784,0.807388037469796,2000,0.89145331819095,0.879681425625986,0.120318574374014,0.89145331819095,0.10725839236572,4.18912061004045,15.3863896192022,17.2598938219515
"Jeonbuk","Female","15-19",24520,60103,0.710244259834797,2000,0.78419492582523,0.751844491850756,0.248155508149244,0.78419492582523,0.194602290306219,3.4344689033606,11.1972690091617,14.2786807723584
"Jeonbuk","Female","20-24",50421,57777,0.533993234625409,2000,0.589592635519012,0.711007691230858,0.288992308769142,0.589592635519012,0.170387736971923,2.52199383516525,7.76280010580113,13.1663790185704
"Jeonbuk","Female","25-29",92469,56596,0.37967329688391,2000,0.419204898547089,0.800142821429219,0.199857178570781,0.419204898547089,0.0837811082666716,1.88657172206877,5.24080627063588,12.501777266439
"Jeonbuk","Female","30-34",114815,50100,0.303792862990025,2000,0.335423790280417,0.999999,1e-06,0.335423790280417,3.35423790280417e-07,1.67711811284261,3.35423454856711,9.9999900000025
"Jeonbuk","Female","35+",563471,389312,0.40860510735393,2000,0.451149090494244,0.999999,1e-06,0.335423454856627,3.35423454856627e-07,1.6771164357245,1.6771164357245,4.9999975
"Jeonbuk","Male","0-4",7707,58994,0.884454505929446,2000,1,0.93280830794986,0.0671916920501396,1,0.0671916920501396,4.83202076987465,26.5862720404139,26.5862720404139
"Jeonbuk","Male","5-9",12375,58350,0.825026511134677,2000,0.93280830794986,0.970066397618107,0.0299336023818926,0.93280830794986,0.0279223129886971,4.59423575727756,21.7542512705392,23.3212451959728
"Jeonbuk","Male","10-14",13533,54244,0.800330495595851,2000,0.904885994961163,0.91685758374401,0.0831424162559895,0.904885994961163,0.0752344080572763,4.33634395466263,17.1600155132617,18.9637320157642
"Jeonbuk","Male","15-19",23754,65476,0.733789084388659,2000,0.829651586903887,0.778502835521933,0.221497164478067,0.829651586903887,0.183765474003939,3.68884424950959,12.823671558599,15.4566950283971
"Jeonbuk","Male","20-24",34961,46582,0.571256882871614,2000,0.645886112899948,0.794002870529597,0.205997129470403,0.645886112899948,0.133050685222186,2.89680385144427,9.13482730908946,14.1430929178446
"Jeonbuk","Male","25-29",73752,61221,0.453579604809851,2000,0.512835427677762,0.773103976165222,0.226896023834778,0.512835427677762,0.116360319421692,2.27327633983458,6.23802345764519,12.1637919710275
"Jeonbuk","Male","30-34",107930,58286,0.350664195985946,2000,0.39647510825607,0.999999,1e-06,0.39647510825607,3.9647510825607e-07,1.98237455009258,3.96474711781061,9.9999900000025
"Jeonbuk","Male","35+",517324,360826,0.410893355349314,2000,0.464572629337807,0.999999,1e-06,0.396474711780962,3.96474711780962e-07,1.98237256771803,1.98237256771803,4.9999975
"Jeonbuk","Total","0-4",13244,112173,0.894400280663706,2000,1,0.926436840101176,0.0735631598988241,1,0.0735631598988241,4.81609210025294,25.6310997132099,25.6310997132099
"Jeonbuk","Total","5-9",22796,110207,0.828605369803689,2000,0.926436840101176,0.969890908365882,0.0301090916341178,0.926436840101176,0.0278941717118288,4.56244877122631,20.815007612957,22.467810769144
"Jeonbuk","Total","10-14",25171,103028,0.803656814795747,2000,0.898542668389347,0.898802350284876,0.101197649715124,0.898542668389347,0.0909304062097579,4.26538732642234,16.2525588417307,18.0876873336061
"Jeonbuk","Total","15-19",48274,125579,0.722328633960875,2000,0.807612262179589,0.761436853167842,0.238563146832158,0.807612262179589,0.1926665226858,3.55639500418344,11.9871715153083,14.8427309448686
"Jeonbuk","Total","20-24",85382,104359,0.550007641996195,2000,0.614945739493789,0.754158777794127,0.245841222205873,0.614945739493789,0.151179012187447,2.69678116700033,8.43077651112487,13.7097892865555
"Jeonbuk","Total","25-29",166221,117817,0.41479309106528,2000,0.463766727306341,0.789117789815359,0.210882210184641,0.463766727306341,0.097800152464459,2.07433325537056,5.73399534412455,12.3639644815161
"Jeonbuk","Total","30-34",222745,108386,0.327320607252115,2000,0.365966574841882,0.999999,1e-06,0.365966574841882,3.65966574841882e-07,1.82983195929297,3.65966208875399,9.9999900000025
"Jeonbuk","Total","35+",1080795,750138,0.409702594251128,2000,0.458075207609618,0.999999,1e-06,0.365966208875307,3.65966208875307e-07,1.82983012946101,1.82983012946101,4.9999975
"Jeonnam","Female","0-4",7042,53771,0.884202390936148,2000,1,0.869655323285899,0.130344676714101,1,0.130344676714101,4.67413830821475,20.2776218705156,20.2776218705156
"Jeonnam","Female","5-9",14755,49106,0.768951316139741,2000,0.869655323285899,0.940253341931094,0.0597466580689061,0.869655323285899,0.0519589992381666,4.21837911833408,15.6034835623008,17.942146899469
"Jeonnam","Female","10-14",18834,49161,0.723009044782705,2000,0.817696324047732,0.781364986704065,0.218635013295935,0.817696324047732,0.178777046680213,3.64153900353813,11.3851044439668,13.9233895385619
"Jeonnam","Female","15-19",43179,56068,0.564933952663557,2000,0.638919277367519,0.603969504525492,0.396030495474508,0.638919277367519,0.253031517984073,2.56201759187741,7.74356544042863,12.1197868255498
"Jeonnam","Female","20-24",93621,48488,0.341202879479836,2000,0.385887759383446,0.698082164784757,0.301917835215243,0.385887759383446,0.11650639694911,1.63817280454445,5.18154784855122,13.4276035519501
"Jeonnam","Female","25-29",154283,48238,0.238187644738077,2000,0.269381362434335,0.852300666363753,0.147699333636247,0.269381362434335,0.0397874477255756,1.24743819285774,3.54337504400676,13.1537498065424
"Jeonnam","Female","30-34",196685,50099,0.203007488329876,2000,0.22959391470876,0.999999,1e-06,0.22959391470876,2.2959391470876e-07,1.14796899955901,2.29593685114902,9.9999900000025
"Jeonnam","Female","35+",941549,478184,0.336812626036022,2000,0.380922546114609,0.999999,1e-06,0.229593685114845,2.29593685114845e-07,1.14796785159001,1.14796785159001,4.9999975
"Jeonnam","Male","0-4",8208,58894,0.87767875771214,2000,1,0.909591286905231,0.0904087130947687,1,0.0904087130947687,4.77397821726308,22.2141299439001,22.2141299439001
"Jeonnam","Male","5-9",14265,56469,0.79832895071677,2000,0.909591286905231,0.906048298319826,0.0939517016801744,0.909591286905231,0.0854576492382062,4.33431231143064,17.4401517266371,19.1736134434345
"Jeonnam","Male","10-14",20246,52930,0.723324587296381,2000,0.824133637667025,0.802090026669884,0.197909973330116,0.824133637667025,0.163104266251133,3.71290752270729,13.1058394152064,15.9025658172462
"Jeonnam","Male","15-19",45598,63013,0.580171437515537,2000,0.661029371415892,0.732282875861563,0.267717124138437,0.661029371415892,0.176968882286501,2.86272465136321,9.39293189249913,14.209553007274
"Jeonnam","Male","20-24",63580,46965,0.424849608756615,2000,0.484060489129391,0.710113607126894,0.289886392873106,0.484060489129391,0.140322549126111,2.06949607283168,6.53020724113592,13.4904777146361
"Jeonnam","Male","25-29",136071,58787,0.301691488160609,2000,0.34373794000328,0.838166237769694,0.161833762230306,0.34373794000328,0.0556284040520262,1.57961868988634,4.46071116830424,12.9770695904609
"Jeonnam","Male","30-34",182053,61616,0.252867619598718,2000,0.288109535951254,0.999999,1e-06,0.288109535951254,2.88109535951254e-07,1.44054695948243,2.8810924784179,9.9999900000025
"Jeonnam","Male","35+",847682,414423,0.328358575554332,2000,0.374121593657194,0.999999,1e-06,0.288109247841718,2.88109247841718e-07,1.44054551893547,1.44054551893547,4.9999975
"Jeonnam","Total","0-4",15250,112665,0.880780205605285,2000,1,0.89056293802717,0.10943706197283,1,0.10943706197283,4.72640734506792,21.216558491748,21.216558491748
"Jeonnam","Total","5-9",29020,105575,0.784390207660017,2000,0.89056293802717,0.921955168753554,0.078044831246446,0.89056293802717,0.0695038342126696,4.27905510460417,16.4901511466801,18.5165477279013
"Jeonnam","Total","10-14",39080,102091,0.723172606271826,2000,0.8210591038145,0.792198037316422,0.207801962683578,0.8210591038145,0.170617693251873,3.67875128594282,12.2110960420759,14.8723715325063
"Jeonnam","Total","15-19",88777,119081,0.572895919329542,2000,0.650441410562627,0.659458811029446,0.340541188970554,0.650441410562627,0.221502091308681,2.69845182454143,8.53234475613307,13.117776048042
"Jeonnam","Total","20-24",157201,95453,0.377801261804681,2000,0.428939319253946,0.712880803070766,0.287119196929234,0.428939319253946,0.123156712875565,1.83680481408082,5.83389293159163,13.6007418059471
"Jeonnam","Total","25-29",290354,107025,0.26932726691647,2000,0.305782606378381,0.845733961380772,0.154266038619228,0.305782606378381,0.0471718713646555,1.41098335348027,3.99708811751082,13.0716660599221
"Jeonnam","Total","30-34",378738,111715,0.227779216357123,2000,0.258610735013725,0.999999,1e-06,0.258610735013725,2.58610735013725e-07,1.29305302854179,2.58610476403055,9.9999900000025
"Jeonnam","Total","35+",1789231,892607,0.332834048887368,2000,0.377885477862935,0.999999,1e-06,0.25861047640299,2.5861047640299e-07,1.29305173548876,1.29305173548876,4.9999975
"NA","Female","25-29",215,0,0,2000,NA,0.999999,1e-06,1,1e-06,4.9999975,9.9999900000025,9.9999900000025
"NA","Female","35+",55,0,0,2000,NA,0.999999,1e-06,0.999999,9.99999e-07,4.9999925000025,4.9999925000025,4.9999975
"NA","Male","0-4",56,0,0,2000,NA,0.999999,1e-06,1,1e-06,4.9999975,14.9999775000125,14.9999775000125
"NA","Male","30-34",55,0,0,2000,NA,0.999999,1e-06,0.999999,9.99999e-07,4.9999925000025,9.9999800000125,9.9999900000025
"NA","Male","35+",98,0,0,2000,NA,0.999999,1e-06,0.999998000001,9.99998000001e-07,4.99998750001,4.99998750001,4.9999975
"NA","Total","0-4",56,0,0,2000,NA,0.999999,1e-06,1,1e-06,4.9999975,19.999960000035,19.999960000035
"NA","Total","25-29",215,0,0,2000,NA,0.999999,1e-06,0.999999,9.99999e-07,4.9999925000025,14.999962500035,14.9999775000125
"NA","Total","30-34",55,0,0,2000,NA,0.999999,1e-06,0.999998000001,9.99998000001e-07,4.99998750001,9.9999700000325,9.9999900000025
"NA","Total","35+",153,0,0,2000,NA,0.999999,1e-06,0.999997000003,9.99997000003e-07,4.9999825000225,4.9999825000225,4.9999975
"Seoul","Female","0-4",64193,248398,0.794642200191304,2000,1,0.802732486664556,0.197267513335444,1,0.197267513335444,4.50683121666139,28.6476075769377,28.6476075769377
"Seoul","Female","5-9",137306,241872,0.63788510936816,2000,0.802732486664556,0.953436180092514,0.0465638199074861,0.802732486664556,0.0373782909429369,3.92021670596544,24.1407763602763,30.0732520002821
"Seoul","Female","10-14",141888,220240,0.608182742013874,2000,0.765354195721619,0.999999,1e-06,0.765354195721619,7.65354195721619e-07,3.82676906522261,20.2205596543108,26.4198716977644
"Seoul","Female","15-19",137598,276563,0.667766882927171,2000,0.840336547400089,0.999999,1e-06,0.765353430367423,7.65353430367423e-07,3.82676523845354,16.3937905890882,21.41989561766
"Seoul","Female","20-24",127631,276240,0.683980776039874,2000,0.860740564590215,0.902216354410946,0.0977836455890542,0.765352665013993,0.0748389737463664,3.63966589070405,12.5670253506347,16.4199145375746
"Seoul","Female","25-29",156375,252020,0.617098642245865,2000,0.776574214278203,0.834286831232022,0.165713168767978,0.690513691267627,0.114427211857632,3.16650042669405,8.92735945993065,12.928577047534
"Seoul","Female","30-34",145314,154202,0.514837270796886,2000,0.647885640446659,0.999999,1e-06,0.576086479409995,5.76086479409995e-07,2.88043095683378,5.76085903323659,9.9999900000025
"Seoul","Female","35+",388521,422065,0.520691203647731,2000,0.65525239349531,0.999999,1e-06,0.576085903323515,5.76085903323515e-07,2.88042807640282,2.88042807640282,4.9999975
"Seoul","Male","0-4",69229,270363,0.796140662913143,2000,1,0.808754610582167,0.191245389417833,1,0.191245389417833,4.52188652645542,30.1435291542125,30.1435291542125
"Seoul","Male","5-9",156722,283363,0.643882431802947,2000,0.808754610582167,0.970230530774297,0.0297694692257033,0.808754610582167,0.0240761954908715,3.98358256418366,25.6216426277571,31.6803666928265
"Seoul","Male","10-14",150124,249902,0.624714393564418,2000,0.784678415091296,0.999999,1e-06,0.784678415091296,7.84678415091295e-07,3.92339011376044,21.6380600635735,27.5757044509195
"Seoul","Male","15-19",145944,292151,0.666866775471074,2000,0.837624312556721,0.999999,1e-06,0.78467763041288,7.8467763041288e-07,3.92338619037033,17.714669949813,22.575729526649
"Seoul","Male","20-24",97400,211600,0.684789644012945,2000,0.860136500888228,0.967056102888354,0.0329438971116461,0.78467684573525,0.0258503132717931,3.85875844549677,13.7912837594427,17.5757496023986
"Seoul","Male","25-29",140818,276087,0.662230004437462,2000,0.831800252500995,0.886170849028071,0.113829150971929,0.758826532463457,0.0863765799252884,3.57819121250406,9.93252531394593,13.0893226436099
"Seoul","Male","30-34",123709,175719,0.586848925284209,2000,0.73711713598057,0.926603932420408,0.0733960675795924,0.672449952538169,0.0493551821603851,3.23886180728988,6.35433410144187,9.44952717664323
"Seoul","Male","35+",346723,413262,0.543776521905038,2000,0.683015636854065,0.999999,1e-06,0.623094770377783,6.23094770377783e-07,3.11547229415199,3.11547229415199,4.9999975
"Seoul","Total","0-4",133422,518761,0.79542245044719,2000,1,0.805995231387802,0.194004768612198,1,0.194004768612198,4.51498807846951,29.430018336496,29.430018336496
"Seoul","Total","5-9",294028,525235,0.641106701999236,2000,0.805995231387802,0.962179279805836,0.0378207201941639,0.805995231387802,0.0304833201241485,3.95376785662864,24.9150302580265,30.9121310992456
"Seoul","Total","10-14",292012,470142,0.61685958480832,2000,0.775511911263654,0.999999,1e-06,0.775511911263654,7.75511911263654e-07,3.87755761753849,20.9612624013979,27.0289367538439
"Seoul","Total","15-19",283542,568714,0.667304190290241,2000,0.838930545542284,0.999999,1e-06,0.775511135751743,7.75511135751743e-07,3.87755373998087,17.0837047838594,22.0289612828052
"Seoul","Total","20-24",225031,487840,0.684331386744586,2000,0.86033702765097,0.935068914773808,0.064931085226192,0.775510360240607,0.0503547292945777,3.75166497796659,13.2061510438785,17.028980811786
"Seoul","Total","25-29",297193,528107,0.639897007148916,2000,0.804474410785316,0.86082260382725,0.13917739617275,0.725155630946029,0.100925272535076,3.37346497339246,9.45448606591193,13.0378716822177
"Seoul","Total","30-34",269023,329921,0.550837807875194,2000,0.692509757004608,0.96555096846298,0.0344490315370205,0.624230358410953,0.0215041313032645,3.0673914637966,6.08102109251948,9.74162984959493
"Seoul","Total","35+",735244,835327,0.531861978859918,2000,0.668653466545862,0.999999,1e-06,0.602726227107688,6.02726227107688e-07,3.01362962872287,3.01362962872287,4.9999975
"Total","Female","0-4",214370,1269394,0.855522845951243,2000,1,0.882824505980773,0.117175494019227,1,0.117175494019227,4.70706126495193,27.1236344844527,27.1236344844527
"Total","Female","5-9",388545,1199145,0.755276533832171,2000,0.882824505980773,0.955766171928228,0.0442338280717717,0.882824505980773,0.0390507074151003,4.31649576136612,22.4165732195008,25.3918792100103
"Total","Female","10-14",401050,1040890,0.721867761487995,2000,0.843773798565673,0.970448503682318,0.0295514963176822,0.843773798565673,0.0249347783012702,4.15653204707519,18.1000774581347,21.4513386039042
"Total","Female","15-19",507003,1186029,0.700535488992529,2000,0.818839020264403,0.855022655052616,0.144977344947384,0.818839020264403,0.11871310709725,3.79741233357889,13.9435454110595,17.0284330203965
"Total","Female","20-24",710783,1061627,0.598973713756975,2000,0.700125913167152,0.80012406781623,0.19987593218377,0.700125913167152,0.139938319540298,3.15078376698502,10.1461330774806,14.4918690862086
"Total","Female","25-29",1059492,975071,0.479253284366225,2000,0.560187593626855,0.799001601033237,0.200998398966763,0.560187593626855,0.112596809440041,2.51944594453417,6.99534931049558,12.4875120229014
"Total","Female","30-34",1246492,773506,0.382924141509051,2000,0.447590784186813,0.999999,1e-06,0.447590784186813,4.47590784186813e-07,2.23795280195711,4.47590336596141,9.9999900000025
"Total","Female","35+",6264934,4393005,0.412181473359906,2000,0.481788973036258,0.999999,1e-06,0.447590336596029,4.47590336596029e-07,2.2379505640043,2.2379505640043,4.9999975
"Total","Male","0-4",228883,1412324,0.860539834402364,2000,1,0.88197875742499,0.11802124257501,1,0.11802124257501,4.70494689356247,28.3420606631105,28.3420606631105
"Total","Male","5-9",445615,1403240,0.758977853860903,2000,0.88197875742499,0.957774765709087,0.0422252342909128,0.88197875742499,0.0372417596718784,4.31678938794525,23.637113769548,26.8000941865749
"Total","Male","10-14",439889,1171012,0.726929836160012,2000,0.844736997753111,0.967314841242431,0.0326851587575686,0.844736997753111,0.0276103628799523,4.15465908156568,19.3203243816028,22.871407826332
"Total","Male","15-19",525929,1245890,0.703170019059509,2000,0.817126634873159,0.889420289934167,0.110579710065833,0.817126634873159,0.0903576263713434,3.85973910843744,15.1656653000371,18.5597490680147
"Total","Male","20-24",502209,838494,0.625413682224922,2000,0.726769008501816,0.859723734481912,0.140276265518088,0.726769008501816,0.101948442406918,3.37897393649178,11.3059261915996,15.556423099144
"Total","Male","25-29",903606,1050910,0.537682986478494,2000,0.624820566094897,0.826305785290761,0.173694214709239,0.624820566094897,0.108527717562036,2.8527835365694,7.92695225510786,12.6867659056919
"Total","Male","30-34",1128722,902415,0.444290562379593,2000,0.516292848532862,0.977077994682946,0.0229220053170536,0.516292848532862,0.011834467419227,2.55187807411624,5.07416871853846,9.82808251742711
"Total","Male","35+",5557702,4263408,0.434106531746412,2000,0.504458381113635,0.999999,1e-06,0.504458381113635,5.04458381113635e-07,2.52229064442222,2.52229064442222,4.9999975
"Total","Total","0-4",443253,2681718,0.858157723703676,2000,1,0.882434331594566,0.117565668405434,1,0.117565668405434,4.70608582898642,27.7643546864132,27.7643546864132
"Total","Total","5-9",834160,2602385,0.757267837319168,2000,0.882434331594566,0.956780209900717,0.0432197900992833,0.882434331594566,0.0381386265879186,4.31682509150304,23.0582688574268,26.1302943820877
"Total","Total","10-14",840939,2211902,0.724538880341295,2000,0.844295705006648,0.968730217612519,0.0312697823874813,0.844295705006648,0.026400942966243,4.15547616761763,18.7414437659237,22.1977248667588
"Total","Total","15-19",1032932,2431919,0.701882707221753,2000,0.817894762040405,0.869604603662453,0.130395396337547,0.817894762040405,0.106649711658662,3.82284953105537,14.5859675983061,17.833550568191
"Total","Total","20-24",1212992,1900121,0.610360433431103,2000,0.711245050381743,0.832101602142768,0.167898397857232,0.711245050381743,0.119416904442981,3.25768299080126,10.7631180672507,15.132784490344
"Total","Total","25-29",1963098,2025981,0.507881894542575,2000,0.591828145938762,0.814543150561212,0.185456849438788,0.591828145938762,0.109758583355002,2.6847442713063,7.50543507644948,12.6817812365857
"Total","Total","30-34",2375214,1675921,0.413691718493706,2000,0.48206956258376,0.999999,1e-06,0.48206956258376,4.8206956258376e-07,2.41034660774489,4.82069080514318,9.9999900000025
"Total","Total","35+",11822636,8656413,0.422696044137596,2000,0.492562185787137,0.999999,1e-06,0.482069080514197,4.82069080514197e-07,2.41034419739828,2.41034419739828,4.9999975
"Ulsan","Female","0-4",4597,33834,0.880383024121152,2000,1,0.91752861067085,0.0824713893291503,1,0.0824713893291503,4.79382152667712,30.6549510182419,30.6549510182419
"Ulsan","Female","5-9",8068,33904,0.807776612980082,2000,0.91752861067085,0.964574908061998,0.0354250919380023,0.91752861067085,0.0325035353887623,4.50638421488234,25.8611294915648,28.185638236018
"Ulsan","Female","10-14",7539,26599,0.779161052199895,2000,0.885025075282087,0.895768526901276,0.104231473098724,0.885025075282087,0.0922474673259609,4.19450670809553,21.3547452766825,24.1289720179691
"Ulsan","Female","15-19",10863,25101,0.697947947947948,2000,0.792777607956127,0.920993323292634,0.0790066767073665,0.792777607956127,0.062634724172629,3.80730122934906,17.1602385685869,21.6457155151342
"Ulsan","Female","20-24",10848,19522,0.642805400065855,2000,0.730142883783497,0.948130896340837,0.0518691036591631,0.730142883783497,0.0378718569249665,3.55603477660507,13.3529373392379,18.2881154302906
"Ulsan","Female","25-29",7915,12352,0.609463660137169,2000,0.692271026858531,0.965464647734435,0.0345353522655646,0.692271026858531,0.0239078237758035,3.40158557485315,9.79690256263279,14.1518309773707
"Ulsan","Female","30-34",7653,10941,0.588415617941271,2000,0.668363203082727,0.942483674163129,0.0575163258368712,0.668363203082727,0.038441795765881,3.24571152599893,6.39531698777965,9.56862520001428
"Ulsan","Female","35+",41619,51817,0.554572113532257,2000,0.629921407316846,0.999999,1e-06,0.629921407316846,6.29921407316846e-07,3.14960546178071,3.14960546178071,4.9999975
"Ulsan","Male","0-4",4595,39165,0.894995429616088,2000,1,0.901578086959388,0.0984219130406118,1,0.0984219130406118,4.75394521739847,31.0658247871373,31.0658247871373
"Ulsan","Male","5-9",9889,41325,0.806908267270668,2000,0.901578086959388,0.959002250033636,0.0409977499663641,0.901578086959388,0.0369626729843138,4.41548375233616,26.3118795697388,29.1842492073835
"Ulsan","Male","10-14",9172,31381,0.773826843883313,2000,0.864615413975074,0.956985721423577,0.0430142785764233,0.864615413975074,0.0371908082781934,4.23010004917989,21.8963958174027,25.3250120961109
"Ulsan","Male","15-19",10019,28596,0.740541240450602,2000,0.827424605696881,0.888039652396446,0.111960347603554,0.827424605696881,0.0926387464695563,3.90552616231051,17.6662957682228,21.3509432117307
"Ulsan","Male","20-24",7691,14773,0.657629985754986,2000,0.734785859227325,0.999999,1e-06,0.734785859227325,7.34785859227325e-07,3.67392745917198,13.7607696059123,18.7275917644667
"Ulsan","Male","25-29",5848,14916,0.718358697746099,2000,0.802639515214332,0.921477470742317,0.0785225292576833,0.734785124441465,0.0576971864320655,3.52968265612716,10.0868421467403,13.7276079920747
"Ulsan","Male","30-34",6046,11839,0.66195135588482,2000,0.739614230397541,0.957914227285596,0.0420857727144037,0.6770879380094,0.0284957690667279,3.31420026738018,6.55715949061312,9.6843543098564
"Ulsan","Male","35+",31565,54700,0.63409262157306,2000,0.708486994000692,0.999999,1e-06,0.648592168942672,6.48592168942672e-07,3.24295922323294,3.24295922323294,4.9999975
"Ulsan","Total","0-4",9192,72999,0.888162937547907,2000,1,0.908954140739078,0.0910458592609216,1,0.0910458592609216,4.7723853518477,31.0992132617706,31.0992132617706
"Ulsan","Total","5-9",17957,75229,0.807299379735153,2000,0.908954140739078,0.961557629610149,0.0384423703898507,0.908954140739078,0.0349423517456801,4.45741482433119,26.3268279099229,28.9638681754795
"Ulsan","Total","10-14",16711,57980,0.776264877963878,2000,0.874011788993398,0.927520527426899,0.0724794725731013,0.874011788993398,0.0633479134889142,4.21168916124471,21.8694130855917,25.0218742595896
"Ulsan","Total","15-19",20882,53697,0.720001609032033,2000,0.810663875504484,0.901537608327941,0.0984623916720592,0.810663875504484,0.0798199040243119,3.85376961746164,17.657723924347,21.7818068103238
"Ulsan","Total","20-24",18539,34295,0.649108528599008,2000,0.730843971480172,0.999999,1e-06,0.730843971480172,7.30843971480172e-07,3.65421803029093,13.8039543068854,18.8876899113341
"Ulsan","Total","25-29",13763,27268,0.66457069045356,2000,0.74825312153685,0.939657558589887,0.0603424414101128,0.730843240636201,0.0441008654280669,3.54396403961084,10.1497362765945,13.8877062990404
"Ulsan","Total","30-34",13699,22780,0.624468872501987,2000,0.703101701390579,0.94919979798264,0.0508002020173605,0.686742375208134,0.0348866513944552,3.34649524755453,6.60577223698361,9.6189961118703
"Ulsan","Total","35+",73184,106517,0.592745727625333,2000,0.667383992921187,0.999999,1e-06,0.651855723813679,6.51855723813679e-07,3.25927698942908,3.25927698942908,4.9999975
"Busan","Female","0-4",8752,55248,0.86325,2010,1,0.895732742996697,0.104267257003303,1,0.104267257003303,4.73933185749174,30.3408030312909,30.3408030312909
"Busan","Female","5-9",16884,57574,0.773241290391899,2010,0.895732742996697,0.965786871706367,0.0342131282936329,0.895732742996697,0.0306458192529537,4.4020491668511,25.6014711737991,28.5815957649921
"Busan","Female","10-14",27321,80576,0.746786286921787,2010,0.865086923743743,0.979145434251205,0.0208545657487946,0.865086923743743,0.0180410121296364,4.28033208839463,21.199422006948,24.5055397614907
"Busan","Female","15-19",32333,87959,0.731212383200878,2010,0.847045911614107,0.905904649482744,0.0940953505172556,0.847045911614107,0.0797030819575377,4.03597185317669,16.9190899185534,19.9742300701421
"Busan","Female","20-24",40118,78718,0.662408697701033,2010,0.767342829656569,0.874491722738682,0.125508277261318,0.767342829656569,0.096307876619021,3.59594445673529,12.8831180653767,16.7892597252035
"Busan","Female","25-29",66317,91307,0.579270923209664,2010,0.671034953037548,0.907206669849171,0.0927933301508287,0.671034953037548,0.062267567939959,3.19950584533784,9.28717360864141,13.8400743010502
"Busan","Female","30-34",72850,80686,0.525518445185494,2010,0.608767385097589,0.999999,1e-06,0.608767385097589,6.08767385097589e-07,3.04383540356948,6.08766776330356,9.9999900000025
"Busan","Female","35+",305450,352431,0.53570630554766,2010,0.620569134720718,0.999999,1e-06,0.608766776330204,6.08766776330204e-07,3.04383235973408,3.04383235973408,4.9999975
"Busan","Male","0-4",10416,59345,0.850690213729734,2010,1,0.940978272368994,0.0590217276310055,1,0.0590217276310055,4.85244568092249,31.2779865662079,31.2779865662079
"Busan","Male","5-9",16094,64570,0.800481007636616,2010,0.940978272368994,0.950135017601609,0.0498649823983913,0.940978272368994,0.0469218649889486,4.5875866993726,26.4255408852854,28.0830510769997
"Busan","Male","10-14",28510,90562,0.76056503628057,2010,0.894056407380046,0.988702833653183,0.0112971663468173,0.894056407380046,0.0101003039576103,4.4450312770062,21.8379541859128,24.4257006668148
"Busan","Male","15-19",32908,99771,0.751972806548135,2010,0.883956103422436,0.883903964162081,0.116096035837919,0.883956103422436,0.102623799462079,4.16322101845698,17.3929229089066,19.6762292172269
"Busan","Male","20-24",33282,65970,0.664671744649982,2010,0.781332303960357,0.917166086221618,0.0828339137783823,0.781332303960357,0.064720812698517,3.74485948805549,13.2297018904496,16.9322346246174
"Busan","Male","25-29",59193,92434,0.609614382662718,2010,0.71661149126184,0.858855312559626,0.141144687440374,0.71661149126184,0.101145904950332,3.33019269393337,9.48484240239412,13.2356828184444
"Busan","Male","30-34",77183,84820,0.523570551162633,2010,0.615465586311508,0.999999,1e-06,0.615465586311508,6.15465586311508e-07,3.07732639289357,6.15464970846075,9.9999900000025
"Busan","Male","35+",263892,341002,0.563738440123393,2010,0.66268358448813,0.999999,1e-06,0.615464970845921,6.15464970845921e-07,3.07732331556718,3.07732331556718,4.9999975
"Busan","Total","0-4",19168,114593,0.856699635917794,2010,1,0.919115648803393,0.0808843511966072,1,0.0808843511966072,4.79778912200848,30.8203324240519,30.8203324240519
"Busan","Total","5-9",32978,122144,0.787406041696213,2010,0.919115648803393,0.957593446758328,0.0424065532416715,0.919115648803393,0.0389765266962345,4.49813692727638,26.0225433020434,28.3125886670763
"Busan","Total","10-14",55831,171138,0.754014865466209,2010,0.880139122107158,0.984199260798101,0.0158007392018992,0.880139122107158,0.0139068487298037,4.36592848871128,21.524406374767,24.4556864183415
"Busan","Total","15-19",65241,187730,0.742100873222622,2010,0.866232273377355,0.894000581154742,0.105999418845258,0.866232273377355,0.091820117563006,4.10161107297926,17.1584778860557,19.808172026605
"Busan","Total","20-24",73400,144688,0.663438611936466,2010,0.774412155814349,0.89555903415547,0.10444096584453,0.774412155814349,0.0808803535149949,3.66985989528426,13.0568668130765,16.860358808994
"Busan","Total","25-29",125510,183741,0.594148442527268,2010,0.693531802299354,0.882806932194381,0.117193067805619,0.693531802299354,0.0812771195322215,3.26446621266621,9.38700691779224,13.5350778243626
"Busan","Total","30-34",150033,165506,0.524518363815566,2010,0.612254682767132,0.999999,1e-06,0.612254682767132,6.12254682767132e-07,3.06127188319895,6.12254070512602,9.9999900000025
"Busan","Total","35+",569342,693433,0.549134247985587,2010,0.640988072088174,0.999999,1e-06,0.612254070512449,6.12254070512449e-07,3.06126882192707,3.06126882192707,4.9999975
"Chungbuk","Female","0-4",3182,28160,0.898474889924064,2010,1,0.916613309084946,0.0833866909150544,1,0.0833866909150544,4.79153327271236,26.624771687452,26.624771687452
"Chungbuk","Female","5-9",6321,29503,0.823554041983028,2010,0.916613309084946,0.961323854194479,0.0386761458055207,0.916613309084946,0.0354510699894502,4.4944388704511,21.8332384147397,23.8194647604842
"Chungbuk","Female","10-14",9785,37191,0.791702145776567,2010,0.881162239095496,0.925296901606258,0.0747030983937422,0.881162239095496,0.065825549448001,4.24124732185747,17.3387995442886,19.6771931149554
"Chungbuk","Female","15-19",11083,30358,0.732559542482083,2010,0.815336689647495,0.754926015501845,0.245073984498155,0.815336689647495,0.199817811239447,3.57713892013885,13.0975522224311,16.0639799345884
"Chungbuk","Female","20-24",16546,20472,0.553028256523853,2010,0.615518878408047,0.896122411257978,0.103877588742022,0.615518878408047,0.0639386169142219,2.91774784975468,9.52041330229224,15.4672970013778
"Chungbuk","Female","25-29",29279,28766,0.495581014729951,2010,0.551580261493825,0.80605997949695,0.19394002050305,0.551580261493825,0.10697348722319,2.49046758941115,6.60266545253756,11.9704527400161
"Chungbuk","Female","30-34",40865,27183,0.399468022572302,2010,0.444606774270635,0.899875905729556,0.100124094270444,0.444606774270635,0.0445158505803511,2.1117442449023,4.11219786312641,9.2490670432819
"Chungbuk","Female","35+",478622,268608,0.359471648622245,2010,0.400090923690284,0.999999,1e-06,0.400090923690284,4.00090923690284e-07,2.00045361822411,2.00045361822411,4.9999975
"Chungbuk","Male","0-4",3257,32078,0.9078251025895,2010,1,0.918569874935136,0.0814301250648638,1,0.0814301250648638,4.79642468733784,28.0697890306123,28.0697890306123
"Chungbuk","Male","5-9",6342,31840,0.833900790948615,2010,0.918569874935136,0.950384665691756,0.0496153343082442,0.918569874935136,0.0455751514303888,4.47891149609971,23.2733643432745,25.336520365332
"Chungbuk","Male","10-14",10677,40785,0.79252652442579,2010,0.872994723504747,0.975028680096247,0.0249713199037533,0.872994723504747,0.0217998305149257,4.31047404123642,18.7944528471748,21.5287129935014
"Chungbuk","Male","15-19",10543,35848,0.772736091052144,2010,0.851194892989822,0.842994931776282,0.157005068223718,0.851194892989822,0.133641912245547,3.92186968433524,14.4839788059384,17.0160546371036
"Chungbuk","Male","20-24",12104,22619,0.651412608357573,2010,0.717552980744274,0.809998789963542,0.190001210036458,0.717552980744274,0.13633593460668,3.24692506720467,10.5621091216031,14.7196226690435
"Chungbuk","Male","25-29",26759,29891,0.527643424536628,2010,0.581217046137595,0.874396097424445,0.125603902575555,0.581217046137595,0.0730031292383182,2.72357740759218,7.31518405439846,12.5859764489197
"Chungbuk","Male","30-34",37486,32109,0.461369351246498,2010,0.508213916899277,0.871305789720728,0.128694210279272,0.508213916899277,0.0654041886882882,2.37755911277566,4.59160664680628,9.03479124464098
"Chungbuk","Male","35+",405212,272393,0.401993786940769,2010,0.442809728210988,0.999999,1e-06,0.442809728210988,4.42809728210988e-07,2.21404753403062,2.21404753403062,4.9999975
"Chungbuk","Total","0-4",6439,60238,0.903429968354905,2010,1,0.91749474891666,0.0825052510833405,1,0.0825052510833405,4.79373687229165,27.3341128925682,27.3341128925682
"Chungbuk","Total","5-9",12663,61343,0.828892251979569,2010,0.91749474891666,0.955652700857147,0.0443472991428527,0.91749474891666,0.0406884140922037,4.48575270935279,22.5403760202766,24.5673079294365
"Chungbuk","Total","10-14",20462,77976,0.792133119323838,2010,0.876806334824456,0.951582411011899,0.0484175889881009,0.876806334824456,0.0424528487416937,4.27789955226804,18.0546233109238,20.5913467932899
"Chungbuk","Total","15-19",21626,66206,0.753779943528554,2010,0.834353486082762,0.796846315931182,0.203153684068818,0.834353486082762,0.169501984513374,3.74801246913038,13.7767237586558,16.5118549732879
"Chungbuk","Total","20-24",28650,43091,0.600646771023543,2010,0.664851501569388,0.851444245922495,0.148555754077505,0.664851501569388,0.0987675161652016,3.07733871743394,10.0287112895254,15.0841372334311
"Chungbuk","Total","25-29",56038,58657,0.511417237019922,2010,0.566083985404186,0.842299627510581,0.157700372489419,0.566083985404186,0.0892716553585347,2.60724078862459,6.95137257209145,12.2797548620425
"Chungbuk","Total","30-34",78351,59292,0.430766548244371,2010,0.476812330045651,0.881437499390057,0.118562500609943,0.476812330045651,0.0565320621718657,2.24273149479859,4.34413178346685,9.11077904183168
"Chungbuk","Total","35+",883834,541001,0.379693789105405,2010,0.420280267873786,0.999999,1e-06,0.420280267873786,4.20280267873786e-07,2.10140028866826,2.10140028866826,4.9999975
"Chungnam","Female","0-4",3826,38852,0.910351937766531,2010,1,0.909775809551866,0.0902241904481343,1,0.0902241904481343,4.77443952387966,24.126890312588,24.126890312588
"Chungnam","Female","5-9",7419,35769,0.828216171158655,2010,0.909775809551866,0.930092469497603,0.0699075305023971,0.909775809551866,0.06360018015659,4.38987859736785,19.3524507887084,21.2716699933371
"Chungnam","Female","10-14",12257,41108,0.770317623910803,2010,0.846175629395276,0.935043673021043,0.0649563269789575,0.846175629395276,0.0549644608646247,4.09346699481482,14.9625721913405,17.6825846450265
"Chungnam","Female","15-19",13038,33573,0.720280620454399,2010,0.791211168530651,0.667707596196393,0.332292403803607,0.791211168530651,0.262913461107311,3.29877218988498,10.8691051965257,13.7373000139907
"Chungnam","Female","20-24",25132,23286,0.480936841670453,2010,0.52829770742334,0.773348553921729,0.226651446078271,0.52829770742334,0.119739439347335,2.34213993874836,7.57033300664072,14.329672266729
"Chungnam","Female","25-29",49922,29563,0.371931811033528,2010,0.408558268076004,0.839246789917551,0.160753210082449,0.408558268076004,0.0656770530989434,1.87859870763266,5.22819306789236,12.7966889337796
"Chungnam","Female","30-34",72289,32804,0.31214257847811,2010,0.342881214977061,0.969195567734703,0.0308044322652966,0.342881214977061,0.0105622611618035,1.6880004219808,3.3495943602597,9.76896433502136
"Chungnam","Female","35+",851472,369324,0.302527203562266,2010,0.332318953815258,0.999999,1e-06,0.332318953815258,3.32318953815257e-07,1.6615939382789,1.6615939382789,4.9999975
"Chungnam","Male","0-4",3832,40025,0.912625122557402,2010,1,0.887229261388745,0.112770738611255,1,0.112770738611255,4.71807315347186,25.300830784387,25.300830784387
"Chungnam","Male","5-9",9017,38368,0.809707713411417,2010,0.887229261388745,0.950640305659826,0.0493596943401737,0.887229261388745,0.0437933651518066,4.32666289406421,20.5827576309151,23.1989165897186
"Chungnam","Male","10-14",14204,47483,0.769740788172549,2010,0.843435896236938,0.920569666745648,0.0794303332543522,0.843435896236938,0.0669943943167833,4.04969349539273,16.2560947368509,19.2736576773397
"Chungnam","Male","15-19",13977,33988,0.708600020848535,2010,0.776441501920155,0.775329604430265,0.224670395569735,0.776441501920155,0.17444341937316,3.44609896116788,12.2064012414582,15.720954136624
"Chungnam","Male","20-24",18768,22883,0.549398573863773,2010,0.601998082546995,0.806519174145997,0.193480825854003,0.601998082546995,0.116475086173719,2.71880269730068,8.76030228029032,14.5520434936044
"Chungnam","Male","25-29",45673,36340,0.443100484069599,2010,0.485522996373277,0.84422061907695,0.15577938092305,0.485522996373277,0.0756344717989334,2.23852880236905,6.04149958298964,12.443282044554
"Chungnam","Male","30-34",66114,39512,0.374074564974533,2010,0.409888524574343,0.903741783013915,0.0962582169860854,0.409888524574343,0.0394551385385835,1.95080477652526,3.80297078062059,9.2780611132499
"Chungnam","Male","35+",738452,377147,0.338066814330239,2010,0.37043338603576,0.999999,1e-06,0.37043338603576,3.7043338603576e-07,1.85216600409533,1.85216600409533,4.9999975
"Chungnam","Total","0-4",7658,78877,0.911504015716184,2010,1,0.898002754590354,0.101997245409646,1,0.101997245409646,4.74500688647588,24.694084047259,24.694084047259
"Chungnam","Total","5-9",16436,74137,0.818533116933302,2010,0.898002754590354,0.940717398140248,0.0592826018597518,0.898002754590354,0.0532359397693403,4.35692392352842,19.9490771607831,22.2149398304278
"Chungnam","Total","10-14",26461,88591,0.770008344053124,2010,0.844766814821013,0.927725930958963,0.0722740690410368,0.844766814821013,0.0610547350979507,4.07119723636019,15.5921532372547,18.4573458186308
"Chungnam","Total","15-19",27015,67561,0.714356707832854,2010,0.783712079723063,0.717562938906179,0.282437061093821,0.783712079723063,0.221349336540708,3.36518705726354,11.5209560008945,14.7004956271257
"Chungnam","Total","20-24",43900,46169,0.512595898699886,2010,0.562362743182355,0.796091357788397,0.203908642211603,0.562362743182355,0.114670623392707,2.52513715743001,8.15576894363096,14.5026836192566
"Chungnam","Total","25-29",95595,65903,0.408073164992755,2010,0.447692119789648,0.840993546335062,0.159006453664938,0.447692119789648,0.0711859363014904,2.06049575819451,5.63063178620095,12.5770178596098
"Chungnam","Total","30-34",138403,72316,0.34318689819143,2010,0.376506183488158,0.930970613805501,0.0690293861944987,0.376506183488158,0.0259899907446208,1.81755594057924,3.57013602800644,9.48227727611473
"Chungnam","Total","35+",1589924,746471,0.319496917259282,2010,0.350516192743537,0.999999,1e-06,0.350516192743537,3.50516192743537e-07,1.7525800874272,1.7525800874272,4.9999975
"Daegu","Female","0-4",6288,45354,0.878238642965029,2010,1,0.935264573977946,0.0647354260220542,1,0.0647354260220542,4.83816143494486,31.7059806501931,31.7059806501931
"Daegu","Female","5-9",10365,47665,0.821385490263657,2010,0.935264573977946,0.967197904845419,0.0328020951545811,0.935264573977946,0.0306786375503333,4.5996262760139,26.8678192152483,28.7275065931042
"Daegu","Female","10-14",17783,68728,0.794442325253436,2010,0.904585936427613,0.985173177868815,0.0148268221311846,0.904585936427613,0.0134121347817833,4.4893993451836,22.2681929392344,24.6170010415769
"Daegu","Female","15-19",17661,63600,0.782663270203419,2010,0.891173801645829,0.904232136609169,0.0957678633908312,0.891173801645829,0.0853458108935055,4.24250448099538,17.7787935940508,19.949861139563
"Daegu","Female","20-24",19340,46827,0.707709281061556,2010,0.805827990752324,0.887917681895397,0.112082318104603,0.805827990752324,0.0903190691970952,3.80334228076888,13.5362891130554,16.7979882411603
"Daegu","Female","25-29",32457,54884,0.628387584296035,2010,0.715508921555229,0.896081749271254,0.103918250728746,0.715508921555229,0.074354435508831,3.39165851900407,9.73294683228651,13.602830850985
"Daegu","Female","30-34",37471,48292,0.563086645756328,2010,0.641154486046398,0.98538990331917,0.0146100966808298,0.641154486046398,0.00936732902848561,3.18235410766077,6.34128831328244,9.89042181141902
"Daegu","Female","35+",194524,242471,0.554859895422144,2010,0.631787157017912,0.999999,1e-06,0.631787157017912,6.31787157017912e-07,3.15893420562167,3.15893420562167,4.9999975
"Daegu","Male","0-4",7044,47663,0.871241340230683,2010,1,0.933193711591513,0.0668062884084875,1,0.0668062884084875,4.83298427897878,32.372455632695,32.372455632695
"Daegu","Male","5-9",12557,54606,0.813036939981835,2010,0.933193711591513,0.986954194095985,0.0130458059040148,0.933193711591513,0.0121742640322701,4.63553289787689,27.5394713537163,29.5109911389664
"Daegu","Male","10-14",17674,71783,0.802430217870038,2010,0.921019447559242,0.999999,1e-06,0.921019447559242,9.21019447559242e-07,4.60509493524759,22.9039384558394,24.8680291350375
"Daegu","Male","15-19",18068,77144,0.810234004117128,2010,0.929976536584683,0.912350702640961,0.0876492973590389,0.921018526539795,0.0807266267058704,4.4032760659343,18.2988435205918,19.868051503089
"Daegu","Male","20-24",17438,49430,0.739217562959861,2010,0.848464746592643,0.848360969580505,0.151639030419495,0.840291899833924,0.127421048960172,3.88290687676919,13.8955674546575,16.5365957441739
"Daegu","Male","25-29",35078,58996,0.627123328443566,2010,0.719804375074212,0.923644446957687,0.0763555530423127,0.712870850873753,0.0544316480662094,3.42827513420324,10.0126605778883,14.0455463505289
"Daegu","Male","30-34",36148,49763,0.579238979874521,2010,0.664843313933144,0.999999,1e-06,0.658439202807543,6.58439202807543e-07,3.29219436793971,6.58438544368505,9.9999900000025
"Daegu","Male","35+",163969,237893,0.591976847773614,2010,0.679463680656927,0.999999,1e-06,0.65843854436834,6.5843854436834e-07,3.29219107574534,3.29219107574534,4.9999975
"Daegu","Total","0-4",13332,93017,0.874639159747623,2010,1,0.933992820875982,0.066007179124018,1,0.066007179124018,4.83498205218995,32.1816689228965,32.1816689228965
"Daegu","Total","5-9",22922,102271,0.816906696061281,2010,0.933992820875982,0.977471651026946,0.0225283489730544,0.933992820875982,0.0210413162070217,4.61736081386236,27.3466868707065,29.2793330521088
"Daegu","Total","10-14",35457,140511,0.798503136933988,2010,0.91295150466896,0.998791860359766,0.00120813964023392,0.91295150466896,0.00110297290240177,4.5620000910888,22.7293260568442,24.8965316784114
"Daegu","Total","15-19",35729,140744,0.797538433641407,2010,0.911848531766559,0.907224535681712,0.0927754643182881,0.911848531766559,0.0845971709225917,4.34774973152631,18.1673259657554,19.9236225456865
"Daegu","Total","20-24",36778,96257,0.723546435148645,2010,0.827251360843967,0.867576654664195,0.132423345335805,0.827251360843967,0.109547392636555,3.86238832262845,13.819576234229,16.705413721085
"Daegu","Total","25-29",67535,113880,0.627731995700466,2010,0.717703968207412,0.9098943166572,0.0901056833427996,0.717703968207412,0.0646692064931677,3.42684682480414,9.9571879116006,13.8736698592741
"Daegu","Total","30-34",73619,98055,0.571169775271736,2010,0.653034761714244,0.999999,1e-06,0.653034761714244,6.53034761714244e-07,3.26517217598432,6.53034108679646,9.9999900000025
"Daegu","Total","35+",358493,480364,0.572641105695011,2010,0.654716975924387,0.999999,1e-06,0.653034108679482,6.53034108679482e-07,3.26516891081214,3.26516891081214,4.9999975
"Daejeon","Female","0-4",5660,31758,0.848735902506815,2010,1,0.920636408310154,0.0793635916898461,1,0.0793635916898461,4.80159102077539,30.7991697707664,30.7991697707664
"Daejeon","Female","5-9",8112,28993,0.781377172887751,2010,0.920636408310154,0.956059014608049,0.0439409853919509,0.920636408310154,0.0404536709688546,4.50204786412863,25.997578749991,28.2387037003132
"Daejeon","Female","10-14",12082,35681,0.747042689948286,2010,0.880182737341299,0.999999,1e-06,0.880182737341299,8.80182737341299e-07,4.40091148624965,21.4955308858624,24.4216683353644
"Daejeon","Female","15-19",9771,32744,0.770175232270963,2010,0.907438026359182,0.932785922171319,0.0672140778286808,0.880181857158562,0.0591606118504484,4.25300775616669,17.0946193996127,19.4216902570546
"Daejeon","Female","20-24",8996,22951,0.71840861426738,2010,0.846445416230771,0.81133920627457,0.18866079372543,0.821021245308113,0.15489451980527,3.71786992702739,12.841611643446,15.641022344832
"Daejeon","Female","25-29",15709,21951,0.58287307488051,2010,0.686754352159422,0.922946248896106,0.077053751103894,0.666126725502844,0.051327562910548,3.20231472023785,9.12374171641861,13.6967056974502
"Daejeon","Female","30-34",18373,21392,0.537960518043506,2010,0.633837353238614,0.950864568019246,0.0491354319807543,0.614799162592296,0.0302084224353785,2.99847475687303,5.92142699618077,9.63148188298292
"Daejeon","Female","35+",96825,101395,0.511527595600848,2010,0.602693481081697,0.999999,1e-06,0.584590740156917,5.84590740156917e-07,2.92295223930773,2.92295223930773,4.9999975
"Daejeon","Male","0-4",5887,31450,0.842327985644267,2010,1,0.954929948802039,0.0450700511979613,1,0.0450700511979613,4.8873248720051,32.756124757271,32.756124757271
"Daejeon","Male","5-9",8042,33065,0.804364220205804,2010,0.954929948802039,0.991667047391073,0.0083329526089273,0.954929948802039,0.00795738600821276,4.75475627898966,27.8687998852659,29.1841301241284
"Daejeon","Male","10-14",10556,41614,0.797661491278513,2010,0.946972562793826,0.995976075432049,0.00402392456795064,0.946972562793826,0.00381054616060126,4.72533644856763,23.1140436062763,24.4083561809685
"Daejeon","Male","15-19",9988,38604,0.794451761606849,2010,0.943162016633225,0.921888375933034,0.0781116240669661,0.943162016633225,0.0736719168774961,4.53163029097238,18.3887071577087,19.4968699262829
"Daejeon","Male","20-24",7650,20937,0.732395844264876,2010,0.869490099755729,0.837684225529575,0.162315774470425,0.869490099755729,0.141131958936218,3.9946206014381,13.8570768667363,15.9370151202748
"Daejeon","Male","25-29",15675,24883,0.613516445584102,2010,0.728358140819511,0.883254201012014,0.116745798987986,0.728358140819511,0.0850327530993775,3.42920882134911,9.86245626529817,13.5406686801104
"Daejeon","Male","30-34",16934,20031,0.541890977952117,2010,0.643325387720133,0.999999,1e-06,0.643325387720133,6.43325387720133e-07,3.2166253302872,6.43324744394906,9.9999900000025
"Daejeon","Male","35+",80820,107773,0.571458113503683,2010,0.678427077389094,0.999999,1e-06,0.643324744394745,6.43324744394745e-07,3.21662211366187,3.21662211366187,4.9999975
"Daejeon","Total","0-4",11547,63208,0.845535415691258,2010,1,0.938409899278879,0.0615901007211209,1,0.0615901007211209,4.8460247481972,31.9537783801367,31.9537783801367
"Daejeon","Total","5-9",16154,62058,0.793458804275559,2010,0.938409899278879,0.974805773837339,0.025194226162661,0.938409899278879,0.023642511235712,4.63294321830512,27.1077536319395,28.8869007592209
"Daejeon","Total","10-14",22638,77295,0.773468223709886,2010,0.914767388043167,0.999999,1e-06,0.914767388043167,9.14767388043167e-07,4.57383465329737,22.4748104136344,24.5688802502148
"Daejeon","Total","15-19",19759,71348,0.783123140922212,2010,0.926186090362612,0.925798260592572,0.0742017394074278,0.914766473275779,0.0678772634686611,4.40413920770724,17.900975760337,19.5689023191171
"Daejeon","Total","20-24",16646,43888,0.725014041695576,2010,0.857461471442741,0.825863223006282,0.174136776993718,0.846889209807118,0.147474557466568,3.86575965536917,13.4968365526298,15.936956565669
"Daejeon","Total","25-29",31384,46834,0.598762433199519,2010,0.708145894409411,0.901616406927299,0.0983835930727014,0.69941465234055,0.0688109265449576,3.32504594534035,9.63107689726059,13.7701960704294
"Daejeon","Total","30-34",35307,41423,0.539854033624397,2010,0.638475956897732,0.999999,1e-06,0.630603725795592,6.30603725795592e-07,3.15301705246865,6.30603095192024,9.9999900000025
"Daejeon","Total","35+",177645,209168,0.540747079338078,2010,0.639532146499146,0.999999,1e-06,0.630603095191866,6.30603095191866e-07,3.15301389945159,3.15301389945159,4.9999975
"Gangwon","Female","0-4",2809,25958,0.902353391038343,2010,1,0.890465494638536,0.109534505361464,1,0.109534505361464,4.72616373659634,23.9123885874268,23.9123885874268
"Gangwon","Female","5-9",6910,28258,0.803514558689718,2010,0.890465494638536,0.946442720561901,0.053557279438099,0.890465494638536,0.0476909093263411,4.33310019987683,19.1862248508304,21.5462867077389
"Gangwon","Female","10-14",11764,37351,0.760480504937392,2010,0.842774585312195,0.916452364378515,0.0835476356214855,0.842774585312195,0.0704118239647118,4.03784336664919,14.8531246509536,17.6240775526607
"Gangwon","Female","15-19",12585,28942,0.696944156813639,2010,0.772362761347483,0.674112309175824,0.325887690824176,0.772362761347483,0.251703516774116,3.23255501480213,10.8152812843044,14.002851801705
"Gangwon","Female","20-24",22977,20361,0.46981863491624,2010,0.520659244573367,0.741599783245946,0.258400216754054,0.520659244573367,0.13453846165276,2.26695006873494,7.58272626950229,14.5637023610627
"Gangwon","Female","25-29",45227,24184,0.34841739781879,2010,0.386120782920607,0.901371366946944,0.0986286330530562,0.386120782920607,0.0380825650128353,1.83539750207095,5.31577620076736,13.7671330731254
"Gangwon","Female","30-34",59914,27431,0.314053466140019,2010,0.348038217907772,0.999999,1e-06,0.348038217907772,3.48038217907772e-07,1.74019021944331,3.48037869869641,9.9999900000025
"Gangwon","Female","35+",504636,288687,0.363895916291347,2010,0.403274282454471,0.999999,1e-06,0.348037869869554,3.48037869869554e-07,1.74018847925309,1.74018847925309,4.9999975
"Gangwon","Male","0-4",3740,26644,0.876908899420748,2010,1,0.921178372602905,0.0788216273970948,1,0.0788216273970948,4.80294593150726,26.1299448209405,26.1299448209405
"Gangwon","Male","5-9",7225,30364,0.807789512889409,2010,0.921178372602905,0.932313407246751,0.0676865927532486,0.921178372602905,0.0623514253594732,4.45001329961584,21.3269988894332,23.1518667000085
"Gangwon","Male","10-14",12273,37438,0.753112993100119,2010,0.858826947243432,0.953354526833842,0.0466454731661584,0.858826947243432,0.0400603893220173,4.19398376291212,16.8769855898174,19.6512063856255
"Gangwon","Male","15-19",12823,32646,0.717983681189382,2010,0.818766557921415,0.774875547377762,0.225124452622238,0.818766557921415,0.184324373177452,3.63302185666344,12.6830018269053,15.4903759859261
"Gangwon","Male","20-24",16609,20828,0.556347997969923,2010,0.634442184743962,0.73227403377133,0.26772596622867,0.634442184743962,0.169856646926806,2.7475693064028,9.04997997024183,14.2644675714527
"Gangwon","Male","25-29",40077,27552,0.407399192654039,2010,0.464585537817157,0.885253717747735,0.114746282252265,0.464585537817157,0.0533094632526879,2.18965403095406,6.30241066383903,13.5656626193117
"Gangwon","Male","30-34",53844,30373,0.360651649904414,2010,0.411276074564469,0.999999,1e-06,0.411276074564469,4.11276074564469e-07,2.05637934463216,4.11275663288497,9.9999900000025
"Gangwon","Male","35+",425527,292942,0.407730883308814,2010,0.464963787661575,0.999999,1e-06,0.411275663288394,4.11275663288394e-07,2.05637728825281,2.05637728825281,4.9999975
"Gangwon","Total","0-4",6549,52602,0.889283359537455,2010,1,0.906036475344781,0.0939635246552193,1,0.0939635246552193,4.76509118836195,24.9911688803974,24.9911688803974
"Gangwon","Total","5-9",14135,58622,0.805723160658081,2010,0.906036475344781,0.939248826358082,0.060751173641918,0.906036475344781,0.0550427792395821,4.39257542862495,20.2260776920355,22.3236903175876
"Gangwon","Total","10-14",24037,74789,0.756774533017627,2010,0.850993696105199,0.935470954799419,0.0645290452005813,0.850993696105199,0.0549138106813821,4.11768395382254,15.8335022634105,18.6058984171996
"Gangwon","Total","15-19",25408,61588,0.707940594969884,2010,0.796079885423816,0.720290131965278,0.279709868034722,0.796079885423816,0.222671399696992,3.4237209278766,11.715818309588,14.71688774469
"Gangwon","Total","20-24",39586,41189,0.509922624574435,2010,0.573408485726824,0.740357050423959,0.259642949576041,0.573408485726824,0.148881470546044,2.49483875226901,8.29209738171138,14.461064996624
"Gangwon","Total","25-29",85304,51736,0.377524810274372,2010,0.42452701518078,0.892465206856835,0.107534793143165,0.42452701518078,0.0456514247611507,2.00850651400102,5.79725862944236,13.6558061610606
"Gangwon","Total","30-34",113758,57804,0.336927757895105,2010,0.37887559041963,0.999999,1e-06,0.37887559041963,3.7887559041963e-07,1.89437700490917,3.78875211544134,9.9999900000025
"Gangwon","Total","35+",930163,581629,0.384728190121392,2010,0.432627222802754,0.999999,1e-06,0.378875211544039,3.78875211544039e-07,1.89437511053217,1.89437511053217,4.9999975
"Gwangju","Female","0-4",3710,32325,0.897044540030526,2010,1,0.945057284220655,0.0549427157793448,1,0.0549427157793448,4.86264321055164,30.3942568401908,30.3942568401908
"Gwangju","Female","5-9",6021,33528,0.847758476826216,2010,0.945057284220655,0.93224247483563,0.0677575251643705,0.945057284220655,0.0640347427173527,4.56519956430989,25.5316136296392,27.0159429020156
"Gwangju","Female","10-14",11052,41656,0.790316460499355,2010,0.881022541503303,0.996201616725426,0.00379838327457371,0.881022541503303,0.00334646128616857,4.39674655430109,20.9664140653293,23.7978179645143
"Gwangju","Female","15-19",10794,39957,0.787314535674174,2010,0.877676080217134,0.895516033808743,0.104483966191257,0.877676080217134,0.0917030778922823,4.15912270635496,16.5696675110282,18.8790236905271
"Gwangju","Female","20-24",11733,28047,0.705052790346908,2010,0.785973002324852,0.841360797678054,0.158639202321946,0.785973002324852,0.124686130135399,3.61814968628576,12.4105448046732,15.7900395661985
"Gwangju","Female","25-29",18735,27320,0.593203778091412,2010,0.661286872189452,0.889398784727487,0.110601215272513,0.661286872189452,0.0731391317079121,3.12358653167748,8.79239511838748,13.2958863817707
"Gwangju","Female","30-34",22007,24578,0.527594719330256,2010,0.58814774048154,0.951788209211726,0.0482117907882743,0.58814774048154,0.0283556558166923,2.86984956286597,5.66880858671,9.63840918961742
"Gwangju","Female","35+",121091,122141,0.502158433100908,2010,0.559792084664848,0.999999,1e-06,0.559792084664848,5.59792084664848e-07,2.79895902384403,2.79895902384403,4.9999975
"Gwangju","Male","0-4",3927,34071,0.896652455392389,2010,1,0.921056149927749,0.0789438500722512,1,0.0789438500722512,4.80264037481937,31.1808295987072,31.1808295987072
"Gwangju","Male","5-9",7926,37591,0.825867258386976,2010,0.921056149927749,0.960891828373984,0.0391081716260159,0.921056149927749,0.0360208219885718,4.51522869466731,26.3781892238878,28.6390674726584
"Gwangju","Male","10-14",12474,47953,0.793569099905671,2010,0.885035327939177,0.999999,1e-06,0.885035327939177,8.85035327939177e-07,4.42517442710756,21.8629605292205,24.7029240969723
"Gwangju","Male","15-19",10147,39903,0.797262737262737,2010,0.88915469139472,0.895832555719254,0.104167444280746,0.885034442903849,0.0921917760177276,4.19469277447493,17.4377861021129,19.7029462999186
"Gwangju","Male","20-24",9098,22737,0.714213915501806,2010,0.796533719621896,0.878973441397207,0.121026558602793,0.792842666886121,0.0959550194866881,3.72432578571389,13.243093327638,16.7033055620607
"Gwangju","Male","25-29",17521,29550,0.627775063202396,2010,0.700131984724976,0.898260652596631,0.101739347403369,0.696887647399433,0.0709008944598875,3.30718600084745,9.5187675419241,13.6589701043564
"Gwangju","Male","30-34",19817,25625,0.563905637956076,2010,0.628901013502831,0.98971555671213,0.0102844432878704,0.625986752939546,0.00643792525956488,3.11383895154882,6.21158154107665,9.92286420105208
"Gwangju","Male","35+",96750,122194,0.558106182402806,2010,0.622433116695777,0.999999,1e-06,0.619548827679981,6.19548827679981e-07,3.09774258952784,3.09774258952784,4.9999975
"Gwangju","Total","0-4",7637,66396,0.896843299609633,2010,1,0.93220850698696,0.0677914930130401,1,0.0677914930130401,4.8305212674674,30.8092813427405,30.8092813427405
"Gwangju","Total","5-9",13947,71119,0.836044953330355,2010,0.93220850698696,0.947381762129705,0.0526182378702953,0.93220850698696,0.0490511689653527,4.53841461252142,25.9787600752731,27.8679714683578
"Gwangju","Total","10-14",23526,89609,0.792053741105759,2010,0.883157338021607,0.999999,1e-06,0.883157338021607,8.83157338021607e-07,4.41578448221469,21.4403454627516,24.2769261372848
"Gwangju","Total","15-19",20941,79860,0.792254045098759,2010,0.883380681378342,0.89507297268929,0.10492702731071,0.883156454864269,0.0926669814591731,4.18411482067341,17.024560980537,19.2769479142327
"Gwangju","Total","20-24",20831,50784,0.709125183271661,2010,0.790690172497603,0.86117094773698,0.13882905226302,0.790489473405096,0.109742904416723,3.67809010598367,12.8404461598635,16.2436649593224
"Gwangju","Total","25-29",36256,56870,0.610678006142216,2010,0.680919405216077,0.893309858037416,0.106690141962584,0.680746568988373,0.0726289480859115,3.22216047472709,9.16235605387987,13.4592761407459
"Gwangju","Total","30-34",41824,50203,0.545524682973475,2010,0.608272017208496,0.969089498100359,0.0309105018996412,0.608117620902461,0.0187972208761108,2.99359505232203,5.94019557915278,9.76816881302895
"Gwangju","Total","35+",217841,244335,0.528662241224122,2010,0.589470023865074,0.999999,1e-06,0.589320400026351,5.89320400026351e-07,2.94660052683075,2.94660052683075,4.9999975
"Gyeongbuk","Female","0-4",6432,45347,0.875779756271848,2010,1,0.919258734207893,0.080741265792107,1,0.080741265792107,4.79814683551973,25.5988532752448,25.5988532752448
"Gyeongbuk","Female","5-9",10577,43683,0.805068190195356,2010,0.919258734207893,0.941442557464074,0.0585574425359263,0.919258734207893,0.0538294405040271,4.4617200697794,20.8007064397251,22.6276951914399
"Gyeongbuk","Female","10-14",19991,62591,0.757925455910489,2010,0.865429293703866,0.908085860787131,0.0919141392128694,0.865429293703866,0.0795451885803924,4.12828349706835,16.3389863699457,18.8796317490226
"Gyeongbuk","Female","15-19",22135,48870,0.688261390042955,2010,0.785884105123474,0.738166679804745,0.261833320195255,0.785884105123474,0.205770644533156,3.41499391428448,12.2107028728773,15.5375363788009
"Gyeongbuk","Female","20-24",33238,34326,0.508051625125807,2010,0.580113460590318,0.82178191162711,0.178218088372891,0.580113460590318,0.103386711985789,2.64210052298712,8.79570895859286,15.1620494198539
"Gyeongbuk","Female","25-29",65224,46750,0.417507635701145,2010,0.476726748604529,0.832643949273496,0.167356050726504,0.476726748604529,0.079783105922141,2.18417597821729,6.15360843560574,12.9080410394813
"Gyeongbuk","Female","30-34",95546,50915,0.347635206642041,2010,0.396943642682388,0.999999,1e-06,0.396943642682388,3.96943642682388e-07,1.98471722105283,3.96943245738845,9.9999900000025
"Gyeongbuk","Female","35+",1071570,598047,0.358194124760349,2010,0.409000233443582,0.999999,1e-06,0.396943245738745,3.96943245738745e-07,1.98471523633561,1.98471523633561,4.9999975
"Gyeongbuk","Male","0-4",6561,50752,0.885523354212831,2010,1,0.908805551195269,0.0911944488047315,1,0.0911944488047315,4.77201387798817,26.2166464905137,26.2166464905137
"Gyeongbuk","Male","5-9",12610,51980,0.804768540021675,2010,0.908805551195269,0.923490419156637,0.0765095808433629,0.908805551195269,0.0695323317900714,4.37019692650116,21.4446326125256,23.5965026669582
"Gyeongbuk","Male","10-14",22495,65101,0.743196036348692,2010,0.839273219405197,0.945319762356748,0.0546802376432518,0.839273219405197,0.0458916590846932,4.08163694931425,17.0744356860244,20.3443113532507
"Gyeongbuk","Male","15-19",24594,58091,0.702557900465622,2010,0.793381560320504,0.798173085176935,0.201826914823065,0.793381560320504,0.160125752596997,3.56659342011003,12.9927987367101,16.3764818676419
"Gyeongbuk","Male","20-24",28192,35992,0.560762806930076,2010,0.633255807723507,0.825671407280546,0.174328592719454,0.633255807723507,0.11039459379186,2.89029255413789,9.42620531660011,14.8853041719213
"Gyeongbuk","Male","25-29",61031,52622,0.463005815948545,2010,0.522861213931647,0.824579558771668,0.175420441228332,0.522861213931647,0.091720544849071,2.38500470753556,6.53591276246223,12.5002822705389
"Gyeongbuk","Male","30-34",93186,57548,0.381785131423567,2010,0.431140669082576,0.950364966531489,0.0496350334685111,0.431140669082576,0.0213996815395499,2.10220414156401,4.15090805492667,9.62773487307375
"Gyeongbuk","Male","35+",993201,565581,0.362835213647579,2010,0.409740987543026,0.999999,1e-06,0.409740987543026,4.09740987543026e-07,2.04870391336266,2.04870391336266,4.9999975
"Gyeongbuk","Total","0-4",12993,96099,0.88089869101309,2010,1,0.913732022854376,0.0862679771456236,1,0.0862679771456236,4.78433005713594,25.9474582701503,25.9474582701503
"Gyeongbuk","Total","5-9",23187,95663,0.804905342869163,2010,0.913732022854376,0.932213662587752,0.0677863374122476,0.913732022854376,0.0619385472055823,4.41381374625793,21.1631282130144,23.1611979045056
"Gyeongbuk","Total","10-14",42486,127692,0.750343757712513,2010,0.851793475648794,0.927512070343918,0.0724879296560815,0.851793475648794,0.061744745544339,4.10460551438312,16.7493144667565,19.6635862396092
"Gyeongbuk","Total","15-19",46729,106961,0.695952892185568,2010,0.790048730104455,0.766906881664059,0.233093118335941,0.790048730104455,0.184154922137398,3.48985634517878,12.6447089523734,16.0049734536015
"Gyeongbuk","Total","20-24",61430,70318,0.533731062331117,2010,0.605893807967057,0.825183400270182,0.174816599729818,0.605893807967057,0.105920295306152,2.7646683015699,9.15485260719458,15.1096652364078
"Gyeongbuk","Total","25-29",126255,99372,0.440426012844207,2010,0.499973512660905,0.828642401206341,0.171357598793659,0.499973512660905,0.0856742605900037,2.28568191182951,6.39018430562468,12.7810456830313
"Gyeongbuk","Total","30-34",188732,108463,0.364955668836959,2010,0.414299252070901,0.987613106934009,0.0123868930659915,0.414299252070901,0.00513188053272251,2.0586665590227,4.10450239379516,9.9070958329723
"Gyeongbuk","Total","35+",2064771,1163628,0.360435001993248,2010,0.409167371538179,0.999999,1e-06,0.409167371538179,4.09167371538179e-07,2.04583583477246,2.04583583477246,4.9999975
"Gyeonggi","Female","0-4",24669,238694,0.906330805769983,2010,1,0.921414806637313,0.0785851933626867,1,0.0785851933626867,4.80353701659328,32.4856432710955,32.4856432710955
"Gyeonggi","Female","5-9",43642,221026,0.835106624147989,2010,0.921414806637313,0.970784948057618,0.0292150519423821,0.921414806637313,0.026919181436389,4.53977607959559,27.6821062545022,30.0430447341383
"Gyeonggi","Female","10-14",58055,248642,0.810708940746078,2010,0.894495625200924,0.958132795044493,0.0418672049555066,0.894495625200924,0.0374500316720911,4.37885304682439,23.1423301749066,25.8719322072797
"Gyeonggi","Female","15-19",61828,215138,0.776766823364601,2010,0.857045593528833,0.902588558107393,0.0974114418926068,0.857045593528833,0.0834860470333486,4.0765128500608,18.7634771280822,21.8932076306754
"Gyeonggi","Female","20-24",65490,153614,0.701100847086315,2010,0.773559546495485,0.984023519277897,0.0159764807221027,0.773559546495485,0.0123587591819836,3.83690083452246,14.6869642780214,18.986210362937
"Gyeonggi","Female","25-29",65807,146405,0.689899722918591,2010,0.761200787313501,0.981367306577511,0.0186326934224889,0.761200787313501,0.0141832209029696,3.77054588431008,10.850063443499,14.2538783778614
"Gyeonggi","Female","30-34",57444,120426,0.677045032889189,2010,0.747017566410531,0.930272703051516,0.0697272969484845,0.747017566410531,0.0520875156788413,3.60486904285555,7.07951755918888,9.47704294720461
"Gyeonggi","Female","35+",440948,750277,0.629836512833428,2010,0.69493005073169,0.999999,1e-06,0.69493005073169,6.9493005073169e-07,3.47464851633332,3.47464851633332,4.9999975
"Gyeonggi","Male","0-4",26436,264153,0.909026150336042,2010,1,0.936448910621868,0.0635510893781323,1,0.0635510893781323,4.84112227655467,33.2884122440714,33.2884122440714
"Gyeonggi","Male","5-9",42023,240497,0.851256548208976,2010,0.936448910621868,0.961481565180891,0.0385184348191088,0.936448910621868,0.0360705463252138,4.5920681872963,28.4472899675167,30.377834439068
"Gyeonggi","Male","10-14",60371,272192,0.818467478342449,2010,0.900378364296654,0.966004432218413,0.0339955677815872,0.900378364296654,0.0306088737125215,4.42536963720197,23.8552217802204,26.4946634950023
"Gyeonggi","Male","15-19",62041,234300,0.790643211705434,2010,0.869769490584132,0.901458994143799,0.0985410058562008,0.869769490584132,0.0857079604651958,4.13457755175767,19.4298521430184,22.3390821974791
"Gyeonggi","Male","20-24",50595,125530,0.712732434350603,2010,0.784061530118937,0.999999,1e-06,0.784061530118937,7.84061530118937e-07,3.92030569044086,15.2952745912608,19.5077478025744
"Gyeonggi","Male","25-29",56178,150638,0.728367244313786,2010,0.801261046279614,0.979190704808255,0.0208092951917446,0.784060746057406,0.016315751512968,3.87951435150461,11.3749689008199,14.5077648103392
"Gyeonggi","Male","30-34",52085,129529,0.713210435318863,2010,0.784587368641935,0.968393405149827,0.031606594850173,0.767744994544438,0.0242658049908144,3.77806046024516,7.4954545493153,9.76294811764019
"Gyeonggi","Male","35+",341621,762763,0.690668282046824,2010,0.759789233556706,0.999999,1e-06,0.743479189553624,7.43479189553624e-07,3.71739408907015,3.71739408907015,4.9999975
"Gyeonggi","Total","0-4",51105,502847,0.907744714343481,2010,1,0.929165456280631,0.0708345437193693,1,0.0708345437193693,4.82291364070158,32.9737880896984,32.9737880896984
"Gyeonggi","Total","5-9",85665,461523,0.843445031689291,2010,0.929165456280631,0.965973055144746,0.034026944855254,0.929165456280631,0.031616661742268,4.56678562704748,28.1508744489968,30.2969447031343
"Gyeonggi","Total","10-14",118426,520834,0.814745174107562,2010,0.897548794538363,0.962189798490184,0.0378102015098157,0.897548794538363,0.0339365007863877,4.40290272072584,23.5840888219493,26.2761077341532
"Gyeonggi","Total","15-19",123869,449438,0.783939494895405,2010,0.863612293751975,0.900942240379945,0.0990577596200549,0.863612293751975,0.0855474989994074,4.10419272126136,19.1811861012235,22.2104134459348
"Gyeonggi","Total","20-24",116085,279144,0.706284204853389,2010,0.778064794752568,0.999999,1e-06,0.778064794752568,7.78064794752568e-07,3.89032202860085,15.0769933799621,19.3775550335197
"Gyeonggi","Total","25-29",121985,297043,0.708885802380748,2010,0.780930796048142,0.980857652672967,0.0191423473270328,0.778064016687773,0.0148939716501036,3.85308515431361,11.1866713513613,14.3775719110917
"Gyeonggi","Total","30-34",109529,249955,0.695316064136373,2010,0.765981947511812,0.947916815880789,0.0520831841192113,0.763170045037669,0.0397483259699637,3.71647941026344,7.33358619704767,9.60937374931388
"Gyeonggi","Total","35+",782569,1513040,0.659101789546913,2010,0.726087168707563,0.999999,1e-06,0.723421719067706,7.23421719067706e-07,3.61710678678423,3.61710678678423,4.9999975
"Gyeongnam","Female","0-4",4687,65909,0.933608136438325,2010,1,0.924481132794698,0.0755188672053017,1,0.0755188672053017,4.81120283198675,28.3428796494658,28.3428796494658
"Gyeongnam","Female","5-9",9837,62020,0.86310310756085,2010,0.924481132794698,0.979197594054089,0.0208024059459108,0.924481132794698,0.0192314318137307,4.57432708443917,23.5316768174791,25.4539286770981
"Gyeongnam","Female","10-14",15059,82189,0.845148486344192,2010,0.905249700980968,0.935858340717769,0.0641416592822306,0.905249700980968,0.0580642178856623,4.38108796019068,18.9573497330399,20.9415697265593
"Gyeongnam","Female","15-19",17891,67687,0.79093926009021,2010,0.847185483095305,0.709883202018172,0.290116797981828,0.847185483095305,0.245782739652298,3.62147056634578,14.5762617728492,17.2055140978017
"Gyeongnam","Female","20-24",33381,42740,0.561474494554722,2010,0.601402743443007,0.973200504602869,0.0267994953971314,0.601402743443007,0.0161172900547231,2.96672049207823,10.9547912065035,18.215399457255
"Gyeongnam","Female","25-29",50699,61078,0.546427261422296,2010,0.585285453388284,0.95867170327399,0.0413282967260101,0.585285453388284,0.0241888508870484,2.8659551397238,7.98807071442522,13.6481620518353
"Gyeongnam","Female","30-34",61845,68039,0.523844353423054,2010,0.561096602501236,0.883834807686712,0.116165192313288,0.561096602501236,0.0651798947358888,2.64253327566646,5.12211557470142,9.12875884806332
"Gyeongnam","Female","35+",749876,646520,0.462991873365435,2010,0.495916707765347,0.999999,1e-06,0.495916707765347,4.95916707765347e-07,2.47958229903497,2.47958229903497,4.9999975
"Gyeongnam","Male","0-4",5939,70130,0.921926145999027,2010,1,0.949336118669347,0.0506638813306531,1,0.0506638813306531,4.87334029667337,29.7386825235152,29.7386825235152
"Gyeongnam","Male","5-9",9955,69824,0.875217789142506,2010,0.949336118669347,0.959337822225643,0.0406621777743569,0.949336118669347,0.0386020740249509,4.65017540828436,24.8653422268418,26.1923482503697
"Gyeongnam","Male","10-14",16917,88570,0.839629527809114,2010,0.910734044644396,0.94739757007514,0.0526024299248595,0.910734044644396,0.0479068237635907,4.433903163813,20.2151668185575,22.1965643399777
"Gyeongnam","Male","15-19",19854,77214,0.795462974409692,2010,0.862827220880805,0.79642840035717,0.20357159964283,0.862827220880805,0.175647117570083,3.87501831047882,15.7812636547445,18.290178233638
"Gyeongnam","Male","20-24",24061,41595,0.633529304252467,2010,0.687180103310722,0.969593760471524,0.0304062395284759,0.687180103310722,0.0208945628204686,3.38366410950244,11.9062453442657,17.3262370183643
"Gyeongnam","Male","25-29",42337,67420,0.614266060479058,2010,0.666285540490254,0.900558334794901,0.0994416652050986,0.666285540490254,0.0662565436484299,3.16578634333019,8.52258123476321,12.7911844349681
"Gyeongnam","Male","30-34",57656,71381,0.553182420546045,2010,0.600028996841824,0.85700829019984,0.14299170980016,0.600028996841824,0.0857991721880871,2.7856470537389,5.35679489143302,8.92756003397808
"Gyeongnam","Male","35+",664315,598838,0.474081920400775,2010,0.514229824653737,0.999999,1e-06,0.514229824653737,5.14229824653736e-07,2.57114783769412,2.57114783769412,4.9999975
"Gyeongnam","Total","0-4",10626,136039,0.92754917669519,2010,1,0.937391706085383,0.0626082939146171,1,0.0626082939146171,4.84347926521346,29.0259842037775,29.0259842037775
"Gyeongnam","Total","5-9",19792,131844,0.869476905220396,2010,0.937391706085383,0.96871677537295,0.0312832246270502,0.937391706085383,0.0293246353050029,4.61364694216441,24.182504938564,25.7976519117626
"Gyeongnam","Total","10-14",31976,170759,0.842276863886354,2010,0.90806707078038,0.941903359193838,0.0580966408061617,0.90806707078038,0.0527556464390312,4.40844623780432,19.5688579963996,21.5500138988438
"Gyeongnam","Total","15-19",37745,144901,0.793343407465808,2010,0.855311424341349,0.749792081635918,0.250207918364082,0.855311424341349,0.214005691037467,3.74154289411308,15.1604117585953,17.7250195977095
"Gyeongnam","Total","20-24",57442,84335,0.59484260493592,2010,0.641305733303882,0.97511067791654,0.0248893220834598,0.641305733303882,0.0159616649501697,3.16662450414398,11.4188688644822,17.8056553551368
"Gyeongnam","Total","25-29",93036,128498,0.580037375752706,2010,0.625344068353712,0.928328799406557,0.0716712005934432,0.625344068353712,0.0448191601628988,3.01467244136131,8.2522443603382,13.1963262753306
"Gyeongnam","Total","30-34",119501,139420,0.53846540064344,2010,0.580524908190813,0.869617790650094,0.130382209349906,0.580524908190813,0.0756901201125697,2.71339924067264,5.23757191897689,9.02213125583123
"Gyeongnam","Total","35+",1414191,1245358,0.468259092049065,2010,0.504834788078244,0.999999,1e-06,0.504834788078244,5.04834788078244e-07,2.52417267830425,2.52417267830425,4.9999975
"Incheon","Female","0-4",7825,49896,0.864434088113512,2010,1,0.909735065898995,0.0902649341010052,1,0.0902649341010052,4.77433766474749,31.1426305885918,31.1426305885918
"Incheon","Female","5-9",12925,47587,0.786406002115283,2010,0.909735065898995,0.955562765863077,0.0444372341369231,0.909735065898995,0.0404261101259228,4.44761005418017,26.3682929238443,28.9845845370237
"Incheon","Female","10-14",20594,62266,0.751460294472604,2010,0.869308955773072,0.920479428605404,0.0795205713945958,0.869308955773072,0.0691279448815141,4.17372491666158,21.9206828696641,25.2162165408386
"Incheon","Female","15-19",28272,63432,0.691703742475792,2010,0.800181010891558,0.951619796958435,0.0483802030415648,0.800181010891558,0.0387129197769381,3.90412275501544,17.7469579530025,22.1786792131307
"Incheon","Female","20-24",22939,44181,0.658238974970203,2010,0.76146809111462,0.97539486270447,0.0246051372955303,0.76146809111462,0.0187360269280406,3.760500388253,13.8428351979871,18.1791402154807
"Incheon","Female","25-29",25624,45960,0.642042914617792,2010,0.742732064186579,0.885973462172618,0.114026537827382,0.742732064186579,0.0846911658125805,3.50193240640144,10.0823348097341,13.5746594174253
"Incheon","Female","30-34",24680,32560,0.568832983927324,2010,0.658040898373999,0.999999,1e-06,0.658040898373999,6.58040898373999e-07,3.29020284676775,6.58040240333265,9.9999900000025
"Incheon","Female","35+",134213,179508,0.572189939468509,2010,0.661924312491217,0.999999,1e-06,0.6580402403331,6.580402403331e-07,3.2901995565649,3.2901995565649,4.9999975
"Incheon","Male","0-4",9765,54244,0.84744332828196,2010,1,0.936087442471007,0.0639125575289932,1,0.0639125575289932,4.84021860617752,32.3580272891187,32.3580272891187
"Incheon","Male","5-9",13445,51595,0.793281057810578,2010,0.936087442471007,0.936312753724147,0.0636872462758531,0.936087442471007,0.0596168314843845,4.53139513364407,27.5178086829412,29.3966219761499
"Incheon","Male","10-14",23181,66933,0.742759171715827,2010,0.876470610986622,0.923647992630956,0.076352007369044,0.876470610986622,0.0669202905488011,4.21505232856111,22.9864135492971,26.2261087378866
"Incheon","Male","15-19",29082,63550,0.686048017963555,2010,0.809550320437821,0.955687754168575,0.0443122458314249,0.809550320437821,0.0358729928121495,3.95806912015873,18.771361220736,23.1873927374694
"Incheon","Male","20-24",18563,35344,0.655647689539392,2010,0.773677327625672,0.999999,1e-06,0.773677327625672,7.73677327625672e-07,3.86838470393504,14.8132921005773,19.1466023000022
"Incheon","Male","25-29",23069,46973,0.670640472859142,2010,0.791369110449834,0.938876865789084,0.061123134210916,0.773676553948344,0.0472895358428236,3.75015893013466,10.9449073966422,14.1466189466212
"Incheon","Male","30-34",23581,40091,0.6296488252293,2010,0.742998150101436,0.987312562973137,0.0126874370268627,0.72638701810552,0.00921598954934437,3.60889511665424,7.19474846650755,9.90484175401712
"Incheon","Male","35+",110011,180762,0.621660195410165,2010,0.733571407860948,0.999999,1e-06,0.717171028556176,7.17171028556176e-07,3.58585334985331,3.58585334985331,4.9999975
"Incheon","Total","0-4",17590,104140,0.855499876776473,2010,1,0.923398734411424,0.0766012655885758,1,0.0766012655885758,4.80849683602856,31.9206032982305,31.9206032982305
"Incheon","Total","5-9",26370,99182,0.789967503504524,2010,0.923398734411424,0.945516468153015,0.0544835318469852,0.923398734411424,0.0503100243537706,4.49121861117269,27.1121064622019,29.3612124988272
"Incheon","Total","10-14",43775,129199,0.746927283869252,2010,0.873088710057654,0.92226065218298,0.0777393478170203,0.873088710057654,0.0678733469062855,4.19576018302255,22.6208878510292,25.90903718081
"Incheon","Total","15-19",57354,126982,0.688861643954518,2010,0.805215363151368,0.953870473847743,0.0461295261522571,0.805215363151368,0.0371442031526902,3.93321630787511,18.4251276680067,22.8822356243879
"Incheon","Total","20-24",41502,79525,0.657084782734431,2010,0.768071159998678,0.998632183068491,0.001367816931509,0.768071159998678,0.00105058073724995,3.83772934815026,14.4919113601315,18.8679280187483
"Incheon","Total","25-29",48693,92933,0.65618601104317,2010,0.767020579261428,0.915683153059506,0.084316846940494,0.767020579261428,0.0646727567817949,3.67342100435265,10.6541820119813,13.8903470129058
"Incheon","Total","30-34",48261,72651,0.60085847558555,2010,0.702347822479633,0.991890917069962,0.00810908293003831,0.702347822479633,0.00569539673821917,3.49750062055262,6.98076100762862,9.93917939829742
"Incheon","Total","35+",244224,360270,0.59598606437781,2010,0.696652425741414,0.999999,1e-06,0.696652425741414,6.96652425741414e-07,3.483260387076,3.483260387076,4.9999975
"Jeju","Female","0-4",875,12702,0.935552773072107,2010,1,0.980852237799628,0.019147762200372,1,0.019147762200372,4.95213059449907,32.0016465176024,32.0016465176024
"Jeju","Female","5-9",1207,13448,0.917639031047424,2010,0.980852237799628,0.95633228291922,0.0436677170807797,0.980852237799628,0.0428315780182838,4.79718224395243,27.0495159231033,27.5775645715855
"Jeju","Female","10-14",2527,18113,0.877567829457364,2010,0.938020659781344,0.921414660644693,0.0785853393553073,0.938020659781344,0.0737146718712062,4.50581661922871,22.2523336791509,23.7226477339401
"Jeju","Female","15-19",3844,16240,0.808603863772157,2010,0.864305987910138,0.856279985007496,0.143720014992504,0.864305987910138,0.124218069540556,4.0109847656993,17.7465170599222,20.5326785978108
"Jeju","Female","20-24",4528,10192,0.692391304347826,2010,0.740087918369582,0.928815151824557,0.0711848481754426,0.740087918369582,0.0526830461056181,3.56873197658387,13.7355322942229,18.5593251197538
"Jeju","Female","25-29",7139,12864,0.64310353446983,2010,0.687404872263964,0.983210359599452,0.0167896404005476,0.687404872263964,0.0115412806148963,3.40817115978258,10.166800317639,14.790119662892
"Jeju","Female","30-34",7612,13090,0.63230605738576,2010,0.675863591649068,0.999999,1e-06,0.675863591649068,6.75863591649068e-07,3.37931626858636,6.75862915785645,9.9999900000025
"Jeju","Female","35+",55324,116817,0.678612300381664,2010,0.725359723057932,0.999999,1e-06,0.675862915785476,6.75862915785476e-07,3.37931288927009,3.37931288927009,4.9999975
"Jeju","Male","0-4",1332,13079,0.907570605787246,2010,1,0.999999,1e-06,1,1e-06,4.9999975,33.0611340607142,33.0611340607142
"Jeju","Male","5-9",1107,15207,0.932144170650975,2010,1.02707620179304,0.907452057469186,0.0925479425308142,0.999999,0.0925478499828717,4.76862537504282,28.0611365607142,28.0611646218789
"Jeju","Male","10-14",3330,18276,0.845876145515135,2010,0.932022412494732,0.999999,1e-06,0.907451150017128,9.07451150017128e-07,4.53725348145777,23.2925111856714,25.6680606831913
"Jeju","Male","15-19",2779,16128,0.853017400962606,2010,0.939890952310736,0.861968654770277,0.138031345229723,0.907450242565978,0.125256577710421,4.22410976855384,18.7552577042136,20.6680838512752
"Jeju","Male","20-24",3137,8713,0.735274261603376,2010,0.81015653979404,0.939947871762416,0.0600521282375842,0.782193664855557,0.0469723942685319,3.79353733860646,14.5311479356598,18.5774298470484
"Jeju","Male","25-29",5579,12483,0.691119477355775,2010,0.76150491537381,0.968368560189226,0.0316314398107741,0.735221270587025,0.0232561073681744,3.61796608451469,10.7376105970533,14.6045973186821
"Jeju","Male","30-34",7189,14547,0.669258373205742,2010,0.737417418477555,0.999999,1e-06,0.711965163218851,7.11965163218851e-07,3.55982403618135,7.11964451253866,9.9999900000025
"Jeju","Male","35+",43060,107593,0.714177613456088,2010,0.786911353124527,0.999999,1e-06,0.711964451253688,7.11964451253688e-07,3.55982047635731,3.55982047635731,4.9999975
"Jeju","Total","0-4",2207,25781,0.921144776332714,2010,1,0.999999,1e-06,1,1e-06,4.9999975,32.8813841627928,32.8813841627928
"Jeju","Total","5-9",2314,28655,0.925280118828506,2010,1.00448935129639,0.930917716510056,0.0690822834899439,0.999999,0.0690822144076604,4.82728946398085,27.8813866627928,27.8814145442073
"Jeju","Total","10-14",5857,36389,0.861359655351986,2010,0.935096933167503,0.96375571299002,0.0362442870099798,0.93091678559234,0.0337404151594166,4.57023289006316,23.0540971988119,24.7649387739235
"Jeju","Total","15-19",6623,32368,0.830140288784591,2010,0.901205011539628,0.857104224219742,0.142895775780258,0.897176370432923,0.128202713464729,4.16537506850279,18.4838643087488,20.6022638556894
"Jeju","Total","20-24",7665,18905,0.71151674821227,2010,0.772426622278616,0.935870167098533,0.0641298329014669,0.768973656968194,0.0493141521270002,3.72158290452347,14.318489240246,18.6202597585709
"Jeju","Total","25-29",12718,25347,0.665887298042822,2010,0.722891032063244,0.977991903409471,0.0220080965905286,0.719659504841194,0.015838335894837,3.55870168446888,10.5969063357225,14.7248890127018
"Jeju","Total","30-34",14801,27637,0.651232386069089,2010,0.706981576405169,0.999999,1e-06,0.703821168946357,7.03821168946357e-07,3.51910408517886,7.03820465125364,9.9999900000025
"Jeju","Total","35+",98384,224410,0.695211187320706,2010,0.754725212781968,0.999999,1e-06,0.703820465125188,7.03820465125188e-07,3.51910056607478,3.51910056607478,4.9999975
"Jeonbuk","Female","0-4",4935,34960,0.876300288256674,2010,1,0.971121490935755,0.0288785090642449,1,0.0288785090642449,4.92780372733939,26.6262154726523,26.6262154726523
"Jeonbuk","Female","5-9",6678,38139,0.850994042439253,2010,0.971121490935755,0.914506525510767,0.0854934744892328,0.971121490935755,0.0830245504112617,4.64804607865062,21.6984117453129,22.3436634322701
"Jeonbuk","Female","10-14",14192,49805,0.778239604981483,2010,0.888096940524493,0.962765268096265,0.0372347319037349,0.888096940524493,0.0330680514849567,4.35781457391007,17.0503656666623,19.1987663605649
"Jeonbuk","Female","15-19",14016,41883,0.749262061933129,2010,0.855028889039537,0.747781167165004,0.252218832834996,0.855028889039537,0.215654388433755,3.73600847411329,12.6925510927522,14.8445874232506
"Jeonbuk","Female","20-24",25201,32111,0.560284059184813,2010,0.639374500605781,0.731965411726108,0.268034588273892,0.639374500605781,0.171374481022696,2.76843630047217,8.9565426186389,14.008288741814
"Jeonbuk","Female","25-29",51353,35702,0.410108552064787,2010,0.468000019583085,0.857796593797855,0.142203406202145,0.468000019583085,0.0665511968873855,2.17362210569696,6.18810631816674,13.2224488445094
"Jeonbuk","Female","30-34",73415,39843,0.351789719048544,2010,0.4014488226957,0.999999,1e-06,0.4014488226957,4.014488226957e-07,2.00724310985644,4.01448421246977,9.9999900000025
"Jeonbuk","Female","35+",712731,438601,0.380950933353716,2010,0.43472647271586,0.999999,1e-06,0.401448421246877,4.01448421246877e-07,2.00724110261333,2.00724110261333,4.9999975
"Jeonbuk","Male","0-4",4992,35247,0.875941251025125,2010,1,0.964082051361663,0.0359179486383367,1,0.0359179486383367,4.91020512840416,28.1475532438023,28.1475532438023
"Jeonbuk","Male","5-9",7251,39373,0.844479238160604,2010,0.964082051361663,0.970249108345498,0.0297508916545017,0.964082051361663,0.0286823006561106,4.74870450516804,23.2373481153981,24.103081353478
"Jeonbuk","Male","10-14",11980,54338,0.819355227841612,2010,0.935399750705553,0.923950138350128,0.0760498616498718,0.935399750705553,0.0711370216284819,4.49915619945656,18.4886436102301,19.765499826448
"Jeonbuk","Male","15-19",14479,45116,0.757043376122158,2010,0.864262729077071,0.850970044549519,0.149029955450481,0.864262729077071,0.128801036011867,3.99931105535569,13.9894874107735,16.1866142552655
"Jeonbuk","Male","20-24",16506,29888,0.644221235504591,2010,0.735461693065204,0.736098617447688,0.263901382552312,0.735461693065204,0.194089357614172,3.19208507129059,9.99017635541786,13.5835441187719
"Jeonbuk","Male","25-29",46810,42218,0.474210360785371,2010,0.541372335451032,0.804572298168037,0.195427701831963,0.541372335451032,0.105799151352598,2.44236379887367,6.79809128412726,12.5571456813795
"Jeonbuk","Male","30-34",71542,44135,0.38153651979218,2010,0.435573184098435,0.999999,1e-06,0.435573184098435,4.35573184098435e-07,2.17786483155921,4.3557274852536,9.9999900000025
"Jeonbuk","Male","35+",632210,405824,0.390954438871944,2010,0.446324954344148,0.999999,1e-06,0.435572748525251,4.35572748525251e-07,2.17786265369438,2.17786265369438,4.9999975
"Jeonbuk","Total","0-4",9927,70207,0.876119999001672,2010,1,0.967529870927236,0.032470129072764,1,0.032470129072764,4.91882467731809,27.3682593199383,27.3682593199383
"Jeonbuk","Total","5-9",13929,77512,0.847672269550858,2010,0.967529870927236,0.942774222909075,0.057225777090925,0.967529870927236,0.0553676487224935,4.69923023282995,22.4494346426202,23.2028336459583
"Jeonbuk","Total","10-14",26172,104143,0.799163565207382,2010,0.912162222204743,0.942582043673519,0.0574179563264808,0.912162222204743,0.0523744906372176,4.42987488443067,17.7502044097902,19.4594820720453
"Jeonbuk","Total","15-19",28495,86999,0.75327722652259,2010,0.859787731567525,0.793644412962228,0.206355587037772,0.859787731567525,0.177422002075491,3.8553836526489,13.3203295253596,15.4925791986756
"Jeonbuk","Total","20-24",41707,61999,0.597834262241336,2010,0.682365729492034,0.740202783504657,0.259797216495343,0.682365729492034,0.177276717153845,2.96863685457556,9.46494587271065,13.870781405972
"Jeonbuk","Total","25-29",98163,77920,0.44251858498549,2010,0.505089012338189,0.828937560915603,0.171062439084397,0.505089012338189,0.0864017584052997,2.3094406656777,6.4963090181351,12.8617112220715
"Jeonbuk","Total","30-34",144957,83978,0.366820276497696,2010,0.418687253932889,0.999999,1e-06,0.418687253932889,4.18687253932889e-07,2.09343522294631,4.1868683524574,9.9999900000025
"Jeonbuk","Total","35+",1344941,844425,0.385693849269606,2010,0.440229477365086,0.999999,1e-06,0.418686835245635,4.18686835245635e-07,2.09343312951109,2.09343312951109,4.9999975
"Jeonnam","Female","0-4",4057,31168,0.884826117814053,2010,1,0.917163590810979,0.0828364091890207,1,0.0828364091890207,4.79290897702745,22.3578643687987,22.3578643687987
"Jeonnam","Female","5-9",7993,34417,0.811530299457675,2010,0.917163590810979,0.936528804076043,0.063471195923957,0.917163590810979,0.0582134699666836,4.44028427913819,17.5649553917712,19.1513875689721
"Jeonnam","Female","10-14",14733,46660,0.760021500822569,2010,0.858950120844296,0.870267996191692,0.129732003808308,0.858950120844296,0.111433320348519,4.01616730335018,13.124671112633,15.2798990233941
"Jeonnam","Female","15-19",17367,33927,0.66142238858346,2010,0.747516800495777,0.570007786691673,0.429992213308327,0.747516800495777,0.321426403530338,2.93401799365304,9.10850380928284,12.1850155116805
"Jeonnam","Female","20-24",34689,20993,0.377015911784778,2010,0.426090396965439,0.756022305311035,0.243977694688965,0.426090396965439,0.103956552780734,1.87056060287536,6.1744858156298,14.4910231716173
"Jeonnam","Female","25-29",75048,29919,0.285032438766469,2010,0.322133844184705,0.868854599248051,0.131145400751949,0.322133844184705,0.0422463720913691,1.5050532906951,4.30392521275444,13.3606738020568
"Jeonnam","Female","30-34",108691,35778,0.247651745357135,2010,0.279887472093336,0.999999,1e-06,0.279887472093336,2.79887472093336e-07,1.399436660748,2.79887192205934,9.9999900000025
"Jeonnam","Female","35+",1165616,486168,0.29432904060095,2010,0.332640543351145,0.999999,1e-06,0.279887192205864,2.79887192205864e-07,1.39943526131134,1.39943526131134,4.9999975
"Jeonnam","Male","0-4",3991,33710,0.894140738972441,2010,1,0.928298270247603,0.071701729752397,1,0.071701729752397,4.82074567561901,23.7040484368701,23.7040484368701
"Jeonnam","Male","5-9",7425,36259,0.830029301346031,2010,0.928298270247603,0.902122813160621,0.0978771868393791,0.928298270247603,0.090859223239697,4.41434329313877,18.8833027612511,20.3418484839085
"Jeonnam","Male","10-14",16794,50058,0.748788368336026,2010,0.837439047007906,0.929533602486769,0.0704663975132315,0.837439047007906,0.0590113127795608,4.03966695309063,14.4689594681123,17.2776269745346
"Jeonnam","Male","15-19",16957,38827,0.696023949519575,2010,0.778427734228345,0.681801942961023,0.318198057038977,0.778427734228345,0.247694192576713,3.27290318969994,10.4292925150217,13.3978943149556
"Jeonnam","Male","20-24",24518,22143,0.474550481129851,2010,0.530733541651632,0.731116415656011,0.268883584343989,0.530733541651632,0.142705537010871,2.29690386573099,7.15638932532175,13.4839590184016
"Jeonnam","Male","25-29",65233,34657,0.346951646811493,2010,0.388028004640762,0.801884093520265,0.198115906479735,0.388028004640762,0.0768745198789275,1.74795372350649,4.85948545959076,12.5235431501644
"Jeonnam","Male","30-34",105102,40512,0.278215006798797,2010,0.311153484761834,0.999999,1e-06,0.311153484761834,3.11153484761834e-07,1.55576664592546,3.11153173608427,9.9999900000025
"Jeonnam","Male","35+",1030746,442283,0.300254102261395,2010,0.33580183652794,0.999999,1e-06,0.31115317360835,3.1115317360835e-07,1.55576509015881,1.55576509015881,4.9999975
"Jeonnam","Total","0-4",8048,64878,0.889641554452459,2010,1,0.922749919184605,0.0772500808153952,1,0.0772500808153952,4.80687479796151,23.0067098549668,23.0067098549668
"Jeonnam","Total","5-9",15418,70676,0.820916672474272,2010,0.922749919184605,0.918687462085759,0.0813125379142409,0.922749919184605,0.0750311377890609,4.42617175145037,18.1998350570053,19.723475102645
"Jeonnam","Total","10-14",31527,96718,0.754165854419276,2010,0.847718781395544,0.900927325539382,0.099072674460618,0.847718781395544,0.0839857668633525,4.02862948981934,13.7736633055549,16.2479157095944
"Jeonnam","Total","15-19",34324,72754,0.679448626235081,2010,0.763733014532191,0.62033331025376,0.37966668974624,0.763733014532191,0.289963985477354,3.09375510896757,9.74503381573555,12.7597388489283
"Jeonnam","Total","20-24",59207,43136,0.421484615459777,2010,0.473769029054837,0.747891512482855,0.252108487517145,0.473769029054837,0.119441193347481,2.07024216190548,6.65127870676798,14.039074525486
"Jeonnam","Total","25-29",140281,64576,0.315224766544468,2010,0.354327835707356,0.834305304722653,0.165694695277347,0.354327835707356,0.0587102427658123,1.62486357162225,4.5810365448625,12.9288079659822
"Jeonnam","Total","30-34",213793,76290,0.262993694908009,2010,0.295617592941544,0.999999,1e-06,0.295617592941544,2.95617592941544e-07,1.47808722566374,2.95617297324025,9.9999900000025
"Jeonnam","Total","35+",2196362,928451,0.297122099786451,2010,0.333979565477153,0.999999,1e-06,0.295617297323951,2.95617297323951e-07,1.47808574757651,1.47808574757651,4.9999975
"Seoul","Female","0-4",34755,173249,0.832911867079479,2010,1,0.855852732615066,0.144147267384934,1,0.144147267384934,4.63963183153767,29.6703365231551,29.6703365231551
"Seoul","Female","5-9",68054,168944,0.712849897467489,2010,0.855852732615066,0.908703114349409,0.091296885650591,0.855852732615066,0.0781366890633036,4.08392194041707,25.0307046916174,29.246509052014
"Seoul","Female","10-14",110615,203426,0.647768921892364,2010,0.777716043551763,0.977997935401729,0.0220020645982709,0.777716043551763,0.0171113586293376,3.84580182118547,20.9467827512004,26.9337156213702
"Seoul","Female","15-19",132999,229907,0.633516668228136,2010,0.760604684922425,0.968311607412669,0.0316883925873307,0.760604684922425,0.0241023398595848,3.74276757496316,17.1009809300149,22.483402047095
"Seoul","Female","20-24",129603,205671,0.613441543334705,2010,0.73650234506284,0.999999,1e-06,0.73650234506284,7.3650234506284e-07,3.68250988405834,13.3582133550517,18.1373670356908
"Seoul","Female","25-29",153811,252294,0.621253124192019,2010,0.745880985428122,0.892899066896528,0.107100933103472,0.736501608560495,0.0788800095090375,3.48530801902988,9.67570347099338,13.1373826730735
"Seoul","Female","30-34",174211,217025,0.554716334897607,2010,0.665996435904633,0.92177486796664,0.07822513203336,0.657621599051458,0.0514425364137896,3.15950165422282,6.1903954519635,9.41330920531263
"Seoul","Female","35+",717916,751187,0.51132357635918,2010,0.613898776772246,0.999999,1e-06,0.606179062637668,6.06179062637668e-07,3.03089379774068,3.03089379774068,4.9999975
"Seoul","Male","0-4",39637,187294,0.825334573064059,2010,1,0.866217709494533,0.133782290505467,1,0.133782290505467,4.66554427373633,30.2800573534427,30.2800573534427
"Seoul","Male","5-9",70371,176475,0.714919423446197,2010,0.866217709494533,0.946419243631674,0.0535807563683263,0.866217709494533,0.0464126000543562,4.21505704733677,25.6145130797064,29.5705257453733
"Seoul","Male","10-14",108816,227673,0.676613499995542,2010,0.819805109440176,0.932777207252244,0.0672227927477558,0.819805109440176,0.0551095889654482,3.96125157478726,21.3994560323696,26.1031015615196
"Seoul","Male","15-19",142810,244345,0.631129650915008,2010,0.764695520474728,0.955674679824627,0.0443253201753729,0.764695520474728,0.0338953737817158,3.73873916791935,17.4382044575823,22.8041148282869
"Seoul","Male","20-24",108790,165347,0.603154627066029,2010,0.730800146693012,0.999999,1e-06,0.730800146693012,7.30800146693012e-07,3.6539989064647,13.699465289663,18.7458436504908
"Seoul","Male","25-29",161524,248509,0.606070730892392,2010,0.734333385117202,0.954761837569153,0.0452381624308467,0.730799415892866,0.0330600226805293,3.571347022763,10.0454663831983,13.7458598963507
"Seoul","Male","30-34",168264,231084,0.5786532047237,2010,0.701113492162877,0.903827895248922,0.0961721047510775,0.697739393212336,0.0671030660129701,3.32093930102926,6.47411936043527,9.27870695479718
"Seoul","Male","35+",673808,738796,0.523002908104465,2010,0.633685931952195,0.999999,1e-06,0.630636327199366,6.30636327199366e-07,3.15318005940601,3.15318005940601,4.9999975
"Seoul","Total","0-4",74392,360543,0.82895835009829,2010,1,0.861208191695324,0.138791808304676,1,0.138791808304676,4.65302047923831,29.9945087791259,29.9945087791259
"Seoul","Total","5-9",138425,345419,0.713905721678888,2010,0.861208191695324,0.928258262014799,0.0717417379852012,0.861208191695324,0.0617845724393149,4.15157952737833,25.3414882998876,29.425507727698
"Seoul","Total","10-14",219431,431099,0.662688884448065,2010,0.799423619256009,0.954119782338854,0.0458802176611462,0.799423619256009,0.036677729654927,3.90542377214273,21.1899087725093,26.506483248806
"Seoul","Total","15-19",275809,474252,0.632284574187966,2010,0.762745889601082,0.96287986339238,0.0371201366076199,0.762745889601082,0.0283132316188928,3.74294636895818,17.2844850003665,22.6608694140671
"Seoul","Total","20-24",238393,371018,0.608814084419218,2010,0.73443265798219,0.999999,1e-06,0.73443265798219,7.3443265798219e-07,3.6721614538293,13.5415386314084,18.4380943361274
"Seoul","Total","25-29",315335,500803,0.613625391784233,2010,0.740236697913079,0.923702934638229,0.0762970653617706,0.734431923549531,0.0560350004748295,3.53207211656058,9.86937717757906,13.4381102742376
"Seoul","Total","30-34",342475,448109,0.566807575159629,2010,0.683758810189223,0.912212136694378,0.0877878633056216,0.678396923074702,0.0595550163498362,3.24309707449892,6.33730506101848,9.3415887446775
"Seoul","Total","35+",1391724,1489983,0.517048749230925,2010,0.623733085226317,0.999999,1e-06,0.618841906724866,6.18841906724866e-07,3.09420798651956,3.09420798651956,4.9999975
"Total","Female","0-4",133131,931915,0.874999765268355,2010,1,0.908243095948027,0.0917569040519728,1,0.0917569040519728,4.77060773987007,28.2167958955014,28.2167958955014
"Total","Female","5-9",236095,913975,0.794712495761128,2010,0.908243095948027,0.950529683843069,0.0494703161569308,0.908243095948027,0.0449310731038985,4.42888779698039,23.4461881556314,25.8148817868614
"Total","Female","10-14",371096,1146045,0.755397817341961,2010,0.863312022844129,0.945741806374741,0.0542581936252585,0.863312022844129,0.0468417508944903,4.19945573698442,19.017300358651,22.0283047790759
"Total","Female","15-19",424286,1061368,0.714411296304523,2010,0.816470271949638,0.835681094174165,0.164318905825835,0.816470271949638,0.134161501726087,3.74694760543297,14.8178446216666,18.1486639878305
"Total","Female","20-24",540185,800291,0.597020013786148,2010,0.682308770223552,0.897509498900084,0.102490501099916,0.682308770223552,0.0699301677650795,3.23671843170506,11.0708970162336,16.2256407939859
"Total","Female","25-29",803707,927790,0.535831133406526,2010,0.612378602458472,0.875457616837529,0.124542383162471,0.612378602458472,0.0762670905478817,2.87122528592266,7.83417858452852,12.7930312278666
"Total","Female","30-34",971480,858385,0.469097447079429,2010,0.53611151191059,0.900975672885043,0.0990243271149575,0.53611151191059,0.0530880817255287,2.54783735523913,4.96295329860586,9.25731529419864
"Total","Female","35+",7916922,5795486,0.422645388031045,2010,0.483023430185062,0.999999,1e-06,0.483023430185062,4.83023430185062e-07,2.41511594336673,2.41511594336673,4.9999975
"Total","Male","0-4",148047,1006799,0.871803686378963,2010,1,0.920268552646373,0.0797314473536274,1,0.0797314473536274,4.80067138161593,29.3588066802612,29.3588066802612
"Total","Male","5-9",245487,996187,0.80229351665574,2010,0.920268552646373,0.953513833098096,0.0464861669019044,0.920268552646373,0.0427797575328933,4.49439336939963,24.5581352986453,26.6858355944301
"Total","Male","10-14",385957,1256399,0.764997966336166,2010,0.877488795113479,0.951098026115035,0.048901973884965,0.877488795113479,0.0429109341429888,4.28016664020992,20.0637419292456,22.8649551321632
"Total","Male","15-19",437447,1168382,0.727588055764343,2010,0.834577860970491,0.871103307942133,0.128896692057867,0.834577860970491,0.107574325543827,3.90395349099289,15.7835752890357,18.9120464694352
"Total","Male","20-24",407196,704767,0.633804362195505,2010,0.727003535426664,0.904896209405716,0.0951037905942842,0.727003535426664,0.0691407919945217,3.46216569714702,11.8796217980428,16.3405282356308
"Total","Male","25-29",725722,975962,0.57352716485552,2010,0.657862743432142,0.881759586004751,0.118240413995249,0.657862743432142,0.0777859631354667,3.09484880932204,8.41745610089581,12.795155501558
"Total","Male","30-34",907839,928825,0.505713075445482,2010,0.580076780296676,0.890092889578537,0.109907110421463,0.580076780296676,0.0637545627449932,2.74099749462089,5.32260729157376,9.17569444660681
"Total","Male","35+",6886274,5637221,0.450131612620918,2010,0.516322217551682,0.999999,1e-06,0.516322217551682,5.16322217551682e-07,2.58160979695287,2.58160979695287,4.9999975
"Total","Total","0-4",281178,1938714,0.873337081263413,2010,1,0.914478727878788,0.0855212721212121,1,0.0855212721212121,4.78619681969697,28.776186349813,28.776186349813
"Total","Total","5-9",481582,1910162,0.798648183083139,2010,0.914478727878788,0.952093977270904,0.0479060227290959,0.914478727878788,0.043809038723036,4.46287104258635,23.989989530116,26.23351292792
"Total","Total","10-14",757053,2402444,0.760388125071807,2010,0.870669689155752,0.948536361723915,0.0514636382760849,0.870669689155752,0.0448078299406629,4.2413288709271,19.5271184875297,22.4276998852047
"Total","Total","15-19",861733,2229750,0.721255785653681,2010,0.825861859215089,0.850874900275472,0.149125099724528,0.825861859215089,0.123156732114135,3.82141746579011,15.2857896166026,18.5088940069595
"Total","Total","20-24",947381,1505058,0.613698444691183,2010,0.702705127100954,0.903563438758524,0.0964365612414758,0.702705127100954,0.0677664660243702,3.34410947044385,11.4643721508125,16.3146271582069
"Total","Total","25-29",1529429,1903752,0.554515477045923,2010,0.634938661076584,0.879036258490675,0.120963741509325,0.634938661076584,0.076804556072745,2.98268191520106,8.12026268036862,12.7890506251425
"Total","Total","30-34",1879319,1787210,0.48743921021762,2010,0.558134105003839,0.893989865284629,0.106010134715371,0.558134105003839,0.0591678716606999,2.64275084586745,5.13758076516756,9.20492175466006
"Total","Total","35+",14803196,11432707,0.435765713876896,2010,0.498966233343139,0.999999,1e-06,0.498966233343139,4.98966233343139e-07,2.49482991930011,2.49482991930011,4.9999975
"Ulsan","Female","0-4",2657,22335,0.893685979513444,2010,1,0.928970683098789,0.0710293169012111,1,0.0710293169012111,4.82242670774697,29.2828828544534,29.2828828544534
"Ulsan","Female","5-9",4790,23421,0.830208074864415,2010,0.928970683098789,0.970678733623739,0.0293212663762612,0.928970683098789,0.0272385968548769,4.57675692335675,24.4604561467065,26.3307083761924
"Ulsan","Female","10-14",7242,30062,0.805865322753592,2010,0.901732086243912,0.912338105101894,0.0876618948981065,0.901732086243912,0.0790475433705641,4.31104157279315,19.8836992233497,22.0505619425982
"Ulsan","Female","15-19",9778,27151,0.735221641528338,2010,0.822684542873348,0.73127627213429,0.268723727865711,0.822684542873348,0.221074857218424,3.56073557132068,15.5726576505566,18.9290752882833
"Ulsan","Female","20-24",13588,15801,0.537650141209296,2010,0.601609685654924,0.999999,1e-06,0.601609685654924,6.01609685654924e-07,3.00804692425041,12.0119220792359,19.9663043425896
"Ulsan","Female","25-29",15960,18843,0.541418843203172,2010,0.605826717230073,0.99730654255795,0.0026934574420503,0.601609084045238,0.00162040846462671,3.00399439906462,9.00387515498548,14.9663218089114
"Ulsan","Female","30-34",15628,18343,0.53996055459068,2010,0.604194948749957,0.999999,1e-06,0.599988675580612,5.99988675580612e-07,2.99994187793137,5.99988075592086,9.9999900000025
"Ulsan","Female","35+",54226,83304,0.60571511670181,2010,0.677771757179837,0.999999,1e-06,0.599988075591936,5.99988075591936e-07,2.99993887798949,2.99993887798949,4.9999975
"Ulsan","Male","0-4",3070,26914,0.897612059765208,2010,1,0.93296421929321,0.0670357807067898,1,0.0670357807067898,4.83241054823303,29.8962181799219,29.8962181799219
"Ulsan","Male","5-9",4770,24573,0.837439934567018,2010,0.93296421929321,0.972738363848996,0.0272616361510041,0.93296421929321,0.0254341310882771,4.60123576874536,25.0638076316888,26.8647040405007
"Ulsan","Male","10-14",8111,35640,0.814609951772531,2010,0.907530088204933,0.92902856625374,0.0709714337462601,0.907530088204933,0.064408711527774,4.37662866220523,20.4625718629435,22.5475409894319
"Ulsan","Male","15-19",10575,32907,0.756795915551263,2010,0.843121376677159,0.736847359810287,0.263152640189713,0.843121376677159,0.22186961627298,3.66093284270335,16.0859432007382,19.0790361218628
"Ulsan","Male","20-24",11749,14811,0.557643072289157,2010,0.621251760404179,0.999999,1e-06,0.621251760404179,6.21251760404179e-07,3.10625724889149,12.4250103580349,19.999960000035
"Ulsan","Male","25-29",16354,20796,0.55978465679677,2010,0.623637629092455,0.999999,1e-06,0.621251139152419,6.21251139152419e-07,3.10625414263424,9.31875310914341,14.9999775000125
"Ulsan","Male","30-34",13386,17765,0.570286668164746,2010,0.63533757368848,0.999999,1e-06,0.621250517901279,6.21250517901279e-07,3.1062510363801,6.21249896650917,9.9999900000025
"Ulsan","Male","35+",41629,83437,0.667143748101003,2010,0.743242852904082,0.999999,1e-06,0.621249896650761,6.21249896650761e-07,3.10624793012907,3.10624793012907,4.9999975
"Ulsan","Total","0-4",5727,49249,0.89582727008149,2010,1,0.930865974310874,0.0691340256891262,1,0.0691340256891262,4.82716493577718,29.5894810692123,29.5894810692123
"Ulsan","Total","5-9",9560,47994,0.833895124578657,2010,0.930865974310874,0.972047180850827,0.0279528191491726,0.930865974310874,0.0260203282320302,4.58927905097429,24.7623161334352,26.6013763708217
"Ulsan","Total","10-14",15353,65702,0.810585404971933,2010,0.904845646078844,0.921417853096692,0.0785821469033077,0.904845646078844,0.071104713484986,4.34646644668175,20.1730370824609,22.2944511805753
"Ulsan","Total","15-19",20353,60058,0.746887863600751,2010,0.833740932593858,0.732561302795062,0.267438697204938,0.833740932593858,0.222974588819331,3.61126819092096,15.8265706357791,18.9826000104624
"Ulsan","Total","20-24",25337,30612,0.547141146401187,2010,0.610766343774526,0.999999,1e-06,0.610766343774526,6.10766343774526e-07,3.05383019195677,12.2153024448582,19.999960000035
"Ulsan","Total","25-29",32314,39639,0.550901282781816,2010,0.614963733724809,0.999999,1e-06,0.610765733008182,6.10765733008182e-07,3.05382713812658,9.16147225290138,14.9999775000125
"Ulsan","Total","30-34",29014,36108,0.554467000399251,2010,0.618944096610067,0.999999,1e-06,0.61076512224245,6.1076512224245e-07,3.05382408429944,6.1076451147748,9.9999900000025
"Ulsan","Total","35+",95855,166741,0.634971591341833,2010,0.708810294739154,0.999999,1e-06,0.610764511477327,6.10764511477327e-07,3.05382103047536,3.05382103047536,4.9999975
"Busan","Female","0-4",7444,59991,0.88961221917402,2015,1,0.94422734986303,0.0557726501369704,1,0.0557726501369704,4.86056837465757,30.008959653977,30.008959653977
"Busan","Female","5-9",10074,52887,0.839996188116453,2015,0.94422734986303,0.944150500289992,0.055849499710008,0.94422734986303,0.0527346251023569,4.58930018655926,25.1483912793194,26.6338305948959
"Busan","Female","10-14",15220,58336,0.793082821251835,2015,0.891492724760673,0.95510812600999,0.0448918739900104,0.891492724760673,0.0400207790629671,4.35741167614595,20.5590910927601,23.0614232979628
"Busan","Female","15-19",23677,73952,0.757479847176556,2015,0.851471945697706,0.876448489806029,0.123551510193971,0.851471945697706,0.10520064477875,3.99435811654165,16.2016794166142,19.0278487723261
"Busan","Female","20-24",38764,76568,0.663892068116394,2015,0.746271300918955,0.866529379156698,0.133470620843302,0.746271300918955,0.0996052938511918,3.4823432699668,12.2073213000725,16.3577525827946
"Busan","Female","25-29",53771,72833,0.575281981611955,2015,0.646666007067764,0.879551265835395,0.120448734164605,0.646666007067764,0.0778901019785917,3.03860478039234,8.72497803010575,13.4922478292437
"Busan","Female","30-34",80287,82234,0.50598999513909,2015,0.568775905089172,0.999675471555054,0.000324528444945904,0.568775905089172,0.000184583960001288,2.84341806554586,5.68637324971341,9.99756353747423
"Busan","Female","35+",408137,417760,0.505825786992809,2015,0.568591321129171,0.999999,1e-06,0.568591321129171,5.68591321129171e-07,2.84295518416755,2.84295518416755,4.9999975
"Busan","Male","0-4",8192,62293,0.883776690075903,2015,1,0.933310050201121,0.0666899497988793,1,0.0666899497988793,4.8332751255028,30.0327081881395,30.0327081881395
"Busan","Male","5-9",12247,57671,0.824837666981321,2015,0.933310050201121,0.928270369260527,0.0717296307394729,0.933310050201121,0.0669459852663653,4.49918528783969,25.1994330626367,27.0000661165134
"Busan","Male","10-14",19325,63145,0.765672365708743,2015,0.866364064934755,0.981829659672764,0.0181703403272357,0.866364064934755,0.0157421299071519,4.2924649999059,20.700247774797,23.8932437443096
"Busan","Male","15-19",26519,80309,0.751759838244655,2015,0.850621935027604,0.904486199246093,0.0955138007539068,0.850621935027604,0.0812461340191292,4.04999434009019,16.4077827748911,19.2891602005992
"Busan","Male","20-24",34646,73608,0.679956398839766,2015,0.769375801008474,0.872316220171356,0.127683779828644,0.769375801008474,0.0982368103814526,3.60128697908874,12.3577884348009,16.0620965964912
"Busan","Male","25-29",53865,78526,0.593136995717232,2015,0.671138990627022,0.84377867963923,0.15622132036077,0.671138990627022,0.104846219261348,3.09357940498174,8.75650145571218,13.0472250577057
"Busan","Male","30-34",84416,84577,0.500476351091465,2015,0.566292771365674,0.999999,1e-06,0.566292771365674,5.66292771365674e-07,2.83146244109644,5.66292205073044,9.9999900000025
"Busan","Male","35+",371631,408146,0.523413745211772,2015,0.592246606059296,0.999999,1e-06,0.566292205072903,5.66292205072903e-07,2.831459609634,2.831459609634,4.9999975
"Busan","Total","0-4",15636,122284,0.886629930394432,2015,1,0.938407423432732,0.0615925765672679,1,0.0615925765672679,4.84601855858183,30.0150432082864,30.0150432082864
"Busan","Total","5-9",22321,110558,0.832020108519781,2015,0.938407423432732,0.935788192179628,0.0642118078203717,0.938407423432732,0.0602568371306728,4.54139502433698,25.1690246497045,26.8209990897506
"Busan","Total","10-14",34545,121481,0.778594593208824,2015,0.878150586302059,0.969042388660612,0.0309576113393877,0.878150586302059,0.0271854445481946,4.32278932013981,20.6276296253676,23.4898546412542
"Busan","Total","15-19",50196,154261,0.754491164401317,2015,0.850965141753865,0.890229061833438,0.109770938166562,0.850965141753865,0.0934112419573634,4.02129760387592,16.3048403052278,19.1604091697845
"Busan","Total","20-24",73410,150176,0.671669961446602,2015,0.757553899796501,0.870083521623296,0.129916478376704,0.757553899796501,0.0984187348421001,3.54172266187726,12.2835427013518,16.2147441979396
"Busan","Total","25-29",107636,151359,0.584408965424043,2015,0.659135164954401,0.861005533245147,0.138994466754853,0.659135164954401,0.091616140772209,3.06663547284148,8.74182003947458,13.2625605555112
"Busan","Total","30-34",164703,166811,0.503179352908173,2015,0.567519024182192,0.999999,1e-06,0.567519024182192,5.67519024182192e-07,2.8375937021134,5.6751845666331,9.9999900000025
"Busan","Total","35+",779768,825906,0.514367175404223,2015,0.580137391905322,0.999999,1e-06,0.567518456663168,5.67518456663168e-07,2.8375908645197,2.8375908645197,4.9999975
"Chungbuk","Female","0-4",3160,30923,0.90728515682305,2015,1,0.945149320011221,0.0548506799887786,1,0.0548506799887786,4.86287330002805,27.6575298515031,27.6575298515031
"Chungbuk","Female","5-9",4696,28263,0.85751994902758,2015,0.945149320011221,0.934304579323699,0.0656954206763009,0.945149320011221,0.0620919821800569,4.57051664460596,22.794656551475,24.1175188606223
"Chungbuk","Female","10-14",7484,30159,0.801184815237893,2015,0.883057337831165,0.931348123961431,0.0686518760385688,0.883057337831165,0.0606235428917337,4.26372783192649,18.224139906869,20.6375499371632
"Chungbuk","Female","15-19",10620,31221,0.746181974618197,2015,0.822433794939431,0.848688325539979,0.151311674460021,0.822433794939431,0.124443834644795,3.80105938808517,13.9604120749425,16.9745117003256
"Chungbuk","Female","20-24",13842,23903,0.633275930586833,2015,0.697989960294636,0.803682083032915,0.196317916967085,0.697989960294636,0.137027935068981,3.14737996380073,10.1593526868574,14.5551558973268
"Chungbuk","Female","25-29",20322,21063,0.508952519028634,2015,0.560962025225655,0.92401538284794,0.0759846171520602,0.560962025225655,0.0426244847236157,2.69824891431923,7.01197272305666,12.4999062463025
"Chungbuk","Female","30-34",31334,27818,0.470279956721666,2015,0.518337540502039,0.776297483815831,0.223702516184169,0.518337540502039,0.11595341204302,2.30180417240265,4.31372380873742,8.32222918787503
"Chungbuk","Female","35+",486189,279556,0.365077147092048,2015,0.402384128459019,0.999999,1e-06,0.402384128459019,4.02384128459019e-07,2.01191963633478,2.01191963633478,4.9999975
"Chungbuk","Male","0-4",2861,31417,0.916535387128771,2015,1,0.934937032890666,0.0650629671093337,1,0.0650629671093337,4.83734258222667,28.6540456101423,28.6540456101423
"Chungbuk","Male","5-9",5111,30606,0.856902875381471,2015,0.934937032890666,0.942861965006423,0.0571380349935774,0.934937032890666,0.0534204649020983,4.54113400219809,23.8167030279156,25.474125197799
"Chungbuk","Male","10-14",7125,29973,0.807941128901828,2015,0.881516567988568,0.966341437251332,0.0336585627486679,0.881516567988568,0.0296705807176335,4.33340638814876,19.2755690257175,21.8663718025178
"Chungbuk","Male","15-19",9821,34972,0.780746991717456,2015,0.851845987270935,0.833515173641142,0.166484826358858,0.851845987270935,0.141819431275291,3.90468135816644,14.9421626375688,17.5409203786228
"Chungbuk","Male","20-24",13865,25836,0.650764464371175,2015,0.710026555995643,0.903583444737422,0.0964165552625783,0.710026555995643,0.0684583146740521,3.37898699329309,11.0374812794023,15.5451668479144
"Chungbuk","Male","25-29",18460,26348,0.588019996429209,2015,0.641568241321591,0.867257598848296,0.132742401151704,0.641568241321591,0.085163308855704,2.9949329344687,7.65849428610922,11.9371468112779
"Chungbuk","Male","30-34",28965,30143,0.509964810177979,2015,0.556404932465887,0.784213060279077,0.215786939720923,0.556404932465887,0.120064917622441,2.48186236827333,4.66356135164053,8.38159599156042
"Chungbuk","Male","35+",437883,291826,0.399921064424312,2015,0.436340014843446,0.999999,1e-06,0.436340014843446,4.36340014843446e-07,2.18169898336719,2.18169898336719,4.9999975
"Chungbuk","Total","0-4",6021,62340,0.911923465133629,2015,1,0.939990091566088,0.0600099084339116,1,0.0600099084339116,4.84997522891522,28.1672953937488,28.1672953937488
"Chungbuk","Total","5-9",9807,58869,0.857199021492224,2015,0.939990091566088,0.938566562597894,0.0614334374021063,0.939990091566088,0.0577468224488254,4.55558340170838,23.3173201648336,24.805921226239
"Chungbuk","Total","10-14",14609,60132,0.804538339064235,2015,0.882243269117263,0.949679259353518,0.0503207406464816,0.882243269117263,0.0443951347323539,4.30022850875543,18.7617367631252,21.2659449155077
"Chungbuk","Total","15-19",20441,66193,0.764053373964033,2015,0.837848134384909,0.840570917240376,0.159429082759624,0.837848134384909,0.133577359556848,3.85529727303242,14.4615082543697,17.2602977328181
"Chungbuk","Total","20-24",27707,49739,0.642241045373551,2015,0.70427077482806,0.856463897835495,0.143536102164505,0.70427077482806,0.101088281887196,3.26863316942231,10.6062109813373,15.0598482294352
"Chungbuk","Total","25-29",38782,47411,0.550056269070574,2015,0.603182492940865,0.89102702469647,0.10897297530353,0.603182492940865,0.0657305909067667,2.85158598743741,7.33757781191501,12.164772515429
"Chungbuk","Total","30-34",60299,57961,0.490115000845594,2015,0.537451902034098,0.779570687771638,0.220429312228362,0.537451902034098,0.118470153121201,2.39108412736749,4.4859918244776,8.34677820936056
"Chungbuk","Total","35+",924072,571382,0.382079288296397,2015,0.418981748912897,0.999999,1e-06,0.418981748912897,4.18981748912897e-07,2.09490769711011,2.09490769711011,4.9999975
"Chungnam","Female","0-4",3578,41244,0.920173129266878,2015,1,0.916662381449445,0.0833376185505553,1,0.0833376185505553,4.79165595362361,25.2617815705368,25.2617815705368
"Chungnam","Female","5-9",6368,34319,0.843488092019564,2015,0.916662381449445,0.966739370726567,0.0332606292734329,0.916662381449445,0.0304887676382921,4.50708998815149,20.4701256169132,22.3311505208116
"Chungnam","Female","10-14",7606,33604,0.815433147294346,2015,0.886173613811153,0.913192907574361,0.0868070924256393,0.886173613811153,0.0769261547992675,4.23855268205759,15.9630356287617,18.0134404590425
"Chungnam","Female","15-19",11331,33043,0.744647766710236,2015,0.809247459011885,0.701517148003974,0.298482851996026,0.809247459011885,0.241546489536404,3.44237107121841,11.7244829467041,14.488130689987
"Chungnam","Female","20-24",20442,22358,0.522383177570093,2015,0.567700969475481,0.848172208763741,0.151827791236259,0.567700969475481,0.0861927842781449,2.62302288668204,8.28211187548569,14.588863364348
"Chungnam","Female","25-29",30410,24193,0.443070893540648,2015,0.481508185197336,0.83811369621804,0.161886303781959,0.481508185197336,0.0779495803423559,2.21266697513079,5.65908898880365,11.7528406842853
"Chungnam","Female","30-34",48724,28781,0.371343784271982,2015,0.40355860485498,0.805344018512542,0.194655981487458,0.40355860485498,0.0785550963157555,1.82140528348551,3.44642201367286,8.54007812548402
"Chungnam","Female","35+",863483,368409,0.299059495475253,2015,0.325003508539224,0.999999,1e-06,0.325003508539224,3.25003508539224e-07,1.62501673018735,1.62501673018735,4.9999975
"Chungnam","Male","0-4",3424,42613,0.92562504072811,2015,1,0.929103278213201,0.0708967217867986,1,0.0708967217867986,4.822758195533,26.4690768350121,26.4690768350121
"Chungnam","Male","5-9",6668,40961,0.860001259736715,2015,0.929103278213201,0.93435904943464,0.0656409505653605,0.929103278213201,0.0609872223553071,4.49304833517774,21.6463186394791,23.2980758405116
"Chungnam","Male","10-14",8987,36760,0.80354995956019,2015,0.868116055857894,0.884619452969808,0.115380547030192,0.868116055857894,0.100163705410577,4.09017101576303,17.1532703043014,19.7591902471497
"Chungnam","Male","15-19",14501,35647,0.710835925660046,2015,0.767952350447318,0.863666236778468,0.136333763221532,0.767952350447318,0.104697833911303,3.57801716745833,13.0630992885383,17.0102992469902
"Chungnam","Male","20-24",15626,24848,0.613924988881751,2015,0.663254516536014,0.815221659038466,0.184778340961534,0.663254516536014,0.122555069200769,3.00988490967815,9.48508212108001,14.3008179885722
"Chungnam","Male","25-29",26781,26833,0.500484947961353,2015,0.540699447335246,0.894712662394501,0.105287337605499,0.540699447335246,0.0569288052546926,2.5611752235395,6.47519721140186,11.9755942849838
"Chungnam","Male","30-34",43444,35229,0.447790220278876,2015,0.483770642080553,0.745421087029015,0.254578912970985,0.483770642080553,0.123157804188143,2.11095869993241,3.91402198786236,8.09065628916489
"Chungnam","Male","35+",757748,379657,0.333792272761242,2015,0.36061283789241,0.999999,1e-06,0.36061283789241,3.6061283789241e-07,1.80306328792996,1.80306328792996,4.9999975
"Chungnam","Total","0-4",7002,83857,0.922935537481152,2015,1,0.923567944491771,0.0764320555082291,1,0.0764320555082291,4.80891986122943,25.8501042941829,25.8501042941829
"Chungnam","Total","5-9",13036,75280,0.852393677249875,2015,0.923567944491771,0.949304964476255,0.0506950355237447,0.923567944491771,0.0468203097546022,4.50078894807235,21.0411844329535,22.7824975503369
"Chungnam","Total","10-14",16593,70364,0.809181549501478,2015,0.876747634737169,0.89807920900506,0.10192079099494,0.876747634737169,0.0893588124353551,4.16034114259746,16.5403954848811,18.8656288646157
"Chungnam","Total","15-19",25832,68690,0.726709125917776,2015,0.787388822301814,0.780058478999109,0.219941521000891,0.787388822301814,0.173179495196161,3.50399537351867,12.3800543422837,15.7229236580885
"Chungnam","Total","20-24",36068,47206,0.566875615438192,2015,0.614209327105652,0.831779588158368,0.168220411841632,0.614209327105652,0.103322545962685,2.81274027062155,8.87605896876499,14.4511953450655
"Chungnam","Total","25-29",57191,51026,0.471515565946201,2015,0.510886781142968,0.869224453651956,0.130775546348044,0.510886781142968,0.0668114979259651,2.38740516089993,6.06331869814344,11.8682238843182
"Chungnam","Total","30-34",92168,64010,0.409852860197979,2015,0.444075283217003,0.770357724289823,0.229642275710177,0.444075283217003,0.101978458624594,1.96543026952353,3.67591353724351,8.27768100627936
"Chungnam","Total","35+",1621231,748066,0.31573331667579,2015,0.342096824592409,0.999999,1e-06,0.342096824592409,3.42096824592409e-07,1.71048326771998,1.71048326771998,4.9999975
"Daegu","Female","0-4",5675,44660,0.887255388894407,2015,1,0.931352639568246,0.0686473604317538,1,0.0686473604317538,4.82838159892062,31.0484908538928,31.0484908538928
"Daegu","Female","5-9",9094,43275,0.826347648417957,2015,0.931352639568246,0.999999,1e-06,0.931352639568246,9.31352639568246e-07,4.65676086945963,26.2201092549722,28.1527191109129
"Daegu","Female","10-14",9521,51339,0.843558987840946,2015,0.950751044625482,0.960419551955064,0.039580448044936,0.931351708215607,0.0368633178985902,4.56460024633156,21.5633483855125,23.1527447636577
"Daegu","Female","15-19",14047,59951,0.810170545149869,2015,0.913119892300015,0.877231166880533,0.122768833119467,0.894488390317016,0.109815295918131,4.19790371178976,16.998748139181,19.0038778850516
"Daegu","Female","20-24",22518,55320,0.710706852694057,2015,0.801017228624168,0.873252853226671,0.126747146773329,0.784673094398886,0.0994550758648577,3.67472778233228,12.8008444273912,16.3136018282844
"Daegu","Female","25-29",27467,44934,0.620626786922833,2015,0.699490580379776,0.877067181674854,0.122932818325146,0.685218018534028,0.0842357821855601,3.21550063720624,9.12611664505892,13.3185590545087
"Daegu","Female","30-34",39095,46702,0.544331386878329,2015,0.613500231941798,0.977990500607258,0.0220094993927417,0.600982236348468,0.0132273181659601,2.97184288632744,5.91061600785268,9.83492630957819
"Daegu","Female","35+",248389,282755,0.53235092554938,2015,0.599997398959428,0.999999,1e-06,0.587754918182508,5.87754918182508e-07,2.93877312152524,2.93877312152524,4.9999975
"Daegu","Male","0-4",5891,48482,0.891655785040369,2015,1,0.957441761456669,0.0425582385433313,1,0.0425582385433313,4.89360440364167,31.9793891683144,31.9793891683144
"Daegu","Male","5-9",8215,47940,0.85370848544208,2015,0.957441761456669,0.976090965330725,0.0239090346692751,0.957441761456669,0.0228915082684793,4.72998003661215,27.0857847646727,28.2897465465304
"Daegu","Male","10-14",10747,53721,0.833297139666191,2015,0.934550253188189,0.99340223049395,0.00659776950605051,0.934550253188189,0.00616594716235682,4.65733639803506,22.3558047280606,23.9214581043603
"Daegu","Male","15-19",14132,67935,0.827799237208622,2015,0.928384306025833,0.856543828525116,0.143456171474884,0.928384306025833,0.133182458199833,4.30896538462958,17.6984683300255,19.0637306287393
"Daegu","Male","20-24",22427,54654,0.709046327888844,2015,0.795201847826,0.879606399340735,0.120393600659265,0.795201847826,0.0957372137106728,3.73666620485332,13.389502945396,16.8378669918858
"Daegu","Male","25-29",32970,54642,0.623681687440077,2015,0.699464634115327,0.916849560087349,0.0831504399126511,0.699464634115327,0.058160792030031,3.35192119050156,9.65283674054265,13.8003213740054
"Daegu","Male","30-34",42259,56436,0.57182228076397,2015,0.641303842085296,0.976688885451145,0.0233111145488553,0.641303842085296,0.0149495073234713,3.1691454421178,6.30091555004109,9.82516419916137
"Daegu","Male","35+",212200,268426,0.558492466075493,2015,0.626354334761825,0.999999,1e-06,0.626354334761825,6.26354334761825e-07,3.13177010792329,3.13177010792329,4.9999975
"Daegu","Total","0-4",11566,93142,0.88954043626084,2015,1,0.944875906421836,0.0551240935781641,1,0.0551240935781641,4.86218976605459,31.7656594870226,31.7656594870226
"Daegu","Total","5-9",17309,91215,0.840505326010836,2015,0.944875906421836,0.997352814328998,0.00264718567100219,0.944875906421836,0.00250126196035509,4.71812637720829,26.9034697209681,28.4730190897228
"Daegu","Total","10-14",20268,105060,0.838280352355419,2015,0.942374644461481,0.977525735142024,0.0224742648579757,0.942374644461481,0.021179177355068,4.65892527891973,22.1853433437598,23.5419569850986
"Daegu","Total","15-19",28179,127886,0.819440617691347,2015,0.921195467106413,0.866299072782108,0.133700927217892,0.921195467106413,0.123164688101046,4.29806561527945,17.52641806484,19.0257319870371
"Daegu","Total","20-24",44945,109974,0.709880647306012,2015,0.798030779005367,0.876625444759295,0.123374555240705,0.798030779005367,0.0984566924281805,3.74401216395638,13.2283524495606,16.5762434201446
"Daegu","Total","25-29",60437,99576,0.622299438170649,2015,0.699574086577186,0.898342109868959,0.101657890131041,0.699574086577186,0.0711172256317871,3.32007736880646,9.4843402856042,13.5573064634345
"Daegu","Total","30-34",81354,103138,0.559037790256488,2015,0.628456860945399,0.974476283291847,0.0255237167081527,0.628456860945399,0.0160405548820653,3.10218291752183,6.16426291679774,9.80856968849815
"Daegu","Total","35+",460589,551181,0.54476906806883,2015,0.612416306063334,0.999999,1e-06,0.612416306063334,6.12416306063334e-07,3.0620799992759,3.0620799992759,4.9999975
"Daejeon","Female","0-4",3790,30686,0.89006845341687,2015,1,0.880671814573858,0.119328185426142,1,0.119328185426142,4.70167953643465,29.9706878188877,29.9706878188877
"Daejeon","Female","5-9",7536,27330,0.783858199965582,2015,0.880671814573858,0.994582662178804,0.00541733782119636,0.880671814573858,0.00477089672915259,4.39143183104641,25.269008282453,28.6928772606175
"Daejeon","Female","10-14",8572,30323,0.779611775292454,2015,0.875900917844706,0.968622796084358,0.0313772039156425,0.875900917844706,0.0274833217091117,4.31079628495075,20.8775764514066,23.8355458089703
"Daejeon","Female","15-19",10686,32957,0.755149737644067,2015,0.848417596135594,0.864471013661451,0.135528986338549,0.848417596135594,0.114985176796045,3.95462503868786,16.5667801664559,19.5266814855266
"Daejeon","Female","20-24",14494,27252,0.652805059167345,2015,0.733432419339549,0.91669446315472,0.0833055368452797,0.733432419339549,0.0610989814328135,3.51441464311571,12.612155127768,17.1960698698391
"Daejeon","Female","25-29",14411,21475,0.598422783258095,2015,0.672333437906735,0.927354547216784,0.0726454527832157,0.672333437906735,0.0488419670180308,3.2395622719886,9.09774048465231,13.5315900886583
"Daejeon","Female","30-34",18458,23016,0.554950089212519,2015,0.623491470888705,0.919435398736938,0.0805646012630615,0.623491470888705,0.0502313417430682,2.99187900008585,5.85817821266371,9.39576319193854
"Daejeon","Female","35+",115281,120102,0.510240756554212,2015,0.573260129145637,0.999999,1e-06,0.573260129145637,5.73260129145636e-07,2.86629921257786,2.86629921257786,4.9999975
"Daejeon","Male","0-4",4422,31977,0.878513145965549,2015,1,0.927693941757539,0.0723060582424611,1,0.0723060582424611,4.81923485439385,30.1113601448057,30.1113601448057
"Daejeon","Male","5-9",7143,31466,0.814991323266596,2015,0.927693941757539,0.94439844763695,0.0556015523630502,0.927693941757539,0.0515812232795162,4.5095166505889,25.2921252904118,27.26343695044
"Daejeon","Male","10-14",9976,33337,0.769676540530557,2015,0.876112718478023,0.999999,1e-06,0.876112718478023,8.76112718478023e-07,4.38056140210832,20.7826086398229,23.7213867593731
"Daejeon","Male","15-19",8549,37592,0.814720097093691,2015,0.927385208559692,0.811626703722892,0.188373296277108,0.876111842365304,0.165036075653762,3.96796902269212,16.4020472377146,18.7214079807811
"Daejeon","Male","20-24",13484,26321,0.661248586860947,2015,0.752690599904669,0.946535206147904,0.053464793852096,0.711075766711542,0.0380175192804537,3.46033503535658,12.4340782150225,17.4862916121097
"Daejeon","Male","25-29",14054,23513,0.625895067479437,2015,0.712448152146356,0.875249442033165,0.124750557966835,0.673058247431088,0.0839643919112086,3.15538025737742,8.97374317966594,13.332788378891
"Daejeon","Male","30-34",18361,22244,0.547814308582687,2015,0.623569847643657,0.983573826437106,0.0164261735628943,0.58909385551988,0.00967655791560414,2.92127788281039,5.81836292228852,9.87680123934372
"Daejeon","Male","35+",104241,121788,0.538815815669671,2015,0.613326981097675,0.999999,1e-06,0.579417297604275,5.79417297604275e-07,2.89708503947813,2.89708503947813,4.9999975
"Daejeon","Total","0-4",8212,62663,0.884134038800706,2015,1,0.905086475608055,0.0949135243919448,1,0.0949135243919448,4.76271618902014,30.3145933466956,30.3145933466956
"Daejeon","Total","5-9",14679,58796,0.800217761143246,2015,0.905086475608055,0.967708075438862,0.0322919245611385,0.905086475608055,0.029226984191642,4.45236491756117,25.5518771576754,28.2314208048564
"Daejeon","Total","10-14",18548,63660,0.774377189567925,2015,0.875859491416413,0.999999,1e-06,0.875859491416413,8.75859491416413e-07,4.37929526743334,21.0995122401143,24.0900651838491
"Daejeon","Total","15-19",19235,70549,0.785763610442841,2015,0.888738105263654,0.836035586073942,0.163964413926058,0.875858615556922,0.143609644581879,4.02026896632991,16.7202169726809,19.0900867739358
"Daejeon","Total","20-24",27978,53573,0.656926340572157,2015,0.743016682700344,0.932331746206824,0.0676682537931755,0.732248970975043,0.0495500092077308,3.53736983185589,12.699948006351,17.3437567135671
"Daejeon","Total","25-29",28465,44988,0.612473282234898,2015,0.692738041242814,0.90031678023261,0.0996832197673904,0.682698961767312,0.0680536306408202,3.24336073223451,9.16257817449514,13.4211104566145
"Daejeon","Total","30-34",36819,45260,0.551419973440222,2015,0.623683682836375,0.950706660328421,0.0492933396715789,0.614645331126492,0.0302979210847682,2.99748185292054,5.91921744226063,9.63029757569651
"Daejeon","Total","35+",219522,241890,0.52423864138774,2015,0.5929402312107,0.999999,1e-06,0.584347410041724,5.84347410041724e-07,2.92173558934009,2.92173558934009,4.9999975
"Gangwon","Female","0-4",2849,23983,0.893820810971974,2015,1,0.893887622704856,0.106112377295144,1,0.106112377295144,4.73471905676214,25.164492943641,25.164492943641
"Gangwon","Female","5-9",5768,22925,0.798975359843864,2015,0.893887622704856,0.961495257267867,0.0385047427321329,0.893887622704856,0.0344189129436884,4.38339083116506,20.4297738868789,22.854968978158
"Gangwon","Female","10-14",8515,28221,0.768211019163763,2015,0.859468709761168,0.92219766536041,0.0778023346395902,0.859468709761168,0.0668686721690952,4.1301718683831,16.0463830557138,18.6701189624144
"Gangwon","Female","15-19",11583,28145,0.708442408376963,2015,0.792600037592073,0.744514915508644,0.255485084491356,0.792600037592073,0.202497487572063,3.45675646903021,11.9162111873307,15.0343308379499
"Gangwon","Female","20-24",18750,20928,0.527445939815515,2015,0.59010255002001,0.746209136810828,0.253790863189172,0.59010255002001,0.14976263553971,2.57610616125077,8.45945471830052,14.3355671281435
"Gangwon","Female","25-29",31006,20124,0.393584979464111,2015,0.4403399144803,0.86887469240567,0.13112530759433,0.4403399144803,0.0577397067322903,2.05735030557077,5.88334855704975,13.3609249663261
"Gangwon","Female","30-34",47433,24651,0.341976027967371,2015,0.382600207748009,0.999999,1e-06,0.382600207748009,3.82600207748009e-07,1.91300008223953,3.82599825147897,9.9999900000025
"Gangwon","Female","35+",545009,303521,0.357702143707353,2015,0.400194467746141,0.999999,1e-06,0.382599825147802,3.82599825147802e-07,1.91299816923945,1.91299816923945,4.9999975
"Gangwon","Male","0-4",2628,25852,0.907724719101124,2015,1,0.963340354580913,0.0366596454190868,1,0.0366596454190868,4.90835088645228,26.5557729333965,26.5557729333965
"Gangwon","Male","5-9",4093,28507,0.874447852760736,2015,0.963340354580913,0.900641556492034,0.0993584435079661,0.963340354580913,0.0957159981995717,4.57741177740564,21.6474220469442,22.4712085858394
"Gangwon","Male","10-14",7957,29499,0.787564075181546,2015,0.867624356381341,0.944537330423424,0.0554626695765764,0.867624356381341,0.0481207629945681,4.21781987442029,17.0700102695386,19.6744249328518
"Gangwon","Male","15-19",11149,32382,0.74388366910937,2015,0.819503593386773,0.811647879555369,0.188352120444631,0.819503593386773,0.154355239526394,3.71162986811788,12.8521903951183,15.6828969376496
"Gangwon","Male","20-24",15086,22988,0.603771602668488,2015,0.66514835386038,0.782495517311774,0.217504482688226,0.66514835386038,0.144672748617327,2.96405989775858,9.14056052700041,13.7421380868652
"Gangwon","Male","25-29",27774,24873,0.472448572568238,2015,0.520475605243053,0.749363154357092,0.250636845642908,0.520475605243053,0.130450363932202,2.27625211638476,6.17650062924183,11.867031935834
"Gangwon","Male","30-34",46804,25652,0.35403555261124,2015,0.390025241310851,0.999999,1e-06,0.390025241310851,3.90025241310851e-07,1.95012523149115,3.90024851285707,9.9999900000025
"Gangwon","Male","35+",472797,312266,0.397759160729776,2015,0.438193598080768,0.999999,1e-06,0.390024851285609,3.90024851285609e-07,1.95012328136592,1.95012328136592,4.9999975
"Gangwon","Total","0-4",5477,49835,0.900979895863465,2015,1,0.931338237288235,0.0686617627117655,1,0.0686617627117655,4.82834559322059,25.8775370895263,25.8775370895263
"Gangwon","Total","5-9",9861,51432,0.839117028045617,2015,0.931338237288235,0.92714296995972,0.0728570300402804,0.931338237288235,0.0678545379317707,4.48705484161175,21.0491914963057,22.6010171745921
"Gangwon","Total","10-14",16472,57720,0.777981453525987,2015,0.863483699356464,0.93443417724036,0.0655658227596396,0.863483699356464,0.0566150191878438,4.17588094881271,16.562136654694,19.180601402247
"Gangwon","Total","15-19",22732,60527,0.726972459433815,2015,0.80686868016862,0.776950318216505,0.223049681783495,0.80686868016862,0.179971802352679,3.5844138949614,12.3862557058813,15.3510180904441
"Gangwon","Total","20-24",33836,43916,0.564821483691738,2015,0.626896877815941,0.767664116729209,0.232335883270791,0.626896877815941,0.145650639827068,2.77035778951203,8.80184181091987,14.0403344192506
"Gangwon","Total","25-29",58780,44997,0.433593185387899,2015,0.481246237988873,0.802644784808756,0.197355215191244,0.481246237988873,0.0949764548582708,2.16879005279869,6.03148402140784,12.5330517836636
"Gangwon","Total","30-34",94237,50303,0.348021308980213,2015,0.386269783130602,0.999999,1e-06,0.386269783130602,3.86269783130602e-07,1.93134794997855,3.86269396860915,9.9999900000025
"Gangwon","Total","35+",1017806,615787,0.376952521221626,2015,0.41838061309944,0.999999,1e-06,0.386269396860819,3.86269396860819e-07,1.9313460186306,1.9313460186306,4.9999975
"Gwangju","Female","0-4",2995,29120,0.906741398100576,2015,1,0.972554864439651,0.0274451355603487,1,0.0274451355603487,4.93138716109913,30.1106062141496,30.1106062141496
"Gwangju","Female","5-9",4459,33283,0.881855757511526,2015,0.972554864439651,0.936736517923167,0.0632634820768333,0.972554864439651,0.0615272072352149,4.70895630411022,25.1792190530504,25.8897672241429
"Gwangju","Female","10-14",7021,33345,0.826066491601843,2015,0.911027657204436,0.971624987029998,0.0283750129700017,0.911027657204436,0.0258504215892061,4.49051223204917,20.4702627489402,22.469419657088
"Gwangju","Female","15-19",9873,40149,0.802626844188557,2015,0.88517723561523,0.846036242425387,0.153963757574613,0.88517723561523,0.136285213314829,4.08517314478908,15.979750516891,18.0525999471558
"Gwangju","Female","20-24",15929,33702,0.679051399327034,2015,0.748892022300401,0.853344141557255,0.146655858442745,0.748892022300401,0.109829402411389,3.46988660547353,11.894577372102,15.8829003620107
"Gwangju","Female","25-29",18189,25063,0.57946453343198,2015,0.639062619889012,0.899898509543753,0.100101490456247,0.639062619889012,0.0639711207457638,3.03538529758065,8.42469076662843,13.1828877240411
"Gwangju","Female","30-34",24162,26329,0.521459269968905,2015,0.575091499143248,0.91616216301099,0.0838378369890099,0.575091499143248,0.048214427358937,2.7549214273189,5.38930546904778,9.37121393217702
"Gwangju","Female","35+",153472,140390,0.477741252696844,2015,0.526877071784311,0.999999,1e-06,0.526877071784311,5.26877071784311e-07,2.63438404172888,2.63438404172888,4.9999975
"Gwangju","Male","0-4",3583,34093,0.904899670878012,2015,1,0.908036456633624,0.0919635433663756,1,0.0919635433663756,4.77009114158406,29.9861311878584,29.9861311878584
"Gwangju","Male","5-9",6813,31394,0.821681890753003,2015,0.908036456633624,0.999999,1e-06,0.908036456633624,9.08036456633624e-07,4.54018001307698,25.2160400462743,27.769854241049
"Gwangju","Male","10-14",7000,37307,0.842011420317331,2015,0.930502515820719,0.964436743554409,0.0355632564455909,0.908035548597168,0.0322927010764739,4.45944599029465,20.6758600331974,22.7698795109285
"Gwangju","Male","15-19",9516,41119,0.81206675224647,2015,0.897410816227319,0.84199879435613,0.15800120564387,0.875742847520694,0.138368425742265,4.03279317324781,16.2164140429027,18.5173239939245
"Gwangju","Male","20-24",12982,28069,0.683759226328226,2015,0.755618825305554,0.901973738089156,0.0980262619108435,0.737374421778428,0.072282058195609,3.50616696340312,12.1836208696549,16.5229773501906
"Gwangju","Male","25-29",16597,26707,0.61673286532422,2015,0.681548336431387,0.853903595762853,0.146096404237147,0.665092363582819,0.0971676028050354,3.08254281090151,8.67745390625177,13.0469907360036
"Gwangju","Male","30-34",21935,24403,0.526630411325478,2015,0.581976575164952,0.98020040058079,0.0197995994192103,0.567924760777784,0.0112446827636509,2.81151209697979,5.59491109535026,9.85150055385492
"Gwangju","Male","35+",129374,138040,0.51620334013926,2015,0.570453672105322,0.999999,1e-06,0.556680078014133,5.56680078014133e-07,2.78339899837047,2.78339899837047,4.9999975
"Gwangju","Total","0-4",6578,63213,0.905747159375851,2015,1,0.940201255038036,0.0597987449619642,1,0.0597987449619642,4.85050313759509,30.3261735429433,30.3261735429433
"Gwangju","Total","5-9",11272,64677,0.851584615992311,2015,0.940201255038036,0.97983219609327,0.0201678039067295,0.940201255038036,0.018961794544468,4.65360178882901,25.4756704053482,27.0959757486364
"Gwangju","Total","10-14",14021,70652,0.83441002444699,2015,0.921239460493568,0.967600483011521,0.0323995169884793,0.921239460493568,0.0298477135507189,4.53157801859104,20.8220686165192,22.6022326544321
"Gwangju","Total","15-19",19389,81268,0.807375542684562,2015,0.891391746942849,0.843699812673477,0.156300187326523,0.891391746942849,0.139324697028484,4.10864699214303,16.2904905979281,18.2753437574429
"Gwangju","Total","20-24",28911,61771,0.681182594120112,2015,0.752067049914365,0.878046355463826,0.121953644536174,0.752067049914365,0.0917173176726257,3.53104195539026,12.1818436057851,16.1978158824698
"Gwangju","Total","25-29",34786,51770,0.598109894172559,2015,0.660349732241739,0.875982742492065,0.124017257507935,0.660349732241739,0.0818947627887198,3.0970117542369,8.65080165039482,13.100333396104
"Gwangju","Total","30-34",46097,50732,0.523933945408917,2015,0.578454969453019,0.946810396351157,0.0531896036488426,0.578454969453019,0.0307677905539095,2.81535537088032,5.55378989615792,9.60107560560769
"Gwangju","Total","35+",282846,278430,0.496066106514442,2015,0.54768717889911,0.999999,1e-06,0.54768717889911,5.4768717889911e-07,2.7384345252776,2.7384345252776,4.9999975
"Gyeongbuk","Female","0-4",3551,48822,0.932197888224849,2015,1,0.887364255544025,0.112635744455975,1,0.112635744455975,4.71841063886006,25.5190802687364,25.5190802687364
"Gyeongbuk","Female","5-9",9066,43399,0.827199085104355,2015,0.887364255544025,0.988591543182253,0.0114084568177472,0.887364255544025,0.0101234567909864,4.41151263574266,20.8006696298764,23.4409595607656
"Gyeongbuk","Female","10-14",10537,47283,0.817762020062262,2015,0.877240798753039,0.858432436347201,0.141567563652799,0.877240798753039,0.124188842616303,4.07573188722444,16.3891569941337,18.6826205728578
"Gyeongbuk","Female","15-19",19180,45181,0.701993443234257,2015,0.753051956136736,0.765507178088281,0.234492821911719,0.753051956136736,0.176585278240643,3.32379658508207,12.3134251069093,16.3513619565891
"Gyeongbuk","Female","20-24",31057,36076,0.537381019766732,2015,0.576466677896093,0.89449680838693,0.10550319161307,0.576466677896093,0.0608190743766216,2.73028570353891,8.98962852182719,15.5943593385766
"Gyeongbuk","Female","25-29",40963,37916,0.480685607069055,2015,0.515647603519471,0.833624929827127,0.166375070172873,0.515647603519471,0.085790906220026,2.36376075204729,6.25934281828828,12.1387993962662
"Gyeongbuk","Female","30-34",71594,47871,0.400711505461851,2015,0.429856697299445,0.87500207426601,0.12499792573399,0.429856697299445,0.0537311955252941,2.01495549768399,3.89558206624099,9.06251336948989
"Gyeongbuk","Female","35+",1131516,610949,0.350623398461375,2015,0.376125501774151,0.999999,1e-06,0.376125501774151,3.76125501774151e-07,1.880626568557,1.880626568557,4.9999975
"Gyeongbuk","Male","0-4",4885,50951,0.912511641235045,2015,1,0.916327223499245,0.0836727765007549,1,0.0836727765007549,4.79081805874811,26.6569260656938,26.6569260656938
"Gyeongbuk","Male","5-9",9547,48723,0.836159258623648,2015,0.916327223499245,0.936014278092432,0.0639857219075676,0.916327223499245,0.0586318588991562,4.43505647024834,21.8661080069457,23.8627724312763
"Gyeongbuk","Male","10-14",13497,48603,0.782657004830918,2015,0.857695364600089,0.928208461570939,0.0717915384290606,0.857695364600089,0.0615752697281144,4.13453864868016,17.4310515366974,20.3231266672694
"Gyeongbuk","Male","15-19",20880,55455,0.726468854391826,2015,0.796120094871974,0.841615016132397,0.158384983867603,0.796120094871974,0.126093468382972,3.66536680340244,13.2965128880172,16.701642093528
"Gyeongbuk","Male","20-24",25747,40510,0.61140709660866,2015,0.670026626489002,0.790199883758813,0.209800116241187,0.670026626489002,0.140571664122083,2.9987039721398,9.6311460846148,14.3742736539932
"Gyeongbuk","Male","25-29",45983,42982,0.483133816669477,2015,0.529454962366919,0.88518338581103,0.11481661418897,0.529454962366919,0.0607902261445185,2.4952992464733,6.63244211247499,12.5269240707931
"Gyeongbuk","Male","30-34",70488,52670,0.427662027639293,2015,0.468664736222401,0.843668343911827,0.156331656088173,0.468664736222401,0.0732671343637747,2.16015584520257,4.13714286600169,8.82751047016784
"Gyeongbuk","Male","35+",1057857,597126,0.360804914612416,2015,0.395397601858626,0.999999,1e-06,0.395397601858626,3.95397601858626e-07,1.97698702079913,1.97698702079913,4.9999975
"Gyeongbuk","Total","0-4",8436,99773,0.922039756397342,2015,1,0.902253968135427,0.0977460318645725,1,0.0977460318645725,4.75563492033857,26.0926393728258,26.0926393728258
"Gyeongbuk","Total","5-9",18613,92122,0.831914028988125,2015,0.902253968135427,0.961136640937282,0.0388633590627181,0.902253968135427,0.0350646199294093,4.42360829085361,21.3370044524873,23.6485570649046
"Gyeongbuk","Total","10-14",24034,95886,0.799583055370247,2015,0.867189348206018,0.894557031646703,0.105442968353297,0.867189348206018,0.0914390189992032,4.10734919353208,16.9133961616337,19.5036945467826
"Gyeongbuk","Total","15-19",40060,100636,0.71527264456701,2015,0.775750329206815,0.802702284495424,0.197297715504576,0.775750329206815,0.153053767754428,3.49611722664801,12.8060469681016,16.5079491248111
"Gyeongbuk","Total","20-24",56804,76586,0.574150985831022,2015,0.622696561452387,0.839471292523923,0.160528707476077,0.622696561452387,0.0999606741597495,2.86358112186256,9.30992974145358,14.9509894831263
"Gyeongbuk","Total","25-29",86946,80898,0.481983270179452,2015,0.522735887292638,0.859764023151301,0.140235976848699,0.522735887292638,0.0733063777883546,2.4304134919923,6.44634861959101,12.3319419544314
"Gyeongbuk","Total","30-34",142082,100541,0.414391875461106,2015,0.449429509504283,0.858084084168253,0.141915915831747,0.449429509504283,0.0637812004431133,2.08769454641363,4.01593512759871,8.93562848605169
"Gyeongbuk","Total","35+",2189373,1208075,0.355583072941808,2015,0.38564830906117,0.999999,1e-06,0.38564830906117,3.8564830906117e-07,1.92824058118508,1.92824058118508,4.9999975
"Gyeonggi","Female","0-4",23299,252518,0.915527324276604,2015,1,0.924585017143438,0.0754149828565619,1,0.0754149828565619,4.8114625428586,32.6011700289641,32.6011700289641
"Gyeonggi","Female","5-9",42498,234331,0.84648284681157,2015,0.924585017143438,0.977750531919637,0.0222494680803625,0.924585017143438,0.0205715248265144,4.5714962736509,27.7897074861055,30.0564112232356
"Gyeonggi","Female","10-14",44824,215250,0.827649053730861,2015,0.904013492316924,0.977171977011032,0.0228280229889684,0.904013492316924,0.0206368407849483,4.46847535962225,23.2182112124546,25.6834786314394
"Gyeonggi","Female","15-19",54664,231169,0.808755462105495,2015,0.883376651531975,0.889129699587256,0.110870300412744,0.883376651531975,0.0979402347329537,4.17203267082749,18.7497358528323,21.2250751933686
"Gyeonggi","Female","20-24",74766,191389,0.719088501061412,2015,0.785436416799022,0.95045148396248,0.0495485160375199,0.785436416799022,0.0389172088942185,3.82988906175956,14.5777031820048,18.5600041839351
"Gyeonggi","Female","25-29",71689,154787,0.683458732934174,2015,0.746519207904803,0.976584992067058,0.0234150079329424,0.746519207904803,0.0174797531751848,3.68889665658605,10.7478141202453,14.3972372129718
"Gyeonggi","Female","30-34",68852,138194,0.667455541280682,2015,0.729039454729618,0.957665695284377,0.0423343047156226,0.729039454729618,0.030863378426235,3.5680388275825,7.05891746365923,9.68249032046859
"Gyeonggi","Female","35+",481341,852750,0.639199275011974,2015,0.698176076303383,0.999999,1e-06,0.698176076303383,6.98176076303383e-07,3.49087863607673,3.49087863607673,4.9999975
"Gyeonggi","Male","0-4",25900,271243,0.912836580367029,2015,1,0.933646442405698,0.0663535575943018,1,0.0663535575943018,4.83411610601425,33.4592223332021,33.4592223332021
"Gyeonggi","Male","5-9",42372,244442,0.85226662575746,2015,0.933646442405698,0.973300106283722,0.0266998937162783,0.933646442405698,0.0249282607808135,4.60591156007646,28.6251062271878,30.659471216353
"Gyeonggi","Male","10-14",48806,237465,0.829511197431804,2015,0.908718181624885,0.970900305452974,0.029099694547026,0.908718181624885,0.026443421514613,4.47748235433789,24.0191946671114,26.4319512394508
"Gyeonggi","Male","15-19",58178,240742,0.805372674963201,2015,0.882274760110272,0.909350121985034,0.0906498780149663,0.882274760110272,0.0799780993796797,4.21142855210216,19.5417123127735,22.149236492191
"Gyeonggi","Male","20-24",64392,176205,0.7323657402212,2015,0.802296660730592,0.951049327212954,0.0489506727870462,0.802296660730592,0.0392729613175631,3.91330090035905,15.3302837606713,19.1079989622681
"Gyeonggi","Male","25-29",73004,167549,0.696515944511189,2015,0.763023699413029,0.999999,1e-06,0.763023699413029,7.63023699413029e-07,3.8151165895059,11.4169828603123,14.9628155312804
"Gyeonggi","Male","30-34",63190,149158,0.702422438638461,2015,0.769494183017989,0.995044064229138,0.00495593577086184,0.763022936389329,0.00378149266443992,3.80566095028555,7.60186627080638,9.96282799410838
"Gyeonggi","Male","35+",376209,873411,0.698941278148557,2015,0.7656806192709,0.999999,1e-06,0.75924144372489,7.59241443724889e-07,3.79620532052084,3.79620532052084,4.9999975
"Gyeonggi","Total","0-4",49199,523761,0.91413187657079,2015,1,0.929216000674518,0.0707839993254823,1,0.0707839993254823,4.82304000168629,33.0642639000477,33.0642639000477
"Gyeonggi","Total","5-9",84870,478773,0.849425966436202,2015,0.929216000674518,0.975511466336965,0.0244885336630354,0.929216000674518,0.022755137312749,4.58919216009072,28.2412238983614,30.392528623981
"Gyeonggi","Total","10-14",93630,452715,0.828624770062872,2015,0.906460863361769,0.973934455792226,0.0260655442077735,0.906460863361769,0.0236273957065727,4.47323582754241,23.6520317382707,26.0927224707231
"Gyeonggi","Total","15-19",112842,471911,0.807026214487142,2015,0.882833467655196,0.898846021761583,0.101153978238417,0.882833467655196,0.0893021173753399,4.19091204483763,19.1787959107283,21.7241378055899
"Gyeonggi","Total","20-24",139158,367594,0.725392302349078,2015,0.793531350279856,0.951463255253182,0.048536744746818,0.793531350279856,0.0385154285971312,3.87136817990645,14.9878838658907,18.8875762256965
"Gyeonggi","Total","25-29",144693,322336,0.690184121328654,2015,0.755015921682725,0.992720631237344,0.00727936876265589,0.755015921682725,0.00549603931560507,3.76133951012461,11.1165156859842,14.7235513407565
"Gyeonggi","Total","30-34",132042,287352,0.685160016595373,2015,0.74951988236712,0.975091464286306,0.0249085357136939,0.74951988236712,0.018669442758065,3.70092580494044,7.35517617585961,9.81318354441864
"Gyeonggi","Total","35+",857550,1726161,0.668093683852412,2015,0.730850439609055,0.999999,1e-06,0.730850439609055,7.30850439609055e-07,3.65425037091918,3.65425037091918,4.9999975
"Gyeongnam","Female","0-4",4973,66161,0.93008968988107,2015,1,0.951713183960389,0.0482868160396114,1,0.0482868160396114,4.87928295990097,28.9729001423834,28.9729001423834
"Gyeongnam","Female","5-9",8421,64919,0.885178620125443,2015,0.951713183960389,0.967916233920094,0.0320837660799065,0.951713183960389,0.0305345431693481,4.68222956187857,24.0936171824824,25.3160485622581
"Gyeongnam","Female","10-14",10733,64207,0.856778756338404,2015,0.92117864079104,0.923388688486868,0.0766113115131325,0.92117864079104,0.0705727038088864,4.42946144443299,19.4113876206039,21.0723379386378
"Gyeongnam","Female","15-19",18500,70076,0.791139812138728,2015,0.850605936982154,0.768886677894221,0.231113322105779,0.850605936982154,0.196586363898844,3.76156377516366,14.9819261761709,17.6132396034348
"Gyeongnam","Female","20-24",33652,52260,0.608296861905205,2015,0.65401957308331,0.919194954989775,0.0808050450102253,0.65401957308331,0.0528480810405652,3.13797766281514,11.2203624010072,17.1560039833517
"Gyeongnam","Female","25-29",40576,51463,0.559143406599376,2015,0.601171492042745,0.935708016825617,0.0642919831743826,0.601171492042745,0.0386505074513306,2.9092311915854,8.08238473819208,13.4443912347351
"Gyeongnam","Female","30-34",54125,59391,0.523194968110222,2015,0.562520984591414,0.89285020918977,0.10714979081023,0.562520984591414,0.0602740058253348,2.66191990839373,5.17315354660668,9.19637433679775
"Gyeongnam","Female","35+",780508,684230,0.467134736724247,2015,0.502246978766079,0.999999,1e-06,0.502246978766079,5.02246978766079e-07,2.51123363821295,2.51123363821295,4.9999975
"Gyeongnam","Male","0-4",5038,73195,0.935602622934056,2015,1,0.936743642754216,0.0632563572457843,1,0.0632563572457843,4.84185910688554,29.6704019658647,29.6704019658647
"Gyeongnam","Male","5-9",9520,67515,0.876419809177647,2015,0.936743642754216,0.973071994647922,0.0269280053520783,0.936743642754216,0.0252246378256108,4.62065661920705,24.8285428589791,26.5051629130657
"Gyeongnam","Male","10-14",12032,69718,0.852819571865443,2015,0.911519004928605,0.944944336170797,0.055055663829203,0.911519004928605,0.0501842839092789,4.43213431486983,20.2078862397721,22.1694623266301
"Gyeongnam","Male","15-19",17954,74529,0.805867024209855,2015,0.861334721019326,0.836483429465675,0.163516570534325,0.861334721019326,0.14084249966322,3.95456735593858,15.7757519249023,18.3154719529161
"Gyeongnam","Male","20-24",27657,57205,0.674094412104358,2015,0.720492221356106,0.854585339976975,0.145414660023025,0.720492221356106,0.104770131417732,3.3405357782362,11.8211845689637,16.4070953420065
"Gyeongnam","Male","25-29",39486,53657,0.576071202344782,2015,0.615722089938374,0.999999,1e-06,0.615722089938374,6.15722089938374e-07,3.07860891038665,8.48064879072747,13.7735009500411
"Gyeongnam","Male","30-34",48974,67288,0.578761762226695,2015,0.618597840621368,0.836468575296631,0.163531424703369,0.615721474216284,0.100689809899047,2.8268828463338,5.40203988034083,8.7735122235533
"Gyeongnam","Male","35+",699111,656060,0.484116026685931,2015,0.517437654426128,0.999999,1e-06,0.515031664317237,5.15031664317237e-07,2.57515703400702,2.57515703400702,4.9999975
"Gyeongnam","Total","0-4",10011,139356,0.932977163630521,2015,1,0.943958371816376,0.0560416281836239,1,0.0560416281836239,4.85989592954094,29.333301724216,29.333301724216
"Gyeongnam","Total","5-9",17941,132434,0.880691604322527,2015,0.943958371816376,0.970502186732567,0.0294978132674332,0.943958371816376,0.0278447077840697,4.65018008962171,24.473405794675,25.9263612944954
"Gyeongnam","Total","10-14",22765,133925,0.854713127832025,2015,0.916113664032306,0.934421490073486,0.0655785099265145,0.916113664032306,0.0600773690105582,4.43037489763514,19.8232257050533,21.6383910461511
"Gyeongnam","Total","15-19",36454,144605,0.79866231449417,2015,0.856036295021748,0.802583705293371,0.197416294706629,0.856036295021748,0.168995513497584,3.85769269136478,15.3928508074182,17.9815399147616
"Gyeongnam","Total","20-24",61309,109465,0.640993359644911,2015,0.687040781524164,0.88559070881483,0.11440929118517,0.687040781524164,0.0786038488294848,3.23869428554711,11.5351581160534,16.7896265058142
"Gyeongnam","Total","25-29",80062,105120,0.567657763713536,2015,0.608436932694679,0.971202070142536,0.0287979298574642,0.608436932694679,0.017521724110432,2.99838035319732,8.29646383050628,13.6357005709079
"Gyeongnam","Total","30-34",103099,126679,0.551310395251068,2015,0.590915208584247,0.862119567284194,0.137880432715806,0.590915208584247,0.0814756446579465,2.75088693127637,5.29808347730896,8.96589459933254
"Gyeongnam","Total","35+",1479619,1340290,0.475295479393129,2015,0.509439563926301,0.999999,1e-06,0.509439563926301,5.09439563926301e-07,2.54719654603259,2.54719654603259,4.9999975
"Incheon","Female","0-4",6545,54515,0.892810350474943,2015,1,0.934582253779201,0.0654177462207989,1,0.0654177462207989,4.836455634448,31.2138376526382,31.2138376526382
"Incheon","Female","5-9",9789,49325,0.83440470954427,2015,0.934582253779201,0.949167272547252,0.0508327274527477,0.934582253779201,0.0475073649885328,4.55414285642467,26.3773820181902,28.2237137625149
"Incheon","Female","10-14",12371,47102,0.791989642358717,2015,0.887074888790668,0.927554579867833,0.0724454201321674,0.887074888790668,0.0642645130071356,4.2747131614355,21.8232391617655,24.6013492632135
"Incheon","Female","15-19",20245,56040,0.734613619977715,2015,0.822810375783533,0.927675998609569,0.0723240013904314,0.822810375783533,0.0595089387622296,3.96527953201209,17.54852600033,21.3275458317103
"Incheon","Female","20-24",26728,57186,0.681483423505017,2015,0.763301437021303,0.88805911224039,0.11194088775961,0.763301437021303,0.0854446404883505,3.60289558388564,13.5832464683179,17.7953896187134
"Incheon","Female","25-29",27877,42733,0.605197564084407,2015,0.677856796532952,0.97787208909608,0.0221279109039201,0.677856796532952,0.0149995547992979,3.35178509566652,9.9803508844323,14.7233913349826
"Incheon","Female","30-34",30975,44908,0.591805806307078,2015,0.662857241733655,0.999999,1e-06,0.662857241733655,6.62857241733655e-07,3.31428455152517,6.62856578876579,9.9999900000025
"Incheon","Female","35+",149927,217381,0.591822122033824,2015,0.662875516305335,0.999999,1e-06,0.662856578876413,6.62856578876413e-07,3.31428123724062,3.31428123724062,4.9999975
"Incheon","Male","0-4",7848,59777,0.883948243992606,2015,1,0.903074659763748,0.0969253402362515,1,0.0969253402362515,4.75768664940937,31.6456717585005,31.6456717585005
"Incheon","Male","5-9",12696,50240,0.798271259692386,2015,0.903074659763748,0.989365718195073,0.0106342818049271,0.903074659763748,0.00960355042281636,4.4913644227617,26.8879851090911,29.7738230370955
"Incheon","Male","10-14",13340,50118,0.789782218160043,2015,0.893471109340932,0.959554298966025,0.0404457010339753,0.893471109340932,0.0361370653708976,4.37701288327742,22.3966206863294,25.0669780501915
"Incheon","Male","15-19",19547,61172,0.757838922682392,2015,0.857334043970035,0.87197108813408,0.128028911865919,0.857334043970035,0.109763544755092,4.01226135796244,18.019607803052,21.0181876361856
"Incheon","Male","20-24",25363,49413,0.660813630041725,2015,0.747570499214943,0.97209309314317,0.0279069068568301,0.747570499214943,0.0208623802905054,3.68569654534845,14.0073464450896,18.7371578463828
"Incheon","Male","25-29",27032,48555,0.642372365618426,2015,0.726708118924437,0.936264360874358,0.0637356391256422,0.726708118924437,0.0463172064174422,3.51774757857858,10.3216498997411,14.2032951482882
"Incheon","Male","30-34",30373,45832,0.601430352339085,2015,0.680390912506995,0.999999,1e-06,0.680390912506995,6.80390912506995e-07,3.40195286155769,6.80390232116253,9.9999900000025
"Incheon","Male","35+",130197,227316,0.635825830109674,2015,0.719302102165828,0.999999,1e-06,0.680390232116083,6.80390232116083e-07,3.40194945960483,3.40194945960483,4.9999975
"Incheon","Total","0-4",14393,114292,0.888153242413646,2015,1,0.918503908493554,0.0814960915064461,1,0.0814960915064461,4.79625977123388,31.4415566133949,31.4415566133949
"Incheon","Total","5-9",22485,99565,0.815772224498156,2015,0.918503908493554,0.969449716429895,0.0305502835701048,0.918503908493554,0.0280605548647277,4.52236815530595,26.645296842161,29.0094539563388
"Incheon","Total","10-14",25711,97220,0.790850151711122,2015,0.890443353628826,0.94398948562187,0.0560105143781305,0.890443353628826,0.0498741902613381,4.32753129249079,22.122928686855,24.8448467796378
"Incheon","Total","15-19",39792,117212,0.74655422791776,2015,0.840569163367488,0.899792173191923,0.100207826808077,0.840569163367488,0.0842316091429396,3.99226679398009,17.7953973943642,21.1706521841371
"Incheon","Total","20-24",52091,106599,0.671743651143739,2015,0.756337554224549,0.929547658019418,0.0704523419805816,0.756337554224549,0.0532857520229846,3.64847339106528,13.8031306003841,18.2499606469179
"Incheon","Total","25-29",54909,91288,0.624417737710076,2015,0.703051802201564,0.955495386843019,0.0445046131569811,0.703051802201564,0.031289048486299,3.43703638979207,10.1546572093189,14.4436827805863
"Incheon","Total","30-34",61348,90740,0.596628267844932,2015,0.671762753715265,0.999999,1e-06,0.671762753715265,6.71762753715265e-07,3.35881208916944,6.71762081952679,9.9999900000025
"Incheon","Total","35+",280124,444697,0.613526650028076,2015,0.690789179985152,0.999999,1e-06,0.671762081952511,6.71762081952511e-07,3.35880873035735,3.35880873035735,4.9999975
"Jeju","Female","0-4",668,13016,0.951183864367144,2015,1,0.947958509245327,0.0520414907546731,1,0.0520414907546731,4.86989627311332,32.0222656762901,32.0222656762901
"Jeju","Female","5-9",1297,11895,0.901682838083687,2015,0.947958509245327,0.995366397759022,0.00463360224097775,0.947958509245327,0.00439246267279308,4.72881138954465,27.1523694031767,28.6429934837473
"Jeju","Female","10-14",1602,14028,0.897504798464491,2015,0.943566046572534,0.984246491640705,0.0157535083592948,0.943566046572534,0.0148644756022271,4.6806690438571,22.4235580136321,23.764693626996
"Jeju","Female","15-19",2086,15799,0.883365949119374,2015,0.928701570970307,0.83260079560349,0.16739920439651,0.928701570970307,0.155463904102218,4.25484809459599,17.742888969775,19.1050489461725
"Jeju","Female","20-24",4895,13611,0.735491192045823,2015,0.773237666868089,0.871846976948941,0.128153023051059,0.773237666868089,0.0990927445460935,3.61845647297521,13.488040875179,17.4435900540267
"Jeju","Female","25-29",5516,9859,0.641235772357724,2015,0.674144922321995,0.971212968937384,0.0287870310626165,0.674144922321995,0.0194066308195885,3.322208034561,9.86958440220379,14.64015239959
"Jeju","Female","30-34",7698,12709,0.622776498260401,2015,0.654738291502407,0.999999,1e-06,0.654738291502407,6.54738291502407e-07,3.2736898206663,6.54737636764279,9.9999900000025
"Jeju","Female","35+",61247,128079,0.676499794006106,2015,0.711218744712627,0.999999,1e-06,0.654737636764115,6.54737636764115e-07,3.27368654697648,3.27368654697648,4.9999975
"Jeju","Male","0-4",992,13171,0.929958342159147,2015,1,0.96527734005861,0.0347226599413902,1,0.0347226599413902,4.91319335014652,33.0990958212102,33.0990958212102
"Jeju","Male","5-9",1562,13702,0.897667714884696,2015,0.96527734005861,0.999999,1e-06,0.96527734005861,9.6527734005861e-07,4.8263842870997,28.1859024710637,29.1997970959851
"Jeju","Male","10-14",1498,15139,0.909959728316403,2015,0.978495150872767,0.946457790964076,0.0535422090359238,0.96527637478127,0.0516830294359774,4.6971743003164,23.359518183964,24.1998237958089
"Jeju","Male","15-19",2754,17093,0.861238474328614,2015,0.9261043589641,0.832940591928101,0.167059408071899,0.913593345345292,0.15262436349181,4.18640581799694,18.6623438836475,20.4274078601066
"Jeju","Male","20-24",4386,11132,0.717360484598531,2015,0.771389912942752,0.997013968440187,0.00298603155981281,0.760968981853482,0.00227227739585312,3.79916421577778,14.4759380656506,19.0230330156057
"Jeju","Male","25-29",4798,12050,0.715218423551757,2015,0.769086518317784,0.925802267090104,0.074197732909896,0.758696704457629,0.0562935754369654,3.65274958369573,10.6767738498728,14.0725190806059
"Jeju","Male","30-34",7257,14223,0.662150837988827,2015,0.712022042247039,0.999999,1e-06,0.702403129020664,7.02403129020664e-07,3.5120138890955,7.0240242661771,9.9999900000025
"Jeju","Male","35+",49042,123123,0.7151453547469,2015,0.7690079461909,0.999999,1e-06,0.702402426617535,7.02402426617535e-07,3.51201037708161,3.51201037708161,4.9999975
"Jeju","Total","0-4",1660,26187,0.940388551729091,2015,1,0.956550455553883,0.0434495444461167,1,0.0434495444461167,4.89137613888471,32.6281456624955,32.6281456624955
"Jeju","Total","5-9",2859,25597,0.899529097554119,2015,0.956550455553883,0.999999,1e-06,0.956550455553883,9.56550455553883e-07,4.78274988639328,27.7367695236108,28.9966612451719
"Jeju","Total","10-14",3100,29167,0.903926612328385,2015,0.96122672980901,0.964377975220802,0.0356220247791978,0.956549499003428,0.0340742299560294,4.69756192012706,22.9540196372175,23.9966877418596
"Jeju","Total","15-19",4840,32892,0.871726916145447,2015,0.926985887421326,0.834231394602701,0.165768605397299,0.922475269047398,0.152917438863485,4.23008274807828,18.2564577170904,19.790728629444
"Jeju","Total","20-24",9281,24743,0.727221960968728,2015,0.773320729640515,0.934952610668413,0.0650473893315866,0.769557830183913,0.050057727793144,3.7226448314367,14.0263749690122,18.2265379141943
"Jeju","Total","25-29",10314,21909,0.679918070943115,2015,0.723018235061402,0.945655091063994,0.0543449089360063,0.719500102390769,0.0391011675438735,3.49974759309416,10.3037301375755,14.3206791817514
"Jeju","Total","30-34",14955,26932,0.642967985293767,2015,0.683725874917918,0.999999,1e-06,0.680398934846895,6.80398934846895e-07,3.40199297323714,6.80398254448131,9.9999900000025
"Jeju","Total","35+",110289,251202,0.694905267351054,2015,0.738955473323588,0.999999,1e-06,0.68039825444796,6.8039825444796e-07,3.40198957124417,3.40198957124417,4.9999975
"Jeonbuk","Female","0-4",2897,35280,0.924116614715667,2015,1,0.955809547162969,0.0441904528370314,1,0.0441904528370314,4.88952386790742,27.5282306914661,27.5282306914661
"Jeonbuk","Female","5-9",4335,32805,0.883279483037157,2015,0.955809547162969,0.956726982737679,0.0432730172623209,0.955809547162969,0.0413607630338743,4.67564582823016,22.6387068235587,23.6853742366927
"Jeonbuk","Female","10-14",6826,37229,0.845057314720236,2015,0.914448784129094,0.884891108831153,0.115108891168847,0.914448784129094,0.1052611855718,4.30909095671597,17.9630609953286,19.6435943784826
"Jeonbuk","Female","15-19",13713,40657,0.747783704248667,2015,0.809187598557294,0.826438523411168,0.173561476588832,0.809187598557294,0.140443794442975,3.69482850667903,13.6539700386126,16.8736768370602
"Jeonbuk","Female","20-24",21752,35190,0.617997260370201,2015,0.668743804114319,0.864622657568761,0.135377342431239,0.668743804114319,0.0905327589683536,3.11738712315071,9.95914153193355,14.8923122287815
"Jeonbuk","Female","25-29",27227,31242,0.534334433631497,2015,0.578211045145965,0.826080458261696,0.173919541738304,0.578211045145965,0.100562199999812,2.6396497257303,6.84175440878284,11.832624897464
"Jeonbuk","Female","30-34",48470,38301,0.441403233799311,2015,0.477648845146153,0.839663866992206,0.160336133007794,0.477648845146153,0.0765843687663728,2.19678330381483,4.20210468305255,8.79747690328188
"Jeonbuk","Female","35+",771453,454302,0.370630346194794,2015,0.401064476379781,0.999999,1e-06,0.401064476379781,4.01064476379781e-07,2.00532137923771,2.00532137923771,4.9999975
"Jeonbuk","Male","0-4",3048,34242,0.918262268704747,2015,1,0.955834205397502,0.0441657946024983,1,0.0441657946024983,4.88958551349375,28.5543658907698,28.5543658907698
"Jeonbuk","Male","5-9",5089,36524,0.877706485953909,2015,0.955834205397502,0.963373744732728,0.0366262552672719,0.955834205397502,0.0350086276000789,4.69164945798731,23.6647803772761,24.7582480765423
"Jeonbuk","Male","10-14",7754,42453,0.845559384149621,2015,0.920825577797423,0.947068648272845,0.0529313517271546,0.920825577797423,0.0487405425377557,4.48227653264273,18.9731309192888,20.6044786078507
"Jeonbuk","Male","15-19",11166,44889,0.800802782981001,2015,0.872085035259667,0.839916415208222,0.160083584791778,0.872085035259667,0.139606498687632,4.01140892957926,14.490854386646,16.6163318951246
"Jeonbuk","Male","20-24",16735,34381,0.67260740277017,2015,0.732478536572035,0.813012040637183,0.186987959362817,0.732478536572035,0.136964666830667,3.31998101578351,10.4794454570668,14.3068293934046
"Jeonbuk","Male","25-29",29214,35253,0.546837917073852,2015,0.595513869741368,0.833482864843134,0.166517135156866,0.595513869741368,0.0991632635355116,2.72966118986806,7.15946444128328,12.0223303017151
"Jeonbuk","Male","30-34",48730,40811,0.455780033727566,2015,0.496350606205857,0.856633129621265,0.143366870378735,0.496350606205857,0.0711602330223216,2.30385244847348,4.42980325141522,8.92474633057666
"Jeonbuk","Male","35+",696404,446059,0.390436276710931,2015,0.425190373183535,0.999999,1e-06,0.425190373183535,4.25190373183535e-07,2.12595080294174,2.12595080294174,4.9999975
"Jeonbuk","Total","0-4",5945,69522,0.921223846184425,2015,1,0.95561433961334,0.0443856603866595,1,0.0443856603866595,4.88903584903335,28.0315822188521,28.0315822188521
"Jeonbuk","Total","5-9",9424,69329,0.880334717407591,2015,0.95561433961334,0.96023105356992,0.0397689464300797,0.95561433961334,0.0380037754798989,4.68306225936696,23.1425463698187,24.2174540612091
"Jeonbuk","Total","10-14",14580,79682,0.845324733190469,2015,0.917610564133442,0.916449889897127,0.0835501101028729,0.917610564133442,0.0766664636649084,4.39638666150494,18.4594841104518,20.1169045257061
"Jeonbuk","Total","15-19",24879,85546,0.774697758659724,2015,0.840944100468533,0.831072709433773,0.168927290566227,0.840944100468533,0.142058408409802,3.84957448131816,14.0630974489468,16.7229872248483
"Jeonbuk","Total","20-24",38487,69571,0.643830165281608,2015,0.698885692058731,0.840114714386163,0.159885285613837,0.698885692058731,0.111741538486234,3.21507461407807,10.2135229676287,14.6140106796898
"Jeonbuk","Total","25-29",56441,66495,0.540891195418755,2015,0.587144153572497,0.829565304396286,0.170434695603714,0.587144153572497,0.100069735089629,2.68554643013841,6.99844835355059,11.9194720938092
"Jeonbuk","Total","30-34",97200,79112,0.44870456917283,2015,0.487074418482868,0.847294729919618,0.152705270080382,0.487074418482868,0.0743788306236712,2.24942501585516,4.31290192341218,8.85470835616031
"Jeonbuk","Total","35+",1467857,900361,0.380185016750992,2015,0.412695587859197,0.999999,1e-06,0.412695587859197,4.12695587859197e-07,2.06347690755702,2.06347690755702,4.9999975
"Jeonnam","Female","0-4",2219,32655,0.936370935367322,2015,1,0.936190398889936,0.0638096011100644,1,0.0638096011100644,4.84047599722484,23.6996996401283,23.6996996401283
"Jeonnam","Female","5-9",4223,30005,0.876621479490476,2015,0.936190398889936,0.926352554522163,0.0736474454778371,0.936190398889936,0.0689480313591211,4.50858191605188,18.8592236429034,20.1446454324519
"Jeonnam","Female","10-14",7698,33262,0.812060546875,2015,0.867242367530815,0.861226910837998,0.138773089162002,0.867242367530815,0.120349902394419,4.03533708166802,14.3506417268515,16.547440789488
"Jeonnam","Female","15-19",15279,35544,0.699368396198571,2015,0.746892465136395,0.675852630404135,0.324147369595865,0.746892465136395,0.242103227944934,3.12920425581964,10.3153046451835,13.8109635947389
"Jeonnam","Female","20-24",27775,24896,0.472669970192326,2015,0.504789237191461,0.82711578567028,0.17288421432972,0.504789237191461,0.0872700906739445,2.30577095927245,7.18610038936388,14.2358431200827
"Jeonnam","Female","25-29",38641,24804,0.390952793758373,2015,0.417519146517517,0.756780771298736,0.243219228701264,0.417519146517517,0.101548684784,1.83372402062758,4.88032943009144,11.6888757576694
"Jeonnam","Female","30-34",71564,30070,0.295865556801858,2015,0.315970461733517,0.952274671489164,0.0477253285108357,0.315970461733517,0.0150797940859525,1.5421528234527,3.04660540946385,9.64205765548205
"Jeonnam","Female","35+",1229326,482220,0.281745275908448,2015,0.300890667647564,0.999999,1e-06,0.300890667647564,3.00890667647564e-07,1.50445258601115,1.50445258601115,4.9999975
"Jeonnam","Male","0-4",3129,34366,0.916548873183091,2015,1,0.942240000529393,0.0577599994706065,1,0.0577599994706065,4.85560000132348,25.1603124454945,25.1603124454945
"Jeonnam","Male","5-9",5213,33008,0.863609010753251,2015,0.942240000529393,0.950533896919924,0.0494661030800762,0.942240000529393,0.046608940992358,4.59467765016607,20.304712444171,21.5494061308826
"Jeonnam","Male","10-14",8178,37481,0.820889638406448,2015,0.895631059537035,0.867849453457517,0.132150546542483,0.895631059537035,0.118358134018243,4.18225996263957,15.7100347940049,17.5407436206217
"Jeonnam","Male","15-19",15540,38495,0.712408624039974,2015,0.777272925518793,0.788409258699409,0.211590741300591,0.777272925518793,0.164463754503401,3.47520524133546,11.5277748313653,14.8310515558883
"Jeonnam","Male","20-24",21245,27223,0.561669555170422,2015,0.612809171015392,0.737765224797418,0.262234775202582,0.612809171015392,0.160699875203302,2.6622961670687,8.05256959002986,13.1404195154051
"Jeonnam","Male","25-29",39551,27986,0.414380265632172,2015,0.45210929581209,0.815168545431672,0.184831454568328,0.45210929581209,0.0835640187688112,2.05163643213842,5.39027342296116,11.922500760085
"Jeonnam","Male","30-34",72961,37217,0.337789758390967,2015,0.368545277043279,0.874528316074037,0.125471683925963,0.368545277043279,0.0462419965135806,1.72712139393244,3.33863699082273,9.05896018423449
"Jeonnam","Male","35+",1102673,462305,0.295406708592709,2015,0.322303280529698,0.999999,1e-06,0.322303280529698,3.22303280529698e-07,1.61151559689029,1.61151559689029,4.9999975
"Jeonnam","Total","0-4",5348,67021,0.926100954828725,2015,1,0.939159658427768,0.0608403415722315,1,0.0608403415722315,4.84789914606942,24.4252077881397,24.4252077881397
"Jeonnam","Total","5-9",9436,63013,0.869756656406576,2015,0.939159658427768,0.939015035547256,0.0609849644527444,0.939159658427768,0.057274618384669,4.55261174617717,19.5773086420703,20.8455596089426
"Jeonnam","Total","10-14",15876,70743,0.816714577633083,2015,0.8818850400431,0.864547117130541,0.135452882869459,0.8818850400431,0.119453871033286,4.11079052263228,15.0246968958931,17.0370243440787
"Jeonnam","Total","15-19",30819,74039,0.706088233611169,2015,0.762431169009814,0.72982451056443,0.27017548943557,0.762431169009814,0.20599021424816,3.29718030942867,10.9139063732608,14.3146120159738
"Jeonnam","Total","20-24",49020,52119,0.515320499510575,2015,0.556440954761653,0.782100611421074,0.217899388578926,0.556440954761653,0.121248143822838,2.47908441425117,7.61672606383213,13.6882916303217
"Jeonnam","Total","25-29",78192,52790,0.403032477745034,2015,0.435192810938815,0.788207494902131,0.211792505097869,0.435192810938815,0.0921705756293148,1.94553761562079,5.13764164958096,11.8054377748057
"Jeonnam","Total","30-34",144525,67287,0.317673219647612,2015,0.343022235309501,0.90744330194342,0.0925566980565796,0.3430222353095,0.0317490054602344,1.63573866289692,3.19210403396017,9.3058224959674
"Jeonnam","Total","35+",2331999,944525,0.288270435376027,2015,0.311273229849266,0.999999,1e-06,0.311273229849266,3.11273229849266e-07,1.55636537106326,1.55636537106326,4.9999975
"Sejong","Female","0-4",475,2290,0.828209764918626,2015,1,0.976866980922911,0.0231330190770891,1,0.0231330190770891,4.94216745230728,24.9318761187789,24.9318761187789
"Sejong","Female","5-9",346,1466,0.809050772626932,2015,0.976866980922911,0.999999,1e-06,0.976866980922911,9.76866980922911e-07,4.8843324624471,19.9897086664716,20.4630815216888
"Sejong","Female","10-14",334,1509,0.818773738469886,2015,0.988606719156871,0.748803753039413,0.251196246960587,0.97686600405593,0.245385074002235,4.27086733527406,15.1053762040245,15.4630994847883
"Sejong","Female","15-19",821,1301,0.613100848256362,2015,0.740272421584647,0.693373300379019,0.306626699620981,0.731480930053695,0.22429158341805,3.09667569172335,10.8345088687504,14.8117448091984
"Sejong","Female","20-24",1067,789,0.42510775862069,2015,0.513285132133715,0.999999,1e-06,0.507189346635645,5.07189346635645e-07,2.53594546520486,7.73783317702707,15.2563006860351
"Sejong","Female","25-29",1180,1112,0.485165794066318,2015,0.585800620346449,0.745212323912105,0.254787676087895,0.507188839446298,0.129225465740239,2.21288053288089,5.20188771182221,10.2563134423485
"Sejong","Female","30-34",2255,1277,0.361551528878822,2015,0.43654584163753,0.721092595471905,0.278907404528095,0.377963373706059,0.10541678356704,1.6262749096127,2.98900717894132,7.9081926633078
"Sejong","Female","35+",34300,12096,0.260712130356065,2015,0.314789973988873,0.999999,1e-06,0.27254659013902,2.7254659013902e-07,1.36273226932862,1.36273226932862,4.9999975
"Sejong","Male","0-4",141,2358,0.943577430972389,2015,1,0.755644919536898,0.244355080463102,1,0.244355080463102,4.38911229884225,22.8005182017178,22.8005182017178
"Sejong","Male","5-9",514,1277,0.713009491903964,2015,0.755644919536898,0.998242006116,0.00175799388399944,0.755644919536898,0.00132841914702112,3.77490354981694,18.4114059028755,24.3651554147404
"Sejong","Male","10-14",586,1447,0.711756025577964,2015,0.754316500389877,0.999999,1e-06,0.754316500389877,7.54316500389877e-07,3.77158061615814,14.6365023530586,19.4036619184302
"Sejong","Male","15-19",488,1339,0.732895457033388,2015,0.776719994540474,0.659134830815189,0.340865169184811,0.754315746073377,0.257119964404068,3.12877881935671,10.8649217369005,14.403678822109
"Sejong","Male","20-24",840,785,0.483076923076923,2015,0.51196320219221,0.999999,1e-06,0.497195781669309,4.97195781669309e-07,2.48597766535709,7.73614291754375,15.5595505890457
"Sejong","Male","25-29",1402,1520,0.520191649555099,2015,0.55129725709847,0.679776421462515,0.320223578537485,0.497195284473527,0.159213653226076,2.08794228930245,5.25016525218666,10.5595636486094
"Sejong","Male","30-34",2656,1453,0.353614018009248,2015,0.374758876592498,0.91415999882835,0.0858400011716504,0.337981631247451,0.0290123436222775,1.61737729718156,3.16222296288421,9.35619770581262
"Sejong","Male","35+",32851,15692,0.323259790289022,2015,0.342589574186712,0.999999,1e-06,0.308969287625174,3.08969287625174e-07,1.54484566570265,1.54484566570265,4.9999975
"Sejong","Total","0-4",616,4648,0.882978723404255,2015,1,0.86220652802718,0.13779347197282,1,0.13779347197282,4.65551632006795,24.0451922806984,24.0451922806984
"Sejong","Total","5-9",860,2743,0.761310019428254,2015,0.86220652802718,0.999999,1e-06,0.86220652802718,8.6220652802718e-07,4.31103048461958,19.3896759606305,22.4884355781858
"Sejong","Total","10-14",920,2956,0.762641898864809,2015,0.863714921605928,0.876589232607491,0.123410767392509,0.862205665820652,0.106405462869096,4.04501467193052,15.0786454760109,17.4884555666414
"Sejong","Total","15-19",1309,2640,0.668523676880223,2015,0.75712320032218,0.676369338312745,0.323630661687255,0.755800202951556,0.244600119784573,3.16750071529635,11.0336308040804,14.5986078873646
"Sejong","Total","20-24",1907,1574,0.45216891697788,2015,0.512094918023141,0.999999,1e-06,0.511200083166983,5.11200083166982e-07,2.5559991378347,7.86613008878403,15.3875759175387
"Sejong","Total","25-29",2582,2632,0.504794783275796,2015,0.571695296721986,0.707778863744581,0.292221136255419,0.511199571966899,0.149383319773451,2.18253956040087,5.31013095094933,10.3875888051275
"Sejong","Total","30-34",4911,2730,0.357283078131135,2015,0.404633847522008,0.819219327528873,0.180780672471127,0.361816252193448,0.0654093853825142,1.64555779751095,3.12759139054846,8.64414290841823
"Sejong","Total","35+",67151,27788,0.292693203004034,2015,0.3314838684624,0.999999,1e-06,0.296406866810934,2.96406866810934e-07,1.4820335930375,1.4820335930375,4.9999975
"Seoul","Female","0-4",34846,172538,0.831973537013463,2015,1,0.859455236632409,0.140544763367591,1,0.140544763367591,4.64863809158102,29.6940985121724,29.6940985121724
"Seoul","Female","5-9",60179,151008,0.715044013125808,2015,0.859455236632409,0.936858967671369,0.0631410323286307,0.859455236632409,0.0542668908812178,4.161608955959,25.0454604205914,29.1410876949527
"Seoul","Female","10-14",77600,157477,0.669895395976637,2015,0.805188345751191,0.977758639086917,0.0222413609130827,0.805188345751191,0.0179084846008603,3.9811705172538,20.8838514646324,25.9366042427614
"Seoul","Female","15-19",102914,195384,0.654996010700709,2015,0.787279861150331,0.922853706584079,0.0771462934159209,0.787279861150331,0.0607357231687489,3.78455999782978,16.9026809473786,21.4697235144327
"Seoul","Female","20-24",135946,207756,0.604465496272934,2015,0.726544137981582,0.976743383205987,0.0232566167940135,0.726544137981582,0.0168969586009745,3.59047829340547,13.1181209495488,18.0555044955594
"Seoul","Female","25-29",138348,199422,0.590407673860911,2015,0.709647179380607,0.928618500539515,0.0713814994604847,0.709647179380607,0.0506556797520913,3.42159669752281,9.52764265614331,13.4258867405902
"Seoul","Female","30-34",185441,225066,0.548263488807743,2015,0.658991499628516,0.902099384337459,0.0979006156625406,0.658991499628516,0.0645156735300126,3.13366831431755,6.1060459586205,9.26574312728249
"Seoul","Female","35+",962290,941682,0.494588155708172,2015,0.594475826098503,0.999999,1e-06,0.594475826098503,5.94475826098503e-07,2.97237764430295,2.97237764430295,4.9999975
"Seoul","Male","0-4",35527,180583,0.835606866873352,2015,1,0.855704744718735,0.144295255281265,1,0.144295255281265,4.63926186179684,29.5265958797168,29.5265958797168
"Seoul","Male","5-9",64412,161621,0.715032760703083,2015,0.855704744718735,0.952497941665025,0.0475020583349754,0.855704744718735,0.0406477367011446,4.17690438184081,24.88733401792,29.0840201267089
"Seoul","Male","10-14",79922,170670,0.681067232792747,2015,0.81505700801759,0.958050691874772,0.0419493081252276,0.81505700801759,0.034191077568956,3.98980734616556,20.7104296360792,25.4097927290409
"Seoul","Male","15-19",109076,204809,0.652496933590328,2015,0.780865930448634,0.902536643388111,0.0974633566118892,0.780865930448634,0.0761058146453899,3.7140651156297,16.7206222899136,21.4129233174599
"Seoul","Male","20-24",126512,181230,0.588902392263649,2015,0.704760115803244,0.982823130825915,0.017176869174085,0.704760115803244,0.0121055723082653,3.49353664824556,13.0065571742839,18.4552968912831
"Seoul","Male","25-29",156658,215263,0.578786892915431,2015,0.692654543494979,0.964260467541005,0.0357395324589952,0.692654543494979,0.0247551495401093,3.40138484362462,9.51302052603836,13.7341487403487
"Seoul","Male","30-34",189050,238763,0.558101319969239,2015,0.66789939395487,0.886738076295018,0.113261923704982,0.66789939395487,0.07564757020072,3.15037804427255,6.11163568241374,9.15053335536745
"Seoul","Male","35+",928813,910019,0.494889690847233,2015,0.59225182375415,0.999999,1e-06,0.59225182375415,5.9225182375415e-07,2.96125763814119,2.96125763814119,4.9999975
"Seoul","Total","0-4",70373,353121,0.833827633921614,2015,1,0.857537177691031,0.142462822308969,1,0.142462822308969,4.64384294422758,29.6113102455882,29.6113102455882
"Seoul","Total","5-9",124591,312629,0.715038195873931,2015,0.857537177691031,0.944928206550605,0.0550717934493953,0.857537177691031,0.0472261103249778,4.16962061264271,24.9674673013606,29.1153176222481
"Seoul","Total","10-14",157522,328147,0.675659760042333,2015,0.810311067366053,0.967520482761254,0.032479517238746,0.810311067366053,0.0263185122812624,3.98575905612711,20.7978466887179,25.66649713464
"Seoul","Total","15-19",211990,400193,0.653714657218511,2015,0.78399255508479,0.913416094964143,0.0865839050358572,0.78399255508479,0.0678811369382806,3.75025993307825,16.8120876325908,21.4441929627412
"Seoul","Total","20-24",262458,388986,0.597113489417356,2015,0.71611141814651,0.978570560331641,0.0214294396683592,0.71611141814651,0.0153458664309938,3.54219242465506,13.0618276995125,18.239937764601
"Seoul","Total","25-29",295006,414685,0.584317681920723,2015,0.700765551715516,0.94688893724963,0.0531110627503697,0.700765551715516,0.0372184031904602,3.41078175060143,9.51963527485746,13.5846222057474
"Seoul","Total","30-34",374491,463829,0.553283948850081,2015,0.663547148525056,0.894181550608009,0.105818449391991,0.663547148525056,0.0702155303553985,3.14219691673678,6.10885352425603,9.20635939410619
"Seoul","Total","35+",1891103,1851701,0.494736299309288,2015,0.593331618169657,0.999999,1e-06,0.593331618169657,5.93331618169657e-07,2.96665660751924,2.96665660751924,4.9999975
"Total","Female","0-4",116478,963632,0.892160983603522,2015,1,0.913364927787244,0.0866350722127565,1,0.0866350722127565,4.78341231946811,28.5342615732102,28.5342615732102
"Total","Female","5-9",201092,885120,0.814868552363627,2015,0.913364927787244,0.963246494658631,0.0367535053413693,0.913364927787244,0.0335693627520479,4.4829012320561,23.7508492537421,26.0036799434394
"Total","Female","10-14",248084,905362,0.784919276671816,2015,0.879795565035196,0.94507755240751,0.0549224475924899,0.879795565035196,0.0483205258127506,4.2781765106441,19.267948021686,21.9004832343241
"Total","Female","15-19",354332,1018035,0.741809588834474,2015,0.831475039222445,0.842413564545877,0.157586435454123,0.831475039222445,0.131029187600142,3.82980222711187,14.9897715110419,18.0279272424818
"Total","Female","20-24",540390,900306,0.62491045994436,2015,0.700445851622303,0.883326504901888,0.116673495098112,0.700445851622303,0.0817234656357479,3.29792059402214,11.1599692839301,15.9326652561114
"Total","Female","25-29",650673,801722,0.551999972459283,2015,0.618722385986555,0.897467751541818,0.102532248458182,0.618722385986555,0.0634389974066128,2.93501443641624,7.86204868990791,12.7069084099355
"Total","Female","30-34",892902,876630,0.495402174134178,2015,0.555283388579942,0.849734756325856,0.150265243674144,0.555283388579942,0.0834397936931692,2.56781745866679,4.92703425349167,8.87300854810703
"Total","Female","35+",8790070,6390361,0.420960445721205,2015,0.471843594886773,0.999999,1e-06,0.471843594886773,4.71843594886773e-07,2.35921679482488,2.35921679482488,4.9999975
"Total","Male","0-4",125835,1024263,0.890587584710173,2015,1,0.91605211677317,0.0839478832268301,1,0.0839478832268301,4.79013029193292,29.3402368341922,29.3402368341922
"Total","Male","5-9",214577,950492,0.815824642145658,2015,0.91605211677317,0.96024373119257,0.0397562688074296,0.91605211677317,0.036418814196049,4.48921354837573,24.5501065422593,26.7999015478923
"Total","Male","10-14",271559,982121,0.78339049837279,2015,0.879633302577121,0.95723777915234,0.04276222084766,0.879633302577121,0.0376150735497594,4.30412882901121,20.0608929938836,22.8059725968876
"Total","Male","15-19",365921,1097125,0.749890980871415,2015,0.842018229027362,0.866933233412354,0.133066766587646,0.842018229027362,0.112044643144527,3.92997953727549,15.7567641648724,18.7130915004933
"Total","Male","20-24",461878,858171,0.650105412753617,2015,0.729973585882835,0.896879573154415,0.103120426845585,0.729973585882835,0.07527518776224,3.46167996000857,11.8267846275969,16.2016610687269
"Total","Male","25-29",634998,888021,0.583066265095839,2015,0.654698398120595,0.903113497822977,0.096886502177023,0.654698398120595,0.0634314377748045,3.11491339616596,8.36510466758832,12.7770354893208
"Total","Male","30-34",852503,948211,0.526575014133283,2015,0.59126696034579,0.850608468678535,0.149391531321465,0.59126696034579,0.0883302766258452,2.73550911016434,5.25019127142235,8.87956138856785
"Total","Male","35+",7800323,6328372,0.44790916641629,2015,0.502936683719945,0.999999,1e-06,0.502936683719945,5.02936683719945e-07,2.51468216125802,2.51468216125802,4.9999975
"Total","Total","0-4",242313,1987895,0.891349596091486,2015,1,0.914751457342306,0.0852485426576943,1,0.0852485426576943,4.78687864335576,28.9339412788996,28.9339412788996
"Total","Total","5-9",415669,1835612,0.815363342026162,2015,0.914751457342306,0.961685444436622,0.0383145555633783,0.914751457342306,0.035048295539023,4.48613654786397,24.1470626355438,26.397402749923
"Total","Total","10-14",519643,1887483,0.784123057953759,2015,0.879703161803283,0.95135515056781,0.0486448494321902,0.879703161803283,0.0427930278509423,4.29153323938906,19.6609260876799,22.3495003102835
"Total","Total","15-19",720253,2115160,0.74597950986329,2015,0.83691013395234,0.853853768177858,0.146146231822142,0.83691013395234,0.122311262450898,3.87877251363446,15.3693928482908,18.3644482540894
"Total","Total","20-24",1002268,1758477,0.636957415480242,2015,0.714598871501442,0.89158521042225,0.10841478957775,0.714598871501442,0.0774730862863267,3.37931164179139,11.4906203346564,16.0798187527409
"Total","Total","25-29",1285671,1689743,0.567901811310964,2015,0.637125785215115,0.90002305581415,0.0999769441858496,0.637125785215115,0.0636978890678172,3.02638420340603,8.11130869286496,12.7310946772093
"Total","Total","30-34",1745405,1824841,0.511124723618485,2015,0.573427896147298,0.849012518282137,0.150987481717863,0.573427896147298,0.0865804339860527,2.65068839577136,5.08492448945893,8.86759176458473
"Total","Total","35+",16590393,12718733,0.433951288755591,2015,0.486847462161245,0.999999,1e-06,0.486847462161245,4.86847462161245e-07,2.43423609368757,2.43423609368757,4.9999975
"Ulsan","Female","0-4",1814,25230,0.932924123650348,2015,1,0.963451738672348,0.0365482613276515,1,0.0365482613276515,4.90862934668087,28.8580281179147,28.8580281179147
"Ulsan","Female","5-9",2666,23685,0.898827368980304,2015,0.963451738672348,0.969271829723366,0.030728170276634,0.963451738672348,0.029605109079243,4.74324592066363,23.9493987712338,24.8579122439868
"Ulsan","Female","10-14",3354,22688,0.871208048536979,2015,0.933846629593105,0.889795339709328,0.110204660290672,0.933846629593105,0.102914250577898,4.41194752152078,19.2061528505702,20.5667100377485
"Ulsan","Female","15-19",7965,27466,0.775196861505461,2015,0.830932379015208,0.731765068798367,0.268234931201633,0.830932379015208,0.222885089518353,3.59744917128016,14.7942053290494,17.8043432927514
"Ulsan","Female","20-24",16113,21122,0.567261984691822,2015,0.608047289496854,0.988947708178188,0.011052291821812,0.608047289496854,0.00672031608498104,3.02343565727182,11.1967561577692,18.4142851241624
"Ulsan","Female","25-29",14633,18699,0.560992439697588,2015,0.601326973411873,0.887371922151184,0.112628077848816,0.601326973411873,0.0677263011740252,2.8373191141243,8.1733205004974,13.5921401531728
"Ulsan","Female","30-34",19482,19312,0.497808939526731,2015,0.533600672237848,0.999999,1e-06,0.533600672237848,5.33600672237848e-07,2.66800202718756,5.33600138637309,9.9999900000025
"Ulsan","Female","35+",71635,94179,0.5679797845779,2015,0.608816698142083,0.999999,1e-06,0.533600138637176,5.33600138637176e-07,2.66799935918553,2.66799935918553,4.9999975
"Ulsan","Male","0-4",2214,27650,0.925863916421109,2015,1,0.943883200172967,0.0561167998270331,1,0.0561167998270331,4.85970800043242,30.0273339668894,30.0273339668894
"Ulsan","Male","5-9",3592,24895,0.873907396356233,2015,0.943883200172967,0.962069280457205,0.0379307195427953,0.943883200172967,0.0358021689469169,4.62991057849754,25.167625966457,26.6639198174573
"Ulsan","Male","10-14",4789,25285,0.84075945999867,2015,0.90808103122605,0.922623850941478,0.0773761490585222,0.90808103122605,0.0702638132293634,4.36474562305684,20.5377153879595,22.6166109430018
"Ulsan","Male","15-19",8283,28646,0.77570473069945,2015,0.837817217996687,0.813222166148476,0.186777833851524,0.837817217996687,0.156485685140931,3.7978718771311,16.1729697649026,19.3036970564701
"Ulsan","Male","20-24",13907,23763,0.630820281391027,2015,0.681331532855756,0.972711667348739,0.0272883326512606,0.681331532855756,0.0185924015143612,3.36017666049287,12.3750978877715,18.1631075196273
"Ulsan","Male","25-29",13705,21764,0.613606247709267,2015,0.662739131341394,0.8882021824176,0.1117978175824,0.662739131341394,0.0740927885104233,3.12846368543091,9.01492122727867,13.6025183982004
"Ulsan","Male","30-34",18460,22112,0.545006408360446,2015,0.588646342830971,0.999999,1e-06,0.588646342830971,5.88646342830971e-07,2.943230242539,5.88645754184775,9.9999900000025
"Ulsan","Male","35+",55929,97112,0.634548911729537,2015,0.685358723323359,0.999999,1e-06,0.588645754184628,5.88645754184628e-07,2.94322729930876,2.94322729930876,4.9999975
"Ulsan","Total","0-4",4028,52880,0.929219090461798,2015,1,0.953361873087442,0.0466381269125581,1,0.0466381269125581,4.8834046827186,29.449564347574,29.449564347574
"Ulsan","Total","5-9",6258,48580,0.885882052591269,2015,0.953361873087442,0.965015453785212,0.0349845462147882,0.953361873087442,0.0333529325084446,4.6834270341661,24.5661596648554,25.7679275397267
"Ulsan","Total","10-14",8143,47973,0.854889870981538,2015,0.920008940578997,0.907082981551363,0.0929170184486374,0.920008940578997,0.0854844877046901,4.38633348363326,19.8827326306893,21.6114558823486
"Ulsan","Total","15-19",16248,56112,0.775456053067993,2015,0.834524452874307,0.772739710391075,0.227260289608925,0.834524452874307,0.189654268845945,3.69848659225667,15.496399147056,18.5691373017083
"Ulsan","Total","20-24",30020,44885,0.599225685868767,2015,0.644870184028362,0.98146068445497,0.0185393155450304,0.644870184028362,0.0119554518272836,3.1944622905736,11.7979125547993,18.2950194426735
"Ulsan","Total","25-29",28338,40463,0.588116451795759,2015,0.632914732201079,0.887471084926646,0.112528915073354,0.632914732201079,0.0712212081485296,2.98652064063407,8.60345026422572,13.5933796868744
"Ulsan","Total","30-34",37942,41424,0.521936345538392,2015,0.561693524052549,0.999999,1e-06,0.561693524052549,5.61693524052549e-07,2.80846621602894,5.61692962359166,9.9999900000025
"Ulsan","Total","35+",127564,191291,0.599931003120541,2015,0.645629227034488,0.999999,1e-06,0.561692962359025,5.61692962359025e-07,2.80846340756272,2.80846340756272,4.9999975
"Busan","Female","0-4",4872,44251,0.900820389634184,2020,1,0.926304487335887,0.0736955126641132,1,0.0736955126641132,4.81576121833972,29.8943363967765,29.8943363967765
"Busan","Female","5-9",11257,56734,0.834433969201806,2020,0.926304487335887,0.984187821734839,0.0158121782651609,0.926304487335887,0.0146468916815735,4.5949052074755,25.0785751784368,27.073792172339
"Busan","Female","10-14",11293,51881,0.821239750530281,2020,0.911657595654313,0.916795948201346,0.0832040517986535,0.911657595654313,0.0758536058114574,4.36865396374292,20.4836699709613,22.468600128604
"Busan","Female","15-19",17496,53312,0.752909275788047,2020,0.835803989842856,0.926693020252828,0.0733069797471718,0.835803989842856,0.0612702661560156,4.02584428382424,16.1150160072184,19.2808555630947
"Busan","Female","20-24",30940,71414,0.697715770756394,2020,0.77453372368684,0.847377975042895,0.152622024957105,0.77453372368684,0.118210905306652,3.57714135516757,12.0891717233941,15.6083219538185
"Busan","Female","25-29",51405,74350,0.591228976979047,2020,0.656322818380188,0.839305874397725,0.160694125602275,0.656322818380188,0.105467221412425,3.01794603836988,8.51203036822657,12.9692738540378
"Busan","Female","30-34",65405,64424,0.496221953492671,2020,0.550855596967763,0.996497504951685,0.00350249504831512,0.550855596967763,0.00192936900071626,2.74945456233703,5.49408432985669,9.97372879589387
"Busan","Female","35+",483974,473412,0.494483938557698,2020,0.548926227967047,0.999999,1e-06,0.548926227967047,5.48926227967047e-07,2.74462976751966,2.74462976751966,4.9999975
"Busan","Male","0-4",5153,48748,0.904398805216972,2020,1,0.950247068039182,0.0497529319608176,1,0.0497529319608176,4.87561767009796,29.7651845947809,29.7651845947809
"Busan","Male","5-9",10054,61455,0.859402312995567,2020,0.950247068039182,0.915874975448314,0.0841250245516862,0.950247068039182,0.0799395579289641,4.5513864453735,24.8895669246829,26.192732144959
"Busan","Male","10-14",15559,57524,0.787105072315039,2020,0.870307510110218,0.986918043925328,0.0130819560746722,0.870307510110218,0.0113853246187192,4.32307423900429,20.3381804793094,23.3689589519155
"Busan","Male","15-19",16574,57685,0.776808198332862,2020,0.858922185491499,0.876013775267315,0.123986224732685,0.858922185491499,0.106494519118238,4.0283746296619,16.0151062403052,18.6455845603067
"Busan","Male","20-24",30253,64434,0.680494682480172,2020,0.752427666373261,0.838652387887025,0.161347612112975,0.752427666373261,0.121402407257064,3.45863231372364,11.9867316106433,15.9307427761394
"Busan","Male","25-29",61910,82301,0.570698490406418,2020,0.631025259116197,0.881174451786086,0.118825548213914,0.631025259116197,0.0749819223513094,2.96767148970271,8.52809929691961,13.5146718355838
"Busan","Male","30-34",68495,69290,0.502884929419022,2020,0.556043336764887,0.999999,1e-06,0.556043336764887,5.56043336764887e-07,2.7802152937161,5.5604278072169,9.9999900000025
"Busan","Male","35+",443444,461556,0.510006629834254,2020,0.56391785005941,0.999999,1e-06,0.556042780721551,5.56042780721551e-07,2.7802125135008,2.7802125135008,4.9999975
"Busan","Total","0-4",10025,92999,0.902692576487032,2020,1,0.938562027625764,0.0614379723742356,1,0.0614379723742356,4.84640506906441,29.8301219685952,29.8301219685952
"Busan","Total","5-9",21311,118189,0.847232974910394,2020,0.938562027625764,0.947710074240955,0.0522899257590452,0.938562027625764,0.0490773387448102,4.5701167912668,24.9837168995308,26.61914307649
"Busan","Total","10-14",26852,109405,0.802931225551715,2020,0.889484688880954,0.952937161414505,0.0470628385854952,0.889484688880954,0.0418616743370738,4.34276925856209,20.413600108264,22.9499173661393
"Busan","Total","15-19",34070,110997,0.765143002888321,2020,0.84762301454388,0.901060672546174,0.0989393274538263,0.84762301454388,0.0838632509933563,4.02845694523601,16.0708308497019,18.9598802462317
"Busan","Total","20-24",61193,135848,0.689440268776549,2020,0.763759763550524,0.841642104751224,0.158357895248776,0.763759763550524,0.120947388631564,3.51643034617371,12.0423739044659,15.7672274439857
"Busan","Total","25-29",113315,156651,0.580261958913345,2020,0.642812374918961,0.861080890920954,0.138919109079046,0.642812374918961,0.0892989224287275,2.99081456852298,8.52594355829217,13.2635025257052
"Busan","Total","30-34",133900,133714,0.499652484548641,2020,0.553513452490233,0.999999,1e-06,0.553513452490233,5.53513452490233e-07,2.76756587866753,5.53512898976919,9.9999900000025
"Busan","Total","35+",927418,934968,0.502026969704454,2020,0.556143899685284,0.999999,1e-06,0.553512898976781,5.53512898976781e-07,2.76756311110165,2.76756311110165,4.9999975
"Chungbuk","Female","0-4",1836,22169,0.923515934180379,2020,1,0.895146084638096,0.104853915361904,1,0.104853915361904,4.73786521159524,27.6554429353656,27.6554429353656
"Chungbuk","Female","5-9",6006,28647,0.82668167258246,2020,0.895146084638096,0.973889513091974,0.0261104869080258,0.895146084638096,0.0233727001237135,4.4172986728812,22.9175777237703,25.6020532481419
"Chungbuk","Female","10-14",6264,25875,0.805096611593391,2020,0.871773384514383,0.985248760915742,0.0147512390842578,0.871773384514383,0.0128597376222643,4.32671757851625,18.5002790508891,21.2214313714046
"Chungbuk","Female","15-19",7009,26887,0.793220438989851,2020,0.858913646892119,0.808042556082634,0.191957443917366,0.858913646892119,0.164874868203154,3.88238106395271,14.1735614723729,16.5017304401418
"Chungbuk","Female","20-24",16362,29209,0.640955871058349,2020,0.694038778688965,0.870127875635337,0.129872124364663,0.694038778688965,0.0901362905797919,3.24485316699534,10.2911804084201,14.8279616707587
"Chungbuk","Female","25-29",21201,26734,0.557713570459998,2020,0.603902488109173,0.862842895402435,0.137157104597565,0.603902488109173,0.0828295167283194,2.81243864872506,7.0463272414248,11.6679884255602
"Chungbuk","Female","30-34",24101,22356,0.481219191940935,2020,0.521072971380853,0.750043929176599,0.249956070823401,0.521072971380853,0.130245352538633,2.27975147555768,4.23388859269974,8.12532759371467
"Chungbuk","Female","35+",501178,283059,0.360935533518566,2020,0.390827618842221,0.999999,1e-06,0.390827618842221,3.9082761884222e-07,1.95413711714206,1.95413711714206,4.9999975
"Chungbuk","Male","0-4",2737,26529,0.906478507483086,2020,1,0.949976856737482,0.0500231432625179,1,0.0500231432625179,4.87494214184371,29.3807710468177,29.3807710468177
"Chungbuk","Male","5-9",4802,29778,0.861133603238866,2020,0.949976856737482,0.97853150892904,0.0214684910709605,0.949976856737482,0.0203945696664878,4.69889785952119,24.505828904974,25.7962378042921
"Chungbuk","Male","10-14",5663,30326,0.842646364166829,2020,0.929582287070994,0.948771675994585,0.0512283240054149,0.929582287070994,0.0476209425917675,4.52885907887555,19.8069310454529,21.3073455905256
"Chungbuk","Male","15-19",6389,25473,0.799479003201306,2020,0.881961344479227,0.829180143342224,0.170819856657776,0.881961344479227,0.150656510441641,4.03316544629203,15.2780719665773,17.3228362696537
"Chungbuk","Male","20-24",13946,27426,0.662912114473557,2020,0.731304834037586,0.856489424153557,0.143510575846443,0.731304834037586,0.104949977852022,3.39414922555788,11.2449065202853,15.3764969092319
"Chungbuk","Male","25-29",21341,28034,0.567777215189873,2020,0.626354856185564,0.899603070221792,0.100396929778208,0.626354856185564,0.0628841045127019,2.97456401964607,7.85075729472739,12.5340407553279
"Chungbuk","Male","30-34",24293,25363,0.510774125986789,2020,0.563470751672862,0.820514058968468,0.179485941031532,0.563470751672862,0.101135078107748,2.56451606309494,4.87619327508133,8.65385339097836
"Chungbuk","Male","35+",428066,308832,0.419097351329492,2020,0.462335673565114,0.999999,1e-06,0.462335673565114,4.62335673565114e-07,2.31167721198639,2.31167721198639,4.9999975
"Chungbuk","Total","0-4",4573,48698,0.914155919731186,2020,1,0.923135163770131,0.0768648362298692,1,0.0768648362298692,4.80783790942533,28.5319594865914,28.5319594865914
"Chungbuk","Total","5-9",10808,58425,0.843889474672483,2020,0.923135163770131,0.97753616414962,0.0224638358503805,0.923135163770131,0.0207371567866463,4.56383292688404,23.7241215771661,25.699510221532
"Chungbuk","Total","10-14",11927,56201,0.824932480037576,2020,0.902398006983484,0.965234060567234,0.0347659394327661,0.902398006983484,0.0313727144550366,4.43355824877983,19.1602886502821,21.2326362669291
"Chungbuk","Total","15-19",13398,52360,0.796252927400468,2020,0.871025292528448,0.818086528631673,0.181913471368327,0.871025292528448,0.158451234613463,3.95899837610858,14.7267304015022,16.907351058375
"Chungbuk","Total","20-24",30308,56635,0.651403793289857,2020,0.712574057914985,0.864010710211151,0.135989289788849,0.712574057914985,0.0969024400578169,3.32061418943038,10.7677320253937,15.1110356962761
"Chungbuk","Total","25-29",42542,54768,0.562819854074607,2020,0.615671617857168,0.882144623584156,0.117855376415844,0.615671617857168,0.0725602102711083,2.89695756360807,7.44711783596328,12.095925197726
"Chungbuk","Total","30-34",48394,47719,0.496488508318334,2020,0.54311140758606,0.783726941453058,0.216273058546942,0.54311140758606,0.117460365250372,2.42190612480437,4.5501602723552,8.37795010158058
"Chungbuk","Total","35+",929244,591891,0.389111420090919,2020,0.425651042335688,0.999999,1e-06,0.425651042335688,4.25651042335688e-07,2.12825414755084,2.12825414755084,4.9999975
"Chungnam","Female","0-4",2462,32538,0.929657142857143,2020,1,0.934147187125996,0.0658528128740045,1,0.0658528128740045,4.83536796781499,26.0852314079578,26.0852314079578
"Chungnam","Female","5-9",5788,38206,0.86843660499159,2020,0.934147187125996,0.960754182715339,0.0392458172846609,0.934147187125996,0.0366613698229268,4.57908251107266,21.2498634401428,22.7478749955029
"Chungnam","Female","10-14",7059,35556,0.834354100668779,2020,0.897485817303069,0.935703416484959,0.0642965835150411,0.897485817303069,0.0577052718057917,4.34316590700086,16.6707809290702,18.5749798020938
"Chungnam","Female","15-19",8648,30788,0.780707982554012,2020,0.839780545497277,0.735130764683455,0.264869235316545,0.839780545497277,0.222432030919575,3.64282265018745,12.3276150220693,14.6795672847714
"Chungnam","Female","20-24",21649,29161,0.573922456209408,2020,0.617348514577702,0.827421444277801,0.172578555722199,0.617348514577702,0.106541115023065,2.82038978533085,8.68479237188187,14.0678922307324
"Chungnam","Female","25-29",24935,22549,0.474875747620251,2020,0.510807399554637,0.849428090448724,0.150571909551276,0.510807399554637,0.0769132455638634,2.36175388386353,5.86440258655102,11.4806531613756
"Chungnam","Female","30-34",30638,20714,0.40337279950148,2020,0.433894153990774,0.743011969299574,0.256988030700426,0.433894153990774,0.111505604166516,1.89070675953758,3.50264870268749,8.07258791221688
"Chungnam","Female","35+",865972,370620,0.299710818119477,2020,0.322388549824257,0.999999,1e-06,0.322388549824257,3.22388549824257e-07,1.61194194314991,1.61194194314991,4.9999975
"Chungnam","Male","0-4",2636,33594,0.927242616616064,2020,1,0.936300378955164,0.0636996210448355,1,0.0636996210448355,4.84075094738791,27.3899749399622,27.3899749399622
"Chungnam","Male","5-9",5985,39417,0.868177613320999,2020,0.936300378955164,0.96195847100069,0.0380415289993099,0.936300378955164,0.0356182980180877,4.5924561497306,22.5492239925743,24.0833225099593
"Chungnam","Male","10-14",7362,37297,0.835150809467297,2020,0.900682080937077,0.936006010148334,0.0639939898516662,0.900682080937077,0.0576382399470649,4.35931480481772,17.9567678428437,19.9368547713987
"Chungnam","Male","15-19",9107,32612,0.781706177041636,2020,0.843043840990012,0.78733240635372,0.21266759364628,0.843043840990012,0.179288105001663,3.7669989424459,13.597453038026,16.1289987268729
"Chungnam","Male","20-24",17826,28531,0.615462605431758,2020,0.663755735988349,0.858996312806304,0.141003687193696,0.663755735988349,0.0935920061703225,3.08479866451594,9.83045409558007,14.8103489922272
"Chungnam","Male","25-29",24100,27033,0.528680108736041,2020,0.570163729818026,0.891314992958916,0.108685007041084,0.570163729818026,0.0619682489898431,2.69589802661552,6.74565543106414,11.8310847889554
"Chungnam","Male","30-34",27992,24945,0.471220507395583,2020,0.508195480828183,0.729186499723063,0.270813500276937,0.508195480828183,0.137626196988001,2.19691191167091,4.04975740444861,7.96889692495672
"Chungnam","Male","35+",764342,400117,0.343607632385511,2020,0.370569283840182,0.999999,1e-06,0.370569283840182,3.70569283840182e-07,1.8528454927777,1.8528454927777,4.9999975
"Chungnam","Total","0-4",5098,66132,0.928429032710936,2020,1,0.935241185901606,0.0647588140983939,1,0.0647588140983939,4.83810296475402,26.7350986755617,26.7350986755617
"Chungnam","Total","5-9",11773,77623,0.868305069578057,2020,0.935241185901606,0.96136923987973,0.0386307601202701,0.935241185901606,0.0361290779071619,4.58588323474013,21.8969957108077,23.4132072463192
"Chungnam","Total","10-14",14421,72853,0.834761784723973,2020,0.899112107994444,0.935861145508937,0.0641388544910635,0.899112107994444,0.057668020665809,4.3513904883077,17.3111124760676,19.2535639573152
"Chungnam","Total","15-19",17755,63400,0.781221120078861,2020,0.841444087328635,0.760016156775065,0.239983843224935,0.841444087328635,0.201932985936023,3.70238797180312,12.9597219877599,15.4017624972606
"Chungnam","Total","20-24",39475,57692,0.593740673273848,2020,0.639511101392612,0.846789479208822,0.153210520791178,0.639511101392612,0.097979828896102,2.9526059347228,9.25733401595674,14.4756424021378
"Chungnam","Total","25-29",49035,49582,0.502773355506657,2020,0.54153127249651,0.870794421617675,0.129205578382325,0.54153127249651,0.0699688612750281,2.53273420929498,6.30472808123394,11.6424081146201
"Chungnam","Total","30-34",58630,45659,0.437812233313197,2020,0.471562411221482,0.733190671843787,0.266809328156213,0.471562411221482,0.125817250121727,2.04326893080309,3.77199387193896,7.99892820585172
"Chungnam","Total","35+",1630314,770737,0.320999845484332,2020,0.345745161099754,0.999999,1e-06,0.345745161099754,3.45745161099754e-07,1.72872494113587,1.72872494113587,4.9999975
"Daegu","Female","0-4",3937,33675,0.895325959800064,2020,1,0.947677000495461,0.0523229995045392,1,0.0523229995045392,4.86919250123865,31.251485625221,31.251485625221
"Daegu","Female","5-9",8218,46019,0.848479820049044,2020,0.947677000495461,0.993715374998383,0.0062846250016173,0.947677000495461,0.00595579457077147,4.72349551605037,26.3822931239823,27.8389083096765
"Daegu","Female","10-14",8151,43815,0.843147442558596,2020,0.941721205924689,0.94686078149127,0.0531392185087302,0.941721205924689,0.0500423289359369,4.5835002072836,21.658797607932,22.9991609742555
"Daegu","Female","15-19",10273,40670,0.798343246373398,2020,0.891678876988752,0.864651741523553,0.135348258476447,0.891678876988752,0.120687183120662,4.15667642714211,17.0752974006484,19.1496040125034
"Daegu","Female","20-24",24723,55103,0.690288878310325,2020,0.77099169386809,0.844194316287664,0.155805683712336,0.77099169386809,0.12012488799965,3.55464624934133,12.9186209735063,16.755849740343
"Daegu","Female","25-29",37027,51711,0.582737947666163,2020,0.65086680586844,0.961093225032497,0.0389067749675026,0.65086680586844,0.0253231283497406,3.19102620846785,9.36397472416493,14.3869293067892
"Daegu","Female","30-34",31974,40705,0.560065493471292,2020,0.6255436775187,0.982418126590618,0.0175818734093823,0.6255436775187,0.0109982297501733,3.10022281321807,6.17294851569708,9.86813349338432
"Daegu","Female","35+",270907,331401,0.550218492864116,2020,0.614545447768527,0.999999,1e-06,0.614545447768527,6.14545447768527e-07,3.07272570247901,3.07272570247901,4.9999975
"Daegu","Male","0-4",3580,36395,0.910444027517198,2020,1,0.931454280414838,0.0685457195851615,1,0.0685457195851615,4.8286357010371,30.7271430284606,30.7271430284606
"Daegu","Male","5-9",8020,44756,0.848036986509019,2020,0.931454280414838,0.981841056808692,0.0181589431913076,0.931454280414838,0.0169142253633534,4.61498583866581,25.8985073274235,27.8043784563308
"Daegu","Male","10-14",9501,47268,0.832637531046874,2020,0.914540055051485,0.999999,1e-06,0.914540055051485,9.14540055051485e-07,4.57269798890729,21.2835214887576,23.27237759702
"Daegu","Male","15-19",10179,53828,0.840970518849501,2020,0.923692718533007,0.838065700501145,0.161934299498855,0.91453914051143,0.148095255083004,4.20245756484964,16.7108234998504,18.2723983694184
"Daegu","Male","20-24",21528,51396,0.704788546980418,2020,0.774115185205171,0.86830951540367,0.131690484596329,0.766443885428426,0.100933366687963,3.57988601042222,12.5083659350007,16.3200022504045
"Daegu","Male","25-29",39844,62840,0.611974601690624,2020,0.672171581332125,0.873279593325441,0.126720406674559,0.665510518740463,0.084333763580988,3.11671818474985,8.9284799245785,13.4159861837743
"Daegu","Male","30-34",39978,45890,0.534424931289887,2020,0.586993725190637,0.999999,1e-06,0.581176755159475,5.81176755159475e-07,2.90588232285549,5.81176173982865,9.9999900000025
"Daegu","Male","35+",249747,318883,0.56079172748536,2020,0.615954095513869,0.999999,1e-06,0.58117617398272,5.8117617398272e-07,2.90587941697316,2.90587941697316,4.9999975
"Daegu","Total","0-4",7517,70070,0.903115212600049,2020,1,0.939261585174431,0.0607384148255685,1,0.0607384148255685,4.84815396293608,31.1180492311571,31.1180492311571
"Daegu","Total","5-9",16238,90775,0.848261426181866,2020,0.939261585174431,0.9875026036697,0.0124973963303003,0.939261585174431,0.011738324287751,4.66696211515278,26.269895268221,27.9686678161573
"Daegu","Total","10-14",17652,91083,0.837660366947165,2020,0.92752326088668,0.981399141337359,0.0186008586626415,0.92752326088668,0.0172527290820655,4.59448448172824,21.6029331530683,23.2909880151325
"Daegu","Total","15-19",20452,94498,0.822079164854284,2020,0.910270531804615,0.84810704261045,0.15189295738955,0.910270531804615,0.138263683100361,4.20569345127217,17.00844867134,18.6850481006132
"Daegu","Total","20-24",46251,106499,0.697211129296236,2020,0.772006848704253,0.858307138173589,0.141692861826411,0.772006848704253,0.109387859742494,3.58656459416503,12.8027552200679,16.5837326981699
"Daegu","Total","25-29",76871,114551,0.598421289089028,2020,0.662618988961759,0.912699373504077,0.0873006264959229,0.662618988961759,0.0578470528644565,3.16847731264765,9.21619062590283,13.9087330418095
"Daegu","Total","30-34",71952,86595,0.546178735643059,2020,0.604771936097302,0.999999,1e-06,0.604771936097302,6.04771936097302e-07,3.02385816855667,6.04771331325518,9.9999900000025
"Daegu","Total","35+",520654,650284,0.555353058829759,2020,0.614930466325453,0.999999,1e-06,0.604771331325366,6.04771331325366e-07,3.0238551446985,3.0238551446985,4.9999975
"Daejeon","Female","0-4",3294,21418,0.866704435092263,2020,1,0.884379932803956,0.115620067196044,1,0.115620067196044,4.71094983200989,29.426786055648,29.426786055648
"Daejeon","Female","5-9",8164,26799,0.766496010067786,2020,0.884379932803956,0.981410803758966,0.0185891962410342,0.884379932803956,0.0164399121225253,4.38079988371347,24.7158362236381,27.9470794246493
"Daejeon","Female","10-14",8626,26191,0.752247465318666,2020,0.86794002068143,0.999999,1e-06,0.86794002068143,8.6794002068143e-07,4.3396979335571,20.3350363399247,23.4290801845494
"Daejeon","Female","15-19",8149,26245,0.763069139966273,2020,0.88042602422479,0.84111161209492,0.15888838790508,0.86793915274141,0.137905452778784,3.99493213176009,15.9953384063676,18.4291011136505
"Daejeon","Female","20-24",16976,30420,0.641826314456916,2020,0.740536552566034,0.858303394891311,0.141696605108689,0.730033699962626,0.103443296899639,3.39156025756403,12.0004062746075,16.438153848544
"Daejeon","Female","25-29",22005,26991,0.550881704628949,2020,0.635605037108535,0.899136100247889,0.100863899752111,0.626590403062987,0.0632003516001797,2.97495113631448,8.60884601704345,13.7391922617399
"Daejeon","Female","30-34",18916,18565,0.495317627597983,2020,0.571495434363683,0.999999,1e-06,0.563390051462807,5.63390051462807e-07,2.81694884883891,5.63389488072896,9.9999900000025
"Daejeon","Female","35+",136198,138081,0.503432636111405,2020,0.58085849769283,0.999999,1e-06,0.563389488072755,5.63389488072755e-07,2.81694603189006,2.81694603189006,4.9999975
"Daejeon","Male","0-4",2890,22422,0.885824905183312,2020,1,0.863788488584299,0.136211511415701,1,0.136211511415701,4.65947122146075,28.6786552958327,28.6786552958327
"Daejeon","Male","5-9",8869,28898,0.765165355998623,2020,0.863788488584299,0.999999,1e-06,0.863788488584299,8.63788488584299e-07,4.31894028345027,24.019184074372,27.8067888051368
"Daejeon","Male","10-14",8573,28308,0.767549686830617,2020,0.86648013883938,0.999999,1e-06,0.86378762479581,8.6378762479581e-07,4.31893596450999,19.7002437909217,22.806814111951
"Daejeon","Male","15-19",8402,31654,0.790243658877571,2020,0.892099165708192,0.81062048133738,0.189379518662619,0.863786761008185,0.163583521026873,3.90997500247374,15.3813078264117,17.8068344187854
"Daejeon","Male","20-24",15656,27904,0.64058769513315,2020,0.72315385510705,0.80907631758342,0.19092368241658,0.700203239981312,0.133685381017252,3.16680274736343,11.471332823938,16.3828616734823
"Daejeon","Male","25-29",23922,25738,0.51828433346758,2020,0.585086658136267,0.972712980643067,0.0272870193569329,0.56651785896406,0.0154585837836005,2.7939428353613,8.30453007657452,14.658902530911
"Daejeon","Male","30-34",20771,21118,0.504141898827855,2020,0.569121387170219,0.999999,1e-06,0.55105927518046,5.5105927518046e-07,2.75529499825411,5.51058724121322,9.9999900000025
"Daejeon","Male","35+",124882,141349,0.53092615059854,2020,0.599357895100805,0.999999,1e-06,0.551058724121184,5.51058724121184e-07,2.75529224295911,2.75529224295911,4.9999975
"Daejeon","Total","0-4",6184,43840,0.876379337917799,2020,1,0.873828260409213,0.126171739590787,1,0.126171739590787,4.68457065102303,29.0688473045554,29.0688473045554
"Daejeon","Total","5-9",17033,55697,0.765805032311288,2020,0.873828260409213,0.992574871795305,0.00742512820469499,0.873828260409213,0.006488286862424,4.35292058489,24.3842766535324,27.9051133481461
"Daejeon","Total","10-14",17199,54499,0.760118831766576,2020,0.867339973546789,0.999999,1e-06,0.867339973546789,8.67339973546789e-07,4.33669769938401,20.0313560686424,23.0951606977466
"Daejeon","Total","15-19",16551,57899,0.777689724647414,2020,0.887389388361365,0.824535934300644,0.175464065699356,0.867339106206815,0.152186845915093,3.95622841624634,15.6946583692584,18.0951812929279
"Daejeon","Total","20-24",32632,58324,0.641233123708167,2020,0.731684438421016,0.833508597231171,0.166491402768829,0.715152260291722,0.119066703009268,3.27809454393544,11.7384299530121,16.4138891880503
"Daejeon","Total","25-29",45927,52729,0.534473321440156,2020,0.609865269884178,0.935453242483843,0.0645467575161567,0.596085557282454,0.0384753899247937,2.88423931160029,8.46033540907661,14.193156176518
"Daejeon","Total","30-34",39687,39683,0.499974801562303,2020,0.570500444191438,0.999999,1e-06,0.557610167357661,5.57610167357661e-07,2.78804944276289,5.57609609747633,9.9999900000025
"Daejeon","Total","35+",261080,279430,0.516974709071062,2020,0.589898331354262,0.999999,1e-06,0.557609609747493,5.57609609747493e-07,2.78804665471344,2.78804665471344,4.9999975
"Gangwon","Female","0-4",1731,19110,0.91694256513603,2020,1,0.930457841109073,0.0695421588909269,1,0.0695421588909269,4.82614460277268,26.3743396296989,26.3743396296989
"Gangwon","Female","5-9",3892,22616,0.853176399577486,2020,0.930457841109073,0.958697845481948,0.0413021545180523,0.930457841109073,0.0384299135260203,4.55621442173032,21.5481950269263,23.1587010984201
"Gangwon","Female","10-14",5507,24741,0.817938376090981,2020,0.892027927583053,0.931257979885408,0.0687420201145917,0.892027927583053,0.0613198017406918,4.30684013356353,16.9919806051959,19.0487092161292
"Gangwon","Female","15-19",7462,23853,0.761711639789238,2020,0.830708125842361,0.79610878502063,0.20389121497937,0.830708125842361,0.169374089071234,3.73010540653372,12.6851404716324,15.2702737303422
"Gangwon","Female","20-24",17611,27133,0.606405328088682,2020,0.661334036771127,0.723332075841293,0.276667924158707,0.661334036771127,0.182969915128966,2.84924539603322,8.95503506509868,13.5408652317676
"Gangwon","Female","25-29",24941,19488,0.438632424767607,2020,0.478364121642161,0.846877003609082,0.153122996390918,0.478364121642161,0.0732485476717574,2.20869923903141,6.10578966906547,12.7638955198084
"Gangwon","Female","30-34",30739,18167,0.371467713572977,2020,0.405115573970403,0.949293696865846,0.0507063031341541,0.405115573970403,0.0205419130981101,1.97422308710674,3.89709043003406,9.6197003532596
"Gangwon","Female","35+",573638,312470,0.352631959083994,2020,0.384573660872293,0.999999,1e-06,0.384573660872293,3.84573660872293e-07,1.92286734292731,1.92286734292731,4.9999975
"Gangwon","Male","0-4",1681,20081,0.922755261464939,2020,1,0.932686718920481,0.0673132810795186,1,0.0673132810795186,4.8317167973012,27.2739863835101,27.2739863835101
"Gangwon","Male","5-9",4114,25407,0.860641577182345,2020,0.932686718920481,0.933364899300611,0.0666351006993892,0.932686718920481,0.0621496734362492,4.50805941101178,22.4422695862089,24.0619589953893
"Gangwon","Male","10-14",6010,24543,0.803292639020718,2020,0.870537045484232,0.987682153062665,0.0123178469373346,0.870537045484232,0.0107231420795543,4.32587737222228,17.9342101751971,20.6013176213785
"Gangwon","Male","15-19",6922,26582,0.793397803247373,2020,0.859813903404678,0.819777386775792,0.180222613224208,0.859813903404678,0.154957908558098,3.91167474562815,13.6083328029748,15.8270676353205
"Gangwon","Male","20-24",13870,25805,0.650409577819786,2020,0.70485599484658,0.798865245457743,0.201134754542257,0.70485599484658,0.141771037511105,3.16985238045514,9.69665805734664,13.7569349317334
"Gangwon","Male","25-29",24536,26537,0.51958960703307,2020,0.563084957335475,0.727293075354501,0.272706924645499,0.563084957335475,0.153557167029099,2.43153186910463,6.5268056768915,11.5911561690023
"Gangwon","Male","30-34",33804,20534,0.377893923221318,2020,0.409527790306376,0.999999,1e-06,0.409527790306376,4.09527790306376e-07,2.0476379277124,4.09527380778688,9.9999900000025
"Gangwon","Male","35+",487796,325397,0.400147320500791,2020,0.433644041070575,0.999999,1e-06,0.409527380778585,4.09527380778585e-07,2.04763588007448,2.04763588007448,4.9999975
"Gangwon","Total","0-4",3412,39191,0.919911743304462,2020,1,0.9317303722677,0.0682696277322995,1,0.0682696277322995,4.82932593066925,26.9149267582621,26.9149267582621
"Gangwon","Total","5-9",8006,48023,0.857109711042496,2020,0.9317303722677,0.945711806706212,0.0542881932937882,0.9317303722677,0.0505819585473622,4.5321969649701,22.0856008275928,23.7038541244927
"Gangwon","Total","10-14",11517,49284,0.810578773375438,2020,0.881148413720338,0.95991874348331,0.0400812565166903,0.881148413720338,0.0353175355995996,4.31744822960269,17.5534038626227,19.9210525597041
"Gangwon","Total","15-19",14384,50435,0.778089757632793,2020,0.845830878120739,0.80593056685165,0.19406943314835,0.845830878120739,0.164149919056263,3.81877959296304,13.23595563302,15.6484658758587
"Gangwon","Total","20-24",31481,52938,0.62708631943046,2020,0.681680959064476,0.768517929874235,0.231482070125765,0.681680959064476,0.157796919569562,3.01391249639848,9.41717604005698,13.814638526769
"Gangwon","Total","25-29",49477,46025,0.481927080061151,2020,0.523884039494915,0.777814498747013,0.222185501252987,0.523884039494915,0.116399437913617,2.32842160269053,6.40326354365851,12.2226734561946
"Gangwon","Total","30-34",64543,38701,0.374849870210375,2020,0.407484601581297,0.999999,1e-06,0.407484601581297,4.07484601581297e-07,2.03742198919498,4.07484194096798,9.9999900000025
"Gangwon","Total","35+",1061434,637867,0.375370225757532,2020,0.408050259701159,0.999999,1e-06,0.407484194096696,4.07484194096696e-07,2.03741995177299,2.03741995177299,4.9999975
"Gwangju","Female","0-4",2759,22412,0.890389734217949,2020,1,0.999999,1e-06,1,1e-06,4.9999975,30.5304369765795,30.5304369765795
"Gwangju","Female","5-9",3698,31620,0.895294184268645,2020,1.00550820597118,0.930555995940877,0.0694440040591228,0.999999,0.0694439346151187,4.8263851634622,25.5304394765795,25.5304650070446
"Gwangju","Female","10-14",6036,30134,0.833121371302184,2020,0.935681690034235,0.977165762641987,0.0228342373580128,0.930555065384881,0.0212485152376995,4.59965403883016,20.7040543131173,22.2491447129505
"Gwangju","Female","15-19",7076,30987,0.814097680161837,2020,0.914316112232447,0.845306538373003,0.154693461626997,0.909306550147182,0.14066377792237,4.19487330592998,16.1044002742872,17.7106392466661
"Gwangju","Female","20-24",15837,34949,0.688162091915095,2020,0.772877387809872,0.836312011033154,0.163687988966846,0.768642772224812,0.125817589619381,3.52866988707561,11.9095269683572,15.4942287870417
"Gwangju","Female","25-29",21174,28708,0.575518223006295,2020,0.646366642481325,0.843003631730973,0.156996368269027,0.642825182605431,0.100921219100927,2.96182286527484,8.3808570812816,13.037536966603
"Gwangju","Female","30-34",21463,20226,0.485163952121663,2020,0.544889427041512,0.999999,1e-06,0.541903963504504,5.41903963504504e-07,2.70951846276261,5.41903421600676,9.9999900000025
"Gwangju","Female","35+",168568,159397,0.486018325126157,2020,0.545848976519297,0.999999,1e-06,0.541903421600541,5.41903421600541e-07,2.70951575324415,2.70951575324415,4.9999975
"Gwangju","Male","0-4",2095,24252,0.920484305613542,2020,1,0.920301515506504,0.079698484493496,1,0.079698484493496,4.80075378876626,29.8315360150051,29.8315360150051
"Gwangju","Male","5-9",5848,32405,0.847123101456095,2020,0.920301515506504,0.971072445568664,0.0289275544313362,0.920301515506504,0.0266220721830556,4.53495239707488,25.0307822262389,27.1984581188728
"Gwangju","Male","10-14",7372,34188,0.822617901828681,2020,0.893679443323448,0.977007310340644,0.0229926896593564,0.893679443323448,0.0205480940952824,4.41702698137904,20.495829829164,22.9342075419608
"Gwangju","Male","15-19",7791,31899,0.803703703703704,2020,0.873131349228166,0.820934840025551,0.179065159974449,0.873131349228166,0.156347404728248,3.97478823432021,16.0788028477849,18.4151019912392
"Gwangju","Male","20-24",15465,29992,0.659788371427943,2020,0.716783944499918,0.910548164432032,0.0894518355679684,0.716783944499918,0.0641176395411665,3.42362562364667,12.1040146134647,16.8865593409872
"Gwangju","Male","25-29",24086,36245,0.600769090517313,2020,0.652666304958752,0.863991759690838,0.136008240309162,0.652666304958752,0.0887679956465226,3.04141153567745,8.68038898981806,13.29988835622
"Gwangju","Male","30-34",20742,22386,0.519059543683918,2020,0.563898309312229,0.999999,1e-06,0.563898309312229,5.63898309312229e-07,2.81949013681537,5.63897745414061,9.9999900000025
"Gwangju","Male","35+",144932,157858,0.521344826447373,2020,0.566381005377244,0.999999,1e-06,0.56389774541392,5.6389774541392e-07,2.81948731732523,2.81948731732523,4.9999975
"Gwangju","Total","0-4",4854,46664,0.905780503901549,2020,1,0.960771162663245,0.0392288373367548,1,0.0392288373367548,4.90192790665811,30.2475822392356,30.2475822392356
"Gwangju","Total","5-9",9546,64025,0.870247787851191,2020,0.960771162663245,0.950884884967855,0.0491151150321452,0.960771162663245,0.0471883861737731,4.68588484788179,25.3456543325775,26.3805319284559
"Gwangju","Total","10-14",13408,64322,0.82750546764441,2020,0.913582776489472,0.977385618999634,0.0226143810003662,0.913582776489472,0.0206601089829053,4.5162636099901,20.6597694846957,22.61400938849
"Gwangju","Total","15-19",14867,62886,0.808791943719213,2020,0.892922667506567,0.834282249052538,0.165717750947462,0.892922667506567,0.147973136229197,4.09468049695984,16.1435058747056,18.0793997757783
"Gwangju","Total","20-24",31302,64941,0.674760761821639,2020,0.74494953127737,0.873406803924537,0.126593196075463,0.74494953127737,0.0943055420793204,3.48898380118855,12.0488253777457,16.1740156505442
"Gwangju","Total","25-29",45260,64953,0.589340640396324,2020,0.65064398919805,0.852476901685784,0.147523098314216,0.65064398919805,0.0959850171860177,3.0132574030252,8.55984157655719,13.1559527463054
"Gwangju","Total","30-34",42205,42612,0.502399283162574,2020,0.554658972012032,0.999999,1e-06,0.554658972012032,5.54658972012032e-07,2.77329347341273,5.54658417353199,9.9999900000025
"Gwangju","Total","35+",313500,317255,0.502976591545053,2020,0.555296332145081,0.999999,1e-06,0.55465841735306,5.5465841735306e-07,2.77329070011926,2.77329070011926,4.9999975
"Gyeongbuk","Female","0-4",2550,35670,0.933281004709576,2020,1,0.915894165752598,0.0841058342474025,1,0.0841058342474025,4.78973541438149,25.9904132413858,25.9904132413858
"Gyeongbuk","Female","5-9",7510,44207,0.854786627221223,2020,0.915894165752598,0.942108402045615,0.0578915979543846,0.915894165752598,0.0530225768125159,4.4469143867317,21.2006778270043,23.1475192437584
"Gyeongbuk","Female","10-14",9820,40617,0.805301663461348,2020,0.862871588940082,0.932140643042265,0.0678593569577349,0.862871588940082,0.0585539111625729,4.16797316679398,16.7537634402726,19.4162881882023
"Gyeongbuk","Female","15-19",12288,36993,0.750654410421866,2020,0.804317677777509,0.757391289308062,0.242608710691938,0.804317677777509,0.195134474792335,3.53375220190671,12.5857902734786,15.6477852236889
"Gyeongbuk","Female","20-24",31699,41770,0.568539111734201,2020,0.609183202985174,0.816279837683494,0.183720162316506,0.609183202985174,0.111919236932925,2.76611792259356,9.05203807157194,14.8593034529093
"Gyeongbuk","Female","25-29",40649,35201,0.464087013843111,2020,0.497263966052249,0.873265314358318,0.126734685641682,0.497263966052249,0.0630205924185676,2.32876834921483,6.28592014897838,12.6410127781467
"Gyeongbuk","Female","30-34",46553,31723,0.405271092033318,2020,0.434243373633681,0.881700446405481,0.118299553594519,0.434243373633681,0.0513707972522424,2.0427898750378,3.95715179976355,9.11275114378999
"Gyeongbuk","Female","35+",1117048,621082,0.357327702761013,2020,0.382872576381439,0.999999,1e-06,0.382872576381439,3.82872576381439e-07,1.91436192472575,1.91436192472575,4.9999975
"Gyeongbuk","Male","0-4",2576,36807,0.934591067211741,2020,1,0.90848098658272,0.0915190134172805,1,0.0915190134172805,4.7712024664568,26.8754238062273,26.8754238062273
"Gyeongbuk","Male","5-9",8839,49720,0.849058214791919,2020,0.90848098658272,0.965069956364399,0.0349300436356014,0.90848098658272,0.0317332805034486,4.46307173165498,22.1042213397705,24.3309674789301
"Gyeongbuk","Male","10-14",10063,45657,0.819400574300072,2020,0.876747706079271,0.934050025753428,0.0659499742465723,0.876747706079271,0.0578214886366693,4.23918480880468,17.6411496081155,20.1211243391841
"Gyeongbuk","Male","15-19",13102,42737,0.765361127527355,2020,0.818926217442602,0.811284996488837,0.188715003511163,0.818926217442602,0.154543664000064,3.70827192721285,13.4019647993108,16.3652897096925
"Gyeongbuk","Male","20-24",26658,43666,0.620925999658723,2020,0.664382553442537,0.814098582032358,0.185901417967642,0.664382553442537,0.12350965875793,3.01313862031786,9.69369287209795,14.5905289382894
"Gyeongbuk","Male","25-29",46211,47238,0.505494975869191,2020,0.540872894684607,0.87349819738583,0.12650180261417,0.540872894684607,0.0684213961627469,2.53331098301617,6.68055425178009,12.3514310246137
"Gyeongbuk","Male","30-34",53489,42292,0.441548950209332,2020,0.47245149852186,0.83708501167334,0.16291498832666,0.47245149852186,0.0769694303666019,2.1698339166928,4.14724326876392,8.77813549483752
"Gyeongbuk","Male","35+",1057209,619873,0.369614008140329,2020,0.395482068155258,0.999999,1e-06,0.395482068155258,3.95482068155258e-07,1.97740935207112,1.97740935207112,4.9999975
"Gyeongbuk","Total","0-4",5126,72477,0.933945852608791,2020,1,0.91198511229074,0.0880148877092601,1,0.0880148877092601,4.77996278072685,26.4536996881791,26.4536996881791
"Gyeongbuk","Total","5-9",16349,93927,0.851744713264899,2020,0.91198511229074,0.954161415747234,0.0458385842527659,0.91198511229074,0.0418041064070072,4.45541529543618,21.6737369074522,23.7654503514995
"Gyeongbuk","Total","10-14",19883,86274,0.812701941464058,2020,0.870181005883733,0.933265291692685,0.0667347083073153,0.870181005883733,0.0580712756022171,4.20572684041312,17.2183216120161,19.7870575151541
"Gyeongbuk","Total","15-19",25390,79730,0.758466514459665,2020,0.812109730281515,0.783369665950492,0.216630334049508,0.812109730281515,0.175927602155741,3.62072964601823,13.0125947716029,16.023197711339
"Gyeongbuk","Total","20-24",58357,85436,0.594159660066902,2020,0.636182128125775,0.81954944357449,0.18045055642551,0.636182128125775,0.114799419008261,2.89391209310822,9.39186512558471,14.7628559658751
"Gyeongbuk","Total","25-29",86860,82439,0.486943218802237,2020,0.521382709117514,0.873272788119572,0.126727211880428,0.521382709117514,0.0660733770491268,2.44173010296475,6.49795303247649,12.4629239114486
"Gyeongbuk","Total","30-34",100042,74015,0.425234262339349,2020,0.455309332068387,0.854496160880413,0.145503839119587,0.455309332068387,0.066249255802925,2.11092352083462,4.05622292951174,8.9087190703627
"Gyeongbuk","Total","35+",2174257,1240955,0.363361044643788,2020,0.389060076265462,0.999999,1e-06,0.389060076265462,3.89060076265462e-07,1.94529940867712,1.94529940867712,4.9999975
"Gyeonggi","Female","0-4",13650,207845,0.938373326711664,2020,1,0.934980239508139,0.0650197604918609,1,0.0650197604918609,4.83745059877035,32.7460897511368,32.7460897511368
"Gyeonggi","Female","5-9",33673,240896,0.877360517756921,2020,0.934980239508139,0.962041403787609,0.037958596212391,0.934980239508139,0.035490537378054,4.58617485409556,27.9086391523665,29.8494427722325
"Gyeonggi","Female","10-14",41982,227232,0.844057144130692,2020,0.899489702130085,0.981286477492653,0.0187135225073466,0.899489702130085,0.0168326207859378,4.45536695868558,23.3224642982709,25.9285506471513
"Gyeonggi","Female","15-19",43272,208693,0.828261861766515,2020,0.882657081344147,0.90987852007038,0.0901214799296203,0.882657081344147,0.0795463624410938,4.214419500618,18.8670973395853,21.3753424046105
"Gyeonggi","Female","20-24",74507,227897,0.753617677014854,2020,0.803110718903053,0.933679056393253,0.0663209436067467,0.803110718903053,0.0532630606983432,3.88239594276941,14.6526778389673,18.2449038396362
"Gyeonggi","Female","25-29",87433,207587,0.703637041556505,2020,0.74984765820471,0.958317745277963,0.0416822547220369,0.74984765820471,0.0312553410920116,3.67109993829352,10.7702818961979,14.3632933681279
"Gyeonggi","Female","30-34",75372,156049,0.674307863158486,2020,0.718592317112699,0.983905673432289,0.0160943265677108,0.718592317112699,0.0115652594206598,3.56404843701184,7.09918195790439,9.87929009097799
"Gyeonggi","Female","35+",507332,1000141,0.663455332201638,2020,0.707027057692039,0.999999,1e-06,0.707027057692039,7.07027057692039e-07,3.53513352089255,3.53513352089255,4.9999975
"Gyeonggi","Male","0-4",15147,213037,0.933619359814886,2020,1,0.924056221054525,0.0759437789454751,1,0.0759437789454751,4.81014055263631,33.3697258310558,33.3697258310558
"Gyeonggi","Male","5-9",40966,257439,0.862716777533889,2020,0.924056221054525,0.984844988184082,0.0151550118159177,0.924056221054525,0.0140040829486536,4.58527089790099,28.5595852784195,30.9067615451229
"Gyeonggi","Male","10-14",44577,251896,0.849642294576572,2020,0.910052138105871,0.984356274421069,0.0156437255789309,0.910052138105871,0.0142366059110476,4.51466917575174,23.9743143805185,26.3438910548765
"Gyeonggi","Male","15-19",43090,220217,0.836350723679963,2020,0.895815532194824,0.918283118709788,0.0817168812902118,0.895815532194824,0.0732032515022923,4.29606953221839,19.4596452047668,21.7228263022958
"Gyeonggi","Male","20-24",61307,202955,0.768006750876025,2020,0.822612280692531,0.956300707174792,0.0436992928252079,0.822612280692531,0.035947574935595,4.02319246612367,15.1635756725484,18.4334418880577
"Gyeonggi","Male","25-29",85934,237668,0.734445398977757,2020,0.786664705756936,0.932923896433009,0.0670761035669912,0.786664705756936,0.0527664032758489,3.80140752059506,11.1403832064247,14.161539376176
"Gyeonggi","Male","30-34",76147,165729,0.685181663331624,2020,0.733898302481087,0.999999,1e-06,0.733898302481087,7.33898302481087e-07,3.66948967765968,7.33897568582968,9.9999900000025
"Gyeonggi","Male","35+",406395,1010883,0.713256679352957,2020,0.763969461274216,0.999999,1e-06,0.733897568582785,7.33897568582785e-07,3.66948600817,3.66948600817,4.9999975
"Gyeonggi","Total","0-4",28797,420882,0.935960985502992,2020,1,0.92924178221262,0.0707582177873805,1,0.0707582177873805,4.82310445553155,33.1041353874978,33.1041353874978
"Gyeonggi","Total","5-9",74639,498335,0.86973405425028,2020,0.92924178221262,0.973842845665525,0.026157154334475,0.92924178221262,0.0243063207113781,4.58544310928465,28.2810309319663,30.4345235796719
"Gyeonggi","Total","10-14",86559,479128,0.846984286363307,2020,0.904935461501241,0.982775395985959,0.0172246040140415,0.904935461501241,0.0155871549826228,4.48570942004965,23.6955878226816,26.1848372958795
"Gyeonggi","Total","15-19",86362,428910,0.832395317424584,2020,0.889348306518619,0.913421708905626,0.0865782910943742,0.889348306518619,0.0769982565660577,4.25424589117795,19.209878402632,21.5999493807209
"Gyeonggi","Total","20-24",135814,430852,0.760327953327004,2020,0.812350049952561,0.946634845659776,0.0533651543402238,0.812350049952561,0.0433511857940069,3.95337228527779,14.955632511454,18.4103300200787
"Gyeonggi","Total","25-29",173367,445255,0.719752934748522,2020,0.768998864158554,0.944580883305152,0.0554191166948481,0.768998864158554,0.0426172377910086,3.73845122631525,11.0022602261763,14.3072515955079
"Gyeonggi","Total","30-34",151519,321778,0.679864862866234,2020,0.726381626367545,0.999999,1e-06,0.726381626367545,7.26381626367545e-07,3.63190631588366,7.26380899986101,9.9999900000025
"Gyeonggi","Total","35+",913727,2011024,0.687588105790886,2020,0.734633298225963,0.999999,1e-06,0.726380899985919,7.26380899985919e-07,3.63190268397735,3.63190268397735,4.9999975
"Gyeongnam","Female","0-4",3036,47425,0.939834723846139,2020,1,0.953928523381701,0.0460714766182989,1,0.0460714766182989,4.88482130845425,29.1668965361535,29.1668965361535
"Gyeongnam","Female","5-9",7319,63420,0.896535150341396,2020,0.953928523381701,0.98943867990416,0.0105613200958404,0.953928523381701,0.0100747444839865,4.74445575569854,24.2820752276993,25.4548161969397
"Gyeongnam","Female","10-14",7595,59657,0.887066555641468,2020,0.943853778897714,0.954814074808048,0.045185925191952,0.943853778897714,0.0426489062454133,4.61264662887504,19.5376194720007,20.6998371027532
"Gyeongnam","Female","15-19",9433,52214,0.84698363261797,2020,0.901204872652301,0.726868308444355,0.273131691555645,0.901204872652301,0.246147611305713,3.89065533499722,14.9249728431257,16.5611319867818
"Gyeongnam","Female","20-24",35577,56986,0.615645560321079,2020,0.655057261346588,0.887755369914812,0.112244630085188,0.655057261346588,0.0735266599844644,3.09146965677178,11.0343175081285,16.8448136662823
"Gyeongnam","Female","25-29",42659,51416,0.546542652139251,2020,0.581530601362124,0.938413738013834,0.0615862619861658,0.581530601362124,0.0358142959684603,2.81811726688947,7.94284785135667,13.6585208633081
"Gyeongnam","Female","30-34",43482,45782,0.512883133177989,2020,0.545716305393664,0.91877801397211,0.0812219860278905,0.545716305393664,0.0443241621318762,2.61777112163863,5.12473058446721,9.39083280784579
"Gyeongnam","Female","35+",785280,699815,0.471225746501066,2020,0.501392143261787,0.999999,1e-06,0.501392143261787,5.01392143261787e-07,2.50695946282858,2.50695946282858,4.9999975
"Gyeongnam","Male","0-4",3083,52239,0.944271718303749,2020,1,0.960827317152608,0.0391726828473918,1,0.0391726828473918,4.90206829288152,29.6723055484708,29.6723055484708
"Gyeongnam","Male","5-9",7260,71042,0.907282061760875,2020,0.960827317152608,0.961119884536929,0.0388801154630714,0.960827317152608,0.0373570770309665,4.71074389318562,24.7702372555893,25.7801134640878
"Gyeongnam","Male","10-14",9894,67407,0.872006830442038,2020,0.923470240121642,0.966125332756912,0.0338746672430883,0.923470240121642,0.0312822470930155,4.53914558287567,20.0594933624037,21.7218622657092
"Gyeongnam","Male","15-19",10609,56736,0.842467889227114,2020,0.892187993028626,0.784276663684935,0.215723336315065,0.892187993028626,0.192465770476377,3.97977553895219,15.520347779528,17.3958267773169
"Gyeongnam","Male","20-24",28469,55443,0.660727905424731,2020,0.699722222552249,0.896444864758754,0.103555135241246,0.699722222552249,0.0724598293877037,3.31746153929199,11.5405722405758,16.4930766361563
"Gyeongnam","Male","25-29",44384,64482,0.592306137820807,2020,0.627262393164546,0.88028813141281,0.11971186858719,0.627262393164546,0.0750907531802002,2.94858508287223,8.22311070128385,13.109522890091
"Gyeongnam","Male","30-34",46887,51080,0.521400063286617,2020,0.552171639984345,0.940310955145219,0.0596890448547809,0.552171639984345,0.0329585977865635,2.67846170545532,5.27452561841162,9.55232981281176
"Gyeongnam","Male","35+",710096,683009,0.490278191521816,2020,0.519213042197782,0.999999,1e-06,0.519213042197782,5.19213042197782e-07,2.5960639129563,2.5960639129563,4.9999975
"Gyeongnam","Total","0-4",6119,99664,0.942155166709207,2020,1,0.957571863802538,0.0424281361974621,1,0.0424281361974621,4.89392965950634,29.4170360765201,29.4170360765201
"Gyeongnam","Total","5-9",14579,134462,0.902181278976926,2020,0.957571863802538,0.974319966932998,0.0256800330670015,0.957571863802538,0.0245904771264794,4.72638312619649,24.5231064170137,25.6096772931819
"Gyeongnam","Total","10-14",17489,127064,0.879013233900369,2020,0.932981386676058,0.960879757829686,0.0391202421703137,0.932981386676058,0.0364984577871625,4.57366078891239,19.7967232908172,21.2187762516326
"Gyeongnam","Total","15-19",20042,108950,0.844626023319276,2020,0.896482928888896,0.75427671186299,0.24572328813701,0.896482928888896,0.220286733045277,3.93169781183129,15.2230625019048,16.9808727097262
"Gyeongnam","Total","20-24",64046,112429,0.637081739623176,2020,0.676196195843619,0.896418866349095,0.103581133650905,0.676196195843619,0.0700411685359116,3.20587805787832,11.2913646900736,16.6983558314559
"Gyeongnam","Total","25-29",87043,115898,0.571092090804717,2020,0.606155027307707,0.905877618445455,0.0941223815545451,0.606155027307707,0.0570527547614617,2.88814324963488,8.08548663219524,13.3389747967738
"Gyeongnam","Total","30-34",90369,96862,0.517339543131212,2020,0.549102272546246,0.928688920632269,0.0713110793677312,0.549102272546246,0.0391570757385469,2.64761867338486,5.19734338256036,9.46516458301972
"Gyeongnam","Total","35+",1495376,1382824,0.480447501910917,2020,0.509945196807699,0.999999,1e-06,0.509945196807699,5.09945196807699e-07,2.5497247091755,2.5497247091755,4.9999975
"Incheon","Female","0-4",4770,42558,0.899213995943205,2020,1,0.88915922432428,0.11084077567572,1,0.11084077567572,4.7228980608107,30.1567557899832,30.1567557899832
"Incheon","Female","5-9",12408,49491,0.799544419134396,2020,0.88915922432428,0.990189310004125,0.0098106899958752,0.88915922432428,0.00872326550681837,4.42398795785435,25.4338577291725,28.6043905673937
"Incheon","Female","10-14",12373,47027,0.791700336700337,2020,0.880435958817462,0.96104922535463,0.0389507746453701,0.880435958817462,0.0342936626215793,4.31644563753336,21.0098697713182,23.8630300828889
"Incheon","Female","15-19",14243,45317,0.760862995298858,2020,0.846142296195882,0.873965936309868,0.126034063690132,0.846142296195882,0.106642752049667,3.96410460085524,16.6934241337848,19.7288614560881
"Incheon","Female","20-24",27355,54294,0.664968340089897,2020,0.739499544146216,0.871245875424256,0.128754124575744,0.739499544146216,0.0952136164307077,3.45946367965431,12.7293195329296,17.2134244485926
"Incheon","Female","25-29",41036,56518,0.579350923591037,2020,0.644285927715508,0.951024609643151,0.0489753903568494,0.644285927715508,0.0315541548112919,3.14254425154931,9.26985585327527,14.3877981102957
"Incheon","Female","30-34",33344,40915,0.550976985954564,2020,0.612731772904216,0.999999,1e-06,0.612731772904216,6.12731772904216e-07,3.06365733269165,6.12731160172596,9.9999900000025
"Incheon","Female","35+",178979,247283,0.580119738564545,2020,0.645140913266196,0.999999,1e-06,0.612731160172443,6.12731160172443e-07,3.06365426903432,3.06365426903432,4.9999975
"Incheon","Male","0-4",5495,43898,0.888749417933715,2020,1,0.914050891283247,0.0859491087167532,1,0.0859491087167532,4.78512722820812,30.7627537401719,30.7627537401719
"Incheon","Male","5-9",12425,53793,0.812362197589779,2020,0.914050891283247,0.983093445102632,0.0169065548973684,0.914050891283247,0.0154534515724687,4.53162082748506,25.9776265119638,28.4203284080753
"Incheon","Male","10-14",12622,50058,0.798627951499681,2020,0.898597439710778,0.982896280852162,0.0171037191478379,0.898597439710778,0.0153693582357794,4.45456380296444,21.4460056844787,23.866088124379
"Incheon","Male","15-19",13015,47511,0.784968443313617,2020,0.883228081474999,0.835413889405215,0.164586110594785,0.883228081474999,0.145367074698064,4.05272272062984,16.9914418815143,19.237886835684
"Incheon","Male","20-24",25038,47699,0.655773540288986,2020,0.737861006776935,0.966694284470592,0.0333057155294079,0.737861006776935,0.0245749887919551,3.62786756190479,12.9387191608845,17.5354423692916
"Incheon","Male","25-29",37124,64289,0.633932533304409,2020,0.71328601798498,0.844277598194926,0.155722401805074,0.71328601798498,0.111074611894598,3.28874356018841,9.31085159897967,13.0534615346627
"Incheon","Male","30-34",36474,42001,0.535215036635871,2020,0.602211406090382,0.999999,1e-06,0.602211406090382,6.02211406090382e-07,3.0110555249234,6.02210803879127,9.9999900000025
"Incheon","Male","35+",152882,257104,0.6271043401482,2020,0.705603095196593,0.999999,1e-06,0.602210803878976,6.02210803878976e-07,3.01105251386787,3.01105251386787,4.9999975
"Incheon","Total","0-4",10265,86456,0.893869997208466,2020,1,0.90188658679257,0.0981134132074304,1,0.0981134132074304,4.75471646698142,30.4651499098063,30.4651499098063
"Incheon","Total","5-9",24833,103284,0.806169360818627,2020,0.90188658679257,0.986464193554064,0.0135358064459355,0.90188658679257,0.0122077622750097,4.47891352827532,25.7104334428248,28.5073908619268
"Incheon","Total","10-14",24995,97085,0.795257208387942,2020,0.88967882451756,0.972028503604622,0.0279714963953778,0.88967882451756,0.0248856480330369,4.38618000250521,21.2315199145495,23.8642522778516
"Incheon","Total","15-19",27258,92828,0.773012674250121,2020,0.864793176484523,0.854625479160446,0.145374520839554,0.864793176484523,0.125718893656753,4.00966864828073,16.8453399120443,19.4790388847914
"Incheon","Total","20-24",52393,101993,0.660636327128107,2020,0.73907428282777,0.919070013986175,0.0809299860138246,0.73907428282777,0.0598132713724289,3.54583823570778,12.8356712637636,17.3672275737333
"Incheon","Total","25-29",78160,120807,0.607171038413405,2020,0.679261011455341,0.894111270305326,0.105888729694674,0.679261011455341,0.0719260856341256,3.21648984319139,9.28983302805581,13.6763819377061
"Incheon","Total","30-34",69818,82916,0.542878468448414,2020,0.607334925821216,0.999999,1e-06,0.607334925821216,6.07334925821215e-07,3.03667311076876,6.07334318486441,9.9999900000025
"Incheon","Total","35+",331861,504387,0.603154805751404,2020,0.674767927813935,0.999999,1e-06,0.60733431848629,6.0733431848629e-07,3.03667007409565,3.03667007409565,4.9999975
"Jeju","Female","0-4",738,11614,0.940252590673575,2020,1,0.97430256316284,0.02569743683716,1,0.02569743683716,4.9357564079071,32.7623535430744,32.7623535430744
"Jeju","Female","5-9",1068,11660,0.916090509113765,2020,0.97430256316284,0.990448679896428,0.00955132010357174,0.97430256316284,0.0093058756584987,4.84824812666795,27.8265971351673,28.5605295390325
"Jeju","Female","10-14",1362,13337,0.907340635417375,2020,0.964996687504341,0.933767992469862,0.0662320075301384,0.964996687504341,0.0639136678733461,4.66519926783834,22.9783490084994,23.811842368004
"Jeju","Female","15-19",2174,12058,0.847245643620011,2020,0.901083019630995,0.845054733689162,0.154945266310838,0.901083019630995,0.139618548444899,4.15636872704273,18.313149740661,20.3234877826912
"Jeju","Female","20-24",5231,13186,0.715968941738611,2020,0.761464471186096,0.947495594199337,0.0525044058006633,0.761464471186096,0.0399802395979423,3.70737175693563,14.1567810136183,18.5915187764007
"Jeju","Female","25-29",6335,13362,0.678377417880896,2020,0.721484231588154,0.958657746434053,0.0413422535659473,0.721484231588154,0.0298277840461501,3.5328516978254,10.4494092566827,14.4832122438506
"Jeju","Female","30-34",5059,9409,0.650331766657451,2020,0.691656447542004,0.999999,1e-06,0.691656447542004,6.91656447542004e-07,3.4582805085689,6.91655755885729,9.9999900000025
"Jeju","Female","35+",61259,135695,0.688967982371518,2020,0.732747762894179,0.999999,1e-06,0.691655755885556,6.91655755885556e-07,3.45827705028839,3.45827705028839,4.9999975
"Jeju","Male","0-4",658,11107,0.944071398215045,2020,1,0.999999,1e-06,1,1e-06,4.9999975,31.591455282201,31.591455282201
"Jeju","Male","5-9",560,13855,0.961151578217135,2020,1.01809204265099,0.966716620795895,0.0332833792041047,0.999999,0.0332833459207255,4.91678663519819,26.591457782201,26.5914843736853
"Jeju","Male","10-14",1081,14179,0.92916120576671,2020,0.98420649913076,0.930697734114443,0.0693022658855572,0.966715654079274,0.0669955852947322,4.66608930715954,21.6746711470028,22.420937382716
"Jeju","Male","15-19",2118,13544,0.864768228834121,2020,0.915998758641706,0.837478779445593,0.162521220554407,0.899720068784542,0.146223603736159,4.13304133458231,17.0085818398432,18.9043041607604
"Jeju","Male","20-24",5240,13761,0.724225040787327,2020,0.767129522360935,0.882220581649652,0.117779418350348,0.753496465048383,0.0887463753824421,3.54561638678581,12.8755405052609,17.0877251619676
"Jeju","Male","25-29",7788,13781,0.638926236728638,2020,0.676777453417883,0.922819585640816,0.0771804143591835,0.664750089665941,0.0513056873657218,3.1954862299154,9.32992411847511,14.0352355923167
"Jeju","Male","30-34",7531,10820,0.589613645032968,2020,0.624543489134138,0.999999,1e-06,0.61344440230022,6.1344440230022e-07,3.06722047789009,6.13443788855971,9.9999900000025
"Jeju","Male","35+",49211,133234,0.730269396256406,2020,0.773531957050204,0.999999,1e-06,0.613443788855817,6.13443788855817e-07,3.06721741066961,3.06721741066961,4.9999975
"Jeju","Total","0-4",1396,22721,0.942115520172492,2020,1,0.997777181439999,0.00222281856000117,1,0.00222281856000117,4.9944429536,32.3995801163222,32.3995801163222
"Jeju","Total","5-9",1628,25515,0.940021368308588,2020,0.997777181439999,0.977057812834114,0.0229421871658856,0.997777181439999,0.0228911908464462,4.93165793008388,27.4051371627222,27.4661895185565
"Jeju","Total","10-14",2443,27516,0.91845522213692,2020,0.974885990593553,0.932463573648552,0.0675364263514482,0.974885990593553,0.0658403159047801,4.70982916320581,22.4734792326383,23.0524178719149
"Jeju","Total","15-19",4292,25602,0.856426038669967,2020,0.909045674688773,0.840891550607243,0.159108449392757,0.909045674688773,0.144636847726923,4.18363625412656,17.7636500694325,19.5409873937458
"Jeju","Total","20-24",10471,26947,0.720161419637608,2020,0.76440882696185,0.913346609928972,0.0866533900710276,0.76440882696185,0.0662386162564618,3.65644759416809,13.5800138153059,17.7653806920046
"Jeju","Total","25-29",14123,27143,0.657756991227645,2020,0.698170210705388,0.937094950370665,0.0629050496293349,0.698170210705388,0.0439184317541456,3.38105497414157,9.92356622113784,14.2136775086862
"Jeju","Total","30-34",12590,20229,0.616380755050428,2020,0.654251778951242,0.999999,1e-06,0.654251778951242,6.54251778951242e-07,3.27125725912676,6.54251124699627,9.9999900000025
"Jeju","Total","35+",110470,268929,0.70882896370312,2020,0.752380094081605,0.999999,1e-06,0.654251124699463,6.54251124699463e-07,3.2712539878695,3.2712539878695,4.9999975
"Jeonbuk","Female","0-4",1831,23394,0.927413280475719,2020,1,0.935081897578122,0.0649181024218785,1,0.0649181024218785,4.8377047439453,27.6094252240157,27.6094252240157
"Jeonbuk","Female","5-9",4699,30687,0.867207370146386,2020,0.935081897578122,0.999999,1e-06,0.935081897578122,9.35081897578122e-07,4.67540715018586,22.7717204800704,24.352648189479
"Jeonbuk","Female","10-14",5345,35504,0.869152243628975,2020,0.937178992286094,0.887288599478312,0.112711400521688,0.935080962496224,0.105394284884117,4.41191910027083,18.0963133298845,19.352670042149
"Jeonbuk","Female","15-19",8755,29508,0.771188876982986,2020,0.831548235526025,0.821690161963763,0.178309838036237,0.829686677612107,0.147941297105838,3.77858014529594,13.6843942296137,16.4934481881742
"Jeonbuk","Female","20-24",21839,37778,0.633678313232803,2020,0.683275004330061,0.834368548914525,0.165631451085475,0.681745380506269,0.112918476644073,3.12643071092116,9.90581408431775,14.5300787765685
"Jeonbuk","Female","25-29",29388,32970,0.528721254690657,2020,0.570103173872439,0.824352175343087,0.175647824656913,0.568826903862196,0.0999132082697215,2.59435149863668,6.77938337339659,11.9181834181299
"Jeonbuk","Female","30-34",34457,26621,0.43585251645437,2020,0.469965791551743,0.85666045254423,0.14333954745577,0.468913695592475,0.0672138769220379,2.17653378565728,4.18503187475991,8.9249512524306
"Jeonbuk","Female","35+",784540,467474,0.373377613988342,2020,0.402601107671024,0.999999,1e-06,0.401699818670437,4.01699818670437e-07,2.00849808910264,2.00849808910264,4.9999975
"Jeonbuk","Male","0-4",1565,25320,0.941789101729589,2020,1,0.914419985389266,0.0855800146107341,1,0.0855800146107341,4.78604996347316,28.2381430476901,28.2381430476901
"Jeonbuk","Male","5-9",6050,37535,0.861190776643341,2020,0.914419985389266,0.993951778216909,0.00604822178309117,0.914419985389266,0.00553061487452527,4.55827338976002,23.4520930842169,25.6469603234158
"Jeonbuk","Male","10-14",5601,33290,0.855982103828649,2020,0.908889370514741,0.95075051968214,0.04924948031786,0.908889370514741,0.0447623291642779,4.43254102966301,18.8938196944569,20.7878101641309
"Jeonbuk","Male","15-19",8182,35766,0.8138254300537,2020,0.864127041350463,0.839346178799095,0.160653821200905,0.864127041350463,0.138825311195984,3.97357192876235,14.4612786647939,16.7351303370784
"Jeonbuk","Male","20-24",17518,37758,0.683081264925103,2020,0.725301730154479,0.817176716797877,0.182823283202123,0.725301730154479,0.132602043619022,3.29500354172484,10.4877067360315,14.4597845282925
"Jeonbuk","Male","25-29",30874,39008,0.558198105377637,2020,0.592699686535457,0.892191333590847,0.107808666409153,0.592699686535457,0.0638981627865109,2.80375302571101,7.1927031943067,12.1354935015246
"Jeonbuk","Male","30-34",32570,32313,0.498019512044757,2020,0.528801523748946,0.77330775191316,0.22669224808684,0.528801523748946,0.119875206210395,2.34431960321874,4.3889501685957,8.29980620607932
"Jeonbuk","Male","35+",727530,455681,0.38512234926822,2020,0.40892631753855,0.999999,1e-06,0.40892631753855,4.0892631753855e-07,2.04463056537696,2.04463056537696,4.9999975
"Jeonbuk","Total","0-4",3396,48714,0.934830166954519,2020,1,0.924110896045664,0.0758891039543361,1,0.0758891039543361,4.81027724011416,27.9529793230295,27.9529793230295
"Jeonbuk","Total","5-9",10749,68222,0.863886743234858,2020,0.924110896045664,0.998659691886409,0.00134030811359098,0.924110896045664,0.00123859333182784,4.61745799689875,23.1427020829153,25.0432087555126
"Jeonbuk","Total","10-14",10946,68794,0.862728868823677,2020,0.922872302713836,0.920313866138601,0.0796861338613986,0.922872302713836,0.0735401258510319,4.4305111989416,18.5252440860166,20.0734641526683
"Jeonbuk","Total","15-19",16937,65274,0.7939813406965,2020,0.849332176862804,0.828037713225608,0.171962286774392,0.849332176862804,0.1460531033644,3.88152812590302,14.094732887075,16.5950770158467
"Jeonbuk","Total","20-24",39357,75536,0.657446493694133,2020,0.703279073498404,0.827897404328179,0.172102595671821,0.703279073498404,0.121036154030749,3.21380498241515,10.213204761172,14.5222645547623
"Jeonbuk","Total","25-29",60262,71978,0.544298245614035,2020,0.582242919467655,0.859593028170897,0.140406971829103,0.582242919467655,0.0817509651913899,2.7068371843598,6.99939977875682,12.0214425023088
"Jeonbuk","Total","30-34",67027,58934,0.467874977175475,2020,0.500491954276266,0.810225138552506,0.189774861447494,0.500491954276266,0.0949807912783638,2.26500779318542,4.29256259439702,8.57668651358095
"Jeonbuk","Total","35+",1512070,923155,0.37908406820725,2020,0.405511162997902,0.999999,1e-06,0.405511162997902,4.05511162997902e-07,2.0275548012116,2.0275548012116,4.9999975
"Jeonnam","Female","0-4",1903,23304,0.924505097790296,2020,1,0.960286076083269,0.039713923916731,1,0.039713923916731,4.90071519020817,25.1624860439977,25.1624860439977
"Jeonnam","Female","5-9",3742,29606,0.887789372676023,2020,0.960286076083269,0.970508371736863,0.0294916282631374,0.960286076083269,0.0283203999821147,4.73062938046106,20.2617708537896,21.0997236744612
"Jeonnam","Female","10-14",4969,30936,0.861607018521097,2020,0.931965676101154,0.862003889443398,0.137996110556602,0.931965676101154,0.128607638474214,4.33830928432024,15.5311414733285,16.6649286251641
"Jeonnam","Female","15-19",9007,26000,0.742708601136916,2020,0.803358037626941,0.695180357940847,0.304819642059153,0.803358037626941,0.244879309474788,3.40459191444774,11.1928321890083,13.9325576701405
"Jeonnam","Female","20-24",26976,28796,0.516316431184107,2020,0.558478728152153,0.829535476037803,0.170464523962197,0.558478728152153,0.0952008105374702,2.55439161441709,7.78824027456054,13.9454555419319
"Jeonnam","Female","25-29",35571,26649,0.428302796528447,2020,0.463277917614683,0.798042946573852,0.201957053426148,0.463277917614683,0.0935622431588633,2.08248398017626,5.23384866014345,11.2974274428865
"Jeonnam","Female","30-34",42607,22126,0.341804025767383,2020,0.36971567445582,0.803167186771977,0.196832813228023,0.36971567445582,0.0727721762976348,1.66664793153501,3.15136467996719,8.52375189287186
"Jeonnam","Female","35+",1256517,475477,0.274525777802925,2020,0.296943498158185,0.999999,1e-06,0.296943498158185,2.96943498158185e-07,1.48471674843218,1.48471674843218,4.9999975
"Jeonnam","Male","0-4",1852,26755,0.935260600552312,2020,1,0.960370905207319,0.0396290947926806,1,0.0396290947926806,4.9009272630183,26.0784879576895,26.0784879576895
"Jeonnam","Male","5-9",3738,32980,0.898197069557165,2020,0.960370905207319,0.964209889466866,0.0357901105331344,0.960370905207319,0.0343717808501763,4.71592507391116,21.1775606946713,22.0514392718921
"Jeonnam","Male","10-14",4971,32140,0.866050497157177,2020,0.925999124357143,0.876430287480912,0.123569712519088,0.925999124357143,0.114425445589739,4.34393200781137,16.4616356207601,17.7771611092918
"Jeonnam","Male","15-19",8910,28066,0.759032886196452,2020,0.811573678767404,0.765454420672353,0.234545579327647,0.811573678767404,0.19035101865357,3.58199084720309,12.1177036129487,14.9311195396982
"Jeonnam","Male","20-24",23020,31921,0.581005078174769,2020,0.621222660113834,0.820824652531467,0.179175347468533,0.621222660113834,0.111307785981223,2.82784383561611,8.53571276574563,13.7401825686486
"Jeonnam","Male","25-29",34980,31891,0.476903291411823,2020,0.509914874132611,0.81149048615092,0.18850951384908,0.509914874132611,0.0961238050271535,2.30926485809517,5.70786893012952,11.1937682536499
"Jeonnam","Male","30-34",40475,25553,0.387002483794754,2020,0.413791069105458,0.761778061063173,0.238221938936827,0.413791069105458,0.0985741107970447,1.82252006853468,3.39860407203435,8.21333355352864
"Jeonnam","Male","35+",1136090,474951,0.2948100017318,2020,0.315216958308413,0.999999,1e-06,0.315216958308413,3.15216958308413e-07,1.57608400349967,1.57608400349967,4.9999975
"Jeonnam","Total","0-4",3755,50059,0.930222618649422,2020,1,0.960247036946721,0.0397529630532789,1,0.0397529630532789,4.9006175923668,25.6190779696908,25.6190779696908
"Jeonnam","Total","5-9",7480,62586,0.893243513258927,2020,0.960247036946721,0.967110806095073,0.032889193904927,0.960247036946721,0.0315817509947723,4.72228080724667,20.718460377324,21.5761773586952
"Jeonnam","Total","10-14",9940,63076,0.863865454147036,2020,0.928665285951949,0.869457164540898,0.130542835459102,0.928665285951949,0.121230599620605,4.34024993070823,15.9961795700773,17.2249138759183
"Jeonnam","Total","15-19",17917,54066,0.751094008307517,2020,0.807434686331343,0.730158908954627,0.269841091045373,0.807434686331343,0.217879056707529,3.4924757898879,11.6559296393691,14.4357554074484
"Jeonnam","Total","20-24",49996,60717,0.548417981628174,2020,0.589555629623815,0.826884910925112,0.173115089074888,0.589555629623815,0.102060975336928,2.69262570977675,8.16345384948121,13.8467914464495
"Jeonnam","Total","25-29",70551,58540,0.453478553888342,2020,0.487494654286887,0.80406683971532,0.19593316028468,0.487494654286887,0.095516368236317,2.19868235084364,5.47082813970446,11.2223346278684
"Jeonnam","Total","30-34",83082,47679,0.364627067703673,2020,0.39197828605057,0.779703338807095,0.220296661192905,0.39197828605057,0.0863515076770578,1.7440126610602,3.27214578886082,8.34777309179487
"Jeonnam","Total","35+",2392607,950428,0.284300942107995,2020,0.305626778373512,0.999999,1e-06,0.305626778373512,3.05626778373512e-07,1.52813312780061,1.52813312780061,4.9999975
"Sejong","Female","0-4",821,7105,0.896416855917234,2020,1,0.999999,1e-06,1,1e-06,4.9999975,27.3040140820443,27.3040140820443
"Sejong","Female","5-9",324,2927,0.900338357428484,2020,1.00437464053176,0.877218472502834,0.122781527497166,0.999999,0.122781404715638,4.6930414882109,22.3040165820443,22.3040388860832
"Sejong","Female","10-14",519,1950,0.789793438639125,2020,0.881055987987854,0.875944567549506,0.124055432450494,0.877217595284362,0.108823608136184,4.11402895608135,17.6109750938334,20.0759483034818
"Sejong","Female","15-19",674,1513,0.691815272062186,2020,0.771756206384924,0.813767955076361,0.186232044923639,0.768393987148178,0.143099583533634,3.4842209769068,13.4969461377521,17.565137629258
"Sejong","Female","20-24",916,1180,0.562977099236641,2020,0.62803046988735,0.939668813736522,0.0603311862634781,0.625294403614544,0.0377247531339795,3.03216013523777,10.0127251608453,16.0128174871968
"Sejong","Female","25-29",901,1012,0.529012023000523,2020,0.590140646629436,0.984756347444713,0.0152436525552866,0.587569650480565,0.00895670760395691,2.91545648339293,6.9805650256075,11.880404339976
"Sejong","Female","30-34",1132,1231,0.520947947524333,2020,0.581144747653465,0.60341479051924,0.39658520948076,0.578612942876608,0.229469335158998,2.31939137648554,4.06510854221457,7.02560942035733
"Sejong","Female","35+",32238,14780,0.314347696626824,2020,0.350671336166672,0.999999,1e-06,0.349143607717609,3.49143607717609e-07,1.74571716572903,1.74571716572903,4.9999975
"Sejong","Male","0-4",802,7477,0.903128397149414,2020,1,0.999999,1e-06,1,1e-06,4.9999975,27.0128024645545,27.0128024645545
"Sejong","Male","5-9",218,3006,0.932382133995037,2020,1.03239155909388,0.808343488869171,0.191656511130829,0.999999,0.191656319474317,4.52085420131421,22.0128049645545,22.0128269773815
"Sejong","Male","10-14",635,1943,0.753685027152832,2020,0.834526994757027,0.999999,1e-06,0.808342680525682,8.08342680525682e-07,4.04171138177171,17.4919507632403,21.639276490838
"Sejong","Male","15-19",439,1759,0.800272975432211,2020,0.88611207216842,0.789710461953447,0.210289538046553,0.808341872183002,0.16998583888505,3.61674476370239,13.4502393814686,16.6392956301336
"Sejong","Male","20-24",1100,1889,0.631983941117431,2020,0.699771973854649,0.893508043695124,0.106491956304876,0.638356033297952,0.0679797828049197,3.02183070947746,9.83349461776624,15.4044046031229
"Sejong","Male","25-29",885,1148,0.56468273487457,2020,0.625251887391542,0.938288632224947,0.0617113677750535,0.570376250493032,0.0351986985643316,2.76388450605433,6.81166390828878,11.9424045135133
"Sejong","Male","30-34",1371,1545,0.529835390946502,2020,0.586666738216676,0.675124586454384,0.324875413545616,0.535177551928701,0.173866028503167,2.24122268838559,4.04777940223445,7.56343271059641
"Sejong","Male","35+",33549,18684,0.357704899201654,2020,0.396073139025076,0.999999,1e-06,0.361311523425534,3.61311523425534e-07,1.80655671384886,1.80655671384886,4.9999975
"Sejong","Total","0-4",1623,14582,0.899845726627584,2020,1,0.999999,1e-06,1,1e-06,4.9999975,27.690363437043,27.690363437043
"Sejong","Total","5-9",542,5933,0.916293436293436,2020,1.0182783661456,0.841814735185531,0.158185264814469,0.999999,0.158185106629204,4.60453223342699,22.690365937043,22.6903886274317
"Sejong","Total","10-14",1154,3893,0.771349316425599,2020,0.857201733142013,0.967369962927935,0.0326300370720654,0.841813893370796,0.0274684185484687,4.14039842048281,18.0858337036161,21.4843611468524
"Sejong","Total","15-19",1113,3272,0.74618015963512,2020,0.829231208811351,0.808839279918645,0.191160720081355,0.814345474822327,0.155670867362029,3.68255020570656,13.9454352831333,17.1247163695185
"Sejong","Total","20-24",2016,3069,0.60353982300885,2020,0.67071477382104,0.906965441079203,0.0930345589207973,0.658674607460298,0.0612795015773981,3.14017428335799,10.2628850774267,15.5811154114443
"Sejong","Total","25-29",1786,2160,0.547389761784085,2020,0.608315120676937,0.960663144675268,0.0393368553247319,0.5973951058829,0.0234996448518185,2.92822641728495,7.1227107940687,11.9229480187018
"Sejong","Total","30-34",2503,2776,0.525857169918545,2020,0.584385916783022,0.64117290378131,0.358827096218689,0.573895461031081,0.205929241814869,2.35465420061823,4.19448437678375,7.30879517542757
"Sejong","Total","35+",65787,33464,0.337165368610896,2020,0.374692415192673,0.999999,1e-06,0.367966219216212,3.67966219216212e-07,1.83983017616551,1.83983017616551,4.9999975
"Seoul","Female","0-4",23782,119770,0.834331810075791,2020,1,0.84973075201074,0.15026924798926,1,0.15026924798926,4.62432688002685,29.770062350955,29.770062350955
"Seoul","Female","5-9",57985,141247,0.708957396402184,2020,0.84973075201074,0.978588024441612,0.0214119755583883,0.84973075201074,0.0181944140932648,4.20316772482054,25.1457354709281,29.5925920197958
"Seoul","Female","10-14",62723,142105,0.693777217958482,2020,0.831536337917475,0.961167700101196,0.0388322998988044,0.831536337917475,0.032290468450765,4.07695551846046,20.9425677461076,25.1853909337946
"Seoul","Female","15-19",72689,145489,0.66683625296776,2020,0.79924586946671,0.966489586401269,0.0335104135987314,0.79924586946671,0.0267830596529072,3.92927169820128,16.8656122276471,21.1019072752926
"Seoul","Female","20-24",109759,198978,0.644490294328182,2020,0.772462809813803,0.92718402519138,0.0728159748086198,0.772462809813803,0.0562476324999976,3.72169496781902,12.9363405294458,16.7468781216329
"Seoul","Female","25-29",151379,224775,0.597561105291981,2020,0.716215177313806,0.88510005191842,0.114899948081579,0.716215177313806,0.0822930866885955,3.37534316984754,9.2146455616268,12.8657502011989
"Seoul","Female","30-34",162448,182380,0.528901365318362,2020,0.63392209062521,0.894852042819416,0.105147957180584,0.63392209062521,0.0666556128408862,3.00297142102384,5.83930239177926,9.21138808401551
"Seoul","Female","35+",1177954,1058477,0.473288467205114,2020,0.567266477784324,0.999999,1e-06,0.567266477784324,5.67266477784324e-07,2.83633097075543,2.83633097075543,4.9999975
"Seoul","Male","0-4",28420,130697,0.821389292156086,2020,1,0.883116478737671,0.116883521262329,1,0.116883521262329,4.70779119684418,29.7173443954621,29.7173443954621
"Seoul","Male","5-9",58005,153216,0.725382419361711,2020,0.883116478737671,0.936867300716834,0.0631326992831658,0.883116478737671,0.0557535270841537,4.27619857597797,25.0095531986179,28.3196540895337
"Seoul","Male","10-14",72008,152727,0.679587069214853,2020,0.827362951653517,0.999999,1e-06,0.827362951653517,8.27362951653517e-07,4.13681268986021,20.7333546226399,25.0595637394731
"Seoul","Male","15-19",73717,162718,0.688214519846892,2020,0.837866437289899,0.902502350182447,0.0974976498175528,0.827362124290566,0.0806658626663882,3.93514596478686,16.5965419327797,20.0595862990594
"Seoul","Male","20-24",101188,165880,0.621115221591505,2020,0.756176428793128,0.918376431409834,0.0816235685901662,0.746696261624178,0.0609480135267017,3.58111127430413,12.6613959679929,16.9565546510872
"Seoul","Male","25-29",175853,233505,0.570417580699534,2020,0.694454610191265,0.92390306408336,0.07609693591664,0.685748248097476,0.0521833404904218,3.29828288926132,9.08028469368875,13.2414260173189
"Seoul","Male","30-34",174570,194508,0.527010550615317,2020,0.641608742222526,0.883485577008872,0.116514422991128,0.633564907607054,0.073819449637263,2.98327591394211,5.78200180442742,9.1261396188526
"Seoul","Male","35+",1159852,1010555,0.465606220400137,2020,0.566852069836405,0.999999,1e-06,0.559745457969791,5.59745457969791e-07,2.79872589048531,2.79872589048531,4.9999975
"Seoul","Total","0-4",52202,250467,0.827527761349857,2020,1,0.866931385512246,0.133068614487754,1,0.133068614487754,4.66732846378061,29.8765011056571,29.8765011056571
"Seoul","Total","5-9",115990,294463,0.717409788696879,2020,0.866931385512246,0.956710308810535,0.0432896911894655,0.866931385512246,0.0375291919612805,4.24083394765803,25.2091726418765,29.0786249790473
"Seoul","Total","10-14",134731,294832,0.686353340487891,2020,0.829402193550965,0.987763322396314,0.0122366776036864,0.829402193550965,0.0101491272462735,4.12163814963914,20.9683386942185,25.2812674686156
"Seoul","Total","15-19",146406,308207,0.677954655938128,2020,0.819253066304692,0.934647381888981,0.0653526181110186,0.819253066304692,0.0535403327784915,3.96241449957723,16.8467005445793,20.5634879348914
"Seoul","Total","20-24",210947,364858,0.633648544212016,2020,0.7657127335262,0.920724371400392,0.0792756285996077,0.7657127335262,0.0607023582770134,3.67680777193847,12.8842860450021,16.8265270784624
"Seoul","Total","25-29",327232,458280,0.583415657558382,2020,0.705010375249187,0.904884600672221,0.0951153993277787,0.705010375249187,0.0670573433720535,3.3574085178158,9.20747827306363,13.0600606690494
"Seoul","Total","30-34",337018,376888,0.527923844315638,2020,0.637953031877133,0.88934208451691,0.11065791548309,0.637953031877133,0.0705945526836405,3.01327877767656,5.85006975524783,9.17006341052162
"Seoul","Total","35+",2337806,2069032,0.469504892169851,2020,0.567358479193493,0.999999,1e-06,0.567358479193493,5.67358479193493e-07,2.83679097757127,2.83679097757127,4.9999975
"Total","Female","0-4",81664,733126,0.899772947630678,2020,1,0.916815393843035,0.0831846061569653,1,0.0831846061569653,4.79203848460759,28.85993245141,28.85993245141
"Total","Female","5-9",188655,888916,0.824925689351328,2020,0.916815393843035,0.969972958782862,0.0300270412171377,0.916815393843035,0.0275292536194312,4.5152538351666,24.0678939668024,26.2516250582536
"Total","Female","10-14",214213,857686,0.8001556116761,2020,0.889286140223604,0.951837092645938,0.0481629073540621,0.889286140223604,0.0428306059828409,4.33935418616092,19.5526401316358,21.9868940347136
"Total","Female","15-19",253873,811110,0.761617791082111,2020,0.846455534240763,0.855200742850024,0.144799257149976,0.846455534240763,0.122566132568548,3.92586233978244,15.2132859454749,17.9729298587676
"Total","Female","20-24",513288,958869,0.651336100701216,2020,0.723889401672214,0.87582000137863,0.12417999862137,0.723889401672214,0.0898925849016801,3.39471554610687,11.2874236056925,15.592746046037
"Total","Female","25-29",694426,922222,0.57045318461409,2020,0.633996816770534,0.871784021196825,0.128215978803175,0.633996816770534,0.081288522420331,2.96676277780184,7.89270805958561,12.4491288454564
"Total","Female","30-34",745328,737357,0.497311971187407,2020,0.552708294350203,0.854984027687857,0.145015972312143,0.552708294350203,0.0801515307101806,2.56316264497556,4.92594528178377,8.91237807019886
"Total","Female","35+",9326594,6899038,0.425193792143197,2020,0.472556763640023,0.999999,1e-06,0.472556763640023,4.72556763640023e-07,2.3627826368082,2.3627826368082,4.9999975
"Total","Male","0-4",88137,779655,0.89843533934399,2020,1,0.922529386682829,0.0774706133171709,1,0.0774706133171709,4.80632346670707,29.5947927710964,29.5947927710964
"Total","Male","5-9",198032,958920,0.828833002579191,2020,0.922529386682829,0.962534678112736,0.0374653218872645,0.922529386682829,0.0345628604225329,4.52623978235781,24.7884693043893,26.8701134752163
"Total","Male","10-14",236742,933976,0.797780507346774,2020,0.887966526260296,0.975346641454293,0.0246533585457069,0.887966526260296,0.021891357148481,4.38510423843028,20.2622295220315,22.8186862035966
"Total","Male","15-19",253788,889981,0.778112538458377,2020,0.866075169111815,0.857004162064168,0.142995837935832,0.866075169111815,0.123845144522562,4.02076298425267,15.8771252836012,18.3322716663077
"Total","Male","20-24",439200,879108,0.666845684013144,2020,0.742230024589253,0.89196501529463,0.108034984705371,0.742230024589253,0.0801868093543668,3.51068309956035,11.8563622993485,15.9739729013385
"Total","Male","25-29",714528,1048881,0.594803020739942,2020,0.662043215234887,0.879524902729636,0.120475097270364,0.662043215234887,0.0797597207526074,3.11081677429291,8.34567919978816,12.6059432492291
"Total","Male","30-34",743612,815794,0.523144068959591,2020,0.582283494482279,0.865364262097794,0.134635737902206,0.582283494482279,0.0783961679478969,2.71542705254165,5.23486242549525,8.9902298023228
"Total","Male","35+",8330850,6891158,0.452710181206054,2020,0.503887326534382,0.999999,1e-06,0.503887326534382,5.03887326534382e-07,2.5194353729536,2.5194353729536,4.9999975
"Total","Total","0-4",169801,1512781,0.899083075891695,2020,1,0.919769008465359,0.080230991534641,1,0.080230991534641,4.7994225211634,29.2281574528898,29.2281574528898
"Total","Total","5-9",386687,1847836,0.82694874924089,2020,0.919769008465359,0.966100658323008,0.0338993416769919,0.919769008465359,0.0311795638818753,4.52089613262211,24.4287349317264,26.5596412869857
"Total","Total","10-14",450955,1791662,0.798915731041011,2020,0.888589444583484,0.964005736749869,0.0359942632501311,0.888589444583484,0.0319841223896257,4.36298691694335,19.9078387991043,22.4038659478292
"Total","Total","15-19",507661,1701091,0.77015934790325,2020,0.856605322193858,0.855229950593035,0.144770049406965,0.856605322193858,0.124010794816274,3.9729996239286,15.544851882161,18.1470409760576
"Total","Total","20-24",952488,1837977,0.65866334105606,2020,0.732594527377584,0.885363883789846,0.114636116210154,0.732594527377584,0.0839817913753796,3.45301815844947,11.5718522582324,15.795712124216
"Total","Total","25-29",1408954,1971103,0.58315673374739,2020,0.648612736002204,0.87550006886483,0.12449993113517,0.648612736002204,0.0807522409656686,3.04118307759685,8.11883409978291,12.5172289243413
"Total","Total","30-34",1488940,1553151,0.510553760554829,2020,0.567860495036535,0.858896632982142,0.141103367017858,0.567860495036535,0.080127027846083,2.63898490556747,5.07765102218606,8.94172260012448
"Total","Total","35+",17657444,13790196,0.438512905896913,2020,0.487733467190452,0.999999,1e-06,0.487733467190453,4.87733467190452e-07,2.43866611661859,2.43866611661859,4.9999975
"Ulsan","Female","0-4",1469,18868,0.927767123961253,2020,1,0.94462173440434,0.0553782655956602,1,0.0553782655956602,4.86155433601085,29.4447593733682,29.4447593733682
"Ulsan","Female","5-9",3404,24134,0.876388989759605,2020,0.94462173440434,0.991283562608768,0.00871643739123218,0.94462173440434,0.00823373620633258,4.70252433150587,24.5832050373573,26.024390655016
"Ulsan","Female","10-14",3192,21128,0.86875,2020,0.936387998198007,0.94291645920737,0.0570835407926297,0.936387998198007,0.0534523424928648,4.54830913475787,19.8806807058515,21.2312425448746
"Ulsan","Female","15-19",4544,20583,0.819158673936403,2020,0.882935655705142,0.708843322273602,0.291156677726398,0.882935655705142,0.257072612161288,3.77199674812249,15.3323715710936,17.3652196193715
"Ulsan","Female","20-24",14888,20615,0.580655155902318,2020,0.625863043543854,0.951791029077108,0.0482089709228918,0.625863043543854,0.0301722132679182,3.05388468454948,11.5603748229711,18.4710935439042
"Ulsan","Female","25-29",17970,22201,0.552662368375196,2020,0.595690830275936,0.942404122392792,0.057595877607208,0.595690830275936,0.0343093361523089,2.89268081099891,8.50649013842164,14.280042105871
"Ulsan","Female","30-34",14687,15964,0.520831294248149,2020,0.561381494123627,0.999999,1e-06,0.561381494123627,5.61381494123627e-07,2.8069060671644,5.61380932742273,9.9999900000025
"Ulsan","Female","35+",81761,110374,0.574460665677779,2020,0.619186270823033,0.999999,1e-06,0.561380932742133,5.61380932742133e-07,2.80690326025833,2.80690326025833,4.9999975
"Ulsan","Male","0-4",1304,20297,0.939632424424795,2020,1,0.926485796068928,0.0735142039310721,1,0.0735142039310721,4.81621449017232,29.1431361264295,29.1431361264295
"Ulsan","Male","5-9",3601,24218,0.870556094755383,2020,0.926485796068928,0.979637970573833,0.0203620294261668,0.926485796068928,0.0188651310424811,4.58526615273844,24.3269216362572,26.257198695842
"Ulsan","Male","10-14",4353,25225,0.852829805936845,2020,0.907620665026447,0.929058388518808,0.0709416114811922,0.907620665026447,0.0643880725906074,4.37713314365572,19.7416554835188,21.7509982355278
"Ulsan","Male","15-19",5555,21194,0.792328685184493,2020,0.843232592435839,0.823986653461728,0.176013346538272,0.843232592435839,0.148420190504775,3.84511248591726,15.3645223398631,18.2209777915245
"Ulsan","Male","20-24",12042,22648,0.652868261746901,2020,0.694812401931064,0.888753566574331,0.111246433425669,0.694812401931064,0.0772954016147532,3.28082350561844,11.5194098539458,16.5791655732258
"Ulsan","Male","25-29",19636,27143,0.580238996130742,2020,0.617517000316311,0.867318528875522,0.132681471124478,0.617517000316311,0.0819330640463429,2.8827523414657,8.23858634832736,13.3414729377609
"Ulsan","Male","30-34",20163,20427,0.503252032520325,2020,0.535583936269968,0.999999,1e-06,0.535583936269968,5.35583936269968e-07,2.67791834239,5.35583400686166,9.9999900000025
"Ulsan","Male","35+",75142,113192,0.601017341531534,2020,0.639630270208537,0.999999,1e-06,0.535583400686032,5.35583400686032e-07,2.67791566447166,2.67791566447166,4.9999975
"Ulsan","Total","0-4",2773,39165,0.933878582669655,2020,1,0.935301177438422,0.0646988225615784,1,0.0646988225615784,4.83825294359605,29.2683346525099,29.2683346525099
"Ulsan","Total","5-9",7005,48352,0.873457737955453,2020,0.935301177438422,0.984607865034498,0.0153921349655018,0.935301177438422,0.014396281956525,4.6405151823008,24.4300817089138,26.1200159886704
"Ulsan","Total","10-14",7545,46353,0.86001335856618,2020,0.920904895481897,0.936408983293224,0.0635910167067764,0.920904895481897,0.0585612785939414,4.45812128092463,19.789566526613,21.4892619462702
"Ulsan","Total","15-19",10099,41777,0.805324234713548,2020,0.862343616887955,0.765335852901342,0.234664147098658,0.862343616887955,0.202361129362984,3.80581526103232,15.3314452456884,17.7788122338249
"Ulsan","Total","20-24",26930,43263,0.616343510036613,2020,0.659982487524971,0.920750447033129,0.0792495529668712,0.659982487524971,0.0523033171023176,3.16915414486906,11.5256299846561,17.4635391128011
"Ulsan","Total","25-29",37606,49344,0.56749856239218,2020,0.607679170422653,0.900117524686624,0.0998824753133765,0.607679170422653,0.0606964997381938,2.88665460276778,8.35647583978704,13.7514600574098
"Ulsan","Total","30-34",34850,36391,0.510815401243666,2020,0.54698267068446,0.999999,1e-06,0.54698267068446,5.4698267068446e-07,2.73491198596562,5.46982123701926,9.9999900000025
"Ulsan","Total","35+",156903,223566,0.587606349006095,2020,0.629210648911467,0.999999,1e-06,0.546982123701789,5.46982123701789e-07,2.73490925105364,2.73490925105364,4.9999975
